,parcel_id,county_id
0,21,57
1,31,57
2,32,57
3,36,57
4,37,57
5,38,57
6,39,57
7,40,57
8,41,57
9,42,57
10,43,57
11,44,57
12,45,57
13,46,57
14,47,57
15,48,57
16,49,57
17,50,57
18,51,57
19,52,57
20,53,57
21,54,57
22,55,57
23,56,57
24,57,57
25,58,57
26,59,57
27,60,57
28,61,57
29,62,57
30,63,57
31,64,57
32,65,57
33,66,57
34,67,57
35,68,57
36,69,57
37,70,57
38,71,57
39,72,57
40,73,57
41,74,57
42,75,57
43,76,57
44,77,57
45,78,57
46,79,57
47,80,57
48,81,57
49,82,57
50,83,57
51,84,57
52,85,57
53,86,57
54,87,57
55,88,57
56,89,57
57,90,57
58,91,57
59,92,57
60,93,57
61,94,57
62,95,57
63,96,57
64,97,57
65,98,57
66,99,57
67,100,57
68,101,57
69,102,57
70,103,57
71,104,57
72,105,57
73,106,57
74,107,57
75,108,57
76,109,57
77,110,57
78,111,57
79,112,57
80,113,57
81,114,57
82,115,57
83,116,57
84,117,57
85,118,57
86,119,57
87,120,57
88,121,57
89,122,57
90,123,57
91,124,57
92,125,57
93,126,57
94,127,57
95,128,57
96,129,57
97,130,57
98,131,57
99,132,57
100,133,57
101,134,57
102,135,57
103,136,57
104,137,57
105,138,57
106,139,57
107,140,57
108,141,57
109,142,57
110,143,57
111,144,57
112,145,57
113,146,57
114,147,57
115,148,57
116,149,57
117,150,57
118,151,57
119,152,57
120,153,57
121,154,57
122,155,57
123,156,57
124,157,57
125,158,57
126,159,57
127,160,57
128,161,57
129,162,57
130,163,57
131,164,57
132,165,57
133,166,57
134,167,57
135,168,57
136,169,57
137,170,57
138,171,57
139,172,57
140,173,57
141,174,57
142,175,57
143,176,57
144,177,57
145,178,57
146,179,57
147,180,57
148,181,57
149,182,57
150,183,57
151,184,57
152,185,57
153,186,57
154,187,57
155,188,57
156,189,57
157,190,57
158,191,57
159,192,57
160,193,57
161,194,57
162,195,57
163,196,57
164,197,57
165,198,57
166,199,57
167,200,57
168,201,57
169,235,57
170,269,57
171,270,57
172,271,57
173,272,57
174,273,57
175,274,57
176,275,57
177,276,57
178,294,57
179,295,57
180,296,57
181,297,57
182,298,57
183,299,57
184,319,57
185,320,57
186,321,57
187,322,57
188,323,57
189,324,57
190,325,57
191,326,57
192,327,57
193,328,57
194,329,57
195,330,57
196,331,57
197,332,57
198,333,57
199,334,57
200,335,57
201,336,57
202,337,57
203,338,57
204,339,57
205,340,57
206,341,57
207,342,57
208,343,57
209,344,57
210,345,57
211,346,57
212,347,57
213,348,57
214,349,57
215,350,57
216,352,57
217,353,57
218,354,57
219,355,57
220,356,57
221,357,57
222,358,57
223,359,57
224,361,57
225,362,57
226,364,57
227,365,57
228,366,57
229,367,57
230,368,57
231,369,57
232,370,57
233,371,57
234,372,57
235,373,57
236,374,57
237,375,57
238,376,57
239,377,57
240,378,57
241,379,57
242,380,57
243,381,57
244,382,57
245,383,57
246,384,57
247,385,57
248,386,57
249,387,57
250,388,57
251,389,57
252,390,57
253,391,57
254,392,57
255,393,57
256,394,57
257,395,57
258,396,57
259,398,57
260,404,57
261,405,57
262,406,57
263,407,57
264,410,57
265,411,57
266,412,57
267,413,57
268,414,57
269,415,57
270,416,57
271,417,57
272,418,57
273,419,57
274,420,57
275,421,57
276,422,57
277,423,57
278,424,57
279,425,57
280,426,57
281,427,57
282,441,57
283,442,57
284,443,57
285,445,57
286,446,57
287,447,57
288,448,57
289,449,57
290,461,57
291,462,57
292,463,57
293,464,57
294,465,57
295,466,57
296,467,57
297,468,57
298,469,57
299,470,57
300,471,57
301,472,57
302,473,57
303,474,57
304,475,57
305,476,57
306,477,57
307,478,57
308,479,57
309,480,57
310,481,57
311,482,57
312,486,57
313,494,57
314,495,57
315,496,57
316,497,57
317,498,57
318,499,57
319,500,57
320,501,57
321,502,57
322,503,57
323,504,57
324,505,57
325,506,57
326,507,57
327,508,57
328,509,57
329,510,57
330,511,57
331,512,57
332,513,57
333,514,57
334,515,57
335,516,57
336,517,57
337,518,57
338,519,57
339,520,57
340,521,57
341,522,57
342,523,57
343,524,57
344,525,57
345,526,57
346,527,57
347,528,57
348,529,57
349,530,57
350,531,57
351,532,57
352,533,57
353,534,57
354,535,57
355,536,57
356,537,57
357,538,57
358,539,57
359,540,57
360,541,57
361,542,57
362,543,57
363,544,57
364,545,57
365,546,57
366,547,57
367,548,57
368,549,57
369,550,57
370,551,57
371,552,57
372,553,57
373,554,57
374,555,57
375,556,57
376,557,57
377,558,57
378,559,57
379,560,57
380,561,57
381,562,57
382,563,57
383,564,57
384,565,57
385,566,57
386,567,57
387,568,57
388,569,57
389,570,57
390,571,57
391,572,57
392,573,57
393,574,57
394,575,57
395,576,57
396,577,57
397,578,57
398,579,57
399,580,57
400,581,57
401,582,57
402,583,57
403,584,57
404,585,57
405,586,57
406,587,57
407,588,57
408,589,57
409,590,57
410,591,57
411,592,57
412,593,57
413,594,57
414,595,57
415,596,57
416,597,57
417,598,57
418,599,57
419,600,57
420,601,57
421,602,57
422,603,57
423,604,57
424,605,57
425,606,57
426,607,57
427,608,57
428,609,57
429,610,57
430,611,57
431,612,57
432,613,57
433,614,57
434,615,57
435,616,57
436,617,57
437,618,57
438,619,57
439,620,57
440,621,57
441,622,57
442,623,57
443,624,57
444,625,57
445,626,57
446,627,57
447,628,57
448,629,57
449,630,57
450,631,57
451,632,57
452,633,57
453,634,57
454,635,57
455,636,57
456,637,57
457,638,57
458,639,57
459,640,57
460,641,57
461,642,57
462,643,57
463,644,57
464,645,57
465,646,57
466,647,57
467,648,57
468,649,57
469,650,57
470,651,57
471,652,57
472,653,57
473,654,57
474,655,57
475,656,57
476,657,57
477,658,57
478,659,57
479,660,57
480,661,57
481,662,57
482,663,57
483,664,57
484,665,57
485,666,57
486,667,57
487,668,57
488,669,57
489,670,57
490,671,57
491,672,57
492,673,57
493,674,57
494,675,57
495,676,57
496,677,57
497,678,57
498,679,57
499,680,57
500,681,57
501,682,57
502,683,57
503,684,57
504,685,57
505,686,57
506,687,57
507,688,57
508,689,57
509,690,57
510,691,57
511,692,57
512,693,57
513,694,57
514,695,57
515,696,57
516,697,57
517,698,57
518,699,57
519,700,57
520,701,57
521,702,57
522,703,57
523,704,57
524,705,57
525,706,57
526,707,57
527,708,57
528,709,57
529,710,57
530,711,57
531,712,57
532,713,57
533,714,57
534,715,57
535,716,57
536,717,57
537,718,57
538,719,57
539,720,57
540,721,57
541,722,57
542,723,57
543,724,57
544,725,57
545,726,57
546,727,57
547,728,57
548,729,57
549,730,57
550,731,57
551,732,57
552,733,57
553,734,57
554,735,57
555,736,57
556,737,57
557,738,57
558,739,57
559,740,57
560,741,57
561,742,57
562,743,57
563,744,57
564,745,57
565,746,57
566,747,57
567,748,57
568,749,57
569,750,57
570,751,57
571,752,57
572,753,57
573,754,57
574,755,57
575,756,57
576,757,57
577,758,57
578,759,57
579,760,57
580,761,57
581,762,57
582,763,57
583,764,57
584,765,57
585,766,57
586,767,57
587,768,57
588,769,57
589,770,57
590,771,57
591,772,57
592,773,57
593,774,57
594,775,57
595,776,57
596,777,57
597,778,57
598,779,57
599,780,57
600,781,57
601,782,57
602,783,57
603,784,57
604,785,57
605,786,57
606,787,57
607,788,57
608,789,57
609,790,57
610,791,57
611,792,57
612,793,57
613,794,57
614,795,57
615,796,57
616,797,57
617,798,57
618,799,57
619,800,57
620,801,57
621,802,57
622,803,57
623,804,57
624,805,57
625,806,57
626,807,57
627,808,57
628,809,57
629,810,57
630,811,57
631,812,57
632,813,57
633,814,57
634,815,57
635,816,57
636,817,57
637,818,57
638,819,57
639,820,57
640,821,57
641,822,57
642,823,57
643,824,57
644,825,57
645,826,57
646,827,57
647,828,57
648,829,57
649,830,57
650,831,57
651,832,57
652,833,57
653,834,57
654,835,57
655,836,57
656,837,57
657,838,57
658,839,57
659,840,57
660,841,57
661,842,57
662,843,57
663,844,57
664,845,57
665,846,57
666,847,57
667,848,57
668,849,57
669,850,57
670,851,57
671,852,57
672,853,57
673,854,57
674,855,57
675,856,57
676,857,57
677,858,57
678,859,57
679,860,57
680,861,57
681,862,57
682,863,57
683,864,57
684,865,57
685,866,57
686,867,57
687,868,57
688,869,57
689,870,57
690,871,57
691,872,57
692,873,57
693,874,57
694,875,57
695,876,57
696,2260,57
697,3177,57
698,3178,57
699,3276,57
700,3277,57
701,3278,57
702,3418,57
703,3419,57
704,3420,57
705,3421,57
706,3422,57
707,3423,57
708,3424,57
709,3425,57
710,3426,57
711,3427,57
712,3428,57
713,3429,57
714,3430,57
715,3431,57
716,3432,57
717,3433,57
718,3434,57
719,3435,57
720,3436,57
721,3437,57
722,3438,57
723,3439,57
724,3440,57
725,3441,57
726,3442,57
727,3443,57
728,3444,57
729,3445,57
730,3446,57
731,3447,57
732,3448,57
733,3449,57
734,3450,57
735,3451,57
736,3452,57
737,3453,57
738,3454,57
739,3455,57
740,3456,57
741,3457,57
742,3458,57
743,3459,57
744,3460,57
745,3461,57
746,3462,57
747,3463,57
748,3464,57
749,3465,57
750,3466,57
751,3467,57
752,3468,57
753,3469,57
754,3470,57
755,3471,57
756,3472,57
757,3473,57
758,3474,57
759,3475,57
760,3476,57
761,3477,57
762,3478,57
763,3479,57
764,3480,57
765,3481,57
766,3482,57
767,3483,57
768,3484,57
769,3485,57
770,3486,57
771,3487,57
772,3488,57
773,3489,57
774,3490,57
775,3491,57
776,3492,57
777,3493,57
778,3494,57
779,3495,57
780,3496,57
781,3497,57
782,3498,57
783,3499,57
784,3500,57
785,3501,57
786,3502,57
787,3503,57
788,3504,57
789,3505,57
790,3506,57
791,3507,57
792,3508,57
793,3509,57
794,3510,57
795,3511,57
796,3512,57
797,3513,57
798,3514,57
799,3515,57
800,3516,57
801,3517,57
802,3518,57
803,3519,57
804,3520,57
805,3521,57
806,3522,57
807,3523,57
808,3524,57
809,3525,57
810,3526,57
811,3527,57
812,3528,57
813,3529,57
814,3530,57
815,3531,57
816,3532,57
817,3533,57
818,3534,57
819,3535,57
820,3536,57
821,3537,57
822,3538,57
823,3539,57
824,3540,57
825,3541,57
826,3542,57
827,3543,57
828,3545,57
829,3546,57
830,3547,57
831,3548,57
832,3549,57
833,3550,57
834,3551,57
835,3552,57
836,3553,57
837,3554,57
838,3555,57
839,3556,57
840,3557,57
841,3558,57
842,3559,57
843,3560,57
844,3561,57
845,3562,57
846,3563,57
847,3564,57
848,3565,57
849,3566,57
850,3567,57
851,3568,57
852,3569,57
853,3570,57
854,3571,57
855,3572,57
856,3573,57
857,3574,57
858,3575,57
859,3576,57
860,3577,57
861,3578,57
862,3579,57
863,3580,57
864,3581,57
865,3582,57
866,3583,57
867,3584,57
868,3585,57
869,3586,57
870,3587,57
871,3588,57
872,3589,57
873,3590,57
874,3591,57
875,3592,57
876,3593,57
877,3594,57
878,3595,57
879,3596,57
880,3597,57
881,3598,57
882,3599,57
883,3600,57
884,3601,57
885,3602,57
886,3603,57
887,3604,57
888,3605,57
889,3606,57
890,3607,57
891,3608,57
892,3609,57
893,3610,57
894,3611,57
895,3612,57
896,3613,57
897,3614,57
898,3615,57
899,3616,57
900,3617,57
901,3618,57
902,3619,57
903,3620,57
904,3621,57
905,3622,57
906,3623,57
907,3624,57
908,3625,57
909,3626,57
910,3627,57
911,3628,57
912,3629,57
913,3630,57
914,3631,57
915,3632,57
916,3633,57
917,3634,57
918,3635,57
919,3989,57
920,4077,57
921,4078,57
922,4083,57
923,4087,57
924,4090,57
925,4286,57
926,4287,57
927,4288,57
928,4289,57
929,4290,57
930,4291,57
931,4292,57
932,4293,57
933,4294,57
934,4295,57
935,4296,57
936,14489,57
937,15950,57
938,15951,57
939,15952,57
940,15964,57
941,15965,57
942,15966,57
943,15967,57
944,15976,57
945,16021,57
946,16109,57
947,16195,57
948,16196,57
949,16616,57
950,16624,57
951,16625,57
952,16666,57
953,16667,57
954,16875,57
955,16876,57
956,16877,57
957,16878,57
958,16879,57
959,16928,57
960,16929,57
961,16930,57
962,17101,57
963,17102,57
964,17103,57
965,17104,57
966,17105,57
967,17106,57
968,17107,57
969,17108,57
970,17109,57
971,17110,57
972,17111,57
973,17112,57
974,17113,57
975,17114,57
976,17115,57
977,17116,57
978,17117,57
979,17118,57
980,17148,57
981,17149,57
982,17150,57
983,17151,57
984,17152,57
985,17153,57
986,17154,57
987,17155,57
988,17156,57
989,17157,57
990,17158,57
991,17159,57
992,17160,57
993,17161,57
994,17166,57
995,17202,57
996,17203,57
997,17204,57
998,17205,57
999,17206,57
1000,17207,57
1001,17219,57
1002,17243,57
1003,17244,57
1004,17299,57
1005,17447,57
1006,17448,57
1007,17449,57
1008,17451,57
1009,17452,57
1010,17459,57
1011,17493,57
1012,17494,57
1013,17495,57
1014,17496,57
1015,17533,57
1016,17534,57
1017,17538,57
1018,17551,57
1019,17555,57
1020,17632,57
1021,17633,57
1022,17634,57
1023,17655,57
1024,17661,57
1025,17695,57
1026,17701,57
1027,17710,57
1028,17711,57
1029,17714,57
1030,17720,57
1031,19238,57
1032,19442,57
1033,19726,57
1034,19768,57
1035,19776,57
1036,19787,57
1037,20222,57
1038,20226,57
1039,20228,57
1040,20229,57
1041,20252,57
1042,20458,57
1043,20533,57
1044,20837,57
1045,21443,57
1046,21948,57
1047,21949,57
1048,21952,57
1049,22227,57
1050,22266,57
1051,22523,57
1052,22527,57
1053,22596,57
1054,22597,57
1055,22600,57
1056,22601,57
1057,22602,57
1058,22603,57
1059,22612,57
1060,22634,57
1061,22635,57
1062,22636,57
1063,22639,57
1064,22640,57
1065,22641,57
1066,22642,57
1067,22643,57
1068,22646,57
1069,22647,57
1070,22648,57
1071,22649,57
1072,22650,57
1073,22651,57
1074,22652,57
1075,22654,57
1076,22673,57
1077,22674,57
1078,22675,57
1079,22676,57
1080,22677,57
1081,22678,57
1082,22679,57
1083,22680,57
1084,22681,57
1085,22682,57
1086,22683,57
1087,22684,57
1088,22685,57
1089,22686,57
1090,22687,57
1091,22688,57
1092,22689,57
1093,22690,57
1094,22691,57
1095,22725,57
1096,22726,57
1097,22727,57
1098,22730,57
1099,22735,57
1100,22736,57
1101,22737,57
1102,22738,57
1103,22739,57
1104,22756,57
1105,22955,57
1106,22965,57
1107,22974,57
1108,22975,57
1109,23692,57
1110,23923,57
1111,23982,57
1112,23984,57
1113,23985,57
1114,23986,57
1115,23988,57
1116,23990,57
1117,23991,57
1118,23992,57
1119,23993,57
1120,23994,57
1121,24008,57
1122,24016,57
1123,24056,57
1124,24086,57
1125,24176,57
1126,24199,57
1127,24200,57
1128,24225,57
1129,24236,57
1130,24238,57
1131,24246,57
1132,24247,57
1133,24248,57
1134,24249,57
1135,24259,57
1136,24260,57
1137,24478,57
1138,24713,57
1139,24715,57
1140,24716,57
1141,25114,57
1142,25115,57
1143,59500,57
1144,59536,57
1145,61419,57
1146,61420,57
1147,61431,57
1148,61432,57
1149,61433,57
1150,61434,57
1151,61435,57
1152,61436,57
1153,61437,57
1154,61438,57
1155,61439,57
1156,61440,57
1157,61441,57
1158,61442,57
1159,61443,57
1160,61444,57
1161,61445,57
1162,62033,57
1163,62034,57
1164,62035,57
1165,62036,57
1166,62037,57
1167,62038,57
1168,62039,57
1169,62040,57
1170,62041,57
1171,62042,57
1172,62043,57
1173,62044,57
1174,62045,57
1175,62046,57
1176,62047,57
1177,62048,57
1178,62049,57
1179,62050,57
1180,62051,57
1181,62052,57
1182,62053,57
1183,62054,57
1184,62055,57
1185,62056,57
1186,62057,57
1187,62058,57
1188,62059,57
1189,62060,57
1190,62061,57
1191,62062,57
1192,62063,57
1193,62064,57
1194,62065,57
1195,62066,57
1196,62116,57
1197,62117,57
1198,62118,57
1199,62119,57
1200,62120,57
1201,62121,57
1202,62122,57
1203,62123,57
1204,62124,57
1205,62125,57
1206,62126,57
1207,62127,57
1208,62128,57
1209,62129,57
1210,62130,57
1211,62131,57
1212,62132,57
1213,62133,57
1214,62134,57
1215,62135,57
1216,62136,57
1217,62137,57
1218,62138,57
1219,62139,57
1220,62140,57
1221,62141,57
1222,62142,57
1223,62143,57
1224,62144,57
1225,62145,57
1226,62146,57
1227,62147,57
1228,62148,57
1229,62149,57
1230,62150,57
1231,62340,57
1232,62351,57
1233,62352,57
1234,62353,57
1235,62354,57
1236,62355,57
1237,62356,57
1238,62357,57
1239,62358,57
1240,62359,57
1241,62360,57
1242,62361,57
1243,62362,57
1244,62363,57
1245,62364,57
1246,62365,57
1247,62366,57
1248,62367,57
1249,62403,57
1250,62408,57
1251,62409,57
1252,62410,57
1253,62472,57
1254,62476,57
1255,62477,57
1256,62480,57
1257,62481,57
1258,62482,57
1259,62510,57
1260,62511,57
1261,62512,57
1262,62513,57
1263,62514,57
1264,62518,57
1265,62519,57
1266,62520,57
1267,62559,57
1268,62560,57
1269,62563,57
1270,62564,57
1271,62584,57
1272,62586,57
1273,62588,57
1274,62592,57
1275,62593,57
1276,62594,57
1277,62595,57
1278,62596,57
1279,62597,57
1280,62598,57
1281,62599,57
1282,62600,57
1283,62601,57
1284,62602,57
1285,62603,57
1286,62604,57
1287,62605,57
1288,62606,57
1289,62607,57
1290,62608,57
1291,62609,57
1292,62610,57
1293,62611,57
1294,62612,57
1295,62613,57
1296,62614,57
1297,62615,57
1298,62616,57
1299,62617,57
1300,62618,57
1301,62619,57
1302,62620,57
1303,62621,57
1304,62622,57
1305,62623,57
1306,62624,57
1307,62625,57
1308,62626,57
1309,62627,57
1310,62628,57
1311,62629,57
1312,62630,57
1313,62631,57
1314,62632,57
1315,62633,57
1316,62634,57
1317,62635,57
1318,62636,57
1319,62637,57
1320,62638,57
1321,62639,57
1322,62640,57
1323,62641,57
1324,62642,57
1325,62643,57
1326,62644,57
1327,62645,57
1328,62646,57
1329,62647,57
1330,62648,57
1331,62649,57
1332,62650,57
1333,62651,57
1334,62652,57
1335,62653,57
1336,62654,57
1337,62655,57
1338,62656,57
1339,62657,57
1340,62658,57
1341,62659,57
1342,62660,57
1343,62661,57
1344,62662,57
1345,62663,57
1346,62664,57
1347,62665,57
1348,62666,57
1349,62667,57
1350,62668,57
1351,62669,57
1352,62670,57
1353,62671,57
1354,62672,57
1355,62673,57
1356,62674,57
1357,62675,57
1358,62676,57
1359,62677,57
1360,62678,57
1361,62679,57
1362,62680,57
1363,62681,57
1364,62682,57
1365,62683,57
1366,62684,57
1367,62685,57
1368,62686,57
1369,62687,57
1370,62688,57
1371,62689,57
1372,62690,57
1373,62691,57
1374,62692,57
1375,62693,57
1376,62694,57
1377,62695,57
1378,62696,57
1379,62697,57
1380,62698,57
1381,62699,57
1382,62700,57
1383,62701,57
1384,62702,57
1385,62703,57
1386,62704,57
1387,62705,57
1388,62706,57
1389,62707,57
1390,62708,57
1391,62709,57
1392,62710,57
1393,62711,57
1394,62712,57
1395,62713,57
1396,62714,57
1397,62715,57
1398,62716,57
1399,62717,57
1400,62718,57
1401,62719,57
1402,62720,57
1403,62721,57
1404,62722,57
1405,62723,57
1406,62724,57
1407,62725,57
1408,62726,57
1409,62727,57
1410,62728,57
1411,62729,57
1412,62730,57
1413,62731,57
1414,62732,57
1415,62733,57
1416,62734,57
1417,62735,57
1418,62736,57
1419,62737,57
1420,62738,57
1421,62739,57
1422,62740,57
1423,62741,57
1424,62742,57
1425,62743,57
1426,62744,57
1427,62745,57
1428,62746,57
1429,62747,57
1430,62748,57
1431,62749,57
1432,62750,57
1433,62751,57
1434,62752,57
1435,62753,57
1436,62754,57
1437,62755,57
1438,62756,57
1439,62757,57
1440,62758,57
1441,62759,57
1442,62760,57
1443,62761,57
1444,62762,57
1445,62763,57
1446,62764,57
1447,62765,57
1448,62766,57
1449,62767,57
1450,62768,57
1451,62769,57
1452,62770,57
1453,62771,57
1454,62772,57
1455,62773,57
1456,62774,57
1457,62775,57
1458,62776,57
1459,62777,57
1460,62778,57
1461,62779,57
1462,62780,57
1463,62781,57
1464,62782,57
1465,62783,57
1466,62784,57
1467,62785,57
1468,62786,57
1469,62787,57
1470,62788,57
1471,62789,57
1472,62790,57
1473,62791,57
1474,62792,57
1475,62793,57
1476,62913,57
1477,62914,57
1478,62915,57
1479,62916,57
1480,62917,57
1481,62918,57
1482,62919,57
1483,62920,57
1484,62921,57
1485,62922,57
1486,62923,57
1487,62924,57
1488,62925,57
1489,62926,57
1490,62927,57
1491,62928,57
1492,62929,57
1493,62930,57
1494,62931,57
1495,62932,57
1496,62933,57
1497,62934,57
1498,62935,57
1499,63000,57
1500,63002,57
1501,63003,57
1502,63051,57
1503,63052,57
1504,63053,57
1505,63054,57
1506,63055,57
1507,63060,57
1508,63061,57
1509,63066,57
1510,63067,57
1511,63070,57
1512,63071,57
1513,63074,57
1514,63075,57
1515,63076,57
1516,63077,57
1517,63078,57
1518,63080,57
1519,63081,57
1520,63082,57
1521,63083,57
1522,63084,57
1523,63085,57
1524,63086,57
1525,63087,57
1526,63088,57
1527,63089,57
1528,63090,57
1529,63091,57
1530,63092,57
1531,63156,57
1532,63157,57
1533,63158,57
1534,63159,57
1535,63829,57
1536,63830,57
1537,64122,57
1538,64124,57
1539,64131,57
1540,64146,57
1541,64732,57
1542,64733,57
1543,64734,57
1544,64735,57
1545,64736,57
1546,64737,57
1547,64738,57
1548,64739,57
1549,64740,57
1550,64741,57
1551,64742,57
1552,64743,57
1553,64744,57
1554,64745,57
1555,64746,57
1556,64747,57
1557,64748,57
1558,64749,57
1559,64750,57
1560,64751,57
1561,64752,57
1562,64753,57
1563,64754,57
1564,64755,57
1565,64756,57
1566,64757,57
1567,64758,57
1568,64759,57
1569,64760,57
1570,64761,57
1571,64762,57
1572,64763,57
1573,64764,57
1574,64765,57
1575,64766,57
1576,64767,57
1577,64768,57
1578,64769,57
1579,64770,57
1580,64771,57
1581,64772,57
1582,64773,57
1583,64774,57
1584,64775,57
1585,64776,57
1586,64777,57
1587,64778,57
1588,64779,57
1589,64780,57
1590,64781,57
1591,64782,57
1592,64783,57
1593,64784,57
1594,64785,57
1595,64786,57
1596,64787,57
1597,64788,57
1598,64789,57
1599,64790,57
1600,64791,57
1601,64792,57
1602,64793,57
1603,64794,57
1604,64795,57
1605,64796,57
1606,64797,57
1607,64798,57
1608,64799,57
1609,64800,57
1610,64801,57
1611,64802,57
1612,64803,57
1613,64804,57
1614,64805,57
1615,64806,57
1616,64807,57
1617,64808,57
1618,64809,57
1619,64810,57
1620,64811,57
1621,64812,57
1622,64813,57
1623,64814,57
1624,64815,57
1625,64816,57
1626,64817,57
1627,64818,57
1628,64819,57
1629,64820,57
1630,64821,57
1631,64822,57
1632,64823,57
1633,64824,57
1634,64825,57
1635,64826,57
1636,64832,57
1637,64833,57
1638,64841,57
1639,64842,57
1640,64843,57
1641,64855,57
1642,64856,57
1643,67756,57
1644,67757,57
1645,67758,57
1646,67759,57
1647,67760,57
1648,67761,57
1649,67762,57
1650,67880,57
1651,67881,57
1652,67882,57
1653,67883,57
1654,67884,57
1655,67885,57
1656,69131,57
1657,78564,57
1658,78861,57
1659,106744,57
1660,139445,57
1661,141962,57
1662,149549,57
1663,175291,57
1664,178125,57
1665,214534,57
1666,234468,57
1667,234684,57
1668,241256,57
1669,253896,57
1670,274142,57
1671,276542,57
1672,284260,57
1673,286705,57
1674,292255,57
1675,293336,57
1676,294182,57
1677,300477,57
1678,303054,57
1679,304597,57
1680,304946,57
1681,305639,57
1682,318197,57
1683,323198,57
1684,326466,57
1685,340481,57
1686,346231,57
1687,349884,57
1688,357741,57
1689,357742,57
1690,365810,57
1691,371806,57
1692,374665,57
1693,402225,57
1694,406782,57
1695,409001,57
1696,413381,57
1697,415709,57
1698,427417,57
1699,430236,57
1700,433558,57
1701,433886,57
1702,440150,57
1703,445106,57
1704,445107,57
1705,456848,57
1706,460402,57
1707,460403,57
1708,460446,57
1709,460780,57
1710,460781,57
1711,470762,57
1712,470930,57
1713,470931,57
1714,470932,57
1715,470933,57
1716,470934,57
1717,470935,57
1718,470936,57
1719,470937,57
1720,470938,57
1721,470939,57
1722,470940,57
1723,470941,57
1724,470942,57
1725,470943,57
1726,470944,57
1727,470945,57
1728,470946,57
1729,470947,57
1730,470948,57
1731,470949,57
1732,470950,57
1733,470951,57
1734,470952,57
1735,470953,57
1736,470954,57
1737,470955,57
1738,470956,57
1739,470957,57
1740,470958,57
1741,470959,57
1742,470960,57
1743,470961,57
1744,470962,57
1745,470963,57
1746,470964,57
1747,472267,57
1748,472268,57
1749,472271,57
1750,488314,57
1751,488343,57
1752,488346,57
1753,488358,57
1754,488361,57
1755,488395,57
1756,492570,57
1757,492620,57
1758,492648,57
1759,492649,57
1760,492652,57
1761,492656,57
1762,492770,49
1763,492771,49
1764,492772,49
1765,492773,49
1766,492774,49
1767,492775,49
1768,492776,49
1769,492777,49
1770,492778,49
1771,492779,49
1772,492780,49
1773,492781,49
1774,492782,49
1775,492783,49
1776,492784,49
1777,492785,49
1778,492786,49
1779,492787,49
1780,492794,49
1781,492795,49
1782,492796,49
1783,492797,49
1784,492798,49
1785,492799,49
1786,492800,49
1787,492801,49
1788,492802,49
1789,492803,49
1790,492804,49
1791,492805,49
1792,492806,49
1793,492807,49
1794,492808,49
1795,492809,49
1796,492815,49
1797,492816,49
1798,492817,49
1799,492818,49
1800,492819,49
1801,492820,49
1802,492821,49
1803,492822,49
1804,492826,49
1805,492827,49
1806,492831,49
1807,492832,49
1808,492833,49
1809,492834,49
1810,492835,49
1811,492836,49
1812,492837,49
1813,492838,49
1814,492839,49
1815,492840,49
1816,492841,49
1817,492842,49
1818,492843,49
1819,492844,49
1820,492845,49
1821,492846,49
1822,492847,49
1823,492848,49
1824,492849,49
1825,492850,49
1826,492851,49
1827,492852,49
1828,492853,49
1829,492854,49
1830,492855,49
1831,492856,49
1832,492857,49
1833,492858,49
1834,492859,49
1835,492860,49
1836,492861,49
1837,492862,49
1838,492863,49
1839,492864,49
1840,492865,49
1841,492866,49
1842,492867,49
1843,492868,49
1844,492869,49
1845,492870,49
1846,492871,49
1847,492872,49
1848,492873,49
1849,492874,49
1850,492875,49
1851,492876,49
1852,492877,49
1853,492878,49
1854,492879,49
1855,492880,49
1856,492881,49
1857,492882,49
1858,492883,49
1859,492884,49
1860,492885,49
1861,492886,49
1862,492887,49
1863,492888,49
1864,492889,49
1865,492890,49
1866,492891,49
1867,492892,49
1868,492893,49
1869,492894,49
1870,492895,49
1871,492896,49
1872,492897,49
1873,492898,49
1874,492899,49
1875,492902,49
1876,492903,49
1877,492904,49
1878,492905,49
1879,492906,49
1880,492907,49
1881,492908,49
1882,492909,49
1883,492910,49
1884,492911,49
1885,492912,49
1886,492913,49
1887,492914,49
1888,492915,49
1889,492916,49
1890,492923,49
1891,492924,49
1892,492925,49
1893,492926,49
1894,492927,49
1895,492928,49
1896,492929,49
1897,492930,49
1898,492931,49
1899,492937,49
1900,492938,49
1901,492939,49
1902,492967,49
1903,492968,49
1904,492969,49
1905,492970,49
1906,492971,49
1907,492972,49
1908,492973,49
1909,492974,49
1910,492975,49
1911,492976,49
1912,492977,49
1913,492978,49
1914,492979,49
1915,492980,49
1916,492981,49
1917,492982,49
1918,492983,49
1919,492987,49
1920,492988,49
1921,492989,49
1922,492990,49
1923,492991,49
1924,492992,49
1925,492993,49
1926,493000,49
1927,493001,49
1928,493002,49
1929,493003,49
1930,493004,49
1931,493005,49
1932,493006,49
1933,493007,49
1934,493008,49
1935,493009,49
1936,493010,49
1937,493011,49
1938,493012,49
1939,493013,49
1940,493014,49
1941,493016,49
1942,493019,49
1943,493020,49
1944,493021,49
1945,493022,49
1946,493023,49
1947,493024,49
1948,493025,49
1949,493029,49
1950,493030,49
1951,493031,49
1952,493032,49
1953,493033,49
1954,493034,49
1955,493035,49
1956,493036,49
1957,493037,49
1958,493038,49
1959,493055,49
1960,493056,49
1961,493057,49
1962,493058,49
1963,493059,49
1964,493060,49
1965,493061,49
1966,493062,49
1967,493063,49
1968,493064,49
1969,493065,49
1970,493066,49
1971,493069,49
1972,493070,49
1973,493071,49
1974,493072,49
1975,493073,49
1976,493074,49
1977,493075,49
1978,493076,49
1979,493077,49
1980,493078,49
1981,493079,49
1982,493080,49
1983,493081,49
1984,493082,49
1985,493083,49
1986,493084,49
1987,493085,49
1988,493086,49
1989,493087,49
1990,493088,49
1991,493089,49
1992,493090,49
1993,493091,49
1994,493092,49
1995,493093,49
1996,493094,49
1997,493095,49
1998,493096,49
1999,493097,49
2000,493098,49
2001,493099,49
2002,493100,49
2003,493121,49
2004,493122,49
2005,493123,49
2006,493124,49
2007,493125,49
2008,493126,49
2009,493127,49
2010,493128,49
2011,493129,49
2012,493130,49
2013,493131,49
2014,493132,49
2015,493133,49
2016,493134,49
2017,493135,49
2018,493136,49
2019,493137,49
2020,493138,49
2021,493139,49
2022,493140,49
2023,493141,49
2024,493142,49
2025,493143,49
2026,493144,49
2027,493145,49
2028,493146,49
2029,493147,49
2030,493148,49
2031,493149,49
2032,493150,49
2033,493151,49
2034,493152,49
2035,493153,49
2036,493154,49
2037,493155,49
2038,493156,49
2039,493157,49
2040,493158,49
2041,493159,49
2042,493160,49
2043,493161,49
2044,493162,49
2045,493163,49
2046,493164,49
2047,493165,49
2048,493166,49
2049,493167,49
2050,493168,49
2051,493169,49
2052,493170,49
2053,493171,49
2054,493172,49
2055,493173,49
2056,493174,49
2057,493175,49
2058,493176,49
2059,493177,49
2060,493178,49
2061,493179,49
2062,493180,49
2063,493181,49
2064,493182,49
2065,493183,49
2066,493184,49
2067,493185,49
2068,493186,49
2069,493187,49
2070,493188,49
2071,493189,49
2072,493190,49
2073,493191,49
2074,493192,49
2075,493193,49
2076,493194,49
2077,493195,49
2078,493196,49
2079,493197,49
2080,493198,49
2081,493199,49
2082,493200,49
2083,493201,49
2084,493202,49
2085,493203,49
2086,493204,49
2087,493205,49
2088,493206,49
2089,493207,49
2090,493231,49
2091,493232,49
2092,493233,49
2093,493234,49
2094,493235,49
2095,493236,49
2096,493237,49
2097,493238,49
2098,493239,49
2099,493240,49
2100,493241,49
2101,493242,49
2102,493243,49
2103,493244,49
2104,493245,49
2105,493246,49
2106,493247,49
2107,493248,49
2108,493251,49
2109,493252,49
2110,493253,49
2111,493254,49
2112,493255,49
2113,493256,49
2114,493259,49
2115,493260,49
2116,493261,49
2117,493262,49
2118,493263,49
2119,493264,49
2120,493265,49
2121,493266,49
2122,493267,49
2123,493268,49
2124,493269,49
2125,493270,49
2126,493271,49
2127,493272,49
2128,493273,49
2129,493274,49
2130,493275,49
2131,493276,49
2132,493277,49
2133,493278,49
2134,493279,49
2135,493280,49
2136,493281,49
2137,493282,49
2138,493283,49
2139,493284,49
2140,493285,49
2141,493286,49
2142,493287,49
2143,493288,49
2144,493289,49
2145,493290,49
2146,493291,49
2147,493292,49
2148,493293,49
2149,493294,49
2150,493295,49
2151,493296,49
2152,493297,49
2153,493298,49
2154,493299,49
2155,493300,49
2156,493301,49
2157,493302,49
2158,493303,49
2159,493304,49
2160,493305,49
2161,493306,49
2162,493307,49
2163,493308,49
2164,493309,49
2165,493310,49
2166,493311,49
2167,493312,49
2168,493313,49
2169,493314,49
2170,493315,49
2171,493316,49
2172,493317,49
2173,493318,49
2174,493319,49
2175,493320,49
2176,493321,49
2177,493322,49
2178,493323,49
2179,493324,49
2180,493325,49
2181,493326,49
2182,493327,49
2183,493328,49
2184,493329,49
2185,493330,49
2186,493331,49
2187,493332,49
2188,493333,49
2189,493334,49
2190,493335,49
2191,493336,49
2192,493337,49
2193,493338,49
2194,493339,49
2195,493340,49
2196,493341,49
2197,493342,49
2198,493343,49
2199,493344,49
2200,493345,49
2201,493346,49
2202,493347,49
2203,493348,49
2204,493349,49
2205,493350,49
2206,493351,49
2207,493352,49
2208,493353,49
2209,493354,49
2210,493355,49
2211,493356,49
2212,493357,49
2213,493358,49
2214,493359,49
2215,493360,49
2216,493361,49
2217,493362,49
2218,493363,49
2219,493364,49
2220,493365,49
2221,493366,49
2222,493367,49
2223,493368,49
2224,493369,49
2225,493370,49
2226,493371,49
2227,493372,49
2228,493373,49
2229,493374,49
2230,493375,49
2231,493376,49
2232,493377,49
2233,493378,49
2234,493379,49
2235,493380,49
2236,493381,49
2237,493382,49
2238,493383,49
2239,493384,49
2240,493385,49
2241,493386,49
2242,493387,49
2243,493388,49
2244,493389,49
2245,493390,49
2246,493391,49
2247,493392,49
2248,493393,49
2249,493394,49
2250,493395,49
2251,493396,49
2252,493397,49
2253,493398,49
2254,493399,49
2255,493400,49
2256,493401,49
2257,493402,49
2258,493403,49
2259,493404,49
2260,493405,49
2261,493406,49
2262,493407,49
2263,493408,49
2264,493409,49
2265,493410,49
2266,493411,49
2267,493412,49
2268,493413,49
2269,493414,49
2270,493415,49
2271,493416,49
2272,493417,49
2273,493418,49
2274,493419,49
2275,493420,49
2276,493421,49
2277,493422,49
2278,493423,49
2279,493424,49
2280,493425,49
2281,493426,49
2282,493427,49
2283,493428,49
2284,493429,49
2285,493430,49
2286,493431,49
2287,493432,49
2288,493433,49
2289,493434,49
2290,493435,49
2291,493436,49
2292,493437,49
2293,493438,49
2294,493439,49
2295,493440,49
2296,493441,49
2297,493442,49
2298,493443,49
2299,493444,49
2300,493445,49
2301,493446,49
2302,493447,49
2303,493448,49
2304,493449,49
2305,493450,49
2306,493451,49
2307,493452,49
2308,493461,49
2309,493462,49
2310,493463,49
2311,493464,49
2312,493465,49
2313,493466,49
2314,493467,49
2315,493468,49
2316,493469,49
2317,493470,49
2318,493471,49
2319,493472,49
2320,493473,49
2321,493474,49
2322,493475,49
2323,493476,49
2324,493477,49
2325,493478,49
2326,493479,49
2327,493480,49
2328,493481,49
2329,493482,49
2330,493483,49
2331,493484,49
2332,493485,49
2333,493486,49
2334,493487,49
2335,493488,49
2336,493489,49
2337,493490,49
2338,493491,49
2339,493492,49
2340,493502,49
2341,493503,49
2342,493504,49
2343,493505,49
2344,493506,49
2345,493507,49
2346,493508,49
2347,493509,49
2348,493510,49
2349,493511,49
2350,493512,49
2351,493513,49
2352,493514,49
2353,493515,49
2354,493516,49
2355,493517,49
2356,493518,49
2357,493519,49
2358,493520,49
2359,493521,49
2360,493522,49
2361,493523,49
2362,493524,49
2363,493525,49
2364,493526,49
2365,493527,49
2366,493528,49
2367,493529,49
2368,493530,49
2369,493531,49
2370,493532,49
2371,493533,49
2372,493534,49
2373,493535,49
2374,493536,49
2375,493537,49
2376,493538,49
2377,493539,49
2378,493540,49
2379,493541,49
2380,493542,49
2381,493543,49
2382,493544,49
2383,493545,49
2384,493546,49
2385,493547,49
2386,493548,49
2387,493549,49
2388,493550,49
2389,493551,49
2390,493552,49
2391,493553,49
2392,493554,49
2393,493555,49
2394,493556,49
2395,493557,49
2396,493558,49
2397,493559,49
2398,493560,49
2399,493561,49
2400,493562,49
2401,493563,49
2402,493564,49
2403,493565,49
2404,493566,49
2405,493567,49
2406,493568,49
2407,493569,49
2408,493570,49
2409,493571,49
2410,493572,49
2411,493573,49
2412,493574,49
2413,493575,49
2414,493576,49
2415,493577,49
2416,493578,49
2417,493579,49
2418,493580,49
2419,493581,49
2420,493582,49
2421,493583,49
2422,493584,49
2423,493585,49
2424,493586,49
2425,493587,49
2426,493588,49
2427,493589,49
2428,493590,49
2429,493591,49
2430,493592,49
2431,493593,49
2432,493594,49
2433,493595,49
2434,493596,49
2435,493597,49
2436,493598,49
2437,493599,49
2438,493600,49
2439,493601,49
2440,493602,49
2441,493603,49
2442,493604,49
2443,493605,49
2444,493606,49
2445,493609,49
2446,493610,49
2447,493611,49
2448,493612,49
2449,493613,49
2450,493614,49
2451,493615,49
2452,493616,49
2453,493617,49
2454,493618,49
2455,493619,49
2456,493620,49
2457,493621,49
2458,493622,49
2459,493623,49
2460,493624,49
2461,493627,49
2462,493628,49
2463,493629,49
2464,493630,49
2465,493631,49
2466,493632,49
2467,493633,49
2468,493634,49
2469,493635,49
2470,493636,49
2471,493637,49
2472,493638,49
2473,493639,49
2474,493640,49
2475,493641,49
2476,493642,49
2477,493643,49
2478,493644,49
2479,493645,49
2480,493646,49
2481,493647,49
2482,493648,49
2483,493649,49
2484,493650,49
2485,493651,49
2486,493652,49
2487,493653,49
2488,493654,49
2489,493655,49
2490,493656,49
2491,493657,49
2492,493658,49
2493,493659,49
2494,493660,49
2495,493661,49
2496,493662,49
2497,493663,49
2498,493664,49
2499,493665,49
2500,493666,49
2501,493667,49
2502,493668,49
2503,493669,49
2504,493670,49
2505,493671,49
2506,493672,49
2507,493673,49
2508,493674,49
2509,493675,49
2510,493676,49
2511,493677,49
2512,493678,49
2513,493679,49
2514,493680,49
2515,493681,49
2516,493682,49
2517,493683,49
2518,493684,49
2519,493685,49
2520,493686,49
2521,493687,49
2522,493688,49
2523,493689,49
2524,493690,49
2525,493691,49
2526,493692,49
2527,493693,49
2528,493694,49
2529,493695,49
2530,493696,49
2531,493697,49
2532,493698,49
2533,493699,49
2534,493700,49
2535,493701,49
2536,493702,49
2537,493703,49
2538,493704,49
2539,493705,49
2540,493706,49
2541,493707,49
2542,493708,49
2543,493709,49
2544,493710,49
2545,493711,49
2546,493712,49
2547,493713,49
2548,493714,49
2549,493715,49
2550,493716,49
2551,493717,49
2552,493718,49
2553,493719,49
2554,493720,49
2555,493721,49
2556,493722,49
2557,493723,49
2558,493724,49
2559,493725,49
2560,493726,49
2561,493727,49
2562,493728,49
2563,493729,49
2564,493730,49
2565,493731,49
2566,493732,49
2567,493733,49
2568,493734,49
2569,493735,49
2570,493736,49
2571,493737,49
2572,493738,49
2573,493739,49
2574,493740,49
2575,493741,49
2576,493742,49
2577,493743,49
2578,493744,49
2579,493745,49
2580,493746,49
2581,493747,49
2582,493748,49
2583,493749,49
2584,493750,49
2585,493751,49
2586,493752,49
2587,493753,49
2588,493754,49
2589,493755,49
2590,493756,49
2591,493757,49
2592,493758,49
2593,493759,49
2594,493760,49
2595,493761,49
2596,493762,49
2597,493763,49
2598,493764,49
2599,493765,49
2600,493766,49
2601,493767,49
2602,493768,49
2603,493769,49
2604,493770,49
2605,493771,49
2606,493772,49
2607,493773,49
2608,493774,49
2609,493775,49
2610,493776,49
2611,493777,49
2612,493778,49
2613,493779,49
2614,493780,49
2615,493781,49
2616,493782,49
2617,493783,49
2618,493784,49
2619,493785,49
2620,493786,49
2621,493787,49
2622,493788,49
2623,493789,49
2624,493790,49
2625,493791,49
2626,493792,49
2627,493793,49
2628,493794,49
2629,493795,49
2630,493796,49
2631,493797,49
2632,493798,49
2633,493799,49
2634,493800,49
2635,493801,49
2636,493802,49
2637,493803,49
2638,493811,49
2639,493812,49
2640,493813,49
2641,493814,49
2642,493815,49
2643,493816,49
2644,493817,49
2645,493818,49
2646,493819,49
2647,493820,49
2648,493821,49
2649,493822,49
2650,493824,49
2651,493838,49
2652,493839,49
2653,493840,49
2654,493841,49
2655,493842,49
2656,493843,49
2657,493844,49
2658,493845,49
2659,493846,49
2660,493847,49
2661,493848,49
2662,493849,49
2663,493850,49
2664,493851,49
2665,493852,49
2666,493853,49
2667,493854,49
2668,493855,49
2669,493856,49
2670,493857,49
2671,493858,49
2672,493859,49
2673,493860,49
2674,493861,49
2675,493862,49
2676,493863,49
2677,493864,49
2678,493865,49
2679,493866,49
2680,493867,49
2681,493868,49
2682,493869,49
2683,493870,49
2684,493871,49
2685,493872,49
2686,493873,49
2687,493874,49
2688,493875,49
2689,493876,49
2690,493877,49
2691,493878,49
2692,493879,49
2693,493880,49
2694,493881,49
2695,493882,49
2696,493883,49
2697,493884,49
2698,493885,49
2699,493886,49
2700,493887,49
2701,493888,49
2702,493889,49
2703,493890,49
2704,493891,49
2705,493892,49
2706,493893,49
2707,493894,49
2708,493895,49
2709,493896,49
2710,493897,49
2711,493906,49
2712,493908,49
2713,493913,49
2714,493914,49
2715,493915,49
2716,493916,49
2717,493917,49
2718,493918,49
2719,493919,49
2720,493920,49
2721,493921,49
2722,493922,49
2723,493923,49
2724,493924,49
2725,493925,49
2726,493926,49
2727,493927,49
2728,493928,49
2729,493929,49
2730,493930,49
2731,493931,49
2732,493932,49
2733,493933,49
2734,493934,49
2735,493935,49
2736,493936,49
2737,493937,49
2738,493938,49
2739,493939,49
2740,493940,49
2741,493941,49
2742,493944,49
2743,493945,49
2744,493946,49
2745,493947,49
2746,493948,49
2747,493949,49
2748,493950,49
2749,493951,49
2750,493952,49
2751,493953,49
2752,493954,49
2753,493955,49
2754,493956,49
2755,493957,49
2756,493958,49
2757,493959,49
2758,493960,49
2759,493961,49
2760,493962,49
2761,493963,49
2762,493964,49
2763,493965,49
2764,493966,49
2765,493967,49
2766,493968,49
2767,493969,49
2768,493970,49
2769,493971,49
2770,493972,49
2771,493973,49
2772,493974,49
2773,493975,49
2774,493976,49
2775,493977,49
2776,493978,49
2777,493979,49
2778,493980,49
2779,493981,49
2780,493982,49
2781,493983,49
2782,493984,49
2783,493985,49
2784,493986,49
2785,493987,49
2786,493988,49
2787,493989,49
2788,493990,49
2789,493991,49
2790,493992,49
2791,493993,49
2792,493994,49
2793,493995,49
2794,493996,49
2795,493997,49
2796,493998,49
2797,493999,49
2798,494000,49
2799,494001,49
2800,494002,49
2801,494003,49
2802,494004,49
2803,494005,49
2804,494006,49
2805,494007,49
2806,494008,49
2807,494009,49
2808,494010,49
2809,494011,49
2810,494012,49
2811,494013,49
2812,494014,49
2813,494015,49
2814,494016,49
2815,494017,49
2816,494018,49
2817,494022,49
2818,494023,49
2819,494024,49
2820,494027,49
2821,494029,49
2822,494036,49
2823,494037,49
2824,494038,49
2825,494039,49
2826,494040,49
2827,494041,49
2828,494042,49
2829,494043,49
2830,494044,49
2831,494045,49
2832,494046,49
2833,494047,49
2834,494048,49
2835,494049,49
2836,494050,49
2837,494051,49
2838,494052,49
2839,494053,49
2840,494054,49
2841,494055,49
2842,494056,49
2843,494057,49
2844,494058,49
2845,494059,49
2846,494060,49
2847,494061,49
2848,494062,49
2849,494063,49
2850,494064,49
2851,494065,49
2852,494066,49
2853,494067,49
2854,494068,49
2855,494069,49
2856,494070,49
2857,494071,49
2858,494072,49
2859,494073,49
2860,494074,49
2861,494075,49
2862,494076,49
2863,494077,49
2864,494078,49
2865,494079,49
2866,494080,49
2867,494081,49
2868,494082,49
2869,494083,49
2870,494084,49
2871,494085,49
2872,494086,49
2873,494087,49
2874,494088,49
2875,494089,49
2876,494090,49
2877,494091,49
2878,494092,49
2879,494093,49
2880,494094,49
2881,494095,49
2882,494096,49
2883,494097,49
2884,494098,49
2885,494099,49
2886,494100,49
2887,494101,49
2888,494102,49
2889,494103,49
2890,494104,49
2891,494105,49
2892,494106,49
2893,494107,49
2894,494108,49
2895,494109,49
2896,494110,49
2897,494111,49
2898,494112,49
2899,494113,49
2900,494114,49
2901,494115,49
2902,494116,49
2903,494117,49
2904,494118,49
2905,494119,49
2906,494120,49
2907,494121,49
2908,494122,49
2909,494123,49
2910,494124,49
2911,494125,49
2912,494126,49
2913,494127,49
2914,494128,49
2915,494129,49
2916,494130,49
2917,494131,49
2918,494132,49
2919,494133,49
2920,494134,49
2921,494135,49
2922,494136,49
2923,494137,49
2924,494138,49
2925,494139,49
2926,494140,49
2927,494141,49
2928,494142,49
2929,494143,49
2930,494144,49
2931,494145,49
2932,494146,49
2933,494147,49
2934,494148,49
2935,494149,49
2936,494150,49
2937,494151,49
2938,494152,49
2939,494153,49
2940,494154,49
2941,494155,49
2942,494156,49
2943,494157,49
2944,494158,49
2945,494159,49
2946,494160,49
2947,494161,49
2948,494162,49
2949,494163,49
2950,494164,49
2951,494165,49
2952,494166,49
2953,494167,49
2954,494168,49
2955,494169,49
2956,494170,49
2957,494171,49
2958,494172,49
2959,494173,49
2960,494174,49
2961,494175,49
2962,494176,49
2963,494177,49
2964,494178,49
2965,494179,49
2966,494180,49
2967,494181,49
2968,494182,49
2969,494183,49
2970,494184,49
2971,494185,49
2972,494186,49
2973,494187,49
2974,494188,49
2975,494189,49
2976,494190,49
2977,494191,49
2978,494192,49
2979,494193,49
2980,494194,49
2981,494195,49
2982,494196,49
2983,494197,49
2984,494198,49
2985,494199,49
2986,494200,49
2987,494201,49
2988,494202,49
2989,494203,49
2990,494204,49
2991,494205,49
2992,494206,49
2993,494207,49
2994,494208,49
2995,494209,49
2996,494210,49
2997,494211,49
2998,494212,49
2999,494213,49
3000,494214,49
3001,494215,49
3002,494216,49
3003,494217,49
3004,494218,49
3005,494219,49
3006,494220,49
3007,494221,49
3008,494222,49
3009,494223,49
3010,494224,49
3011,494225,49
3012,494226,49
3013,494227,49
3014,494228,49
3015,494229,49
3016,494230,49
3017,494231,49
3018,494232,49
3019,494233,49
3020,494234,49
3021,494235,49
3022,494236,49
3023,494237,49
3024,494238,49
3025,494239,49
3026,494240,49
3027,494241,49
3028,494242,49
3029,494243,49
3030,494244,49
3031,494245,49
3032,494246,49
3033,494247,49
3034,494248,49
3035,494249,49
3036,494250,49
3037,494251,49
3038,494252,49
3039,494253,49
3040,494254,49
3041,494255,49
3042,494256,49
3043,494257,49
3044,494258,49
3045,494259,49
3046,494260,49
3047,494261,49
3048,494262,49
3049,494263,49
3050,494264,49
3051,494265,49
3052,494266,49
3053,494267,49
3054,494268,49
3055,494269,49
3056,494270,49
3057,494271,49
3058,494272,49
3059,494273,49
3060,494293,49
3061,494294,49
3062,494295,49
3063,494296,49
3064,494297,49
3065,494298,49
3066,494299,49
3067,494300,49
3068,494301,49
3069,494302,49
3070,494303,49
3071,494304,49
3072,494305,49
3073,494306,49
3074,494307,49
3075,494308,49
3076,494309,49
3077,494310,49
3078,494311,49
3079,494312,49
3080,494313,49
3081,494314,49
3082,494315,49
3083,494316,49
3084,494317,49
3085,494318,49
3086,494319,49
3087,494320,49
3088,494321,49
3089,494322,49
3090,494323,49
3091,494324,49
3092,494325,49
3093,494326,49
3094,494327,49
3095,494328,49
3096,494329,49
3097,494330,49
3098,494331,49
3099,494332,49
3100,494333,49
3101,494334,49
3102,494335,49
3103,494336,49
3104,494337,49
3105,494338,49
3106,494339,49
3107,494340,49
3108,494341,49
3109,494342,49
3110,494343,49
3111,494344,49
3112,494345,49
3113,494346,49
3114,494347,49
3115,494348,49
3116,494349,49
3117,494350,49
3118,494351,49
3119,494352,49
3120,494353,49
3121,494354,49
3122,494355,49
3123,494356,49
3124,494357,49
3125,494358,49
3126,494359,49
3127,494360,49
3128,494361,49
3129,494362,49
3130,494363,49
3131,494364,49
3132,494365,49
3133,494366,49
3134,494367,49
3135,494368,49
3136,494369,49
3137,494377,49
3138,494382,49
3139,494383,49
3140,494384,49
3141,494385,49
3142,494386,49
3143,494387,49
3144,494388,49
3145,494389,49
3146,494390,49
3147,494391,49
3148,494392,49
3149,494393,49
3150,494394,49
3151,494395,49
3152,494396,49
3153,494397,49
3154,494398,49
3155,494399,49
3156,494400,49
3157,494401,49
3158,494402,49
3159,494403,49
3160,494404,49
3161,494405,49
3162,494406,49
3163,494407,49
3164,494408,49
3165,494409,49
3166,494410,49
3167,494411,49
3168,494412,49
3169,494413,49
3170,494417,49
3171,494418,49
3172,494419,49
3173,494420,49
3174,494421,49
3175,494422,49
3176,494423,49
3177,494424,49
3178,494425,49
3179,494426,49
3180,494427,49
3181,494428,49
3182,494429,49
3183,494430,49
3184,494431,49
3185,494432,49
3186,494433,49
3187,494434,49
3188,494435,49
3189,494436,49
3190,494437,49
3191,494438,49
3192,494439,49
3193,494440,49
3194,494441,49
3195,494442,49
3196,494443,49
3197,494444,49
3198,494445,49
3199,494446,49
3200,494447,49
3201,494448,49
3202,494449,49
3203,494450,49
3204,494451,49
3205,494452,49
3206,494453,49
3207,494454,49
3208,494455,49
3209,494472,49
3210,494473,49
3211,494474,49
3212,494475,49
3213,494476,49
3214,494477,49
3215,494478,49
3216,494479,49
3217,494480,49
3218,494481,49
3219,494482,49
3220,494483,49
3221,494484,49
3222,494485,49
3223,494486,49
3224,494487,49
3225,494488,49
3226,494489,49
3227,494490,49
3228,494491,49
3229,494492,49
3230,494493,49
3231,494494,49
3232,494495,49
3233,494496,49
3234,494497,49
3235,494498,49
3236,494499,49
3237,494500,49
3238,494501,49
3239,494502,49
3240,494503,49
3241,494504,49
3242,494505,49
3243,494506,49
3244,494507,49
3245,494508,49
3246,494509,49
3247,494510,49
3248,494511,49
3249,494512,49
3250,494513,49
3251,494514,49
3252,494515,49
3253,494516,49
3254,494517,49
3255,494518,49
3256,494519,49
3257,494520,49
3258,494521,49
3259,494522,49
3260,494523,49
3261,494524,49
3262,494525,49
3263,494526,49
3264,494527,49
3265,494528,49
3266,494529,49
3267,494530,49
3268,494531,49
3269,494532,49
3270,494533,49
3271,494534,49
3272,494535,49
3273,494536,49
3274,494537,49
3275,494538,49
3276,494539,49
3277,494540,49
3278,494541,49
3279,494542,49
3280,494543,49
3281,494548,49
3282,494549,49
3283,494550,49
3284,494551,49
3285,494552,49
3286,494553,49
3287,494554,49
3288,494555,49
3289,494556,49
3290,494557,49
3291,494558,49
3292,494559,49
3293,494560,49
3294,494561,49
3295,494562,49
3296,494563,49
3297,494568,49
3298,494569,49
3299,494570,49
3300,494571,49
3301,494572,49
3302,494573,49
3303,494574,49
3304,494575,49
3305,494576,49
3306,494577,49
3307,494578,49
3308,494579,49
3309,494580,49
3310,494581,49
3311,494582,49
3312,494583,49
3313,494584,49
3314,494585,49
3315,494586,49
3316,494587,49
3317,494588,49
3318,494589,49
3319,494590,49
3320,494591,49
3321,494592,49
3322,494593,49
3323,494594,49
3324,494595,49
3325,494596,49
3326,494597,49
3327,494598,49
3328,494599,49
3329,494600,49
3330,494601,49
3331,494602,49
3332,494603,49
3333,494604,49
3334,494605,49
3335,494606,49
3336,494607,49
3337,494608,49
3338,494609,49
3339,494610,49
3340,494611,49
3341,494612,49
3342,494613,49
3343,494614,49
3344,494615,49
3345,494616,49
3346,494617,49
3347,494618,49
3348,494619,49
3349,494620,49
3350,494621,49
3351,494622,49
3352,494623,49
3353,494624,49
3354,494625,49
3355,494626,49
3356,494627,49
3357,494628,49
3358,494629,49
3359,494630,49
3360,494631,49
3361,494632,49
3362,494633,49
3363,494634,49
3364,494635,49
3365,494636,49
3366,494637,49
3367,494638,49
3368,494639,49
3369,494640,49
3370,494650,49
3371,494651,49
3372,494652,49
3373,494653,49
3374,494654,49
3375,494655,49
3376,494656,49
3377,494657,49
3378,494658,49
3379,494659,49
3380,494660,49
3381,494661,49
3382,494662,49
3383,494663,49
3384,494664,49
3385,494665,49
3386,494666,49
3387,494667,49
3388,494668,49
3389,494669,49
3390,494670,49
3391,494671,49
3392,494672,49
3393,494673,49
3394,494674,49
3395,494675,49
3396,494676,49
3397,494677,49
3398,494678,49
3399,494679,49
3400,494680,49
3401,494681,49
3402,494682,49
3403,494683,49
3404,494684,49
3405,494685,49
3406,494686,49
3407,494687,49
3408,494688,49
3409,494689,49
3410,494690,49
3411,494691,49
3412,494692,49
3413,494693,49
3414,494694,49
3415,494695,49
3416,494696,49
3417,494697,49
3418,494698,49
3419,494699,49
3420,494700,49
3421,494701,49
3422,494702,49
3423,494703,49
3424,494704,49
3425,494705,49
3426,494706,49
3427,494707,49
3428,494708,49
3429,494709,49
3430,494710,49
3431,494711,49
3432,494712,49
3433,494713,49
3434,494714,49
3435,494715,49
3436,494716,49
3437,494717,49
3438,494718,49
3439,494719,49
3440,494720,49
3441,494721,49
3442,494722,49
3443,494723,49
3444,494724,49
3445,494725,49
3446,494726,49
3447,494727,49
3448,494728,49
3449,494729,49
3450,494730,49
3451,494731,49
3452,494732,49
3453,494733,49
3454,494734,49
3455,494735,49
3456,494736,49
3457,494737,49
3458,494738,49
3459,494739,49
3460,494740,49
3461,494741,49
3462,494742,49
3463,494743,49
3464,494744,49
3465,494745,49
3466,494746,49
3467,494747,49
3468,494748,49
3469,494749,49
3470,494750,49
3471,494751,49
3472,494752,49
3473,494753,49
3474,494754,49
3475,494755,49
3476,494756,49
3477,494757,49
3478,494758,49
3479,494759,49
3480,494760,49
3481,494761,49
3482,494762,49
3483,494763,49
3484,494764,49
3485,494765,49
3486,494766,49
3487,494767,49
3488,494768,49
3489,494769,49
3490,494770,49
3491,494771,49
3492,494772,49
3493,494780,49
3494,494781,49
3495,494782,49
3496,494783,49
3497,494784,49
3498,494785,49
3499,494786,49
3500,494787,49
3501,494788,49
3502,494789,49
3503,494800,49
3504,494801,49
3505,494802,49
3506,494803,49
3507,494804,49
3508,494805,49
3509,494806,49
3510,494807,49
3511,494808,49
3512,494809,49
3513,494821,49
3514,494822,49
3515,494823,49
3516,494824,49
3517,494825,49
3518,494826,49
3519,494827,49
3520,494828,49
3521,494829,49
3522,494830,49
3523,494831,49
3524,494832,49
3525,494833,49
3526,494834,49
3527,494835,49
3528,494836,49
3529,494837,49
3530,494838,49
3531,494839,49
3532,494840,49
3533,494841,49
3534,494842,49
3535,494843,49
3536,494844,49
3537,494845,49
3538,494846,49
3539,494847,49
3540,494848,49
3541,494849,49
3542,494856,49
3543,494857,49
3544,494860,49
3545,494861,49
3546,494862,49
3547,494867,49
3548,494868,49
3549,494869,49
3550,494870,49
3551,494871,49
3552,494872,49
3553,494873,49
3554,494874,49
3555,494875,49
3556,494876,49
3557,494877,49
3558,494878,49
3559,494879,49
3560,494880,49
3561,494881,49
3562,494882,49
3563,494883,49
3564,494884,49
3565,494885,49
3566,494886,49
3567,494887,49
3568,494888,49
3569,494889,49
3570,494890,49
3571,494891,49
3572,494892,49
3573,494893,49
3574,494894,49
3575,494895,49
3576,494896,49
3577,494897,49
3578,494898,49
3579,494899,49
3580,494900,49
3581,494901,49
3582,494902,49
3583,494903,49
3584,494904,49
3585,494905,49
3586,494906,49
3587,494907,49
3588,494908,49
3589,494909,49
3590,494910,49
3591,494911,49
3592,494912,49
3593,494913,49
3594,494914,49
3595,494915,49
3596,494916,49
3597,494917,49
3598,494918,49
3599,494919,49
3600,494920,49
3601,494921,49
3602,494922,49
3603,494923,49
3604,494924,49
3605,494925,49
3606,494926,49
3607,494927,49
3608,494928,49
3609,494929,49
3610,494930,49
3611,494931,49
3612,494932,49
3613,494933,49
3614,494934,49
3615,494935,49
3616,494936,49
3617,494937,49
3618,494938,49
3619,494939,49
3620,494940,49
3621,494941,49
3622,494942,49
3623,494943,49
3624,494944,49
3625,494945,49
3626,494946,49
3627,494947,49
3628,494948,49
3629,494949,49
3630,494950,49
3631,494951,49
3632,494952,49
3633,494953,49
3634,494954,49
3635,494955,49
3636,494956,49
3637,494957,49
3638,494958,49
3639,494959,49
3640,494960,49
3641,494961,49
3642,494962,49
3643,494963,49
3644,494964,49
3645,494965,49
3646,494966,49
3647,494967,49
3648,494968,49
3649,494969,49
3650,494970,49
3651,494971,49
3652,494972,49
3653,494973,49
3654,494974,49
3655,494975,49
3656,494976,49
3657,494977,49
3658,494978,49
3659,494979,49
3660,494980,49
3661,494981,49
3662,494982,49
3663,494983,49
3664,494984,49
3665,494985,49
3666,494986,49
3667,494987,49
3668,494988,49
3669,494989,49
3670,494990,49
3671,494991,49
3672,494992,49
3673,494993,49
3674,494994,49
3675,494995,49
3676,494996,49
3677,494997,49
3678,494998,49
3679,494999,49
3680,495000,49
3681,495001,49
3682,495002,49
3683,495003,49
3684,495004,49
3685,495005,49
3686,495006,49
3687,495007,49
3688,495008,49
3689,495009,49
3690,495010,49
3691,495011,49
3692,495012,49
3693,495013,49
3694,495014,49
3695,495015,49
3696,495016,49
3697,495017,49
3698,495018,49
3699,495019,49
3700,495020,49
3701,495021,49
3702,495022,49
3703,495023,49
3704,495024,49
3705,495025,49
3706,495026,49
3707,495027,49
3708,495028,49
3709,495029,49
3710,495030,49
3711,495031,49
3712,495032,49
3713,495033,49
3714,495034,49
3715,495035,49
3716,495036,49
3717,495037,49
3718,495038,49
3719,495039,49
3720,495040,49
3721,495041,49
3722,495042,49
3723,495043,49
3724,495044,49
3725,495045,49
3726,495046,49
3727,495047,49
3728,495048,49
3729,495049,49
3730,495050,49
3731,495051,49
3732,495052,49
3733,495053,49
3734,495054,49
3735,495055,49
3736,495056,49
3737,495057,49
3738,495058,49
3739,495059,49
3740,495060,49
3741,495061,49
3742,495062,49
3743,495063,49
3744,495064,49
3745,495065,49
3746,495066,49
3747,495067,49
3748,495068,49
3749,495069,49
3750,495070,49
3751,495071,49
3752,495072,49
3753,495073,49
3754,495074,49
3755,495075,49
3756,495076,49
3757,495077,49
3758,495078,49
3759,495079,49
3760,495080,49
3761,495081,49
3762,495082,49
3763,495083,49
3764,495084,49
3765,495085,49
3766,495086,49
3767,495087,49
3768,495088,49
3769,495089,49
3770,495090,49
3771,495091,49
3772,495092,49
3773,495093,49
3774,495094,49
3775,495095,49
3776,495096,49
3777,495097,49
3778,495098,49
3779,495099,49
3780,495100,49
3781,495101,49
3782,495106,49
3783,495107,49
3784,495108,49
3785,495109,49
3786,495110,49
3787,495111,49
3788,495112,49
3789,495113,49
3790,495114,49
3791,495115,49
3792,495116,49
3793,495117,49
3794,495118,49
3795,495119,49
3796,495120,49
3797,495121,49
3798,495122,49
3799,495123,49
3800,495124,49
3801,495125,49
3802,495126,49
3803,495127,49
3804,495128,49
3805,495129,49
3806,495130,49
3807,495131,49
3808,495132,49
3809,495133,49
3810,495134,49
3811,495135,49
3812,495136,49
3813,495137,49
3814,495138,49
3815,495139,49
3816,495140,49
3817,495141,49
3818,495142,49
3819,495143,49
3820,495144,49
3821,495145,49
3822,495146,49
3823,495147,49
3824,495148,49
3825,495149,49
3826,495150,49
3827,495151,49
3828,495152,49
3829,495153,49
3830,495154,49
3831,495161,49
3832,495162,49
3833,495163,49
3834,495164,49
3835,495165,49
3836,495171,49
3837,495172,49
3838,495200,49
3839,495201,49
3840,495202,49
3841,495203,49
3842,495204,49
3843,495205,49
3844,495206,49
3845,495222,49
3846,495223,49
3847,495224,49
3848,495225,49
3849,495226,49
3850,495227,49
3851,495228,49
3852,495236,49
3853,495237,49
3854,495238,49
3855,495239,49
3856,495240,49
3857,495241,49
3858,495242,49
3859,495243,49
3860,495244,49
3861,495292,49
3862,495293,49
3863,495294,49
3864,495295,49
3865,495296,49
3866,495297,49
3867,495298,49
3868,495299,49
3869,495300,49
3870,495301,49
3871,495302,49
3872,495303,49
3873,495304,49
3874,495305,49
3875,495306,49
3876,495307,49
3877,495308,49
3878,495309,49
3879,495310,49
3880,495311,49
3881,495312,49
3882,495313,49
3883,495314,49
3884,495315,49
3885,495316,49
3886,495317,49
3887,495318,49
3888,495319,49
3889,495320,49
3890,495321,49
3891,495322,49
3892,495323,49
3893,495324,49
3894,495325,49
3895,495326,49
3896,495327,49
3897,495328,49
3898,495329,49
3899,495330,49
3900,495331,49
3901,495332,49
3902,495333,49
3903,495334,49
3904,495335,49
3905,495336,49
3906,495337,49
3907,495338,49
3908,495339,49
3909,495340,49
3910,495341,49
3911,495342,49
3912,495401,49
3913,495402,49
3914,495405,49
3915,495406,49
3916,495407,49
3917,495462,49
3918,495463,49
3919,495464,49
3920,495470,49
3921,495471,49
3922,495472,49
3923,495473,49
3924,495474,49
3925,495475,49
3926,495476,49
3927,495477,49
3928,495478,49
3929,495479,49
3930,495480,49
3931,495481,49
3932,495482,49
3933,495483,49
3934,495484,49
3935,495485,49
3936,495486,49
3937,495487,49
3938,495488,49
3939,495489,49
3940,495490,49
3941,495491,49
3942,495492,49
3943,495493,49
3944,495494,49
3945,495495,49
3946,495496,49
3947,495497,49
3948,495498,49
3949,495499,49
3950,495500,49
3951,495501,49
3952,495502,49
3953,495503,49
3954,495504,49
3955,495505,49
3956,495506,49
3957,495507,49
3958,495508,49
3959,495509,49
3960,495510,49
3961,495511,49
3962,495512,49
3963,495513,49
3964,495514,49
3965,495515,49
3966,495516,49
3967,495517,49
3968,495518,49
3969,495519,49
3970,495520,49
3971,495521,49
3972,495522,49
3973,495523,49
3974,495524,49
3975,495525,49
3976,495526,49
3977,495527,49
3978,495528,49
3979,495529,49
3980,495530,49
3981,495531,49
3982,495532,49
3983,495533,49
3984,495544,49
3985,495545,49
3986,495546,49
3987,495547,49
3988,495548,49
3989,495549,49
3990,495550,49
3991,495551,49
3992,495552,49
3993,495553,49
3994,495554,49
3995,495581,49
3996,495582,49
3997,495583,49
3998,495584,49
3999,495585,49
4000,495586,49
4001,495587,49
4002,495588,49
4003,495589,49
4004,495590,49
4005,495591,49
4006,495592,49
4007,495593,49
4008,495594,49
4009,495595,49
4010,495596,49
4011,495597,49
4012,495598,49
4013,495599,49
4014,495600,49
4015,495601,49
4016,495602,49
4017,495603,49
4018,495604,49
4019,495605,49
4020,495606,49
4021,495607,49
4022,495608,49
4023,495609,49
4024,495610,49
4025,495611,49
4026,495612,49
4027,495615,49
4028,495616,49
4029,495617,49
4030,495618,49
4031,495619,49
4032,495620,49
4033,495621,49
4034,495622,49
4035,495623,49
4036,495624,49
4037,495625,49
4038,495626,49
4039,495627,49
4040,495628,49
4041,495629,49
4042,495630,49
4043,495631,49
4044,495632,49
4045,495633,49
4046,495634,49
4047,495635,49
4048,495636,49
4049,495637,49
4050,495638,49
4051,495639,49
4052,495640,49
4053,495641,49
4054,495642,49
4055,495643,49
4056,495644,49
4057,495645,49
4058,495646,49
4059,495647,49
4060,495648,49
4061,495649,49
4062,495650,49
4063,495651,49
4064,495652,49
4065,495653,49
4066,495654,49
4067,495655,49
4068,495656,49
4069,495657,49
4070,495658,49
4071,495659,49
4072,495660,49
4073,495661,49
4074,495662,49
4075,495663,49
4076,495664,49
4077,495665,49
4078,495666,49
4079,495667,49
4080,495668,49
4081,495669,49
4082,495670,49
4083,495671,49
4084,495672,49
4085,495673,49
4086,495674,49
4087,495675,49
4088,495676,49
4089,495677,49
4090,495678,49
4091,495679,49
4092,495680,49
4093,495681,49
4094,495682,49
4095,495683,49
4096,495684,49
4097,495685,49
4098,495703,49
4099,495704,49
4100,495705,49
4101,495706,49
4102,495707,49
4103,495708,49
4104,495709,49
4105,495710,49
4106,495711,49
4107,495712,49
4108,495713,49
4109,495714,49
4110,495715,49
4111,495716,49
4112,495717,49
4113,495718,49
4114,495722,49
4115,495723,49
4116,495724,49
4117,495725,49
4118,495726,49
4119,495727,49
4120,495728,49
4121,495729,49
4122,495740,49
4123,495741,49
4124,495742,49
4125,495743,49
4126,495744,49
4127,495745,49
4128,495746,49
4129,495747,49
4130,495748,49
4131,495749,49
4132,495759,49
4133,495760,49
4134,495761,49
4135,495762,49
4136,495763,49
4137,495764,49
4138,495765,49
4139,495766,49
4140,495767,49
4141,495768,49
4142,495769,49
4143,495770,49
4144,495771,49
4145,495772,49
4146,495773,49
4147,495776,49
4148,495777,49
4149,495778,49
4150,495779,49
4151,495780,49
4152,495781,49
4153,495782,49
4154,495783,49
4155,495784,49
4156,495785,49
4157,495793,49
4158,495794,49
4159,495795,49
4160,495796,49
4161,495797,49
4162,495798,49
4163,495799,49
4164,495800,49
4165,495801,49
4166,495802,49
4167,495803,49
4168,495804,49
4169,495805,49
4170,495806,49
4171,495807,49
4172,495808,49
4173,495809,49
4174,495810,49
4175,495811,49
4176,495812,49
4177,495813,49
4178,495817,49
4179,495826,49
4180,495827,49
4181,495828,49
4182,495829,49
4183,495830,49
4184,495831,49
4185,495832,49
4186,495833,49
4187,495834,49
4188,495835,49
4189,495836,49
4190,495837,49
4191,495838,49
4192,495839,49
4193,495840,49
4194,495841,49
4195,495842,49
4196,495843,49
4197,495844,49
4198,495845,49
4199,495846,49
4200,495847,49
4201,495848,49
4202,495849,49
4203,495850,49
4204,495851,49
4205,495852,49
4206,495853,49
4207,495854,49
4208,495855,49
4209,495856,49
4210,495857,49
4211,495858,49
4212,495944,49
4213,495945,49
4214,495996,49
4215,495997,49
4216,495998,49
4217,495999,49
4218,496000,49
4219,496001,49
4220,496002,49
4221,496005,49
4222,496006,49
4223,496007,49
4224,496008,49
4225,496009,49
4226,496010,49
4227,496011,49
4228,496012,49
4229,496013,49
4230,496014,49
4231,496015,49
4232,496016,49
4233,496017,49
4234,496018,49
4235,496019,49
4236,496020,49
4237,496044,49
4238,496045,49
4239,496046,49
4240,496047,49
4241,496048,49
4242,496049,49
4243,496050,49
4244,496051,49
4245,496052,49
4246,496053,49
4247,496054,49
4248,496055,49
4249,496056,49
4250,496057,49
4251,496058,49
4252,496059,49
4253,496061,49
4254,496062,49
4255,496063,49
4256,496064,49
4257,496065,49
4258,496070,49
4259,496071,49
4260,496072,49
4261,496073,49
4262,496074,49
4263,496075,49
4264,496079,49
4265,496080,49
4266,496081,49
4267,496082,49
4268,496083,49
4269,496084,49
4270,496085,49
4271,496086,49
4272,496087,49
4273,496088,49
4274,496089,49
4275,496090,49
4276,496091,49
4277,496092,49
4278,496093,49
4279,496094,49
4280,496095,49
4281,496096,49
4282,496105,49
4283,496106,49
4284,496107,49
4285,496108,49
4286,496109,49
4287,496120,49
4288,496121,49
4289,496129,49
4290,496130,49
4291,496131,49
4292,496132,49
4293,496133,49
4294,496135,49
4295,496136,49
4296,496137,49
4297,496138,49
4298,496139,49
4299,496140,49
4300,496141,49
4301,496142,49
4302,496143,49
4303,496144,49
4304,496145,49
4305,496146,49
4306,496147,49
4307,496148,49
4308,496149,49
4309,496150,49
4310,496151,49
4311,496152,49
4312,496153,49
4313,496154,49
4314,496155,49
4315,496158,49
4316,496159,49
4317,496164,49
4318,496165,49
4319,496166,49
4320,496167,49
4321,496168,49
4322,496169,49
4323,496170,49
4324,496171,49
4325,496172,49
4326,496173,49
4327,496174,49
4328,496175,49
4329,496176,49
4330,496177,49
4331,496178,49
4332,496179,49
4333,496180,49
4334,496181,49
4335,496189,49
4336,496190,49
4337,496191,49
4338,496192,49
4339,496193,49
4340,496194,49
4341,496195,49
4342,496196,49
4343,496197,49
4344,496198,49
4345,496199,49
4346,496200,49
4347,496201,49
4348,496202,49
4349,496203,49
4350,496204,49
4351,496205,49
4352,496206,49
4353,496207,49
4354,496208,49
4355,496209,49
4356,496210,49
4357,496211,49
4358,496231,49
4359,496232,49
4360,496233,49
4361,496234,49
4362,496235,49
4363,496236,49
4364,496237,49
4365,496244,49
4366,496245,49
4367,496304,49
4368,496305,49
4369,496306,49
4370,496307,49
4371,496308,49
4372,496309,49
4373,496310,49
4374,496311,49
4375,496312,49
4376,496313,49
4377,496314,49
4378,496315,49
4379,496316,49
4380,496317,49
4381,496318,49
4382,496319,49
4383,496320,49
4384,496321,49
4385,496322,49
4386,496323,49
4387,496324,49
4388,496325,49
4389,496326,49
4390,496327,49
4391,496328,49
4392,496329,49
4393,496330,49
4394,496331,49
4395,496332,49
4396,496333,49
4397,496334,49
4398,496335,49
4399,496336,49
4400,496337,49
4401,496338,49
4402,496339,49
4403,496340,49
4404,496341,49
4405,496342,49
4406,496343,49
4407,496344,49
4408,496345,49
4409,496346,49
4410,496347,49
4411,496348,49
4412,496349,49
4413,496350,49
4414,496351,49
4415,496352,49
4416,496353,49
4417,496354,49
4418,496355,49
4419,496356,49
4420,496357,49
4421,496358,49
4422,496359,49
4423,496360,49
4424,496361,49
4425,496362,49
4426,496363,49
4427,496364,49
4428,496365,49
4429,496366,49
4430,496367,49
4431,496368,49
4432,496369,49
4433,496370,49
4434,496371,49
4435,496372,49
4436,496373,49
4437,496374,49
4438,496375,49
4439,496376,49
4440,496377,49
4441,496378,49
4442,496379,49
4443,496380,49
4444,496381,49
4445,496382,49
4446,496383,49
4447,496384,49
4448,496385,49
4449,496386,49
4450,496387,49
4451,496388,49
4452,496389,49
4453,496390,49
4454,496391,49
4455,496392,49
4456,496393,49
4457,496394,49
4458,496395,49
4459,496396,49
4460,496397,49
4461,496398,49
4462,496399,49
4463,496400,49
4464,496401,49
4465,496402,49
4466,496403,49
4467,496404,49
4468,496405,49
4469,496406,49
4470,496407,49
4471,496408,49
4472,496409,49
4473,496410,49
4474,496411,49
4475,496412,49
4476,496413,49
4477,496414,49
4478,496415,49
4479,496416,49
4480,496417,49
4481,496418,49
4482,496419,49
4483,496420,49
4484,496421,49
4485,496422,49
4486,496423,49
4487,496424,49
4488,496425,49
4489,496426,49
4490,496427,49
4491,496428,49
4492,496429,49
4493,496430,49
4494,496431,49
4495,496432,49
4496,496433,49
4497,496434,49
4498,496435,49
4499,496436,49
4500,496437,49
4501,496438,49
4502,496439,49
4503,496440,49
4504,496441,49
4505,496442,49
4506,496443,49
4507,496444,49
4508,496445,49
4509,496446,49
4510,496447,49
4511,496448,49
4512,496449,49
4513,496450,49
4514,496451,49
4515,496452,49
4516,496453,49
4517,496454,49
4518,496455,49
4519,496456,49
4520,496457,49
4521,496458,49
4522,496459,49
4523,496460,49
4524,496461,49
4525,496462,49
4526,496463,49
4527,496464,49
4528,496465,49
4529,496466,49
4530,496467,49
4531,496468,49
4532,496469,49
4533,496470,49
4534,496471,49
4535,496472,49
4536,496473,49
4537,496474,49
4538,496475,49
4539,496476,49
4540,496477,49
4541,496478,49
4542,496493,49
4543,496494,49
4544,496498,49
4545,496499,49
4546,496500,49
4547,496501,49
4548,496506,49
4549,496507,49
4550,496508,49
4551,496509,49
4552,496510,49
4553,496511,49
4554,496512,49
4555,496513,49
4556,496514,49
4557,496515,49
4558,496516,49
4559,496517,49
4560,496518,49
4561,496519,49
4562,496520,49
4563,496521,49
4564,496522,49
4565,496523,49
4566,496524,49
4567,496525,49
4568,496526,49
4569,496527,49
4570,496528,49
4571,496529,49
4572,496530,49
4573,496531,49
4574,496532,49
4575,496533,49
4576,496534,49
4577,496535,49
4578,496536,49
4579,496537,49
4580,496538,49
4581,496539,49
4582,496540,49
4583,496556,49
4584,496557,49
4585,496558,49
4586,496559,49
4587,496560,49
4588,496561,49
4589,496562,49
4590,496574,49
4591,496575,49
4592,496576,49
4593,496577,49
4594,496578,49
4595,496579,49
4596,496580,49
4597,496581,49
4598,496582,49
4599,496583,49
4600,496584,49
4601,496585,49
4602,496586,49
4603,496587,49
4604,496588,49
4605,496589,49
4606,496590,49
4607,496591,49
4608,496592,49
4609,496593,49
4610,496594,49
4611,496595,49
4612,496596,49
4613,496597,49
4614,496598,49
4615,496599,49
4616,496600,49
4617,496601,49
4618,496602,49
4619,496603,49
4620,496604,49
4621,496605,49
4622,496606,49
4623,496607,49
4624,496608,49
4625,496609,49
4626,496610,49
4627,496611,49
4628,496612,49
4629,496613,49
4630,496614,49
4631,496615,49
4632,496616,49
4633,496617,49
4634,496618,49
4635,496619,49
4636,496620,49
4637,496621,49
4638,496622,49
4639,496623,49
4640,496624,49
4641,496625,49
4642,496626,49
4643,496627,49
4644,496628,49
4645,496629,49
4646,496630,49
4647,496631,49
4648,496632,49
4649,496633,49
4650,496634,49
4651,496635,49
4652,496636,49
4653,496637,49
4654,496638,49
4655,496639,49
4656,496640,49
4657,496645,49
4658,496646,49
4659,496647,49
4660,496648,49
4661,496649,49
4662,496650,49
4663,496651,49
4664,496652,49
4665,496653,49
4666,496654,49
4667,496655,49
4668,496656,49
4669,496657,49
4670,496658,49
4671,496659,49
4672,496660,49
4673,496661,49
4674,496662,49
4675,496663,49
4676,496664,49
4677,496665,49
4678,496666,49
4679,496667,49
4680,496668,49
4681,496669,49
4682,496670,49
4683,496671,49
4684,496672,49
4685,496673,49
4686,496674,49
4687,496675,49
4688,496676,49
4689,496677,49
4690,496678,49
4691,496679,49
4692,496680,49
4693,496681,49
4694,496682,49
4695,496683,49
4696,496684,49
4697,496685,49
4698,496686,49
4699,496687,49
4700,496688,49
4701,496689,49
4702,496690,49
4703,496691,49
4704,496692,49
4705,496693,49
4706,496694,49
4707,496695,49
4708,496696,49
4709,496697,49
4710,496698,49
4711,496699,49
4712,496700,49
4713,496701,49
4714,496702,49
4715,496703,49
4716,496704,49
4717,496705,49
4718,496706,49
4719,496707,49
4720,496708,49
4721,496709,49
4722,496710,49
4723,496711,49
4724,496712,49
4725,496713,49
4726,496714,49
4727,496715,49
4728,496716,49
4729,496717,49
4730,496718,49
4731,496719,49
4732,496720,49
4733,496721,49
4734,496722,49
4735,496723,49
4736,496724,49
4737,496725,49
4738,496726,49
4739,496727,49
4740,496728,49
4741,496729,49
4742,496730,49
4743,496731,49
4744,496732,49
4745,496733,49
4746,496734,49
4747,496735,49
4748,496736,49
4749,496737,49
4750,496738,49
4751,496739,49
4752,496740,49
4753,496741,49
4754,496742,49
4755,496746,49
4756,496747,49
4757,496748,49
4758,496749,49
4759,496750,49
4760,496751,49
4761,496752,49
4762,496753,49
4763,496754,49
4764,496755,49
4765,496756,49
4766,496757,49
4767,496758,49
4768,496759,49
4769,496760,49
4770,496761,49
4771,496762,49
4772,496763,49
4773,496764,49
4774,496765,49
4775,496766,49
4776,496767,49
4777,496768,49
4778,496769,49
4779,496770,49
4780,496771,49
4781,496772,49
4782,496773,49
4783,496774,49
4784,496775,49
4785,496776,49
4786,496777,49
4787,496778,49
4788,496779,49
4789,496780,49
4790,496781,49
4791,496782,49
4792,496783,49
4793,496784,49
4794,496785,49
4795,496786,49
4796,496787,49
4797,496788,49
4798,496789,49
4799,496790,49
4800,496791,49
4801,496792,49
4802,496793,49
4803,496794,49
4804,496795,49
4805,496796,49
4806,496797,49
4807,496798,49
4808,496799,49
4809,496800,49
4810,496801,49
4811,496802,49
4812,496803,49
4813,496804,49
4814,496805,49
4815,496806,49
4816,496807,49
4817,496808,49
4818,496809,49
4819,496810,49
4820,496811,49
4821,496812,49
4822,496813,49
4823,496814,49
4824,496815,49
4825,496816,49
4826,496817,49
4827,496818,49
4828,496819,49
4829,496820,49
4830,496821,49
4831,496822,49
4832,496823,49
4833,496824,49
4834,496830,49
4835,496831,49
4836,496832,49
4837,496833,49
4838,496834,49
4839,496835,49
4840,496836,49
4841,496837,49
4842,496838,49
4843,496839,49
4844,496846,49
4845,496847,49
4846,496848,49
4847,496849,49
4848,496850,49
4849,496851,49
4850,496852,49
4851,496853,49
4852,496870,49
4853,496871,49
4854,496872,49
4855,496873,49
4856,496874,49
4857,496875,49
4858,496876,49
4859,496877,49
4860,496878,49
4861,496879,49
4862,496880,49
4863,496881,49
4864,496882,49
4865,496883,49
4866,496884,49
4867,496885,49
4868,496886,49
4869,496887,49
4870,496888,49
4871,496889,49
4872,496890,49
4873,496891,49
4874,496892,49
4875,496893,49
4876,496894,49
4877,496895,49
4878,496896,49
4879,496897,49
4880,496898,49
4881,496899,49
4882,496900,49
4883,496901,49
4884,496911,49
4885,496912,49
4886,496913,49
4887,496914,49
4888,496915,49
4889,496916,49
4890,496917,49
4891,496918,49
4892,496919,49
4893,496920,49
4894,496921,49
4895,496922,49
4896,496923,49
4897,496924,49
4898,496930,49
4899,496931,49
4900,496932,49
4901,496933,49
4902,496934,49
4903,496935,49
4904,496936,49
4905,496937,49
4906,496938,49
4907,496939,49
4908,496940,49
4909,496941,49
4910,496942,49
4911,496943,49
4912,496944,49
4913,496945,49
4914,496946,49
4915,496947,49
4916,496948,49
4917,496949,49
4918,496950,49
4919,496951,49
4920,496952,49
4921,496953,49
4922,496954,49
4923,496955,49
4924,496956,49
4925,496966,49
4926,496967,49
4927,496968,49
4928,496969,49
4929,496970,49
4930,496971,49
4931,496972,49
4932,496973,49
4933,496974,49
4934,496975,49
4935,496976,49
4936,496977,49
4937,496978,49
4938,496979,49
4939,496980,49
4940,496981,49
4941,496982,49
4942,496983,49
4943,496984,49
4944,496985,49
4945,496986,49
4946,496987,49
4947,496988,49
4948,496989,49
4949,496990,49
4950,496991,49
4951,496992,49
4952,496993,49
4953,496994,49
4954,496995,49
4955,496996,49
4956,496997,49
4957,496998,49
4958,496999,49
4959,497000,49
4960,497001,49
4961,497002,49
4962,497003,49
4963,497004,49
4964,497005,49
4965,497006,49
4966,497007,49
4967,497008,49
4968,497009,49
4969,497010,49
4970,497011,49
4971,497012,49
4972,497013,49
4973,497014,49
4974,497015,49
4975,497016,49
4976,497017,49
4977,497018,49
4978,497019,49
4979,497020,49
4980,497021,49
4981,497022,49
4982,497023,49
4983,497024,49
4984,497025,49
4985,497026,49
4986,497027,49
4987,497028,49
4988,497029,49
4989,497030,49
4990,497031,49
4991,497032,49
4992,497033,49
4993,497034,49
4994,497035,49
4995,497036,49
4996,497037,49
4997,497038,49
4998,497039,49
4999,497040,49
5000,497041,49
5001,497042,49
5002,497043,49
5003,497045,49
5004,497047,49
5005,497048,49
5006,497049,49
5007,497050,49
5008,497051,49
5009,497053,49
5010,497054,49
5011,497055,49
5012,497056,49
5013,497057,49
5014,497058,49
5015,497059,49
5016,497060,49
5017,497061,49
5018,497062,49
5019,497088,49
5020,497089,49
5021,497090,49
5022,497091,49
5023,497092,49
5024,497093,49
5025,497094,49
5026,497095,49
5027,497096,49
5028,497097,49
5029,497098,49
5030,497099,49
5031,497100,49
5032,497104,49
5033,497105,49
5034,497106,49
5035,497107,49
5036,497108,49
5037,497109,49
5038,497110,49
5039,497111,49
5040,497112,49
5041,497113,49
5042,497114,49
5043,497115,49
5044,497116,49
5045,497117,49
5046,497118,49
5047,497119,49
5048,497120,49
5049,497121,49
5050,497122,49
5051,497123,49
5052,497124,49
5053,497125,49
5054,497126,49
5055,497127,49
5056,497128,49
5057,497129,49
5058,497130,49
5059,497131,49
5060,497132,49
5061,497133,49
5062,497134,49
5063,497135,49
5064,497136,49
5065,497137,49
5066,497138,49
5067,497139,49
5068,497140,49
5069,497141,49
5070,497142,49
5071,497143,49
5072,497144,49
5073,497145,49
5074,497146,49
5075,497147,49
5076,497148,49
5077,497149,49
5078,497150,49
5079,497151,49
5080,497152,49
5081,497153,49
5082,497154,49
5083,497155,49
5084,497156,49
5085,497157,49
5086,497158,49
5087,497159,49
5088,497160,49
5089,497161,49
5090,497162,49
5091,497163,49
5092,497164,49
5093,497165,49
5094,497166,49
5095,497167,49
5096,497168,49
5097,497169,49
5098,497170,49
5099,497171,49
5100,497172,49
5101,497173,49
5102,497174,49
5103,497175,49
5104,497176,49
5105,497177,49
5106,497178,49
5107,497179,49
5108,497180,49
5109,497181,49
5110,497182,49
5111,497183,49
5112,497184,49
5113,497185,49
5114,497186,49
5115,497187,49
5116,497188,49
5117,497189,49
5118,497190,49
5119,497191,49
5120,497192,49
5121,497204,49
5122,497205,49
5123,497206,49
5124,497207,49
5125,497208,49
5126,497209,49
5127,497210,49
5128,497211,49
5129,497220,49
5130,497221,49
5131,497222,49
5132,497223,49
5133,497224,49
5134,497225,49
5135,497226,49
5136,497227,49
5137,497228,49
5138,497229,49
5139,497230,49
5140,497231,49
5141,497232,49
5142,497233,49
5143,497234,49
5144,497235,49
5145,497236,49
5146,497237,49
5147,497238,49
5148,497239,49
5149,497240,49
5150,497241,49
5151,497242,49
5152,497243,49
5153,497244,49
5154,497245,49
5155,497246,49
5156,497247,49
5157,497248,49
5158,497249,49
5159,497250,49
5160,497251,49
5161,497252,49
5162,497253,49
5163,497254,49
5164,497255,49
5165,497256,49
5166,497257,49
5167,497258,49
5168,497259,49
5169,497260,49
5170,497261,49
5171,497262,49
5172,497263,49
5173,497266,49
5174,497267,49
5175,497268,49
5176,497269,49
5177,497270,49
5178,497271,49
5179,497272,49
5180,497273,49
5181,497274,49
5182,497275,49
5183,497276,49
5184,497277,49
5185,497278,49
5186,497279,49
5187,497280,49
5188,497281,49
5189,497282,49
5190,497283,49
5191,497284,49
5192,497285,49
5193,497286,49
5194,497287,49
5195,497288,49
5196,497289,49
5197,497290,49
5198,497291,49
5199,497292,49
5200,497293,49
5201,497294,49
5202,497295,49
5203,497296,49
5204,497297,49
5205,497305,49
5206,497306,49
5207,497307,49
5208,497308,49
5209,497309,49
5210,497310,49
5211,497311,49
5212,497312,49
5213,497313,49
5214,497314,49
5215,497315,49
5216,497316,49
5217,497317,49
5218,497318,49
5219,497319,49
5220,497320,49
5221,497321,49
5222,497322,49
5223,497323,49
5224,497324,49
5225,497325,49
5226,497326,49
5227,497327,49
5228,497328,49
5229,497329,49
5230,497330,49
5231,497331,49
5232,497332,49
5233,497333,49
5234,497334,49
5235,497335,49
5236,497336,49
5237,497337,49
5238,497338,49
5239,497339,49
5240,497340,49
5241,497341,49
5242,497342,49
5243,497343,49
5244,497344,49
5245,497345,49
5246,497346,49
5247,497347,49
5248,497348,49
5249,497349,49
5250,497350,49
5251,497351,49
5252,497352,49
5253,497353,49
5254,497354,49
5255,497355,49
5256,497356,49
5257,497357,49
5258,497358,49
5259,497359,49
5260,497360,49
5261,497361,49
5262,497362,49
5263,497363,49
5264,497364,49
5265,497365,49
5266,497366,49
5267,497367,49
5268,497368,49
5269,497369,49
5270,497370,49
5271,497371,49
5272,497372,49
5273,497373,49
5274,497374,49
5275,497375,49
5276,497376,49
5277,497377,49
5278,497378,49
5279,497379,49
5280,497380,49
5281,497381,49
5282,497382,49
5283,497383,49
5284,497384,49
5285,497385,49
5286,497386,49
5287,497387,49
5288,497388,49
5289,497389,49
5290,497390,49
5291,497391,49
5292,497392,49
5293,497393,49
5294,497394,49
5295,497395,49
5296,497396,49
5297,497397,49
5298,497398,49
5299,497399,49
5300,497400,49
5301,497401,49
5302,497402,49
5303,497403,49
5304,497404,49
5305,497405,49
5306,497406,49
5307,497407,49
5308,497408,49
5309,497409,49
5310,497410,49
5311,497411,49
5312,497412,49
5313,497413,49
5314,497414,49
5315,497415,49
5316,497416,49
5317,497417,49
5318,497418,49
5319,497419,49
5320,497420,49
5321,497421,49
5322,497422,49
5323,497423,49
5324,497424,49
5325,497425,49
5326,497426,49
5327,497427,49
5328,497428,49
5329,497429,49
5330,497430,49
5331,497431,49
5332,497432,49
5333,497433,49
5334,497434,49
5335,497435,49
5336,497436,49
5337,497437,49
5338,497438,49
5339,497439,49
5340,497443,49
5341,497444,49
5342,497445,49
5343,497446,49
5344,497447,49
5345,497448,49
5346,497449,49
5347,497450,49
5348,497451,49
5349,497452,49
5350,497453,49
5351,497454,49
5352,497455,49
5353,497456,49
5354,497457,49
5355,497458,49
5356,497459,49
5357,497460,49
5358,497461,49
5359,497462,49
5360,497463,49
5361,497464,49
5362,497465,49
5363,497466,49
5364,497467,49
5365,497468,49
5366,497469,49
5367,497470,49
5368,497471,49
5369,497472,49
5370,497473,49
5371,497474,49
5372,497475,49
5373,497476,49
5374,497477,49
5375,497478,49
5376,497479,49
5377,497480,49
5378,497481,49
5379,497482,49
5380,497483,49
5381,497484,49
5382,497485,49
5383,497486,49
5384,497487,49
5385,497488,49
5386,497489,49
5387,497490,49
5388,497491,49
5389,497492,49
5390,497493,49
5391,497494,49
5392,497495,49
5393,497496,49
5394,497497,49
5395,497498,49
5396,497499,49
5397,497500,49
5398,497501,49
5399,497502,49
5400,497503,49
5401,497504,49
5402,497505,49
5403,497506,49
5404,497507,49
5405,497508,49
5406,497509,49
5407,497510,49
5408,497511,49
5409,497512,49
5410,497513,49
5411,497514,49
5412,497515,49
5413,497516,49
5414,497517,49
5415,497518,49
5416,497519,49
5417,497520,49
5418,497521,49
5419,497522,49
5420,497523,49
5421,497524,49
5422,497525,49
5423,497526,49
5424,497527,49
5425,497528,49
5426,497529,49
5427,497530,49
5428,497531,49
5429,497532,49
5430,497533,49
5431,497534,49
5432,497535,49
5433,497536,49
5434,497537,49
5435,497538,49
5436,497539,49
5437,497540,49
5438,497541,49
5439,497542,49
5440,497543,49
5441,497544,49
5442,497545,49
5443,497546,49
5444,497547,49
5445,497548,49
5446,497549,49
5447,497550,49
5448,497551,49
5449,497552,49
5450,497553,49
5451,497554,49
5452,497555,49
5453,497556,49
5454,497557,49
5455,497558,49
5456,497559,49
5457,497560,49
5458,497561,49
5459,497562,49
5460,497563,49
5461,497564,49
5462,497565,49
5463,497566,49
5464,497567,49
5465,497568,49
5466,497569,49
5467,497570,49
5468,497571,49
5469,497572,49
5470,497573,49
5471,497574,49
5472,497575,49
5473,497576,49
5474,497577,49
5475,497578,49
5476,497579,49
5477,497580,49
5478,497581,49
5479,497582,49
5480,497583,49
5481,497584,49
5482,497585,49
5483,497586,49
5484,497587,49
5485,497588,49
5486,497589,49
5487,497590,49
5488,497591,49
5489,497592,49
5490,497593,49
5491,497594,49
5492,497595,49
5493,497596,49
5494,497597,49
5495,497598,49
5496,497599,49
5497,497600,49
5498,497601,49
5499,497602,49
5500,497603,49
5501,497604,49
5502,497605,49
5503,497606,49
5504,497607,49
5505,497608,49
5506,497609,49
5507,497610,49
5508,497611,49
5509,497612,49
5510,497613,49
5511,497614,49
5512,497615,49
5513,497616,49
5514,497617,49
5515,497618,49
5516,497619,49
5517,497620,49
5518,497621,49
5519,497622,49
5520,497623,49
5521,497624,49
5522,497625,49
5523,497626,49
5524,497627,49
5525,497628,49
5526,497629,49
5527,497630,49
5528,497631,49
5529,497632,49
5530,497633,49
5531,497634,49
5532,497635,49
5533,497636,49
5534,497637,49
5535,497638,49
5536,497639,49
5537,497640,49
5538,497641,49
5539,497642,49
5540,497643,49
5541,497644,49
5542,497645,49
5543,497646,49
5544,497647,49
5545,497648,49
5546,497649,49
5547,497650,49
5548,497651,49
5549,497652,49
5550,497653,49
5551,497654,49
5552,497655,49
5553,497656,49
5554,497657,49
5555,497658,49
5556,497659,49
5557,497660,49
5558,497661,49
5559,497662,49
5560,497663,49
5561,497664,49
5562,497665,49
5563,497666,49
5564,497667,49
5565,497668,49
5566,497671,49
5567,497672,49
5568,497673,49
5569,497674,49
5570,497675,49
5571,497676,49
5572,497677,49
5573,497678,49
5574,497679,49
5575,497680,49
5576,497681,49
5577,497682,49
5578,497683,49
5579,497684,49
5580,497685,49
5581,497686,49
5582,497687,49
5583,497688,49
5584,497689,49
5585,497690,49
5586,497691,49
5587,497692,49
5588,497693,49
5589,497694,49
5590,497695,49
5591,497696,49
5592,497697,49
5593,497698,49
5594,497699,49
5595,497700,49
5596,497701,49
5597,497702,49
5598,497703,49
5599,497704,49
5600,497705,49
5601,497706,49
5602,497707,49
5603,497708,49
5604,497709,49
5605,497710,49
5606,497711,49
5607,497712,49
5608,497713,49
5609,497714,49
5610,497715,49
5611,497716,49
5612,497717,49
5613,497718,49
5614,497719,49
5615,497720,49
5616,497721,49
5617,497722,49
5618,497723,49
5619,497724,49
5620,497725,49
5621,497726,49
5622,497727,49
5623,497728,49
5624,497729,49
5625,497730,49
5626,497731,49
5627,497732,49
5628,497740,49
5629,497741,49
5630,497742,49
5631,497743,49
5632,497772,49
5633,497773,49
5634,497776,49
5635,497780,49
5636,497781,49
5637,497782,49
5638,497783,49
5639,497784,49
5640,497785,49
5641,497786,49
5642,497787,49
5643,497800,49
5644,497801,49
5645,497802,49
5646,497803,49
5647,497804,49
5648,497805,49
5649,497806,49
5650,497807,49
5651,497808,49
5652,497809,49
5653,497810,49
5654,497811,49
5655,497812,49
5656,497813,49
5657,497818,49
5658,497819,49
5659,497820,49
5660,497821,49
5661,497822,49
5662,497823,49
5663,497824,49
5664,497825,49
5665,497826,49
5666,497827,49
5667,497828,49
5668,497829,49
5669,497830,49
5670,497831,49
5671,497832,49
5672,497833,49
5673,497834,49
5674,497835,49
5675,497836,49
5676,497837,49
5677,497838,49
5678,497839,49
5679,497840,49
5680,497841,49
5681,497842,49
5682,497843,49
5683,497844,49
5684,497845,49
5685,497846,49
5686,497847,49
5687,497848,49
5688,497849,49
5689,497850,49
5690,497851,49
5691,497852,49
5692,497853,49
5693,497854,49
5694,497855,49
5695,497856,49
5696,497857,49
5697,497858,49
5698,497859,49
5699,497860,49
5700,497861,49
5701,497862,49
5702,497863,49
5703,497864,49
5704,497865,49
5705,497866,49
5706,497867,49
5707,497868,49
5708,497869,49
5709,497870,49
5710,497871,49
5711,497872,49
5712,497873,49
5713,497874,49
5714,497875,49
5715,497876,49
5716,497877,49
5717,497878,49
5718,497879,49
5719,497880,49
5720,497881,49
5721,497882,49
5722,497883,49
5723,497884,49
5724,497885,49
5725,497886,49
5726,497887,49
5727,497888,49
5728,497889,49
5729,497890,49
5730,497891,49
5731,497892,49
5732,497893,49
5733,497894,49
5734,497895,49
5735,497896,49
5736,497897,49
5737,497898,49
5738,497899,49
5739,497900,49
5740,497901,49
5741,497902,49
5742,497903,49
5743,497904,49
5744,497905,49
5745,497906,49
5746,497907,49
5747,497908,49
5748,497909,49
5749,497910,49
5750,497911,49
5751,497912,49
5752,497913,49
5753,497914,49
5754,497915,49
5755,497916,49
5756,497917,49
5757,497918,49
5758,497919,49
5759,497920,49
5760,497921,49
5761,497922,49
5762,497923,49
5763,497924,49
5764,497925,49
5765,497926,49
5766,497927,49
5767,497928,49
5768,497929,49
5769,497930,49
5770,497931,49
5771,497932,49
5772,497933,49
5773,497934,49
5774,497935,49
5775,497936,49
5776,497937,49
5777,497938,49
5778,497939,49
5779,497940,49
5780,497941,49
5781,497942,49
5782,497943,49
5783,497944,49
5784,497945,49
5785,497946,49
5786,497947,49
5787,497948,49
5788,497949,49
5789,497950,49
5790,497951,49
5791,497952,49
5792,497953,49
5793,497954,49
5794,497955,49
5795,497956,49
5796,497957,49
5797,497974,49
5798,497975,49
5799,497976,49
5800,497977,49
5801,497978,49
5802,497979,49
5803,497980,49
5804,497981,49
5805,497982,49
5806,497983,49
5807,497984,49
5808,497985,49
5809,497986,49
5810,497987,49
5811,497988,49
5812,497989,49
5813,497990,49
5814,497991,49
5815,497992,49
5816,497993,49
5817,497994,49
5818,497995,49
5819,497996,49
5820,497997,49
5821,497998,49
5822,497999,49
5823,498000,49
5824,498001,49
5825,498002,49
5826,498003,49
5827,498004,49
5828,498005,49
5829,498006,49
5830,498007,49
5831,498008,49
5832,498009,49
5833,498010,49
5834,498011,49
5835,498012,49
5836,498013,49
5837,498014,49
5838,498015,49
5839,498016,49
5840,498017,49
5841,498018,49
5842,498019,49
5843,498020,49
5844,498021,49
5845,498022,49
5846,498023,49
5847,498024,49
5848,498025,49
5849,498026,49
5850,498027,49
5851,498028,49
5852,498029,49
5853,498030,49
5854,498031,49
5855,498032,49
5856,498033,49
5857,498034,49
5858,498035,49
5859,498036,49
5860,498037,49
5861,498089,49
5862,498090,49
5863,498091,49
5864,498092,49
5865,498093,49
5866,498094,49
5867,498095,49
5868,498096,49
5869,498097,49
5870,498098,49
5871,498099,49
5872,498100,49
5873,498101,49
5874,498102,49
5875,498103,49
5876,498104,49
5877,498105,49
5878,498106,49
5879,498107,49
5880,498108,49
5881,498109,49
5882,498110,49
5883,498111,49
5884,498112,49
5885,498113,49
5886,498114,49
5887,498115,49
5888,498116,49
5889,498117,49
5890,498118,49
5891,498119,49
5892,498120,49
5893,498121,49
5894,498122,49
5895,498123,49
5896,498124,49
5897,498125,49
5898,498126,49
5899,498127,49
5900,498128,49
5901,498129,49
5902,498130,49
5903,498131,49
5904,498132,49
5905,498133,49
5906,498134,49
5907,498135,49
5908,498136,49
5909,498137,49
5910,498138,49
5911,498139,49
5912,498140,49
5913,498141,49
5914,498142,49
5915,498143,49
5916,498144,49
5917,498145,49
5918,498146,49
5919,498147,49
5920,498148,49
5921,498149,49
5922,498150,49
5923,498151,49
5924,498152,49
5925,498153,49
5926,498154,49
5927,498155,49
5928,498156,49
5929,498157,49
5930,498158,49
5931,498159,49
5932,498160,49
5933,498161,49
5934,498162,49
5935,498163,49
5936,498164,49
5937,498165,49
5938,498166,49
5939,498167,49
5940,498168,49
5941,498169,49
5942,498170,49
5943,498171,49
5944,498172,49
5945,498173,49
5946,498174,49
5947,498175,49
5948,498176,49
5949,498177,49
5950,498178,49
5951,498179,49
5952,498180,49
5953,498181,49
5954,498182,49
5955,498183,49
5956,498184,49
5957,498185,49
5958,498186,49
5959,498187,49
5960,498188,49
5961,498189,49
5962,498190,49
5963,498191,49
5964,498192,49
5965,498193,49
5966,498194,49
5967,498195,49
5968,498196,49
5969,498197,49
5970,498198,49
5971,498199,49
5972,498200,49
5973,498201,49
5974,498202,49
5975,498203,49
5976,498204,49
5977,498205,49
5978,498206,49
5979,498207,49
5980,498208,49
5981,498209,49
5982,498210,49
5983,498211,49
5984,498212,49
5985,498213,49
5986,498214,49
5987,498215,49
5988,498216,49
5989,498217,49
5990,498218,49
5991,498219,49
5992,498220,49
5993,498221,49
5994,498222,49
5995,498223,49
5996,498224,49
5997,498225,49
5998,498226,49
5999,498227,49
6000,498228,49
6001,498229,49
6002,498230,49
6003,498231,49
6004,498232,49
6005,498233,49
6006,498234,49
6007,498235,49
6008,498236,49
6009,498237,49
6010,498238,49
6011,498239,49
6012,498240,49
6013,498241,49
6014,498242,49
6015,498243,49
6016,498244,49
6017,498245,49
6018,498246,49
6019,498247,49
6020,498248,49
6021,498249,49
6022,498250,49
6023,498251,49
6024,498252,49
6025,498253,49
6026,498254,49
6027,498255,49
6028,498256,49
6029,498257,49
6030,498258,49
6031,498259,49
6032,498260,49
6033,498261,49
6034,498262,49
6035,498263,49
6036,498264,49
6037,498265,49
6038,498266,49
6039,498267,49
6040,498268,49
6041,498269,49
6042,498270,49
6043,498271,49
6044,498272,49
6045,498273,49
6046,498274,49
6047,498275,49
6048,498276,49
6049,498277,49
6050,498278,49
6051,498279,49
6052,498280,49
6053,498281,49
6054,498282,49
6055,498283,49
6056,498284,49
6057,498285,49
6058,498286,49
6059,498287,49
6060,498288,49
6061,498289,49
6062,498290,49
6063,498291,49
6064,498292,49
6065,498293,49
6066,498294,49
6067,498295,49
6068,498296,49
6069,498297,49
6070,498298,49
6071,498299,49
6072,498300,49
6073,498311,49
6074,498312,49
6075,498313,49
6076,498314,49
6077,498315,49
6078,498316,49
6079,498317,49
6080,498318,49
6081,498319,49
6082,498320,49
6083,498321,49
6084,498322,49
6085,498323,49
6086,498324,49
6087,498325,49
6088,498326,49
6089,498327,49
6090,498328,49
6091,498329,49
6092,498330,49
6093,498331,49
6094,498332,49
6095,498333,49
6096,498334,49
6097,498335,49
6098,498336,49
6099,498337,49
6100,498338,49
6101,498339,49
6102,498340,49
6103,498341,49
6104,498342,49
6105,498343,49
6106,498344,49
6107,498345,49
6108,498346,49
6109,498347,49
6110,498348,49
6111,498349,49
6112,498350,49
6113,498351,49
6114,498352,49
6115,498353,49
6116,498354,49
6117,498355,49
6118,498356,49
6119,498357,49
6120,498358,49
6121,498359,49
6122,498360,49
6123,498361,49
6124,498362,49
6125,498363,49
6126,498364,49
6127,498365,49
6128,498366,49
6129,498367,49
6130,498368,49
6131,498369,49
6132,498370,49
6133,498371,49
6134,498372,49
6135,498373,49
6136,498374,49
6137,498375,49
6138,498376,49
6139,498377,49
6140,498378,49
6141,498379,49
6142,498380,49
6143,498381,49
6144,498382,49
6145,498383,49
6146,498384,49
6147,498385,49
6148,498386,49
6149,498387,49
6150,498388,49
6151,498389,49
6152,498390,49
6153,498391,49
6154,498392,49
6155,498393,49
6156,498394,49
6157,498395,49
6158,498396,49
6159,498397,49
6160,498398,49
6161,498399,49
6162,498400,49
6163,498401,49
6164,498402,49
6165,498403,49
6166,498404,49
6167,498405,49
6168,498406,49
6169,498407,49
6170,498408,49
6171,498409,49
6172,498410,49
6173,498411,49
6174,498412,49
6175,498413,49
6176,498414,49
6177,498415,49
6178,498416,49
6179,498417,49
6180,498418,49
6181,498419,49
6182,498420,49
6183,498421,49
6184,498422,49
6185,498423,49
6186,498424,49
6187,498425,49
6188,498426,49
6189,498427,49
6190,498428,49
6191,498429,49
6192,498430,49
6193,498431,49
6194,498432,49
6195,498433,49
6196,498434,49
6197,498435,49
6198,498436,49
6199,498437,49
6200,498438,49
6201,498439,49
6202,498440,49
6203,498441,49
6204,498442,49
6205,498443,49
6206,498444,49
6207,498445,49
6208,498446,49
6209,498447,49
6210,498448,49
6211,498449,49
6212,498450,49
6213,498451,49
6214,498452,49
6215,498453,49
6216,498454,49
6217,498455,49
6218,498456,49
6219,498457,49
6220,498458,49
6221,498459,49
6222,498460,49
6223,498461,49
6224,498462,49
6225,498463,49
6226,498464,49
6227,498465,49
6228,498466,49
6229,498467,49
6230,498468,49
6231,498469,49
6232,498470,49
6233,498471,49
6234,498472,49
6235,498473,49
6236,498474,49
6237,498475,49
6238,498476,49
6239,498477,49
6240,498478,49
6241,498479,49
6242,498480,49
6243,498481,49
6244,498482,49
6245,498483,49
6246,498484,49
6247,498485,49
6248,498486,49
6249,498487,49
6250,498488,49
6251,498489,49
6252,498490,49
6253,498491,49
6254,498492,49
6255,498493,49
6256,498494,49
6257,498495,49
6258,498496,49
6259,498497,49
6260,498498,49
6261,498499,49
6262,498500,49
6263,498501,49
6264,498502,49
6265,498503,49
6266,498504,49
6267,498505,49
6268,498506,49
6269,498507,49
6270,498508,49
6271,498509,49
6272,498510,49
6273,498511,49
6274,498512,49
6275,498513,49
6276,498514,49
6277,498515,49
6278,498516,49
6279,498517,49
6280,498518,49
6281,498519,49
6282,498532,49
6283,498533,49
6284,498534,49
6285,498535,49
6286,498536,49
6287,498537,49
6288,498538,49
6289,498539,49
6290,498540,49
6291,498541,49
6292,498542,49
6293,498543,49
6294,498544,49
6295,498545,49
6296,498546,49
6297,498547,49
6298,498548,49
6299,498549,49
6300,498550,49
6301,498551,49
6302,498552,49
6303,498553,49
6304,498554,49
6305,498555,49
6306,498556,49
6307,498557,49
6308,498558,49
6309,498559,49
6310,498560,49
6311,498561,49
6312,498562,49
6313,498563,49
6314,498564,49
6315,498565,49
6316,498566,49
6317,498569,49
6318,498570,49
6319,498571,49
6320,498572,49
6321,498573,49
6322,498574,49
6323,498575,49
6324,498576,49
6325,498577,49
6326,498578,49
6327,498579,49
6328,498580,49
6329,498581,49
6330,498582,49
6331,498587,49
6332,498588,49
6333,498591,49
6334,498605,49
6335,498606,49
6336,498607,49
6337,498608,49
6338,498609,49
6339,498610,49
6340,498611,49
6341,498612,49
6342,498613,49
6343,498614,49
6344,498615,49
6345,498616,49
6346,498617,49
6347,498621,49
6348,498622,49
6349,498624,49
6350,498625,49
6351,498643,49
6352,498644,49
6353,498645,49
6354,498646,49
6355,498647,49
6356,498648,49
6357,498649,49
6358,498650,49
6359,498651,49
6360,498652,49
6361,498653,49
6362,498654,49
6363,498655,49
6364,498656,49
6365,498657,49
6366,498658,49
6367,498659,49
6368,498660,49
6369,498661,49
6370,498662,49
6371,498667,49
6372,498668,49
6373,498669,49
6374,498672,49
6375,498673,49
6376,498674,49
6377,498675,49
6378,498676,49
6379,498677,49
6380,498678,49
6381,498679,49
6382,498680,49
6383,498681,49
6384,498682,49
6385,498683,49
6386,498684,49
6387,498685,49
6388,498686,49
6389,498687,49
6390,498688,49
6391,498689,49
6392,498690,49
6393,498691,49
6394,498692,49
6395,498693,49
6396,498694,49
6397,498695,49
6398,498696,49
6399,498697,49
6400,498698,49
6401,498699,49
6402,498700,49
6403,498701,49
6404,498702,49
6405,498703,49
6406,498704,49
6407,498705,49
6408,498706,49
6409,498707,49
6410,498708,49
6411,498709,49
6412,498710,49
6413,498711,49
6414,498712,49
6415,498713,49
6416,498714,49
6417,498715,49
6418,498716,49
6419,498717,49
6420,498718,49
6421,498719,49
6422,498720,49
6423,498721,49
6424,498722,49
6425,498723,49
6426,498724,49
6427,498725,49
6428,498726,49
6429,498727,49
6430,498728,49
6431,498729,49
6432,498730,49
6433,498731,49
6434,498732,49
6435,498733,49
6436,498734,49
6437,498735,49
6438,498736,49
6439,498737,49
6440,498738,49
6441,498739,49
6442,498740,49
6443,498741,49
6444,498742,49
6445,498743,49
6446,498744,49
6447,498745,49
6448,498746,49
6449,498747,49
6450,498748,49
6451,498749,49
6452,498750,49
6453,498751,49
6454,498752,49
6455,498753,49
6456,498754,49
6457,498755,49
6458,498756,49
6459,498757,49
6460,498758,49
6461,498759,49
6462,498760,49
6463,498761,49
6464,498762,49
6465,498763,49
6466,498764,49
6467,498765,49
6468,498766,49
6469,498767,49
6470,498768,49
6471,498769,49
6472,498770,49
6473,498771,49
6474,498772,49
6475,498773,49
6476,498774,49
6477,498775,49
6478,498776,49
6479,498777,49
6480,498778,49
6481,498779,49
6482,498780,49
6483,498781,49
6484,498782,49
6485,498783,49
6486,498784,49
6487,498785,49
6488,498786,49
6489,498787,49
6490,498788,49
6491,498789,49
6492,498790,49
6493,498791,49
6494,498792,49
6495,498793,49
6496,498794,49
6497,498795,49
6498,498796,49
6499,498797,49
6500,498798,49
6501,498799,49
6502,498800,49
6503,498801,49
6504,498802,49
6505,498803,49
6506,498804,49
6507,498805,49
6508,498806,49
6509,498807,49
6510,498808,49
6511,498809,49
6512,498810,49
6513,498811,49
6514,498812,49
6515,498813,49
6516,498814,49
6517,498815,49
6518,498816,49
6519,498817,49
6520,498818,49
6521,498819,49
6522,498820,49
6523,498821,49
6524,498822,49
6525,498823,49
6526,498824,49
6527,498825,49
6528,498826,49
6529,498827,49
6530,498828,49
6531,498829,49
6532,498835,49
6533,498836,49
6534,498837,49
6535,498838,49
6536,498839,49
6537,498840,49
6538,498841,49
6539,498842,49
6540,498843,49
6541,498844,49
6542,498845,49
6543,498846,49
6544,498847,49
6545,498848,49
6546,498849,49
6547,498850,49
6548,498854,49
6549,498855,49
6550,498856,49
6551,498857,49
6552,498858,49
6553,498859,49
6554,498860,49
6555,498880,49
6556,498881,49
6557,498882,49
6558,498883,49
6559,498884,49
6560,498885,49
6561,498886,49
6562,498887,49
6563,498888,49
6564,498889,49
6565,498892,49
6566,498893,49
6567,498894,49
6568,498896,49
6569,498899,49
6570,498900,49
6571,498902,49
6572,498903,49
6573,498909,49
6574,498913,49
6575,498914,49
6576,498915,49
6577,498916,49
6578,498917,49
6579,498918,49
6580,498919,49
6581,498920,49
6582,498921,49
6583,498922,49
6584,498923,49
6585,498924,49
6586,498925,49
6587,498926,49
6588,498927,49
6589,498928,49
6590,498929,49
6591,498930,49
6592,498931,49
6593,498932,49
6594,498933,49
6595,498934,49
6596,498935,49
6597,498936,49
6598,498937,49
6599,498938,49
6600,498939,49
6601,498940,49
6602,498941,49
6603,498942,49
6604,498943,49
6605,498944,49
6606,498945,49
6607,498946,49
6608,498947,49
6609,498948,49
6610,498949,49
6611,498950,49
6612,498951,49
6613,498952,49
6614,498953,49
6615,498954,49
6616,498955,49
6617,498956,49
6618,498957,49
6619,498958,49
6620,498959,49
6621,498960,49
6622,498961,49
6623,498962,49
6624,498963,49
6625,498964,49
6626,498965,49
6627,498966,49
6628,498967,49
6629,498968,49
6630,498969,49
6631,498970,49
6632,498971,49
6633,498972,49
6634,498973,49
6635,498974,49
6636,498975,49
6637,498976,49
6638,498977,49
6639,498978,49
6640,498979,49
6641,498980,49
6642,498981,49
6643,498982,49
6644,498983,49
6645,498984,49
6646,498985,49
6647,498986,49
6648,498987,49
6649,498988,49
6650,498989,49
6651,498990,49
6652,498991,49
6653,498992,49
6654,498993,49
6655,498994,49
6656,498995,49
6657,498996,49
6658,498997,49
6659,498998,49
6660,498999,49
6661,499000,49
6662,499001,49
6663,499002,49
6664,499003,49
6665,499004,49
6666,499005,49
6667,499006,49
6668,499007,49
6669,499008,49
6670,499009,49
6671,499010,49
6672,499011,49
6673,499012,49
6674,499013,49
6675,499014,49
6676,499015,49
6677,499016,49
6678,499017,49
6679,499018,49
6680,499019,49
6681,499020,49
6682,499021,49
6683,499022,49
6684,499023,49
6685,499024,49
6686,499025,49
6687,499026,49
6688,499027,49
6689,499028,49
6690,499029,49
6691,499033,49
6692,499034,49
6693,499035,49
6694,499036,49
6695,499037,49
6696,499059,49
6697,499060,49
6698,499061,49
6699,499062,49
6700,499063,49
6701,499064,49
6702,499065,49
6703,499066,49
6704,499067,49
6705,499068,49
6706,499069,49
6707,499070,49
6708,499071,49
6709,499072,49
6710,499073,49
6711,499074,49
6712,499075,49
6713,499076,49
6714,499077,49
6715,499078,49
6716,499079,49
6717,499080,49
6718,499081,49
6719,499082,49
6720,499083,49
6721,499084,49
6722,499085,49
6723,499086,49
6724,499087,49
6725,499088,49
6726,499089,49
6727,499090,49
6728,499091,49
6729,499092,49
6730,499093,49
6731,499094,49
6732,499095,49
6733,499096,49
6734,499097,49
6735,499098,49
6736,499099,49
6737,499100,49
6738,499103,49
6739,499104,49
6740,499105,49
6741,499106,49
6742,499107,49
6743,499108,49
6744,499109,49
6745,499110,49
6746,499111,49
6747,499112,49
6748,499113,49
6749,499130,49
6750,499131,49
6751,499132,49
6752,499133,49
6753,499134,49
6754,499135,49
6755,499136,49
6756,499137,49
6757,499138,49
6758,499139,49
6759,499140,49
6760,499141,49
6761,499142,49
6762,499143,49
6763,499144,49
6764,499145,49
6765,499146,49
6766,499147,49
6767,499148,49
6768,499149,49
6769,499150,49
6770,499151,49
6771,499155,49
6772,499156,49
6773,499157,49
6774,499158,49
6775,499159,49
6776,499160,49
6777,499161,49
6778,499162,49
6779,499171,49
6780,499172,49
6781,499173,49
6782,499174,49
6783,499175,49
6784,499176,49
6785,499177,49
6786,499178,49
6787,499179,49
6788,499180,49
6789,499181,49
6790,499182,49
6791,499183,49
6792,499184,49
6793,499185,49
6794,499186,49
6795,499187,49
6796,499188,49
6797,499189,49
6798,499190,49
6799,499191,49
6800,499192,49
6801,499193,49
6802,499194,49
6803,499195,49
6804,499196,49
6805,499197,49
6806,499198,49
6807,499199,49
6808,499200,49
6809,499201,49
6810,499202,49
6811,499203,49
6812,499204,49
6813,499205,49
6814,499206,49
6815,499207,49
6816,499208,49
6817,499209,49
6818,499210,49
6819,499211,49
6820,499212,49
6821,499213,49
6822,499214,49
6823,499215,49
6824,499216,49
6825,499217,49
6826,499218,49
6827,499219,49
6828,499220,49
6829,499221,49
6830,499222,49
6831,499223,49
6832,499224,49
6833,499225,49
6834,499226,49
6835,499227,49
6836,499228,49
6837,499229,49
6838,499230,49
6839,499231,49
6840,499232,49
6841,499233,49
6842,499234,49
6843,499235,49
6844,499236,49
6845,499237,49
6846,499238,49
6847,499239,49
6848,499240,49
6849,499241,49
6850,499242,49
6851,499243,49
6852,499244,49
6853,499245,49
6854,499246,49
6855,499247,49
6856,499248,49
6857,499249,49
6858,499250,49
6859,499251,49
6860,499252,49
6861,499253,49
6862,499254,49
6863,499255,49
6864,499256,49
6865,499257,49
6866,499261,49
6867,499262,49
6868,499263,49
6869,499264,49
6870,499265,49
6871,499266,49
6872,499267,49
6873,499268,49
6874,499269,49
6875,499270,49
6876,499271,49
6877,499272,49
6878,499273,49
6879,499274,49
6880,499275,49
6881,499276,49
6882,499277,49
6883,499278,49
6884,499279,49
6885,499280,49
6886,499281,49
6887,499282,49
6888,499283,49
6889,499284,49
6890,499285,49
6891,499286,49
6892,499287,49
6893,499288,49
6894,499289,49
6895,499290,49
6896,499291,49
6897,499292,49
6898,499293,49
6899,499294,49
6900,499295,49
6901,499296,49
6902,499297,49
6903,499305,49
6904,499306,49
6905,499307,49
6906,499308,49
6907,499309,49
6908,499310,49
6909,499311,49
6910,499321,49
6911,499322,49
6912,499323,49
6913,499324,49
6914,499325,49
6915,499326,49
6916,499327,49
6917,499328,49
6918,499329,49
6919,499330,49
6920,499331,49
6921,499332,49
6922,499333,49
6923,499334,49
6924,499335,49
6925,499336,49
6926,499337,49
6927,499338,49
6928,499339,49
6929,499340,49
6930,499341,49
6931,499342,49
6932,499343,49
6933,499344,49
6934,499345,49
6935,499346,49
6936,499347,49
6937,499348,49
6938,499349,49
6939,499350,49
6940,499351,49
6941,499352,49
6942,499353,49
6943,499354,49
6944,499355,49
6945,499358,49
6946,499364,49
6947,499365,49
6948,499368,49
6949,499369,49
6950,499370,49
6951,499371,49
6952,499372,49
6953,499378,49
6954,499398,49
6955,499399,49
6956,499400,49
6957,499401,49
6958,499402,49
6959,499403,49
6960,499404,49
6961,499405,49
6962,499406,49
6963,499407,49
6964,499408,49
6965,499409,49
6966,499420,49
6967,499421,49
6968,499422,49
6969,499423,49
6970,499424,49
6971,499425,49
6972,499426,49
6973,499427,49
6974,499428,49
6975,499429,49
6976,499430,49
6977,499431,49
6978,499446,49
6979,499447,49
6980,499448,49
6981,499449,49
6982,499450,49
6983,499451,49
6984,499452,49
6985,499453,49
6986,499454,49
6987,499455,49
6988,499456,49
6989,499457,49
6990,499458,49
6991,499459,49
6992,499460,49
6993,499461,49
6994,499462,49
6995,499463,49
6996,499465,49
6997,499466,49
6998,499467,49
6999,499471,49
7000,499472,49
7001,499473,49
7002,499474,49
7003,499475,49
7004,499476,49
7005,499477,49
7006,499478,49
7007,499479,49
7008,499480,49
7009,499481,49
7010,499482,49
7011,499483,49
7012,499484,49
7013,499485,49
7014,499486,49
7015,499487,49
7016,499488,49
7017,499489,49
7018,499490,49
7019,499491,49
7020,499492,49
7021,499493,49
7022,499494,49
7023,499495,49
7024,499496,49
7025,499584,49
7026,499585,49
7027,499586,49
7028,499587,49
7029,499588,49
7030,499589,49
7031,499590,49
7032,499591,49
7033,499592,49
7034,499593,49
7035,499594,49
7036,499595,49
7037,499596,49
7038,499597,49
7039,499598,49
7040,499599,49
7041,499600,49
7042,499601,49
7043,499602,49
7044,499603,49
7045,499604,49
7046,499605,49
7047,499606,49
7048,499607,49
7049,499608,49
7050,499609,49
7051,499610,49
7052,499611,49
7053,499612,49
7054,499613,49
7055,499614,49
7056,499615,49
7057,499616,49
7058,499617,49
7059,499618,49
7060,499619,49
7061,499620,49
7062,499621,49
7063,499622,49
7064,499623,49
7065,499624,49
7066,499625,49
7067,499626,49
7068,499627,49
7069,499628,49
7070,499629,49
7071,499630,49
7072,499631,49
7073,499632,49
7074,499633,49
7075,499634,49
7076,499635,49
7077,499636,49
7078,499637,49
7079,499638,49
7080,499639,49
7081,499640,49
7082,499641,49
7083,499642,49
7084,499643,49
7085,499644,49
7086,499645,49
7087,499646,49
7088,499647,49
7089,499648,49
7090,499649,49
7091,499650,49
7092,499651,49
7093,499652,49
7094,499653,49
7095,499654,49
7096,499655,49
7097,499656,49
7098,499657,49
7099,499658,49
7100,499659,49
7101,499660,49
7102,499661,49
7103,499662,49
7104,499663,49
7105,499664,49
7106,499665,49
7107,499666,49
7108,499667,49
7109,499668,49
7110,499669,49
7111,499670,49
7112,499671,49
7113,499672,49
7114,499673,49
7115,499674,49
7116,499675,49
7117,499676,49
7118,499677,49
7119,499678,49
7120,499679,49
7121,499680,49
7122,499681,49
7123,499682,49
7124,499683,49
7125,499684,49
7126,499685,49
7127,499686,49
7128,499687,49
7129,499688,49
7130,499689,49
7131,499690,49
7132,499691,49
7133,499692,49
7134,499693,49
7135,499694,49
7136,499695,49
7137,499696,49
7138,499697,49
7139,499698,49
7140,499699,49
7141,499700,49
7142,499701,49
7143,499702,49
7144,499703,49
7145,499704,49
7146,499705,49
7147,499706,49
7148,499707,49
7149,499708,49
7150,499709,49
7151,499710,49
7152,499711,49
7153,499712,49
7154,499713,49
7155,499714,49
7156,499715,49
7157,499716,49
7158,499717,49
7159,499718,49
7160,499719,49
7161,499720,49
7162,499721,49
7163,499722,49
7164,499723,49
7165,499724,49
7166,499725,49
7167,499726,49
7168,499727,49
7169,499728,49
7170,499729,49
7171,499730,49
7172,499731,49
7173,499732,49
7174,499733,49
7175,499734,49
7176,499735,49
7177,499736,49
7178,499737,49
7179,499738,49
7180,499739,49
7181,499740,49
7182,499741,49
7183,499742,49
7184,499743,49
7185,499744,49
7186,499745,49
7187,499746,49
7188,499747,49
7189,499748,49
7190,499749,49
7191,499750,49
7192,499751,49
7193,499752,49
7194,499753,49
7195,499754,49
7196,499755,49
7197,499756,49
7198,499773,49
7199,499774,49
7200,499776,49
7201,499777,49
7202,499778,49
7203,499781,49
7204,499782,49
7205,499785,49
7206,499786,49
7207,499790,49
7208,499791,49
7209,499792,49
7210,499793,49
7211,499794,49
7212,499800,49
7213,499802,49
7214,499803,49
7215,499808,49
7216,499809,49
7217,499853,49
7218,499854,49
7219,499855,49
7220,499856,49
7221,499857,49
7222,499858,49
7223,499859,49
7224,499860,49
7225,499861,49
7226,499862,49
7227,499863,49
7228,499866,49
7229,499867,49
7230,499868,49
7231,499869,49
7232,499870,49
7233,499871,49
7234,499872,49
7235,499873,49
7236,499885,49
7237,499886,49
7238,499887,49
7239,499888,49
7240,499889,49
7241,499890,49
7242,499891,49
7243,499892,49
7244,499893,49
7245,499894,49
7246,499895,49
7247,499896,49
7248,499897,49
7249,499898,49
7250,499899,49
7251,499900,49
7252,499901,49
7253,499902,49
7254,499903,49
7255,499906,49
7256,499907,49
7257,499908,49
7258,499909,49
7259,499910,49
7260,499911,49
7261,499912,49
7262,499913,49
7263,499914,49
7264,499915,49
7265,499916,49
7266,499917,49
7267,499918,49
7268,499919,49
7269,499920,49
7270,499921,49
7271,499922,49
7272,499923,49
7273,499924,49
7274,499925,49
7275,499926,49
7276,499927,49
7277,499928,49
7278,499929,49
7279,499930,49
7280,499931,49
7281,499932,49
7282,499933,49
7283,499934,49
7284,499935,49
7285,499936,49
7286,499937,49
7287,499938,49
7288,499939,49
7289,499940,49
7290,499941,49
7291,499942,49
7292,499943,49
7293,499944,49
7294,499945,49
7295,499946,49
7296,499947,49
7297,499948,49
7298,499949,49
7299,499951,49
7300,499952,49
7301,499953,49
7302,499965,49
7303,499966,49
7304,499967,49
7305,499968,49
7306,499969,49
7307,499970,49
7308,499971,49
7309,499972,49
7310,499973,49
7311,499974,49
7312,499975,49
7313,499976,49
7314,499977,49
7315,499978,49
7316,499979,49
7317,499980,49
7318,499981,49
7319,499982,49
7320,499983,49
7321,499984,49
7322,499985,49
7323,499986,49
7324,499987,49
7325,499988,49
7326,499989,49
7327,499990,49
7328,499991,49
7329,499992,49
7330,499993,49
7331,499994,49
7332,499995,49
7333,499996,49
7334,499997,49
7335,499998,49
7336,499999,49
7337,500000,49
7338,500001,49
7339,500002,49
7340,500003,49
7341,500004,49
7342,500005,49
7343,500006,49
7344,500007,49
7345,500008,49
7346,500009,49
7347,500010,49
7348,500011,49
7349,500012,49
7350,500013,49
7351,500014,49
7352,500015,49
7353,500016,49
7354,500017,49
7355,500018,49
7356,500019,49
7357,500023,49
7358,500024,49
7359,500025,49
7360,500026,49
7361,500030,49
7362,500031,49
7363,500032,49
7364,500033,49
7365,500034,49
7366,500035,49
7367,500036,49
7368,500037,49
7369,500038,49
7370,500039,49
7371,500040,49
7372,500041,49
7373,500042,49
7374,500043,49
7375,500044,49
7376,500045,49
7377,500046,49
7378,500047,49
7379,500139,49
7380,500140,49
7381,500141,49
7382,500142,49
7383,500143,49
7384,500144,49
7385,500145,49
7386,500146,49
7387,500147,49
7388,500148,49
7389,500149,49
7390,500150,49
7391,500151,49
7392,500152,49
7393,500153,49
7394,500154,49
7395,500155,49
7396,500156,49
7397,500157,49
7398,500175,49
7399,500176,49
7400,500177,49
7401,500178,49
7402,500179,49
7403,500180,49
7404,500181,49
7405,500182,49
7406,500183,49
7407,500184,49
7408,500185,49
7409,500186,49
7410,500187,49
7411,500206,49
7412,500207,49
7413,500210,49
7414,500211,49
7415,500212,49
7416,500215,49
7417,500216,49
7418,500217,49
7419,500218,49
7420,500219,49
7421,500220,49
7422,500221,49
7423,500222,49
7424,500223,49
7425,500224,49
7426,500225,49
7427,500226,49
7428,500227,49
7429,500228,49
7430,500229,49
7431,500230,49
7432,500231,49
7433,500232,49
7434,500233,49
7435,500234,49
7436,500235,49
7437,500236,49
7438,500237,49
7439,500238,49
7440,500239,49
7441,500240,49
7442,500241,49
7443,500242,49
7444,500272,49
7445,500273,49
7446,500274,49
7447,500275,49
7448,500276,49
7449,500277,49
7450,500278,49
7451,500279,49
7452,500280,49
7453,500281,49
7454,500282,49
7455,500283,49
7456,500284,49
7457,500285,49
7458,500291,49
7459,500292,49
7460,500306,49
7461,500307,49
7462,500308,49
7463,500309,49
7464,500310,49
7465,500311,49
7466,500312,49
7467,500320,49
7468,500321,49
7469,500322,49
7470,500323,49
7471,500324,49
7472,500325,49
7473,500326,49
7474,500327,49
7475,500328,49
7476,500329,49
7477,500330,49
7478,500331,49
7479,500332,49
7480,500333,49
7481,500334,49
7482,500335,49
7483,500336,49
7484,500337,49
7485,500338,49
7486,500339,49
7487,500340,49
7488,500341,49
7489,500342,49
7490,500343,49
7491,500344,49
7492,500345,49
7493,500346,49
7494,500347,49
7495,500348,49
7496,500349,49
7497,500350,49
7498,500351,49
7499,500352,49
7500,500353,49
7501,500354,49
7502,500355,49
7503,500356,49
7504,500357,49
7505,500358,49
7506,500359,49
7507,500360,49
7508,500361,49
7509,500362,49
7510,500363,49
7511,500364,49
7512,500365,49
7513,500366,49
7514,500367,49
7515,500368,49
7516,500369,49
7517,500370,49
7518,500371,49
7519,500372,49
7520,500373,49
7521,500374,49
7522,500375,49
7523,500376,49
7524,500377,49
7525,500378,49
7526,500379,49
7527,500380,49
7528,500381,49
7529,500382,49
7530,500383,49
7531,500384,49
7532,500385,49
7533,500386,49
7534,500387,49
7535,500388,49
7536,500389,49
7537,500390,49
7538,500391,49
7539,500392,49
7540,500393,49
7541,500394,49
7542,500395,49
7543,500396,49
7544,500397,49
7545,500398,49
7546,500399,49
7547,500400,49
7548,500401,49
7549,500402,49
7550,500403,49
7551,500404,49
7552,500405,49
7553,500406,49
7554,500407,49
7555,500408,49
7556,500409,49
7557,500410,49
7558,500411,49
7559,500412,49
7560,500413,49
7561,500414,49
7562,500415,49
7563,500416,49
7564,500417,49
7565,500418,49
7566,500419,49
7567,500420,49
7568,500421,49
7569,500422,49
7570,500423,49
7571,500424,49
7572,500425,49
7573,500426,49
7574,500427,49
7575,500428,49
7576,500429,49
7577,500430,49
7578,500431,49
7579,500432,49
7580,500433,49
7581,500434,49
7582,500435,49
7583,500436,49
7584,500437,49
7585,500438,49
7586,500439,49
7587,500441,49
7588,500444,49
7589,500445,49
7590,500446,49
7591,500447,49
7592,500448,49
7593,500449,49
7594,500450,49
7595,500451,49
7596,500452,49
7597,500453,49
7598,500454,49
7599,500455,49
7600,500456,49
7601,500457,49
7602,500458,49
7603,500459,49
7604,500460,49
7605,500461,49
7606,500462,49
7607,500463,49
7608,500464,49
7609,500465,49
7610,500466,49
7611,500467,49
7612,500468,49
7613,500469,49
7614,500470,49
7615,500471,49
7616,500472,49
7617,500473,49
7618,500474,49
7619,500475,49
7620,500476,49
7621,500477,49
7622,500478,49
7623,500490,49
7624,500491,49
7625,500492,49
7626,500493,49
7627,500494,49
7628,500495,49
7629,500496,49
7630,500497,49
7631,500498,49
7632,500499,49
7633,500500,49
7634,500501,49
7635,500502,49
7636,500503,49
7637,500504,49
7638,500505,49
7639,500506,49
7640,500507,49
7641,500508,49
7642,500509,49
7643,500510,49
7644,500511,49
7645,500524,49
7646,500525,49
7647,500526,49
7648,500527,49
7649,500528,49
7650,500605,49
7651,500606,49
7652,500639,49
7653,500640,49
7654,500646,49
7655,500647,49
7656,500651,49
7657,500652,49
7658,500653,49
7659,500654,49
7660,500655,49
7661,500656,49
7662,500657,49
7663,500658,49
7664,500659,49
7665,500660,49
7666,500661,49
7667,500662,49
7668,500663,49
7669,500664,49
7670,500665,49
7671,500666,49
7672,500667,49
7673,500668,49
7674,500669,49
7675,500670,49
7676,500671,49
7677,500672,49
7678,500673,49
7679,500674,49
7680,500675,49
7681,500676,49
7682,500677,49
7683,500678,49
7684,500679,49
7685,500680,49
7686,500681,49
7687,500682,49
7688,500683,49
7689,500684,49
7690,500685,49
7691,500686,49
7692,500687,49
7693,500688,49
7694,500689,49
7695,500690,49
7696,500691,49
7697,500692,49
7698,500693,49
7699,500694,49
7700,500695,49
7701,500696,49
7702,500697,49
7703,500698,49
7704,500699,49
7705,500700,49
7706,500701,49
7707,500702,49
7708,500703,49
7709,500704,49
7710,500705,49
7711,500706,49
7712,500707,49
7713,500708,49
7714,500709,49
7715,500710,49
7716,500711,49
7717,500712,49
7718,500713,49
7719,500714,49
7720,500715,49
7721,500716,49
7722,500810,49
7723,500811,49
7724,500812,49
7725,500813,49
7726,500814,49
7727,500820,49
7728,500821,49
7729,500822,49
7730,500823,49
7731,500824,49
7732,500825,49
7733,500826,49
7734,500827,49
7735,500828,49
7736,500829,49
7737,500830,49
7738,500831,49
7739,500832,49
7740,500833,49
7741,500834,49
7742,500835,49
7743,500836,49
7744,500837,49
7745,500838,49
7746,500839,49
7747,500840,49
7748,500841,49
7749,500842,49
7750,500843,49
7751,500844,49
7752,500845,49
7753,500846,49
7754,500847,49
7755,500848,49
7756,500849,49
7757,500850,49
7758,500851,49
7759,500852,49
7760,500853,49
7761,500854,49
7762,500855,49
7763,500856,49
7764,500857,49
7765,500858,49
7766,500859,49
7767,500860,49
7768,500861,49
7769,500862,49
7770,500863,49
7771,500864,49
7772,500865,49
7773,500866,49
7774,500867,49
7775,500868,49
7776,500869,49
7777,500870,49
7778,500871,49
7779,500872,49
7780,500873,49
7781,500874,49
7782,500875,49
7783,500876,49
7784,500877,49
7785,500878,49
7786,500879,49
7787,500880,49
7788,500881,49
7789,500882,49
7790,500883,49
7791,500884,49
7792,500885,49
7793,500886,49
7794,500887,49
7795,500888,49
7796,500889,49
7797,500890,49
7798,500891,49
7799,500892,49
7800,500893,49
7801,500894,49
7802,500895,49
7803,500896,49
7804,500897,49
7805,500898,49
7806,500899,49
7807,500900,49
7808,500901,49
7809,500902,49
7810,500903,49
7811,500904,49
7812,500905,49
7813,500906,49
7814,500907,49
7815,500908,49
7816,500909,49
7817,500910,49
7818,500911,49
7819,500912,49
7820,500913,49
7821,500914,49
7822,500915,49
7823,500916,49
7824,500917,49
7825,500918,49
7826,500919,49
7827,500920,49
7828,500921,49
7829,500922,49
7830,500923,49
7831,500924,49
7832,500925,49
7833,500926,49
7834,500927,49
7835,500928,49
7836,500929,49
7837,500930,49
7838,500931,49
7839,500932,49
7840,500982,49
7841,500983,49
7842,500984,49
7843,500985,49
7844,500986,49
7845,500987,49
7846,500988,49
7847,500989,49
7848,500990,49
7849,500991,49
7850,500992,49
7851,500993,49
7852,500994,49
7853,500995,49
7854,500996,49
7855,500997,49
7856,500998,49
7857,500999,49
7858,501000,49
7859,501001,49
7860,501002,49
7861,501003,49
7862,501004,49
7863,501005,49
7864,501006,49
7865,501007,49
7866,501008,49
7867,501009,49
7868,501010,49
7869,501011,49
7870,501012,49
7871,501013,49
7872,501014,49
7873,501015,49
7874,501030,49
7875,501031,49
7876,501032,49
7877,501033,49
7878,501034,49
7879,501035,49
7880,501036,49
7881,501050,49
7882,501051,49
7883,501052,49
7884,501053,49
7885,501054,49
7886,501055,49
7887,501056,49
7888,501057,49
7889,501058,49
7890,501059,49
7891,501060,49
7892,501061,49
7893,501062,49
7894,501063,49
7895,501064,49
7896,501065,49
7897,501066,49
7898,501067,49
7899,501068,49
7900,501069,49
7901,501070,49
7902,501071,49
7903,501072,49
7904,501073,49
7905,501074,49
7906,501075,49
7907,501076,49
7908,501077,49
7909,501078,49
7910,501079,49
7911,501080,49
7912,501081,49
7913,501082,49
7914,501087,49
7915,501088,49
7916,501089,49
7917,501090,49
7918,501091,49
7919,501092,49
7920,501093,49
7921,501094,49
7922,501095,49
7923,501096,49
7924,501097,49
7925,501098,49
7926,501099,49
7927,501100,49
7928,501101,49
7929,501102,49
7930,501103,49
7931,501104,49
7932,501105,49
7933,501106,49
7934,501107,49
7935,501108,49
7936,501109,49
7937,501110,49
7938,501111,49
7939,501112,49
7940,501113,49
7941,501114,49
7942,501115,49
7943,501116,49
7944,501117,49
7945,501118,49
7946,501119,49
7947,501120,49
7948,501121,49
7949,501122,49
7950,501123,49
7951,501124,49
7952,501125,49
7953,501126,49
7954,501127,49
7955,501128,49
7956,501129,49
7957,501130,49
7958,501131,49
7959,501132,49
7960,501133,49
7961,501134,49
7962,501135,49
7963,501136,49
7964,501137,49
7965,501138,49
7966,501139,49
7967,501140,49
7968,501141,49
7969,501142,49
7970,501143,49
7971,501144,49
7972,501145,49
7973,501146,49
7974,501147,49
7975,501148,49
7976,501149,49
7977,501150,49
7978,501151,49
7979,501152,49
7980,501153,49
7981,501154,49
7982,501155,49
7983,501156,49
7984,501157,49
7985,501158,49
7986,501159,49
7987,501160,49
7988,501161,49
7989,501162,49
7990,501163,49
7991,501164,49
7992,501168,49
7993,501169,49
7994,501170,49
7995,501171,49
7996,501172,49
7997,501173,49
7998,501174,49
7999,501175,49
8000,501180,49
8001,501181,49
8002,501182,49
8003,501183,49
8004,501184,49
8005,501185,49
8006,501186,49
8007,501187,49
8008,501188,49
8009,501189,49
8010,501190,49
8011,501191,49
8012,501192,49
8013,501193,49
8014,501194,49
8015,501195,49
8016,501196,49
8017,501197,49
8018,501198,49
8019,501199,49
8020,501200,49
8021,501201,49
8022,501202,49
8023,501203,49
8024,501204,49
8025,501205,49
8026,501206,49
8027,501207,49
8028,501208,49
8029,501209,49
8030,501210,49
8031,501211,49
8032,501212,49
8033,501213,49
8034,501214,49
8035,501215,49
8036,501216,49
8037,501217,49
8038,501218,49
8039,501219,49
8040,501220,49
8041,501221,49
8042,501222,49
8043,501223,49
8044,501224,49
8045,501225,49
8046,501226,49
8047,501227,49
8048,501228,49
8049,501229,49
8050,501230,49
8051,501231,49
8052,501232,49
8053,501233,49
8054,501242,49
8055,501243,49
8056,501244,49
8057,501245,49
8058,501246,49
8059,501247,49
8060,501248,49
8061,501249,49
8062,501250,49
8063,501251,49
8064,501252,49
8065,501253,49
8066,501254,49
8067,501255,49
8068,501256,49
8069,501257,49
8070,501258,49
8071,501259,49
8072,501260,49
8073,501261,49
8074,501262,49
8075,501263,49
8076,501264,49
8077,501265,49
8078,501266,49
8079,501267,49
8080,501268,49
8081,501269,49
8082,501270,49
8083,501271,49
8084,501272,49
8085,501273,49
8086,501274,49
8087,501275,49
8088,501276,49
8089,501277,49
8090,501278,49
8091,501279,49
8092,501280,49
8093,501281,49
8094,501282,49
8095,501283,49
8096,501284,49
8097,501285,49
8098,501286,49
8099,501287,49
8100,501288,49
8101,501289,49
8102,501290,49
8103,501291,49
8104,501292,49
8105,501293,49
8106,501294,49
8107,501295,49
8108,501296,49
8109,501297,49
8110,501298,49
8111,501299,49
8112,501300,49
8113,501301,49
8114,501302,49
8115,501303,49
8116,501304,49
8117,501305,49
8118,501306,49
8119,501307,49
8120,501308,49
8121,501309,49
8122,501310,49
8123,501311,49
8124,501312,49
8125,501313,49
8126,501316,49
8127,501317,49
8128,501318,49
8129,501319,49
8130,501320,49
8131,501321,49
8132,501322,49
8133,501323,49
8134,501324,49
8135,501325,49
8136,501326,49
8137,501327,49
8138,501328,49
8139,501329,49
8140,501330,49
8141,501331,49
8142,501332,49
8143,501333,49
8144,501334,49
8145,501335,49
8146,501336,49
8147,501337,49
8148,501346,49
8149,501347,49
8150,501348,49
8151,501349,49
8152,501350,49
8153,501351,49
8154,501352,49
8155,501353,49
8156,501370,49
8157,501371,49
8158,501372,49
8159,501373,49
8160,501374,49
8161,501375,49
8162,501376,49
8163,501377,49
8164,501378,49
8165,501379,49
8166,501380,49
8167,501381,49
8168,501382,49
8169,501383,49
8170,501384,49
8171,501385,49
8172,501386,49
8173,501387,49
8174,501388,49
8175,501389,49
8176,501390,49
8177,501391,49
8178,501392,49
8179,501393,49
8180,501394,49
8181,501395,49
8182,501396,49
8183,501397,49
8184,501398,49
8185,501399,49
8186,501400,49
8187,501401,49
8188,501402,49
8189,501403,49
8190,501404,49
8191,501405,49
8192,501409,49
8193,501410,49
8194,501411,49
8195,501412,49
8196,501413,49
8197,501414,49
8198,501415,49
8199,501416,49
8200,501417,49
8201,501418,49
8202,501419,49
8203,501420,49
8204,501421,49
8205,501422,49
8206,501423,49
8207,501424,49
8208,501425,49
8209,501426,49
8210,501427,49
8211,501428,49
8212,501429,49
8213,501430,49
8214,501431,49
8215,501432,49
8216,501433,49
8217,501434,49
8218,501435,49
8219,501436,49
8220,501437,49
8221,501438,49
8222,501439,49
8223,501440,49
8224,501441,49
8225,501442,49
8226,501443,49
8227,501444,49
8228,501445,49
8229,501446,49
8230,501447,49
8231,501448,49
8232,501449,49
8233,501450,49
8234,501451,49
8235,501452,49
8236,501453,49
8237,501454,49
8238,501455,49
8239,501466,49
8240,501467,49
8241,501468,49
8242,501469,49
8243,501470,49
8244,501471,49
8245,501472,49
8246,501473,49
8247,501474,49
8248,501475,49
8249,501476,49
8250,501477,49
8251,501478,49
8252,501479,49
8253,501480,49
8254,501481,49
8255,501482,49
8256,501483,49
8257,501484,49
8258,501485,49
8259,501486,49
8260,501487,49
8261,501488,49
8262,501489,49
8263,501490,49
8264,501491,49
8265,501492,49
8266,501493,49
8267,501494,49
8268,501495,49
8269,501496,49
8270,501497,49
8271,501498,49
8272,501499,49
8273,501500,49
8274,501501,49
8275,501502,49
8276,501503,49
8277,501504,49
8278,501505,49
8279,501506,49
8280,501507,49
8281,501508,49
8282,501509,49
8283,501510,49
8284,501511,49
8285,501512,49
8286,501513,49
8287,501514,49
8288,501515,49
8289,501516,49
8290,501517,49
8291,501518,49
8292,501519,49
8293,501520,49
8294,501521,49
8295,501522,49
8296,501523,49
8297,501524,49
8298,501525,49
8299,501526,49
8300,501527,49
8301,501528,49
8302,501529,49
8303,501530,49
8304,501540,49
8305,501541,49
8306,501544,49
8307,501545,49
8308,501546,49
8309,501547,49
8310,501548,49
8311,501549,49
8312,501550,49
8313,501551,49
8314,501552,49
8315,501553,49
8316,501554,49
8317,501555,49
8318,501556,49
8319,501557,49
8320,501558,49
8321,501559,49
8322,501560,49
8323,501561,49
8324,501562,49
8325,501563,49
8326,501564,49
8327,501565,49
8328,501566,49
8329,501567,49
8330,501568,49
8331,501569,49
8332,501570,49
8333,501571,49
8334,501572,49
8335,501573,49
8336,501574,49
8337,501575,49
8338,501576,49
8339,501577,49
8340,501578,49
8341,501579,49
8342,501580,49
8343,501581,49
8344,501582,49
8345,501583,49
8346,501584,49
8347,501585,49
8348,501586,49
8349,501587,49
8350,501588,49
8351,501589,49
8352,501590,49
8353,501591,49
8354,501592,49
8355,501593,49
8356,501594,49
8357,501595,49
8358,501596,49
8359,501597,49
8360,501598,49
8361,501599,49
8362,501600,49
8363,501601,49
8364,501610,49
8365,501611,49
8366,501612,49
8367,501613,49
8368,501614,49
8369,501615,49
8370,501616,49
8371,501617,49
8372,501618,49
8373,501619,49
8374,501620,49
8375,501621,49
8376,501622,49
8377,501623,49
8378,501624,49
8379,501625,49
8380,501645,49
8381,501646,49
8382,501647,49
8383,501648,49
8384,501649,49
8385,501650,49
8386,501651,49
8387,501652,49
8388,501653,49
8389,501654,49
8390,501655,49
8391,501656,49
8392,501657,49
8393,501658,49
8394,501659,49
8395,501660,49
8396,501661,49
8397,501662,49
8398,501666,49
8399,501667,49
8400,501668,49
8401,501669,49
8402,501670,49
8403,501671,49
8404,501672,49
8405,501673,49
8406,501674,49
8407,501675,49
8408,501676,49
8409,501677,49
8410,501678,49
8411,501679,49
8412,501680,49
8413,501681,49
8414,501682,49
8415,501683,49
8416,501684,49
8417,501685,49
8418,501686,49
8419,501687,49
8420,501688,49
8421,501689,49
8422,501690,49
8423,501691,49
8424,501692,49
8425,501693,49
8426,501694,49
8427,501695,49
8428,501696,49
8429,501697,49
8430,501698,49
8431,501699,49
8432,501700,49
8433,501701,49
8434,501702,49
8435,501703,49
8436,501704,49
8437,501705,49
8438,501706,49
8439,501707,49
8440,501708,49
8441,501709,49
8442,501710,49
8443,501711,49
8444,501712,49
8445,501713,49
8446,501714,49
8447,501715,49
8448,501716,49
8449,501717,49
8450,501718,49
8451,501719,49
8452,501720,49
8453,501721,49
8454,501722,49
8455,501723,49
8456,501724,49
8457,501725,49
8458,501726,49
8459,501727,49
8460,501728,49
8461,501729,49
8462,501730,49
8463,501731,49
8464,501732,49
8465,501733,49
8466,501734,49
8467,501735,49
8468,501736,49
8469,501737,49
8470,501738,49
8471,501739,49
8472,501740,49
8473,501741,49
8474,501742,49
8475,501743,49
8476,501744,49
8477,501745,49
8478,501746,49
8479,501747,49
8480,501748,49
8481,501749,49
8482,501750,49
8483,501751,49
8484,501752,49
8485,501753,49
8486,501754,49
8487,501755,49
8488,501756,49
8489,501757,49
8490,501758,49
8491,501759,49
8492,501760,49
8493,501761,49
8494,501762,49
8495,501763,49
8496,501764,49
8497,501765,49
8498,501766,49
8499,501767,49
8500,501768,49
8501,501769,49
8502,501770,49
8503,501771,49
8504,501772,49
8505,501773,49
8506,501774,49
8507,501775,49
8508,501776,49
8509,501777,49
8510,501778,49
8511,501779,49
8512,501780,49
8513,501793,49
8514,501794,49
8515,501795,49
8516,501796,49
8517,501797,49
8518,501798,49
8519,501799,49
8520,501800,49
8521,501801,49
8522,501802,49
8523,501803,49
8524,501804,49
8525,501805,49
8526,501806,49
8527,501807,49
8528,501808,49
8529,501809,49
8530,501810,49
8531,501811,49
8532,501812,49
8533,501813,49
8534,501814,49
8535,501815,49
8536,501816,49
8537,501817,49
8538,501818,49
8539,501819,49
8540,501820,49
8541,501821,49
8542,501822,49
8543,501823,49
8544,501824,49
8545,501825,49
8546,501826,49
8547,501827,49
8548,501828,49
8549,501829,49
8550,501830,49
8551,501831,49
8552,501832,49
8553,501833,49
8554,501834,49
8555,501835,49
8556,501836,49
8557,501837,49
8558,501838,49
8559,501839,49
8560,501840,49
8561,501841,49
8562,501842,49
8563,501843,49
8564,501844,49
8565,501845,49
8566,501846,49
8567,501847,49
8568,501848,49
8569,501849,49
8570,501850,49
8571,501851,49
8572,501852,49
8573,501853,49
8574,501854,49
8575,501855,49
8576,501856,49
8577,501857,49
8578,501858,49
8579,501859,49
8580,501860,49
8581,501861,49
8582,501862,49
8583,501863,49
8584,501864,49
8585,501865,49
8586,501866,49
8587,501867,49
8588,501868,49
8589,501869,49
8590,501870,49
8591,501871,49
8592,501872,49
8593,501873,49
8594,501874,49
8595,501875,49
8596,501876,49
8597,501877,49
8598,501878,49
8599,501879,49
8600,501880,49
8601,501881,49
8602,501882,49
8603,501883,49
8604,501884,49
8605,501885,49
8606,501886,49
8607,501887,49
8608,501888,49
8609,501889,49
8610,501890,49
8611,501891,49
8612,501892,49
8613,501893,49
8614,501894,49
8615,501895,49
8616,501896,49
8617,501897,49
8618,501898,49
8619,501899,49
8620,501900,49
8621,501901,49
8622,501902,49
8623,501903,49
8624,501904,49
8625,501907,49
8626,501908,49
8627,501909,49
8628,501910,49
8629,501911,49
8630,501912,49
8631,501913,49
8632,501914,49
8633,501915,49
8634,501916,49
8635,501917,49
8636,501918,49
8637,501919,49
8638,501920,49
8639,501921,49
8640,501922,49
8641,501923,49
8642,501924,49
8643,501925,49
8644,501926,49
8645,501927,49
8646,501928,49
8647,501929,49
8648,501930,49
8649,501931,49
8650,501932,49
8651,501933,49
8652,501934,49
8653,501935,49
8654,501936,49
8655,501937,49
8656,501938,49
8657,501939,49
8658,501940,49
8659,501941,49
8660,501942,49
8661,501943,49
8662,501944,49
8663,501945,49
8664,501946,49
8665,501947,49
8666,501948,49
8667,501949,49
8668,501950,49
8669,501951,49
8670,501952,49
8671,501953,49
8672,501954,49
8673,501955,49
8674,501956,49
8675,501957,49
8676,501958,49
8677,501959,49
8678,501960,49
8679,501961,49
8680,501962,49
8681,501963,49
8682,501964,49
8683,501965,49
8684,501966,49
8685,501967,49
8686,501968,49
8687,501969,49
8688,501970,49
8689,501971,49
8690,501972,49
8691,501973,49
8692,501974,49
8693,501975,49
8694,501976,49
8695,501977,49
8696,501978,49
8697,501979,49
8698,501980,49
8699,501981,49
8700,501982,49
8701,501983,49
8702,501984,49
8703,501985,49
8704,501986,49
8705,501987,49
8706,501988,49
8707,501989,49
8708,501990,49
8709,501991,49
8710,501992,49
8711,501993,49
8712,501994,49
8713,501995,49
8714,501996,49
8715,501997,49
8716,501998,49
8717,501999,49
8718,502000,49
8719,502001,49
8720,502002,49
8721,502003,49
8722,502004,49
8723,502005,49
8724,502006,49
8725,502011,49
8726,502012,49
8727,502013,49
8728,502014,49
8729,502015,49
8730,502016,49
8731,502017,49
8732,502018,49
8733,502019,49
8734,502020,49
8735,502021,49
8736,502022,49
8737,502023,49
8738,502024,49
8739,502025,49
8740,502026,49
8741,502027,49
8742,502028,49
8743,502029,49
8744,502030,49
8745,502031,49
8746,502032,49
8747,502033,49
8748,502034,49
8749,502035,49
8750,502036,49
8751,502037,49
8752,502038,49
8753,502039,49
8754,502040,49
8755,502041,49
8756,502042,49
8757,502043,49
8758,502044,49
8759,502045,49
8760,502046,49
8761,502047,49
8762,502048,49
8763,502049,49
8764,502050,49
8765,502051,49
8766,502052,49
8767,502053,49
8768,502054,49
8769,502055,49
8770,502056,49
8771,502057,49
8772,502058,49
8773,502059,49
8774,502060,49
8775,502061,49
8776,502062,49
8777,502063,49
8778,502064,49
8779,502065,49
8780,502066,49
8781,502067,49
8782,502068,49
8783,502069,49
8784,502070,49
8785,502071,49
8786,502072,49
8787,502073,49
8788,502074,49
8789,502075,49
8790,502076,49
8791,502077,49
8792,502078,49
8793,502079,49
8794,502080,49
8795,502083,49
8796,502084,49
8797,502085,49
8798,502086,49
8799,502087,49
8800,502088,49
8801,502089,49
8802,502090,49
8803,502091,49
8804,502092,49
8805,502093,49
8806,502094,49
8807,502095,49
8808,502096,49
8809,502097,49
8810,502098,49
8811,502099,49
8812,502100,49
8813,502101,49
8814,502102,49
8815,502103,49
8816,502104,49
8817,502105,49
8818,502106,49
8819,502107,49
8820,502108,49
8821,502109,49
8822,502110,49
8823,502111,49
8824,502112,49
8825,502113,49
8826,502114,49
8827,502115,49
8828,502116,49
8829,502117,49
8830,502118,49
8831,502119,49
8832,502120,49
8833,502121,49
8834,502122,49
8835,502123,49
8836,502124,49
8837,502125,49
8838,502126,49
8839,502127,49
8840,502128,49
8841,502129,49
8842,502130,49
8843,502131,49
8844,502132,49
8845,502133,49
8846,502134,49
8847,502135,49
8848,502136,49
8849,502137,49
8850,502138,49
8851,502139,49
8852,502140,49
8853,502141,49
8854,502142,49
8855,502143,49
8856,502144,49
8857,502145,49
8858,502146,49
8859,502147,49
8860,502148,49
8861,502149,49
8862,502150,49
8863,502151,49
8864,502152,49
8865,502153,49
8866,502154,49
8867,502155,49
8868,502156,49
8869,502157,49
8870,502158,49
8871,502159,49
8872,502160,49
8873,502161,49
8874,502162,49
8875,502163,49
8876,502164,49
8877,502165,49
8878,502166,49
8879,502167,49
8880,502168,49
8881,502169,49
8882,502170,49
8883,502171,49
8884,502172,49
8885,502173,49
8886,502174,49
8887,502175,49
8888,502176,49
8889,502177,49
8890,502178,49
8891,502179,49
8892,502180,49
8893,502181,49
8894,502182,49
8895,502183,49
8896,502184,49
8897,502185,49
8898,502186,49
8899,502187,49
8900,502188,49
8901,502189,49
8902,502190,49
8903,502191,49
8904,502192,49
8905,502193,49
8906,502194,49
8907,502195,49
8908,502196,49
8909,502197,49
8910,502198,49
8911,502199,49
8912,502200,49
8913,502201,49
8914,502202,49
8915,502203,49
8916,502204,49
8917,502205,49
8918,502206,49
8919,502207,49
8920,502208,49
8921,502209,49
8922,502210,49
8923,502211,49
8924,502212,49
8925,502213,49
8926,502214,49
8927,502215,49
8928,502216,49
8929,502217,49
8930,502218,49
8931,502219,49
8932,502220,49
8933,502221,49
8934,502222,49
8935,502223,49
8936,502224,49
8937,502225,49
8938,502226,49
8939,502227,49
8940,502228,49
8941,502229,49
8942,502230,49
8943,502231,49
8944,502232,49
8945,502233,49
8946,502234,49
8947,502235,49
8948,502236,49
8949,502237,49
8950,502238,49
8951,502239,49
8952,502240,49
8953,502241,49
8954,502242,49
8955,502243,49
8956,502244,49
8957,502245,49
8958,502246,49
8959,502247,49
8960,502248,49
8961,502249,49
8962,502250,49
8963,502251,49
8964,502252,49
8965,502253,49
8966,502254,49
8967,502255,49
8968,502256,49
8969,502257,49
8970,502258,49
8971,502259,49
8972,502260,49
8973,502261,49
8974,502262,49
8975,502263,49
8976,502264,49
8977,502265,49
8978,502266,49
8979,502267,49
8980,502268,49
8981,502269,49
8982,502270,49
8983,502271,49
8984,502272,49
8985,502273,49
8986,502274,49
8987,502275,49
8988,502276,49
8989,502277,49
8990,502278,49
8991,502279,49
8992,502280,49
8993,502281,49
8994,502282,49
8995,502283,49
8996,502287,49
8997,502288,49
8998,502289,49
8999,502290,49
9000,502291,49
9001,502292,49
9002,502293,49
9003,502294,49
9004,502295,49
9005,502296,49
9006,502297,49
9007,502298,49
9008,502299,49
9009,502300,49
9010,502301,49
9011,502302,49
9012,502303,49
9013,502304,49
9014,502305,49
9015,502306,49
9016,502307,49
9017,502308,49
9018,502309,49
9019,502310,49
9020,502311,49
9021,502312,49
9022,502313,49
9023,502314,49
9024,502315,49
9025,502316,49
9026,502317,49
9027,502318,49
9028,502319,49
9029,502320,49
9030,502321,49
9031,502322,49
9032,502323,49
9033,502324,49
9034,502325,49
9035,502326,49
9036,502327,49
9037,502328,49
9038,502329,49
9039,502330,49
9040,502331,49
9041,502332,49
9042,502333,49
9043,502334,49
9044,502335,49
9045,502336,49
9046,502337,49
9047,502338,49
9048,502339,49
9049,502340,49
9050,502341,49
9051,502342,49
9052,502343,49
9053,502344,49
9054,502345,49
9055,502346,49
9056,502359,49
9057,502360,49
9058,502361,49
9059,502362,49
9060,502363,49
9061,502364,49
9062,502365,49
9063,502366,49
9064,502367,49
9065,502368,49
9066,502369,49
9067,502370,49
9068,502371,49
9069,502372,49
9070,502373,49
9071,502374,49
9072,502375,49
9073,502376,49
9074,502377,49
9075,502378,49
9076,502379,49
9077,502380,49
9078,502381,49
9079,502382,49
9080,502383,49
9081,502384,49
9082,502385,49
9083,502386,49
9084,502387,49
9085,502388,49
9086,502389,49
9087,502390,49
9088,502391,49
9089,502392,49
9090,502393,49
9091,502394,49
9092,502395,49
9093,502396,49
9094,502397,49
9095,502398,49
9096,502399,49
9097,502400,49
9098,502401,49
9099,502402,49
9100,502403,49
9101,502404,49
9102,502405,49
9103,502406,49
9104,502407,49
9105,502408,49
9106,502409,49
9107,502410,49
9108,502411,49
9109,502412,49
9110,502413,49
9111,502414,49
9112,502415,49
9113,502416,49
9114,502417,49
9115,502418,49
9116,502419,49
9117,502420,49
9118,502421,49
9119,502422,49
9120,502423,49
9121,502424,49
9122,502425,49
9123,502426,49
9124,502427,49
9125,502428,49
9126,502429,49
9127,502430,49
9128,502431,49
9129,502432,49
9130,502433,49
9131,502434,49
9132,502435,49
9133,502436,49
9134,502437,49
9135,502438,49
9136,502439,49
9137,502440,49
9138,502441,49
9139,502442,49
9140,502443,49
9141,502444,49
9142,502445,49
9143,502446,49
9144,502447,49
9145,502448,49
9146,502449,49
9147,502450,49
9148,502451,49
9149,502452,49
9150,502453,49
9151,502454,49
9152,502455,49
9153,502456,49
9154,502457,49
9155,502458,49
9156,502459,49
9157,502460,49
9158,502461,49
9159,502462,49
9160,502463,49
9161,502464,49
9162,502465,49
9163,502466,49
9164,502467,49
9165,502468,49
9166,502469,49
9167,502470,49
9168,502471,49
9169,502472,49
9170,502473,49
9171,502474,49
9172,502475,49
9173,502476,49
9174,502477,49
9175,502478,49
9176,502479,49
9177,502480,49
9178,502481,49
9179,502482,49
9180,502483,49
9181,502484,49
9182,502485,49
9183,502486,49
9184,502487,49
9185,502488,49
9186,502489,49
9187,502490,49
9188,502491,49
9189,502492,49
9190,502493,49
9191,502494,49
9192,502495,49
9193,502496,49
9194,502497,49
9195,502498,49
9196,502499,49
9197,502500,49
9198,502501,49
9199,502502,49
9200,502503,49
9201,502504,49
9202,502505,49
9203,502506,49
9204,502507,49
9205,502508,49
9206,502509,49
9207,502510,49
9208,502511,49
9209,502512,49
9210,502513,49
9211,502514,49
9212,502515,49
9213,502516,49
9214,502517,49
9215,502518,49
9216,502519,49
9217,502520,49
9218,502521,49
9219,502522,49
9220,502523,49
9221,502524,49
9222,502525,49
9223,502526,49
9224,502527,49
9225,502528,49
9226,502529,49
9227,502530,49
9228,502531,49
9229,502532,49
9230,502533,49
9231,502534,49
9232,502535,49
9233,502536,49
9234,502537,49
9235,502538,49
9236,502539,49
9237,502540,49
9238,502541,49
9239,502542,49
9240,502543,49
9241,502544,49
9242,502545,49
9243,502546,49
9244,502547,49
9245,502548,49
9246,502549,49
9247,502550,49
9248,502551,49
9249,502552,49
9250,502578,49
9251,502579,49
9252,502580,49
9253,502581,49
9254,502582,49
9255,502583,49
9256,502584,49
9257,502585,49
9258,502586,49
9259,502587,49
9260,502588,49
9261,502589,49
9262,502590,49
9263,502591,49
9264,502592,49
9265,502593,49
9266,502594,49
9267,502595,49
9268,502596,49
9269,502597,49
9270,502598,49
9271,502599,49
9272,502600,49
9273,502601,49
9274,502602,49
9275,502603,49
9276,502604,49
9277,502605,49
9278,502606,49
9279,502607,49
9280,502608,49
9281,502613,49
9282,502614,49
9283,502615,49
9284,502616,49
9285,502617,49
9286,502618,49
9287,502619,49
9288,502620,49
9289,502621,49
9290,502622,49
9291,502623,49
9292,502624,49
9293,502625,49
9294,502626,49
9295,502627,49
9296,502628,49
9297,502629,49
9298,502630,49
9299,502631,49
9300,502632,49
9301,502633,49
9302,502634,49
9303,502635,49
9304,502636,49
9305,502637,49
9306,502638,49
9307,502639,49
9308,502640,49
9309,502641,49
9310,502642,49
9311,502643,49
9312,502644,49
9313,502645,49
9314,502646,49
9315,502647,49
9316,502648,49
9317,502649,49
9318,502650,49
9319,502651,49
9320,502652,49
9321,502653,49
9322,502654,49
9323,502655,49
9324,502656,49
9325,502657,49
9326,502658,49
9327,502659,49
9328,502660,49
9329,502661,49
9330,502662,49
9331,502663,49
9332,502664,49
9333,502665,49
9334,502666,49
9335,502667,49
9336,502668,49
9337,502669,49
9338,502670,49
9339,502671,49
9340,502672,49
9341,502673,49
9342,502674,49
9343,502675,49
9344,502676,49
9345,502677,49
9346,502678,49
9347,502679,49
9348,502680,49
9349,502681,49
9350,502682,49
9351,502683,49
9352,502684,49
9353,502694,49
9354,502695,49
9355,502696,49
9356,502697,49
9357,502698,49
9358,502699,49
9359,502700,49
9360,502701,49
9361,502702,49
9362,502703,49
9363,502706,49
9364,502707,49
9365,502708,49
9366,502709,49
9367,502710,49
9368,502711,49
9369,502712,49
9370,502713,49
9371,502714,49
9372,502715,49
9373,502716,49
9374,502717,49
9375,502718,49
9376,502719,49
9377,502720,49
9378,502721,49
9379,502722,49
9380,502723,49
9381,502724,49
9382,502725,49
9383,502726,49
9384,502727,49
9385,502728,49
9386,502729,49
9387,502730,49
9388,502731,49
9389,502732,49
9390,502733,49
9391,502734,49
9392,502735,49
9393,502736,49
9394,502737,49
9395,502738,49
9396,502739,49
9397,502740,49
9398,502741,49
9399,502742,49
9400,502743,49
9401,502744,49
9402,502745,49
9403,502746,49
9404,502747,49
9405,502748,49
9406,502749,49
9407,502750,49
9408,502751,49
9409,502752,49
9410,502753,49
9411,502754,49
9412,502755,49
9413,502756,49
9414,502757,49
9415,502758,49
9416,502759,49
9417,502760,49
9418,502761,49
9419,502762,49
9420,502763,49
9421,502764,49
9422,502765,49
9423,502766,49
9424,502767,49
9425,502768,49
9426,502769,49
9427,502770,49
9428,502771,49
9429,502772,49
9430,502773,49
9431,502774,49
9432,502775,49
9433,502776,49
9434,502777,49
9435,502778,49
9436,502779,49
9437,502780,49
9438,502781,49
9439,502782,49
9440,502783,49
9441,502784,49
9442,502785,49
9443,502786,49
9444,502787,49
9445,502788,49
9446,502789,49
9447,502790,49
9448,502793,49
9449,502794,49
9450,502795,49
9451,502796,49
9452,502797,49
9453,502798,49
9454,502799,49
9455,502800,49
9456,502801,49
9457,502802,49
9458,502803,49
9459,502804,49
9460,502805,49
9461,502806,49
9462,502807,49
9463,502808,49
9464,502811,49
9465,502812,49
9466,502813,49
9467,502820,49
9468,502821,49
9469,502822,49
9470,502823,49
9471,502824,49
9472,502825,49
9473,502826,49
9474,502827,49
9475,502828,49
9476,502829,49
9477,502830,49
9478,502832,49
9479,502833,49
9480,502834,49
9481,502835,49
9482,502836,49
9483,502837,49
9484,502838,49
9485,502839,49
9486,502840,49
9487,502841,49
9488,502842,49
9489,502843,49
9490,502844,49
9491,502845,49
9492,502846,49
9493,502847,49
9494,502848,49
9495,502854,49
9496,502855,49
9497,502856,49
9498,502861,49
9499,502862,49
9500,502863,49
9501,502864,49
9502,502865,49
9503,502866,49
9504,502867,49
9505,502868,49
9506,502869,49
9507,502870,49
9508,502871,49
9509,502872,49
9510,502873,49
9511,502874,49
9512,502893,49
9513,502894,49
9514,502895,49
9515,502896,49
9516,502897,49
9517,502898,49
9518,502899,49
9519,502900,49
9520,502901,49
9521,502902,49
9522,502903,49
9523,502904,49
9524,502905,49
9525,502906,49
9526,502907,49
9527,502908,49
9528,502909,49
9529,502910,49
9530,502911,49
9531,502912,49
9532,502913,49
9533,502914,49
9534,502915,49
9535,502916,49
9536,502917,49
9537,502918,49
9538,502919,49
9539,502920,49
9540,502921,49
9541,502922,49
9542,502923,49
9543,502924,49
9544,502925,49
9545,502926,49
9546,502927,49
9547,502928,49
9548,502929,49
9549,502930,49
9550,502931,49
9551,502932,49
9552,502933,49
9553,502934,49
9554,502935,49
9555,502936,49
9556,502937,49
9557,502938,49
9558,502939,49
9559,502940,49
9560,502941,49
9561,502942,49
9562,502943,49
9563,502944,49
9564,502945,49
9565,502946,49
9566,502947,49
9567,502948,49
9568,502949,49
9569,502950,49
9570,502951,49
9571,502952,49
9572,502953,49
9573,502954,49
9574,502955,49
9575,502956,49
9576,502957,49
9577,502958,49
9578,502959,49
9579,502960,49
9580,502961,49
9581,502962,49
9582,502963,49
9583,502964,49
9584,502965,49
9585,502966,49
9586,502967,49
9587,502968,49
9588,502969,49
9589,502970,49
9590,502971,49
9591,502972,49
9592,502973,49
9593,502974,49
9594,502975,49
9595,502976,49
9596,502977,49
9597,502978,49
9598,502979,49
9599,502980,49
9600,502981,49
9601,502982,49
9602,502983,49
9603,502984,49
9604,502985,49
9605,502986,49
9606,502987,49
9607,502988,49
9608,502989,49
9609,502990,49
9610,502991,49
9611,502992,49
9612,502993,49
9613,502994,49
9614,502995,49
9615,502996,49
9616,502997,49
9617,502998,49
9618,502999,49
9619,503000,49
9620,503001,49
9621,503002,49
9622,503003,49
9623,503004,49
9624,503005,49
9625,503006,49
9626,503007,49
9627,503008,49
9628,503009,49
9629,503010,49
9630,503011,49
9631,503012,49
9632,503013,49
9633,503014,49
9634,503015,49
9635,503016,49
9636,503017,49
9637,503018,49
9638,503019,49
9639,503020,49
9640,503021,49
9641,503022,49
9642,503023,49
9643,503024,49
9644,503025,49
9645,503026,49
9646,503029,49
9647,503030,49
9648,503031,49
9649,503032,49
9650,503033,49
9651,503034,49
9652,503035,49
9653,503036,49
9654,503037,49
9655,503038,49
9656,503039,49
9657,503040,49
9658,503041,49
9659,503042,49
9660,503043,49
9661,503044,49
9662,503045,49
9663,503046,49
9664,503047,49
9665,503048,49
9666,503049,49
9667,503050,49
9668,503051,49
9669,503052,49
9670,503053,49
9671,503054,49
9672,503055,49
9673,503056,49
9674,503057,49
9675,503058,49
9676,503059,49
9677,503060,49
9678,503061,49
9679,503062,49
9680,503063,49
9681,503064,49
9682,503065,49
9683,503066,49
9684,503067,49
9685,503068,49
9686,503069,49
9687,503070,49
9688,503071,49
9689,503072,49
9690,503073,49
9691,503074,49
9692,503075,49
9693,503076,49
9694,503077,49
9695,503078,49
9696,503079,49
9697,503080,49
9698,503081,49
9699,503082,49
9700,503083,49
9701,503084,49
9702,503085,49
9703,503086,49
9704,503087,49
9705,503088,49
9706,503089,49
9707,503090,49
9708,503091,49
9709,503092,49
9710,503093,49
9711,503094,49
9712,503095,49
9713,503096,49
9714,503097,49
9715,503098,49
9716,503099,49
9717,503100,49
9718,503101,49
9719,503102,49
9720,503103,49
9721,503104,49
9722,503105,49
9723,503106,49
9724,503107,49
9725,503108,49
9726,503109,49
9727,503110,49
9728,503111,49
9729,503112,49
9730,503113,49
9731,503114,49
9732,503115,49
9733,503116,49
9734,503117,49
9735,503118,49
9736,503119,49
9737,503120,49
9738,503121,49
9739,503122,49
9740,503123,49
9741,503124,49
9742,503125,49
9743,503126,49
9744,503127,49
9745,503128,49
9746,503129,49
9747,503130,49
9748,503131,49
9749,503132,49
9750,503133,49
9751,503134,49
9752,503135,49
9753,503136,49
9754,503137,49
9755,503138,49
9756,503139,49
9757,503140,49
9758,503141,49
9759,503142,49
9760,503143,49
9761,503146,49
9762,503147,49
9763,503169,49
9764,503174,49
9765,503175,49
9766,503176,49
9767,503177,49
9768,503178,49
9769,503188,49
9770,503189,49
9771,503190,49
9772,503191,49
9773,503192,49
9774,503193,49
9775,503195,49
9776,503196,49
9777,503206,49
9778,503207,49
9779,503216,49
9780,503217,49
9781,503218,49
9782,503219,49
9783,503220,49
9784,503221,49
9785,503222,49
9786,503223,49
9787,503224,49
9788,503225,49
9789,503226,49
9790,503227,49
9791,503228,49
9792,503229,49
9793,503230,49
9794,503231,49
9795,503232,49
9796,503233,49
9797,503234,49
9798,503246,49
9799,503247,49
9800,503248,49
9801,503249,49
9802,503252,49
9803,503253,49
9804,503256,49
9805,503258,49
9806,503259,49
9807,503260,49
9808,503283,49
9809,503284,49
9810,503285,49
9811,503286,49
9812,503287,49
9813,503288,49
9814,503289,49
9815,503290,49
9816,503291,49
9817,503292,49
9818,503293,49
9819,503294,49
9820,503295,49
9821,503296,49
9822,503297,49
9823,503298,49
9824,503299,49
9825,503300,49
9826,503301,49
9827,503302,49
9828,503303,49
9829,503304,49
9830,503305,49
9831,503306,49
9832,503307,49
9833,503308,49
9834,503309,49
9835,503310,49
9836,503311,49
9837,503312,49
9838,503313,49
9839,503314,49
9840,503315,49
9841,503316,49
9842,503317,49
9843,503318,49
9844,503319,49
9845,503320,49
9846,503321,49
9847,503322,49
9848,503323,49
9849,503324,49
9850,503325,49
9851,503326,49
9852,503327,49
9853,503328,49
9854,503329,49
9855,503330,49
9856,503331,49
9857,503332,49
9858,503333,49
9859,503334,49
9860,503335,49
9861,503336,49
9862,503337,49
9863,503338,49
9864,503339,49
9865,503340,49
9866,503341,49
9867,503342,49
9868,503343,49
9869,503344,49
9870,503345,49
9871,503346,49
9872,503347,49
9873,503348,49
9874,503349,49
9875,503350,49
9876,503351,49
9877,503352,49
9878,503353,49
9879,503354,49
9880,503355,49
9881,503356,49
9882,503357,49
9883,503358,49
9884,503359,49
9885,503360,49
9886,503361,49
9887,503362,49
9888,503363,49
9889,503364,49
9890,503365,49
9891,503366,49
9892,503367,49
9893,503368,49
9894,503369,49
9895,503370,49
9896,503371,49
9897,503372,49
9898,503373,49
9899,503374,49
9900,503375,49
9901,503376,49
9902,503377,49
9903,503378,49
9904,503379,49
9905,503380,49
9906,503381,49
9907,503382,49
9908,503383,49
9909,503384,49
9910,503385,49
9911,503386,49
9912,503387,49
9913,503388,49
9914,503389,49
9915,503390,49
9916,503391,49
9917,503392,49
9918,503393,49
9919,503394,49
9920,503395,49
9921,503396,49
9922,503397,49
9923,503398,49
9924,503399,49
9925,503400,49
9926,503401,49
9927,503402,49
9928,503403,49
9929,503404,49
9930,503405,49
9931,503406,49
9932,503407,49
9933,503408,49
9934,503409,49
9935,503410,49
9936,503411,49
9937,503412,49
9938,503413,49
9939,503414,49
9940,503415,49
9941,503416,49
9942,503417,49
9943,503418,49
9944,503419,49
9945,503420,49
9946,503421,49
9947,503422,49
9948,503423,49
9949,503424,49
9950,503425,49
9951,503426,49
9952,503427,49
9953,503428,49
9954,503429,49
9955,503430,49
9956,503431,49
9957,503432,49
9958,503433,49
9959,503434,49
9960,503439,49
9961,503440,49
9962,503441,49
9963,503442,49
9964,503443,49
9965,503444,49
9966,503445,49
9967,503446,49
9968,503447,49
9969,503448,49
9970,503449,49
9971,503450,49
9972,503451,49
9973,503452,49
9974,503453,49
9975,503454,49
9976,503455,49
9977,503456,49
9978,503457,49
9979,503458,49
9980,503459,49
9981,503460,49
9982,503461,49
9983,503462,49
9984,503463,49
9985,503464,49
9986,503465,49
9987,503466,49
9988,503467,49
9989,503468,49
9990,503469,49
9991,503470,49
9992,503471,49
9993,503472,49
9994,503473,49
9995,503474,49
9996,503475,49
9997,503476,49
9998,503477,49
9999,503478,49
10000,503479,49
10001,503480,49
10002,503481,49
10003,503482,49
10004,503483,49
10005,503484,49
10006,503485,49
10007,503486,49
10008,503487,49
10009,503488,49
10010,503489,49
10011,503490,49
10012,503491,49
10013,503492,49
10014,503493,49
10015,503494,49
10016,503495,49
10017,503496,49
10018,503497,49
10019,503498,49
10020,503499,49
10021,503500,49
10022,503501,49
10023,503502,49
10024,503503,49
10025,503504,49
10026,503505,49
10027,503506,49
10028,503507,49
10029,503508,49
10030,503509,49
10031,503510,49
10032,503511,49
10033,503512,49
10034,503513,49
10035,503514,49
10036,503515,49
10037,503516,49
10038,503517,49
10039,503520,49
10040,503521,49
10041,503522,49
10042,503523,49
10043,503527,49
10044,503528,49
10045,503529,49
10046,503530,49
10047,503531,49
10048,503532,49
10049,503533,49
10050,503534,49
10051,503535,49
10052,503536,49
10053,503537,49
10054,503538,49
10055,503539,49
10056,503540,49
10057,503541,49
10058,503542,49
10059,503543,49
10060,503544,49
10061,503545,49
10062,503546,49
10063,503547,49
10064,503548,49
10065,503549,49
10066,503550,49
10067,503551,49
10068,503552,49
10069,503560,49
10070,503561,49
10071,503562,49
10072,503563,49
10073,503564,49
10074,503565,49
10075,503566,49
10076,503567,49
10077,503568,49
10078,503569,49
10079,503570,49
10080,503571,49
10081,503572,49
10082,503573,49
10083,503574,49
10084,503575,49
10085,503576,49
10086,503577,49
10087,503578,49
10088,503579,49
10089,503580,49
10090,503581,49
10091,503582,49
10092,503583,49
10093,503584,49
10094,503585,49
10095,503586,49
10096,503587,49
10097,503588,49
10098,503589,49
10099,503590,49
10100,503591,49
10101,503592,49
10102,503593,49
10103,503594,49
10104,503595,49
10105,503596,49
10106,503597,49
10107,503598,49
10108,503599,49
10109,503600,49
10110,503601,49
10111,503602,49
10112,503603,49
10113,503604,49
10114,503605,49
10115,503606,49
10116,503607,49
10117,503608,49
10118,503609,49
10119,503610,49
10120,503611,49
10121,503612,49
10122,503613,49
10123,503614,49
10124,503615,49
10125,503616,49
10126,503617,49
10127,503618,49
10128,503619,49
10129,503620,49
10130,503621,49
10131,503622,49
10132,503623,49
10133,503624,49
10134,503625,49
10135,503626,49
10136,503627,49
10137,503628,49
10138,503629,49
10139,503630,49
10140,503631,49
10141,503632,49
10142,503633,49
10143,503634,49
10144,503635,49
10145,503636,49
10146,503637,49
10147,503638,49
10148,503639,49
10149,503640,49
10150,503641,49
10151,503642,49
10152,503643,49
10153,503644,49
10154,503645,49
10155,503646,49
10156,503647,49
10157,503648,49
10158,503649,49
10159,503650,49
10160,503651,49
10161,503652,49
10162,503653,49
10163,503654,49
10164,503655,49
10165,503656,49
10166,503657,49
10167,503658,49
10168,503659,49
10169,503660,49
10170,503661,49
10171,503662,49
10172,503663,49
10173,503664,49
10174,503665,49
10175,503666,49
10176,503667,49
10177,503668,49
10178,503669,49
10179,503670,49
10180,503671,49
10181,503672,49
10182,503673,49
10183,503674,49
10184,503675,49
10185,503676,49
10186,503677,49
10187,503678,49
10188,503679,49
10189,503680,49
10190,503681,49
10191,503682,49
10192,503683,49
10193,503684,49
10194,503685,49
10195,503686,49
10196,503689,49
10197,503690,49
10198,503691,49
10199,503692,49
10200,503693,49
10201,503694,49
10202,503713,49
10203,503714,49
10204,503715,49
10205,503716,49
10206,503717,49
10207,503718,49
10208,503719,49
10209,503720,49
10210,503721,49
10211,503722,49
10212,503723,49
10213,503724,49
10214,503725,49
10215,503726,49
10216,503727,49
10217,503728,49
10218,503729,49
10219,503730,49
10220,503731,49
10221,503732,49
10222,503733,49
10223,503734,49
10224,503735,49
10225,503736,49
10226,503737,49
10227,503738,49
10228,503739,49
10229,503740,49
10230,503741,49
10231,503742,49
10232,503743,49
10233,503744,49
10234,503755,49
10235,503756,49
10236,503757,49
10237,503758,49
10238,503759,49
10239,503760,49
10240,503761,49
10241,503762,49
10242,503763,49
10243,503764,49
10244,503765,49
10245,503766,49
10246,503767,49
10247,503768,49
10248,503769,49
10249,503770,49
10250,503771,49
10251,503772,49
10252,503773,49
10253,503774,49
10254,503775,49
10255,503776,49
10256,503777,49
10257,503778,49
10258,503779,49
10259,503780,49
10260,503781,49
10261,503782,49
10262,503783,49
10263,503784,49
10264,503785,49
10265,503786,49
10266,503787,49
10267,503788,49
10268,503789,49
10269,503791,49
10270,503794,49
10271,503795,49
10272,503796,49
10273,503797,49
10274,503798,49
10275,503799,49
10276,503800,49
10277,503801,49
10278,503802,49
10279,503803,49
10280,503804,49
10281,503805,49
10282,503806,49
10283,503807,49
10284,503808,49
10285,503809,49
10286,503810,49
10287,503811,49
10288,503812,49
10289,503813,49
10290,503814,49
10291,503815,49
10292,503816,49
10293,503817,49
10294,503818,49
10295,503819,49
10296,503820,49
10297,503821,49
10298,503822,49
10299,503823,49
10300,503824,49
10301,503825,49
10302,503826,49
10303,503827,49
10304,503828,49
10305,503829,49
10306,503830,49
10307,503831,49
10308,503832,49
10309,503833,49
10310,503834,49
10311,503835,49
10312,503849,49
10313,503850,49
10314,503851,49
10315,503852,49
10316,503853,49
10317,503854,49
10318,503855,49
10319,503856,49
10320,503857,49
10321,503858,49
10322,503859,49
10323,503860,49
10324,503861,49
10325,503862,49
10326,503863,49
10327,503868,49
10328,503869,49
10329,503870,49
10330,503871,49
10331,503872,49
10332,503873,49
10333,503874,49
10334,503875,49
10335,503879,49
10336,503880,49
10337,503881,49
10338,503882,49
10339,503909,49
10340,503910,49
10341,503911,49
10342,503912,49
10343,503913,49
10344,503914,49
10345,503919,49
10346,503920,49
10347,503926,49
10348,503927,49
10349,503928,49
10350,503929,49
10351,503930,49
10352,503944,49
10353,503945,49
10354,503946,49
10355,503947,49
10356,503948,49
10357,503949,49
10358,503950,49
10359,503951,49
10360,503952,49
10361,503953,49
10362,503954,49
10363,503955,49
10364,503956,49
10365,503957,49
10366,503958,49
10367,503959,49
10368,503960,49
10369,503961,49
10370,503962,49
10371,503963,49
10372,503964,49
10373,503965,49
10374,503966,49
10375,503967,49
10376,503968,49
10377,503969,49
10378,503972,49
10379,503973,49
10380,503976,49
10381,503977,49
10382,503978,49
10383,503979,49
10384,503980,49
10385,503981,49
10386,503982,49
10387,503983,49
10388,503984,49
10389,503985,49
10390,503986,49
10391,503987,49
10392,503988,49
10393,503989,49
10394,503990,49
10395,503991,49
10396,503992,49
10397,503993,49
10398,503994,49
10399,503995,49
10400,503996,49
10401,503997,49
10402,503998,49
10403,503999,49
10404,504000,49
10405,504001,49
10406,504002,49
10407,504003,49
10408,504004,49
10409,504005,49
10410,504006,49
10411,504007,49
10412,504008,49
10413,504009,49
10414,504010,49
10415,504011,49
10416,504012,49
10417,504013,49
10418,504014,49
10419,504015,49
10420,504016,49
10421,504017,49
10422,504018,49
10423,504019,49
10424,504020,49
10425,504021,49
10426,504022,49
10427,504023,49
10428,504024,49
10429,504025,49
10430,504026,49
10431,504027,49
10432,504028,49
10433,504029,49
10434,504030,49
10435,504031,49
10436,504032,49
10437,504033,49
10438,504034,49
10439,504035,49
10440,504036,49
10441,504037,49
10442,504038,49
10443,504039,49
10444,504040,49
10445,504041,49
10446,504042,49
10447,504043,49
10448,504044,49
10449,504045,49
10450,504046,49
10451,504047,49
10452,504048,49
10453,504049,49
10454,504050,49
10455,504051,49
10456,504052,49
10457,504053,49
10458,504054,49
10459,504055,49
10460,504056,49
10461,504057,49
10462,504058,49
10463,504059,49
10464,504060,49
10465,504061,49
10466,504067,49
10467,504068,49
10468,504069,49
10469,504070,49
10470,504071,49
10471,504072,49
10472,504073,49
10473,504074,49
10474,504075,49
10475,504076,49
10476,504077,49
10477,504078,49
10478,504079,49
10479,504080,49
10480,504081,49
10481,504082,49
10482,504083,49
10483,504084,49
10484,504085,49
10485,504086,49
10486,504087,49
10487,504088,49
10488,504089,49
10489,504090,49
10490,504091,49
10491,504092,49
10492,504093,49
10493,504094,49
10494,504095,49
10495,504096,49
10496,504097,49
10497,504098,49
10498,504099,49
10499,504100,49
10500,504101,49
10501,504102,49
10502,504103,49
10503,504104,49
10504,504105,49
10505,504106,49
10506,504107,49
10507,504108,49
10508,504109,49
10509,504110,49
10510,504111,49
10511,504112,49
10512,504113,49
10513,504114,49
10514,504115,49
10515,504116,49
10516,504117,49
10517,504118,49
10518,504119,49
10519,504120,49
10520,504121,49
10521,504122,49
10522,504123,49
10523,504124,49
10524,504125,49
10525,504126,49
10526,504127,49
10527,504128,49
10528,504129,49
10529,504130,49
10530,504131,49
10531,504132,49
10532,504133,49
10533,504134,49
10534,504135,49
10535,504136,49
10536,504137,49
10537,504138,49
10538,504139,49
10539,504140,49
10540,504141,49
10541,504142,49
10542,504143,49
10543,504144,49
10544,504145,49
10545,504146,49
10546,504147,49
10547,504148,49
10548,504149,49
10549,504150,49
10550,504151,49
10551,504152,49
10552,504153,49
10553,504154,49
10554,504155,49
10555,504156,49
10556,504157,49
10557,504158,49
10558,504159,49
10559,504160,49
10560,504161,49
10561,504162,49
10562,504163,49
10563,504164,49
10564,504165,49
10565,504166,49
10566,504167,49
10567,504168,49
10568,504169,49
10569,504170,49
10570,504171,49
10571,504172,49
10572,504173,49
10573,504174,49
10574,504175,49
10575,504176,49
10576,504177,49
10577,504178,49
10578,504179,49
10579,504180,49
10580,504181,49
10581,504182,49
10582,504183,49
10583,504184,49
10584,504185,49
10585,504186,49
10586,504187,49
10587,504188,49
10588,504189,49
10589,504190,49
10590,504191,49
10591,504192,49
10592,504193,49
10593,504194,49
10594,504195,49
10595,504196,49
10596,504197,49
10597,504198,49
10598,504199,49
10599,504200,49
10600,504201,49
10601,504202,49
10602,504203,49
10603,504204,49
10604,504205,49
10605,504206,49
10606,504207,49
10607,504208,49
10608,504209,49
10609,504210,49
10610,504211,49
10611,504212,49
10612,504213,49
10613,504214,49
10614,504215,49
10615,504216,49
10616,504217,49
10617,504218,49
10618,504219,49
10619,504220,49
10620,504221,49
10621,504222,49
10622,504223,49
10623,504224,49
10624,504233,49
10625,504234,49
10626,504235,49
10627,504236,49
10628,504241,49
10629,504242,49
10630,504243,49
10631,504244,49
10632,504248,49
10633,504251,49
10634,504252,49
10635,504253,49
10636,504254,49
10637,504255,49
10638,504256,49
10639,504257,49
10640,504258,49
10641,504259,49
10642,504260,49
10643,504261,49
10644,504262,49
10645,504263,49
10646,504264,49
10647,504265,49
10648,504266,49
10649,504267,49
10650,504268,49
10651,504269,49
10652,504270,49
10653,504271,49
10654,504272,49
10655,504273,49
10656,504274,49
10657,504275,49
10658,504276,49
10659,504277,49
10660,504278,49
10661,504279,49
10662,504280,49
10663,504281,49
10664,504282,49
10665,504283,49
10666,504284,49
10667,504285,49
10668,504286,49
10669,504287,49
10670,504288,49
10671,504289,49
10672,504290,49
10673,504291,49
10674,504292,49
10675,504293,49
10676,504294,49
10677,504295,49
10678,504296,49
10679,504297,49
10680,504298,49
10681,504299,49
10682,504300,49
10683,504301,49
10684,504302,49
10685,504303,49
10686,504304,49
10687,504305,49
10688,504306,49
10689,504307,49
10690,504308,49
10691,504309,49
10692,504310,49
10693,504311,49
10694,504312,49
10695,504313,49
10696,504316,49
10697,504317,49
10698,504318,49
10699,504319,49
10700,504320,49
10701,504321,49
10702,504328,49
10703,504329,49
10704,504330,49
10705,504338,49
10706,504339,49
10707,504340,49
10708,504341,49
10709,504342,49
10710,504343,49
10711,504344,49
10712,504345,49
10713,504346,49
10714,504388,49
10715,504389,49
10716,504390,49
10717,504391,49
10718,504392,49
10719,504394,49
10720,504395,49
10721,504396,49
10722,504397,49
10723,504398,49
10724,504399,49
10725,504400,49
10726,504401,49
10727,504402,49
10728,504403,49
10729,504407,49
10730,504408,49
10731,504409,49
10732,504410,49
10733,504411,49
10734,504412,49
10735,504413,49
10736,504414,49
10737,504415,49
10738,504416,49
10739,504417,49
10740,504418,49
10741,504419,49
10742,504420,49
10743,504421,49
10744,504422,49
10745,504423,49
10746,504424,49
10747,504425,49
10748,504426,49
10749,504427,49
10750,504428,49
10751,504429,49
10752,504430,49
10753,504431,49
10754,504432,49
10755,504433,49
10756,504434,49
10757,504435,49
10758,504436,49
10759,504437,49
10760,504438,49
10761,504439,49
10762,504440,49
10763,504443,49
10764,504444,49
10765,504445,49
10766,504446,49
10767,504447,49
10768,504448,49
10769,504449,49
10770,504450,49
10771,504451,49
10772,504452,49
10773,504453,49
10774,504454,49
10775,504455,49
10776,504456,49
10777,504457,49
10778,504458,49
10779,504459,49
10780,504460,49
10781,504461,49
10782,504462,49
10783,504463,49
10784,504464,49
10785,504465,49
10786,504466,49
10787,504467,49
10788,504468,49
10789,504469,49
10790,504470,49
10791,504471,49
10792,504472,49
10793,504473,49
10794,504474,49
10795,504475,49
10796,504476,49
10797,504477,49
10798,504480,49
10799,504481,49
10800,504482,49
10801,504483,49
10802,504484,49
10803,504485,49
10804,504488,49
10805,504502,49
10806,504503,49
10807,504504,49
10808,504505,49
10809,504506,49
10810,504507,49
10811,504508,49
10812,504509,49
10813,504510,49
10814,504511,49
10815,504512,49
10816,504513,49
10817,504514,49
10818,504515,49
10819,504516,49
10820,504517,49
10821,504518,49
10822,504519,49
10823,504520,49
10824,504521,49
10825,504522,49
10826,504523,49
10827,504524,49
10828,504525,49
10829,504526,49
10830,504527,49
10831,504528,49
10832,504529,49
10833,504530,49
10834,504531,49
10835,504532,49
10836,504544,49
10837,504545,49
10838,504546,49
10839,504576,49
10840,504577,49
10841,504580,49
10842,504581,49
10843,504582,49
10844,504583,49
10845,504584,49
10846,504585,49
10847,504601,49
10848,504602,49
10849,504622,49
10850,504623,49
10851,504624,49
10852,504625,49
10853,504626,49
10854,504627,49
10855,504628,49
10856,504629,49
10857,504630,49
10858,504642,49
10859,504643,49
10860,504651,49
10861,504652,49
10862,504653,49
10863,504654,49
10864,504675,49
10865,504676,49
10866,504704,49
10867,504705,49
10868,504706,49
10869,504707,49
10870,504708,49
10871,504709,49
10872,504710,49
10873,504711,49
10874,504712,49
10875,504713,49
10876,504714,49
10877,504715,49
10878,504716,49
10879,504738,49
10880,504739,49
10881,504740,49
10882,504743,49
10883,504744,49
10884,504745,49
10885,504746,49
10886,504747,49
10887,504748,49
10888,504749,49
10889,504750,49
10890,504751,49
10891,504752,49
10892,504768,49
10893,504815,49
10894,504816,49
10895,504817,49
10896,504818,49
10897,504819,49
10898,504820,49
10899,504821,49
10900,504832,49
10901,504833,49
10902,504834,49
10903,504835,49
10904,504836,49
10905,504837,49
10906,504838,49
10907,504839,49
10908,504840,49
10909,504841,49
10910,504842,49
10911,504843,49
10912,504844,49
10913,504863,49
10914,504864,49
10915,504865,49
10916,504868,49
10917,504869,49
10918,504873,49
10919,504874,49
10920,504875,49
10921,504876,49
10922,504877,49
10923,504878,49
10924,504879,49
10925,504880,49
10926,504885,49
10927,504886,49
10928,504887,49
10929,504888,49
10930,504889,49
10931,504890,49
10932,504891,49
10933,504892,49
10934,504893,49
10935,504894,49
10936,504895,49
10937,504896,49
10938,504897,49
10939,504898,49
10940,504899,49
10941,504900,49
10942,504908,49
10943,504909,49
10944,504923,49
10945,504924,49
10946,504925,49
10947,504926,49
10948,504927,49
10949,504928,49
10950,504929,49
10951,504930,49
10952,504931,49
10953,504932,49
10954,504933,49
10955,504934,49
10956,504935,49
10957,504936,49
10958,504937,49
10959,504938,49
10960,504939,49
10961,504940,49
10962,504947,49
10963,504948,49
10964,504953,49
10965,504954,49
10966,504955,49
10967,504988,49
10968,504989,49
10969,504999,49
10970,505000,49
10971,505003,49
10972,505004,49
10973,505015,49
10974,505016,49
10975,505017,49
10976,505018,49
10977,505019,49
10978,505020,49
10979,505021,49
10980,505022,49
10981,505023,49
10982,505024,49
10983,505025,49
10984,505026,49
10985,505027,49
10986,505028,49
10987,505029,49
10988,505030,49
10989,505031,49
10990,505032,49
10991,505033,49
10992,505034,49
10993,505035,49
10994,505036,49
10995,505037,49
10996,505038,49
10997,505039,49
10998,505040,49
10999,505041,49
11000,505042,49
11001,505043,49
11002,505044,49
11003,505045,49
11004,505046,49
11005,505047,49
11006,505048,49
11007,505049,49
11008,505050,49
11009,505051,49
11010,505052,49
11011,505053,49
11012,505054,49
11013,505055,49
11014,505056,49
11015,505057,49
11016,505058,49
11017,505059,49
11018,505060,49
11019,505061,49
11020,505062,49
11021,505063,49
11022,505064,49
11023,505065,49
11024,505066,49
11025,505067,49
11026,505125,49
11027,505126,49
11028,505127,49
11029,505128,49
11030,505129,49
11031,505130,49
11032,505131,49
11033,505132,49
11034,505133,49
11035,505134,49
11036,505135,49
11037,505162,49
11038,505163,49
11039,505164,49
11040,505165,49
11041,505166,49
11042,505167,49
11043,505168,49
11044,505169,49
11045,505170,49
11046,505171,49
11047,505172,49
11048,505173,49
11049,505174,49
11050,505175,49
11051,505176,49
11052,505177,49
11053,505178,49
11054,505179,49
11055,505180,49
11056,505181,49
11057,505182,49
11058,505183,49
11059,505184,49
11060,505185,49
11061,505186,49
11062,505187,49
11063,505188,49
11064,505189,49
11065,505190,49
11066,505191,49
11067,505192,49
11068,505193,49
11069,505194,49
11070,505195,49
11071,505196,49
11072,505197,49
11073,505198,49
11074,505199,49
11075,505200,49
11076,505201,49
11077,505202,49
11078,505203,49
11079,505204,49
11080,505205,49
11081,505206,49
11082,505207,49
11083,505208,49
11084,505209,49
11085,505210,49
11086,505211,49
11087,505212,49
11088,505213,49
11089,505214,49
11090,505215,49
11091,505216,49
11092,505217,49
11093,505218,49
11094,505219,49
11095,505220,49
11096,505221,49
11097,505222,49
11098,505223,49
11099,505224,49
11100,505225,49
11101,505226,49
11102,505233,49
11103,505234,49
11104,505235,49
11105,505260,49
11106,505261,49
11107,505262,49
11108,505263,49
11109,505264,49
11110,505265,49
11111,505266,49
11112,505267,49
11113,505268,49
11114,505269,49
11115,505270,49
11116,505271,49
11117,505272,49
11118,505273,49
11119,505274,49
11120,505275,49
11121,505276,49
11122,505277,49
11123,505278,49
11124,505279,49
11125,505280,49
11126,505281,49
11127,505282,49
11128,505283,49
11129,505284,49
11130,505285,49
11131,505286,49
11132,505287,49
11133,505288,49
11134,505289,49
11135,505290,49
11136,505291,49
11137,505292,49
11138,505293,49
11139,505294,49
11140,505295,49
11141,505296,49
11142,505297,49
11143,505298,49
11144,505299,49
11145,505300,49
11146,505301,49
11147,505302,49
11148,505303,49
11149,505304,49
11150,505305,49
11151,505306,49
11152,505307,49
11153,505308,49
11154,505309,49
11155,505310,49
11156,505311,49
11157,505314,49
11158,505315,49
11159,505316,49
11160,505317,49
11161,505318,49
11162,505319,49
11163,505320,49
11164,505321,49
11165,505322,49
11166,505323,49
11167,505324,49
11168,505325,49
11169,505326,49
11170,505327,49
11171,505328,49
11172,505329,49
11173,505330,49
11174,505331,49
11175,505332,49
11176,505333,49
11177,505334,49
11178,505335,49
11179,505343,49
11180,505344,49
11181,505345,49
11182,505346,49
11183,505347,49
11184,505348,49
11185,505375,49
11186,505376,49
11187,505377,49
11188,505378,49
11189,505379,49
11190,505380,49
11191,505381,49
11192,505382,49
11193,505383,49
11194,505384,49
11195,505385,49
11196,505386,49
11197,505387,49
11198,505388,49
11199,505389,49
11200,505390,49
11201,505391,49
11202,505392,49
11203,505393,49
11204,505394,49
11205,505395,49
11206,505396,49
11207,505397,49
11208,505398,49
11209,505399,49
11210,505400,49
11211,505401,49
11212,505402,49
11213,505403,49
11214,505404,49
11215,505405,49
11216,505406,49
11217,505407,49
11218,505408,49
11219,505409,49
11220,505410,49
11221,505411,49
11222,505412,49
11223,505413,49
11224,505414,49
11225,505415,49
11226,505416,49
11227,505417,49
11228,505418,49
11229,505419,49
11230,505420,49
11231,505421,49
11232,505422,49
11233,505423,49
11234,505424,49
11235,505425,49
11236,505426,49
11237,505427,49
11238,505428,49
11239,505429,49
11240,505430,49
11241,505431,49
11242,505432,49
11243,505433,49
11244,505434,49
11245,505435,49
11246,505436,49
11247,505437,49
11248,505438,49
11249,505439,49
11250,505440,49
11251,505441,49
11252,505442,49
11253,505443,49
11254,505444,49
11255,505445,49
11256,505446,49
11257,505447,49
11258,505448,49
11259,505449,49
11260,505450,49
11261,505451,49
11262,505452,49
11263,505453,49
11264,505454,49
11265,505457,49
11266,505458,49
11267,505466,49
11268,505467,49
11269,505468,49
11270,505469,49
11271,505470,49
11272,505471,49
11273,505479,49
11274,505480,49
11275,505481,49
11276,505482,49
11277,505483,49
11278,505484,49
11279,505485,49
11280,505486,49
11281,505492,49
11282,505493,49
11283,505494,49
11284,505495,49
11285,505496,49
11286,505497,49
11287,505498,49
11288,505499,49
11289,505500,49
11290,505501,49
11291,505502,49
11292,505503,49
11293,505504,49
11294,505505,49
11295,505506,49
11296,505507,49
11297,505508,49
11298,505509,49
11299,505510,49
11300,505511,49
11301,505512,49
11302,505513,49
11303,505514,49
11304,505515,49
11305,505516,49
11306,505517,49
11307,505518,49
11308,505519,49
11309,505520,49
11310,505521,49
11311,505522,49
11312,505523,49
11313,505530,49
11314,505531,49
11315,505532,49
11316,505533,49
11317,505534,49
11318,505535,49
11319,505536,49
11320,505537,49
11321,505538,49
11322,505539,49
11323,505540,49
11324,505541,49
11325,505542,49
11326,505543,49
11327,505544,49
11328,505545,49
11329,505546,49
11330,505547,49
11331,505548,49
11332,505549,49
11333,505550,49
11334,505551,49
11335,505552,49
11336,505553,49
11337,505554,49
11338,505555,49
11339,505556,49
11340,505557,49
11341,505563,49
11342,505564,49
11343,505565,49
11344,505566,49
11345,505567,49
11346,505568,49
11347,505569,49
11348,505570,49
11349,505571,49
11350,505572,49
11351,505573,49
11352,505574,49
11353,505575,49
11354,505576,49
11355,505577,49
11356,505578,49
11357,505579,49
11358,505580,49
11359,505581,49
11360,505582,49
11361,505583,49
11362,505584,49
11363,505585,49
11364,505586,49
11365,505587,49
11366,505588,49
11367,505589,49
11368,505590,49
11369,505591,49
11370,505592,49
11371,505593,49
11372,505594,49
11373,505595,49
11374,505596,49
11375,505597,49
11376,505598,49
11377,505599,49
11378,505600,49
11379,505601,49
11380,505602,49
11381,505603,49
11382,505604,49
11383,505605,49
11384,505606,49
11385,505607,49
11386,505608,49
11387,505609,49
11388,505610,49
11389,505611,49
11390,505612,49
11391,505613,49
11392,505614,49
11393,505615,49
11394,505616,49
11395,505620,49
11396,505621,49
11397,505622,49
11398,505623,49
11399,505624,49
11400,505625,49
11401,505626,49
11402,505627,49
11403,505628,49
11404,505629,49
11405,505630,49
11406,505631,49
11407,505632,49
11408,505633,49
11409,505634,49
11410,505635,49
11411,505636,49
11412,505637,49
11413,505638,49
11414,505639,49
11415,505640,49
11416,505641,49
11417,505642,49
11418,505643,49
11419,505644,49
11420,505645,49
11421,505646,49
11422,505647,49
11423,505648,49
11424,505649,49
11425,505650,49
11426,505651,49
11427,505652,49
11428,505653,49
11429,505654,49
11430,505655,49
11431,505656,49
11432,505657,49
11433,505658,49
11434,505659,49
11435,505660,49
11436,505661,49
11437,505662,49
11438,505663,49
11439,505664,49
11440,505665,49
11441,505666,49
11442,505667,49
11443,505668,49
11444,505669,49
11445,505670,49
11446,505671,49
11447,505672,49
11448,505673,49
11449,505674,49
11450,505675,49
11451,505676,49
11452,505677,49
11453,505678,49
11454,505679,49
11455,505680,49
11456,505681,49
11457,505682,49
11458,505683,49
11459,505684,49
11460,505685,49
11461,505686,49
11462,505687,49
11463,505688,49
11464,505689,49
11465,505690,49
11466,505691,49
11467,505692,49
11468,505693,49
11469,505694,49
11470,505695,49
11471,505696,49
11472,505697,49
11473,505698,49
11474,505699,49
11475,505700,49
11476,505701,49
11477,505702,49
11478,505703,49
11479,505704,49
11480,505705,49
11481,505706,49
11482,505707,49
11483,505708,49
11484,505709,49
11485,505710,49
11486,505711,49
11487,505712,49
11488,505713,49
11489,505714,49
11490,505715,49
11491,505716,49
11492,505717,49
11493,505718,49
11494,505719,49
11495,505720,49
11496,505721,49
11497,505722,49
11498,505723,49
11499,505724,49
11500,505725,49
11501,505726,49
11502,505727,49
11503,505728,49
11504,505729,49
11505,505730,49
11506,505731,49
11507,505732,49
11508,505733,49
11509,505734,49
11510,505735,49
11511,505736,49
11512,505737,49
11513,505738,49
11514,505739,49
11515,505740,49
11516,505741,49
11517,505742,49
11518,505743,49
11519,505744,49
11520,505745,49
11521,505746,49
11522,505747,49
11523,505748,49
11524,505749,49
11525,505750,49
11526,505751,49
11527,505752,49
11528,505755,49
11529,505756,49
11530,505757,49
11531,505758,49
11532,505759,49
11533,505760,49
11534,505761,49
11535,505762,49
11536,505763,49
11537,505764,49
11538,505765,49
11539,505766,49
11540,505767,49
11541,505768,49
11542,505769,49
11543,505770,49
11544,505771,49
11545,505772,49
11546,505773,49
11547,505774,49
11548,505775,49
11549,505785,49
11550,505786,49
11551,505787,49
11552,505788,49
11553,505789,49
11554,505790,49
11555,505791,49
11556,505792,49
11557,505793,49
11558,505794,49
11559,505795,49
11560,505796,49
11561,505797,49
11562,505798,49
11563,505799,49
11564,505800,49
11565,505803,49
11566,505804,49
11567,505805,49
11568,505806,49
11569,505807,49
11570,505808,49
11571,505809,49
11572,505810,49
11573,505811,49
11574,505812,49
11575,505813,49
11576,505814,49
11577,505815,49
11578,505816,49
11579,505817,49
11580,505818,49
11581,505819,49
11582,505820,49
11583,505821,49
11584,505822,49
11585,505823,49
11586,505824,49
11587,505825,49
11588,505829,49
11589,505830,49
11590,505831,49
11591,505832,49
11592,505833,49
11593,505834,49
11594,505835,49
11595,505836,49
11596,505837,49
11597,505838,49
11598,505839,49
11599,505840,49
11600,505841,49
11601,505842,49
11602,505843,49
11603,505844,49
11604,505849,49
11605,505850,49
11606,505851,49
11607,505852,49
11608,505853,49
11609,505854,49
11610,505855,49
11611,505856,49
11612,505857,49
11613,505858,49
11614,505859,49
11615,505860,49
11616,505861,49
11617,505862,49
11618,505863,49
11619,505864,49
11620,505865,49
11621,505866,49
11622,505867,49
11623,505868,49
11624,505869,49
11625,505870,49
11626,505871,49
11627,505872,49
11628,505873,49
11629,505874,49
11630,505875,49
11631,505876,49
11632,505877,49
11633,505878,49
11634,505879,49
11635,505880,49
11636,505881,49
11637,505882,49
11638,505883,49
11639,505884,49
11640,505885,49
11641,505886,49
11642,505887,49
11643,505888,49
11644,505889,49
11645,505890,49
11646,505891,49
11647,505892,49
11648,505893,49
11649,505894,49
11650,505895,49
11651,505896,49
11652,505897,49
11653,505898,49
11654,505899,49
11655,505900,49
11656,505901,49
11657,505902,49
11658,505903,49
11659,505904,49
11660,505905,49
11661,505906,49
11662,505907,49
11663,505908,49
11664,505909,49
11665,505910,49
11666,505911,49
11667,505912,49
11668,505913,49
11669,505914,49
11670,505915,49
11671,505916,49
11672,505917,49
11673,505918,49
11674,505919,49
11675,505920,49
11676,505921,49
11677,505922,49
11678,505923,49
11679,505924,49
11680,505925,49
11681,505926,49
11682,505927,49
11683,505928,49
11684,505929,49
11685,505930,49
11686,505931,49
11687,505932,49
11688,505933,49
11689,505934,49
11690,505935,49
11691,505936,49
11692,505937,49
11693,505938,49
11694,505939,49
11695,505940,49
11696,505941,49
11697,505942,49
11698,505943,49
11699,505944,49
11700,505945,49
11701,505946,49
11702,505947,49
11703,505948,49
11704,505949,49
11705,505950,49
11706,505951,49
11707,505952,49
11708,505953,49
11709,505954,49
11710,505955,49
11711,505956,49
11712,505957,49
11713,505958,49
11714,505959,49
11715,505960,49
11716,505961,49
11717,505962,49
11718,505963,49
11719,505964,49
11720,505965,49
11721,505966,49
11722,505967,49
11723,505968,49
11724,505969,49
11725,505970,49
11726,505971,49
11727,505972,49
11728,505973,49
11729,505974,49
11730,505975,49
11731,505976,49
11732,505977,49
11733,505978,49
11734,505979,49
11735,505980,49
11736,505981,49
11737,505982,49
11738,505983,49
11739,505984,49
11740,505985,49
11741,505986,49
11742,505987,49
11743,505988,49
11744,505989,49
11745,505990,49
11746,505991,49
11747,505992,49
11748,505993,49
11749,505994,49
11750,505995,49
11751,505996,49
11752,505997,49
11753,505998,49
11754,505999,49
11755,506000,49
11756,506001,49
11757,506002,49
11758,506003,49
11759,506004,49
11760,506005,49
11761,506006,49
11762,506007,49
11763,506008,49
11764,506009,49
11765,506010,49
11766,506011,49
11767,506012,49
11768,506013,49
11769,506014,49
11770,506015,49
11771,506016,49
11772,506017,49
11773,506018,49
11774,506019,49
11775,506020,49
11776,506021,49
11777,506022,49
11778,506023,49
11779,506024,49
11780,506025,49
11781,506026,49
11782,506027,49
11783,506028,49
11784,506029,49
11785,506030,49
11786,506031,49
11787,506032,49
11788,506033,49
11789,506034,49
11790,506035,49
11791,506036,49
11792,506037,49
11793,506038,49
11794,506039,49
11795,506040,49
11796,506041,49
11797,506042,49
11798,506043,49
11799,506044,49
11800,506045,49
11801,506046,49
11802,506047,49
11803,506048,49
11804,506049,49
11805,506050,49
11806,506051,49
11807,506052,49
11808,506053,49
11809,506054,49
11810,506055,49
11811,506056,49
11812,506057,49
11813,506058,49
11814,506059,49
11815,506060,49
11816,506061,49
11817,506062,49
11818,506063,49
11819,506064,49
11820,506065,49
11821,506066,49
11822,506067,49
11823,506068,49
11824,506069,49
11825,506070,49
11826,506071,49
11827,506072,49
11828,506073,49
11829,506074,49
11830,506075,49
11831,506076,49
11832,506077,49
11833,506078,49
11834,506079,49
11835,506080,49
11836,506081,49
11837,506082,49
11838,506083,49
11839,506084,49
11840,506085,49
11841,506086,49
11842,506087,49
11843,506088,49
11844,506089,49
11845,506090,49
11846,506091,49
11847,506092,49
11848,506093,49
11849,506094,49
11850,506095,49
11851,506096,49
11852,506097,49
11853,506098,49
11854,506099,49
11855,506102,49
11856,506103,49
11857,506104,49
11858,506105,49
11859,506106,49
11860,506107,49
11861,506111,49
11862,506112,49
11863,506114,49
11864,506128,49
11865,506129,49
11866,506130,49
11867,506131,49
11868,506136,49
11869,506137,49
11870,506138,49
11871,506139,49
11872,506140,49
11873,506141,49
11874,506142,49
11875,506143,49
11876,506144,49
11877,506145,49
11878,506146,49
11879,506147,49
11880,506148,49
11881,506149,49
11882,506150,49
11883,506151,49
11884,506152,49
11885,506153,49
11886,506154,49
11887,506155,49
11888,506156,49
11889,506157,49
11890,506158,49
11891,506159,49
11892,506160,49
11893,506161,49
11894,506162,49
11895,506163,49
11896,506164,49
11897,506165,49
11898,506166,49
11899,506167,49
11900,506168,49
11901,506169,49
11902,506170,49
11903,506171,49
11904,506172,49
11905,506173,49
11906,506174,49
11907,506175,49
11908,506176,49
11909,506177,49
11910,506178,49
11911,506179,49
11912,506180,49
11913,506181,49
11914,506182,49
11915,506183,49
11916,506184,49
11917,506185,49
11918,506186,49
11919,506187,49
11920,506188,49
11921,506189,49
11922,506190,49
11923,506191,49
11924,506192,49
11925,506193,49
11926,506194,49
11927,506195,49
11928,506196,49
11929,506197,49
11930,506198,49
11931,506199,49
11932,506200,49
11933,506201,49
11934,506202,49
11935,506203,49
11936,506204,49
11937,506205,49
11938,506206,49
11939,506207,49
11940,506208,49
11941,506209,49
11942,506210,49
11943,506211,49
11944,506212,49
11945,506213,49
11946,506214,49
11947,506215,49
11948,506216,49
11949,506217,49
11950,506218,49
11951,506219,49
11952,506220,49
11953,506221,49
11954,506222,49
11955,506223,49
11956,506224,49
11957,506225,49
11958,506226,49
11959,506227,49
11960,506228,49
11961,506229,49
11962,506230,49
11963,506231,49
11964,506234,49
11965,506235,49
11966,506236,49
11967,506237,49
11968,506238,49
11969,506239,49
11970,506240,49
11971,506241,49
11972,506242,49
11973,506243,49
11974,506244,49
11975,506245,49
11976,506246,49
11977,506247,49
11978,506248,49
11979,506249,49
11980,506250,49
11981,506251,49
11982,506252,49
11983,506253,49
11984,506254,49
11985,506255,49
11986,506256,49
11987,506257,49
11988,506258,49
11989,506259,49
11990,506260,49
11991,506261,49
11992,506262,49
11993,506263,49
11994,506264,49
11995,506265,49
11996,506266,49
11997,506267,49
11998,506268,49
11999,506269,49
12000,506270,49
12001,506271,49
12002,506272,49
12003,506273,49
12004,506274,49
12005,506275,49
12006,506276,49
12007,506277,49
12008,506278,49
12009,506279,49
12010,506280,49
12011,506281,49
12012,506282,49
12013,506289,49
12014,506290,49
12015,506291,49
12016,506292,49
12017,506293,49
12018,506294,49
12019,506295,49
12020,506296,49
12021,506299,49
12022,506300,49
12023,506301,49
12024,506302,49
12025,506308,49
12026,506309,49
12027,506310,49
12028,506311,49
12029,506312,49
12030,506313,49
12031,506314,49
12032,506315,49
12033,506316,49
12034,506317,49
12035,506318,49
12036,506319,49
12037,506320,49
12038,506321,49
12039,506322,49
12040,506323,49
12041,506324,49
12042,506325,49
12043,506326,49
12044,506327,49
12045,506328,49
12046,506329,49
12047,506330,49
12048,506331,49
12049,506332,49
12050,506333,49
12051,506334,49
12052,506339,49
12053,506340,49
12054,506341,49
12055,506342,49
12056,506343,49
12057,506344,49
12058,506345,49
12059,506346,49
12060,506347,49
12061,506348,49
12062,506349,49
12063,506350,49
12064,506351,49
12065,506352,49
12066,506353,49
12067,506354,49
12068,506355,49
12069,506370,49
12070,506371,49
12071,506383,49
12072,506384,49
12073,506385,49
12074,506386,49
12075,506387,49
12076,506388,49
12077,506389,49
12078,506390,49
12079,506391,49
12080,506392,49
12081,506393,49
12082,506394,49
12083,506395,49
12084,506396,49
12085,506397,49
12086,506398,49
12087,506399,49
12088,506400,49
12089,506401,49
12090,506408,49
12091,506409,49
12092,506410,49
12093,506411,49
12094,506412,49
12095,506413,49
12096,506414,49
12097,506415,49
12098,506416,49
12099,506417,49
12100,506418,49
12101,506419,49
12102,506420,49
12103,506421,49
12104,506422,49
12105,506423,49
12106,506424,49
12107,506425,49
12108,506426,49
12109,506427,49
12110,506428,49
12111,506429,49
12112,506430,49
12113,506431,49
12114,506432,49
12115,506433,49
12116,506434,49
12117,506435,49
12118,506436,49
12119,506437,49
12120,506438,49
12121,506439,49
12122,506443,49
12123,506444,49
12124,506445,49
12125,506446,49
12126,506451,49
12127,506452,49
12128,506453,49
12129,506454,49
12130,506455,49
12131,506456,49
12132,506457,49
12133,506458,49
12134,506459,49
12135,506460,49
12136,506461,49
12137,506462,49
12138,506463,49
12139,506464,49
12140,506465,49
12141,506466,49
12142,506467,49
12143,506468,49
12144,506469,49
12145,506470,49
12146,506471,49
12147,506472,49
12148,506473,49
12149,506474,49
12150,506475,49
12151,506476,49
12152,506477,49
12153,506478,49
12154,506479,49
12155,506480,49
12156,506481,49
12157,506482,49
12158,506483,49
12159,506484,49
12160,506485,49
12161,506486,49
12162,506487,49
12163,506488,49
12164,506489,49
12165,506490,49
12166,506491,49
12167,506492,49
12168,506493,49
12169,506494,49
12170,506495,49
12171,506496,49
12172,506497,49
12173,506498,49
12174,506499,49
12175,506500,49
12176,506501,49
12177,506502,49
12178,506503,49
12179,506504,49
12180,506505,49
12181,506506,49
12182,506507,49
12183,506508,49
12184,506509,49
12185,506510,49
12186,506511,49
12187,506512,49
12188,506513,49
12189,506514,49
12190,506515,49
12191,506516,49
12192,506517,49
12193,506518,49
12194,506519,49
12195,506520,49
12196,506521,49
12197,506522,49
12198,506523,49
12199,506524,49
12200,506525,49
12201,506526,49
12202,506527,49
12203,506528,49
12204,506529,49
12205,506530,49
12206,506531,49
12207,506532,49
12208,506533,49
12209,506534,49
12210,506535,49
12211,506536,49
12212,506537,49
12213,506538,49
12214,506539,49
12215,506540,49
12216,506541,49
12217,506542,49
12218,506543,49
12219,506544,49
12220,506545,49
12221,506546,49
12222,506547,49
12223,506548,49
12224,506549,49
12225,506550,49
12226,506551,49
12227,506552,49
12228,506553,49
12229,506554,49
12230,506555,49
12231,506556,49
12232,506557,49
12233,506558,49
12234,506559,49
12235,506560,49
12236,506561,49
12237,506562,49
12238,506563,49
12239,506564,49
12240,506565,49
12241,506566,49
12242,506567,49
12243,506568,49
12244,506569,49
12245,506570,49
12246,506571,49
12247,506572,49
12248,506573,49
12249,506574,49
12250,506575,49
12251,506576,49
12252,506577,49
12253,506578,49
12254,506579,49
12255,506580,49
12256,506581,49
12257,506582,49
12258,506583,49
12259,506584,49
12260,506585,49
12261,506586,49
12262,506587,49
12263,506588,49
12264,506589,49
12265,506590,49
12266,506591,49
12267,506592,49
12268,506593,49
12269,506594,49
12270,506595,49
12271,506596,49
12272,506597,49
12273,506598,49
12274,506599,49
12275,506600,49
12276,506601,49
12277,506602,49
12278,506603,49
12279,506604,49
12280,506605,49
12281,506606,49
12282,506607,49
12283,506608,49
12284,506609,49
12285,506610,49
12286,506611,49
12287,506612,49
12288,506621,49
12289,506622,49
12290,506623,49
12291,506624,49
12292,506625,49
12293,506626,49
12294,506627,49
12295,506628,49
12296,506629,49
12297,506630,49
12298,506631,49
12299,506632,49
12300,506633,49
12301,506634,49
12302,506635,49
12303,506636,49
12304,506637,49
12305,506638,49
12306,506639,49
12307,506640,49
12308,506641,49
12309,506642,49
12310,506643,49
12311,506644,49
12312,506645,49
12313,506646,49
12314,506647,49
12315,506648,49
12316,506649,49
12317,506650,49
12318,506651,49
12319,506652,49
12320,506653,49
12321,506654,49
12322,506655,49
12323,506656,49
12324,506657,49
12325,506658,49
12326,506659,49
12327,506660,49
12328,506661,49
12329,506662,49
12330,506663,49
12331,506664,49
12332,506665,49
12333,506666,49
12334,506667,49
12335,506668,49
12336,506669,49
12337,506670,49
12338,506671,49
12339,506672,49
12340,506673,49
12341,506674,49
12342,506675,49
12343,506676,49
12344,506677,49
12345,506678,49
12346,506679,49
12347,506680,49
12348,506681,49
12349,506682,49
12350,506683,49
12351,506684,49
12352,506685,49
12353,506686,49
12354,506687,49
12355,506688,49
12356,506689,49
12357,506690,49
12358,506691,49
12359,506692,49
12360,506693,49
12361,506694,49
12362,506695,49
12363,506696,49
12364,506697,49
12365,506698,49
12366,506699,49
12367,506700,49
12368,506701,49
12369,506702,49
12370,506703,49
12371,506704,49
12372,506705,49
12373,506706,49
12374,506707,49
12375,506708,49
12376,506709,49
12377,506710,49
12378,506711,49
12379,506712,49
12380,506713,49
12381,506714,49
12382,506715,49
12383,506716,49
12384,506717,49
12385,506718,49
12386,506719,49
12387,506720,49
12388,506721,49
12389,506722,49
12390,506723,49
12391,506724,49
12392,506725,49
12393,506726,49
12394,506727,49
12395,506728,49
12396,506729,49
12397,506730,49
12398,506731,49
12399,506732,49
12400,506733,49
12401,506734,49
12402,506735,49
12403,506736,49
12404,506737,49
12405,506738,49
12406,506739,49
12407,506740,49
12408,506741,49
12409,506742,49
12410,506743,49
12411,506744,49
12412,506745,49
12413,506746,49
12414,506747,49
12415,506748,49
12416,506749,49
12417,506750,49
12418,506751,49
12419,506752,49
12420,506753,49
12421,506754,49
12422,506755,49
12423,506756,49
12424,506757,49
12425,506758,49
12426,506759,49
12427,506760,49
12428,506761,49
12429,506762,49
12430,506763,49
12431,506764,49
12432,506765,49
12433,506766,49
12434,506767,49
12435,506768,49
12436,506769,49
12437,506770,49
12438,506771,49
12439,506772,49
12440,506773,49
12441,506774,49
12442,506795,49
12443,506796,49
12444,506797,49
12445,506798,49
12446,506799,49
12447,506800,49
12448,506801,49
12449,506802,49
12450,506803,49
12451,506804,49
12452,506805,49
12453,506806,49
12454,506807,49
12455,506808,49
12456,506809,49
12457,506814,49
12458,506815,49
12459,506816,49
12460,506817,49
12461,506818,49
12462,506819,49
12463,506820,49
12464,506821,49
12465,506822,49
12466,506823,49
12467,506824,49
12468,506825,49
12469,506826,49
12470,506827,49
12471,506828,49
12472,506829,49
12473,506830,49
12474,506831,49
12475,506832,49
12476,506833,49
12477,506834,49
12478,506835,49
12479,506836,49
12480,506837,49
12481,506838,49
12482,506839,49
12483,506840,49
12484,506841,49
12485,506842,49
12486,506843,49
12487,506844,49
12488,506845,49
12489,506846,49
12490,506847,49
12491,506848,49
12492,506849,49
12493,506850,49
12494,506851,49
12495,506852,49
12496,506853,49
12497,506854,49
12498,506855,49
12499,506856,49
12500,506857,49
12501,506858,49
12502,506859,49
12503,506860,49
12504,506861,49
12505,506862,49
12506,506863,49
12507,506864,49
12508,506865,49
12509,506866,49
12510,506867,49
12511,506868,49
12512,506869,49
12513,506870,49
12514,506871,49
12515,506872,49
12516,506873,49
12517,506874,49
12518,506875,49
12519,506876,49
12520,506877,49
12521,506878,49
12522,506879,49
12523,506880,49
12524,506881,49
12525,506889,49
12526,506890,49
12527,506891,49
12528,506892,49
12529,506893,49
12530,506894,49
12531,506895,49
12532,506896,49
12533,506897,49
12534,506898,49
12535,506899,49
12536,506900,49
12537,506901,49
12538,506902,49
12539,506903,49
12540,506906,49
12541,506907,49
12542,506908,49
12543,506909,49
12544,506910,49
12545,506911,49
12546,506912,49
12547,506913,49
12548,506914,49
12549,506915,49
12550,506916,49
12551,506917,49
12552,506918,49
12553,506925,49
12554,506926,49
12555,506929,49
12556,506930,49
12557,506931,49
12558,506932,49
12559,506933,49
12560,506934,49
12561,506935,49
12562,506936,49
12563,506940,49
12564,506941,49
12565,506942,49
12566,506943,49
12567,506944,49
12568,506945,49
12569,506946,49
12570,506947,49
12571,506952,49
12572,506955,49
12573,506956,49
12574,506957,49
12575,506958,49
12576,506959,49
12577,506960,49
12578,506961,49
12579,506962,49
12580,506963,49
12581,506964,49
12582,506965,49
12583,506966,49
12584,506967,49
12585,506968,49
12586,506969,49
12587,506970,49
12588,506971,49
12589,506972,49
12590,506973,49
12591,506974,49
12592,506975,49
12593,506976,49
12594,506977,49
12595,506978,49
12596,506979,49
12597,506980,49
12598,506981,49
12599,506982,49
12600,506983,49
12601,506984,49
12602,506985,49
12603,506986,49
12604,506987,49
12605,507003,49
12606,507004,49
12607,507005,49
12608,507006,49
12609,507007,49
12610,507008,49
12611,507009,49
12612,507010,49
12613,507011,49
12614,507012,49
12615,507013,49
12616,507014,49
12617,507015,49
12618,507016,49
12619,507017,49
12620,507018,49
12621,507023,49
12622,507024,49
12623,507025,49
12624,507026,49
12625,507027,49
12626,507028,49
12627,507029,49
12628,507030,49
12629,507031,49
12630,507032,49
12631,507033,49
12632,507034,49
12633,507035,49
12634,507036,49
12635,507039,49
12636,507040,49
12637,507041,49
12638,507042,49
12639,507043,49
12640,507044,49
12641,507045,49
12642,507046,49
12643,507047,49
12644,507048,49
12645,507049,49
12646,507050,49
12647,507051,49
12648,507052,49
12649,507053,49
12650,507086,49
12651,507087,49
12652,507088,49
12653,507089,49
12654,507093,49
12655,507094,49
12656,507095,49
12657,507096,49
12658,507097,49
12659,507098,49
12660,507108,49
12661,507109,49
12662,507110,49
12663,507111,49
12664,507112,49
12665,507113,49
12666,507114,49
12667,507115,49
12668,507116,49
12669,507117,49
12670,507118,49
12671,507119,49
12672,507120,49
12673,507121,49
12674,507122,49
12675,507123,49
12676,507124,49
12677,507125,49
12678,507126,49
12679,507127,49
12680,507128,49
12681,507129,49
12682,507130,49
12683,507131,49
12684,507132,49
12685,507133,49
12686,507134,49
12687,507135,49
12688,507136,49
12689,507137,49
12690,507138,49
12691,507139,49
12692,507140,49
12693,507141,49
12694,507142,49
12695,507143,49
12696,507149,49
12697,507150,49
12698,507153,49
12699,507155,49
12700,507156,49
12701,507157,49
12702,507158,49
12703,507159,49
12704,507160,49
12705,507161,49
12706,507162,49
12707,507165,49
12708,507166,49
12709,507167,49
12710,507168,49
12711,507169,49
12712,507170,49
12713,507171,49
12714,507172,49
12715,507173,49
12716,507174,49
12717,507175,49
12718,507176,49
12719,507177,49
12720,507178,49
12721,507179,49
12722,507180,49
12723,507181,49
12724,507182,49
12725,507183,49
12726,507184,49
12727,507185,49
12728,507186,49
12729,507187,49
12730,507188,49
12731,507189,49
12732,507190,49
12733,507191,49
12734,507192,49
12735,507193,49
12736,507194,49
12737,507195,49
12738,507196,49
12739,507197,49
12740,507198,49
12741,507199,49
12742,507200,49
12743,507201,49
12744,507202,49
12745,507203,49
12746,507204,49
12747,507212,49
12748,507213,49
12749,507214,49
12750,507215,49
12751,507216,49
12752,507223,49
12753,507224,49
12754,507225,49
12755,507226,49
12756,507227,49
12757,507228,49
12758,507229,49
12759,507230,49
12760,507231,49
12761,507232,49
12762,507233,49
12763,507234,49
12764,507235,49
12765,507236,49
12766,507237,49
12767,507238,49
12768,507239,49
12769,507240,49
12770,507241,49
12771,507242,49
12772,507243,49
12773,507244,49
12774,507245,49
12775,507246,49
12776,507247,49
12777,507248,49
12778,507249,49
12779,507250,49
12780,507251,49
12781,507252,49
12782,507253,49
12783,507254,49
12784,507255,49
12785,507256,49
12786,507257,49
12787,507270,49
12788,507271,49
12789,507272,49
12790,507273,49
12791,507274,49
12792,507275,49
12793,507276,49
12794,507277,49
12795,507278,49
12796,507279,49
12797,507287,49
12798,507288,49
12799,507292,49
12800,507293,49
12801,507294,49
12802,507295,49
12803,507296,49
12804,507297,49
12805,507298,49
12806,507299,49
12807,507300,49
12808,507301,49
12809,507302,49
12810,507303,49
12811,507304,49
12812,507305,49
12813,507306,49
12814,507307,49
12815,507308,49
12816,507309,49
12817,507310,49
12818,507311,49
12819,507312,49
12820,507313,49
12821,507314,49
12822,507315,49
12823,507316,49
12824,507317,49
12825,507318,49
12826,507319,49
12827,507320,49
12828,507321,49
12829,507322,49
12830,507323,49
12831,507324,49
12832,507325,49
12833,507326,49
12834,507327,49
12835,507328,49
12836,507329,49
12837,507330,49
12838,507331,49
12839,507332,49
12840,507333,49
12841,507334,49
12842,507335,49
12843,507336,49
12844,507337,49
12845,507338,49
12846,507339,49
12847,507340,49
12848,507341,49
12849,507342,49
12850,507343,49
12851,507344,49
12852,507345,49
12853,507346,49
12854,507347,49
12855,507348,49
12856,507349,49
12857,507350,49
12858,507351,49
12859,507352,49
12860,507353,49
12861,507354,49
12862,507355,49
12863,507356,49
12864,507357,49
12865,507358,49
12866,507359,49
12867,507360,49
12868,507361,49
12869,507362,49
12870,507363,49
12871,507364,49
12872,507365,49
12873,507366,49
12874,507367,49
12875,507368,49
12876,507369,49
12877,507370,49
12878,507371,49
12879,507372,49
12880,507373,49
12881,507374,49
12882,507375,49
12883,507376,49
12884,507377,49
12885,507378,49
12886,507379,49
12887,507380,49
12888,507381,49
12889,507382,49
12890,507383,49
12891,507391,49
12892,507392,49
12893,507393,49
12894,507394,49
12895,507395,49
12896,507396,49
12897,507397,49
12898,507398,49
12899,507399,49
12900,507400,49
12901,507401,49
12902,507402,49
12903,507403,49
12904,507404,49
12905,507405,49
12906,507406,49
12907,507407,49
12908,507408,49
12909,507409,49
12910,507410,49
12911,507411,49
12912,507412,49
12913,507413,49
12914,507414,49
12915,507415,49
12916,507416,49
12917,507417,49
12918,507418,49
12919,507419,49
12920,507432,49
12921,507433,49
12922,507434,49
12923,507435,49
12924,507436,49
12925,507437,49
12926,507438,49
12927,507439,49
12928,507440,49
12929,507441,49
12930,507442,49
12931,507443,49
12932,507444,49
12933,507445,49
12934,507446,49
12935,507447,49
12936,507448,49
12937,507449,49
12938,507450,49
12939,507451,49
12940,507452,49
12941,507453,49
12942,507454,49
12943,507455,49
12944,507456,49
12945,507457,49
12946,507458,49
12947,507459,49
12948,507460,49
12949,507461,49
12950,507462,49
12951,507463,49
12952,507464,49
12953,507465,49
12954,507466,49
12955,507467,49
12956,507468,49
12957,507469,49
12958,507470,49
12959,507471,49
12960,507472,49
12961,507473,49
12962,507474,49
12963,507475,49
12964,507476,49
12965,507477,49
12966,507478,49
12967,507479,49
12968,507480,49
12969,507481,49
12970,507482,49
12971,507483,49
12972,507484,49
12973,507485,49
12974,507486,49
12975,507487,49
12976,507488,49
12977,507489,49
12978,507490,49
12979,507491,49
12980,507492,49
12981,507493,49
12982,507494,49
12983,507495,49
12984,507496,49
12985,507497,49
12986,507498,49
12987,507499,49
12988,507500,49
12989,507501,49
12990,507502,49
12991,507503,49
12992,507504,49
12993,507515,49
12994,507516,49
12995,507517,49
12996,507518,49
12997,507519,49
12998,507520,49
12999,507521,49
13000,507522,49
13001,507523,49
13002,507524,49
13003,507525,49
13004,507526,49
13005,507527,49
13006,507528,49
13007,507529,49
13008,507530,49
13009,507531,49
13010,507532,49
13011,507533,49
13012,507534,49
13013,507535,49
13014,507536,49
13015,507537,49
13016,507538,49
13017,507539,49
13018,507540,49
13019,507541,49
13020,507542,49
13021,507543,49
13022,507544,49
13023,507545,49
13024,507546,49
13025,507547,49
13026,507548,49
13027,507549,49
13028,507550,49
13029,507551,49
13030,507552,49
13031,507553,49
13032,507554,49
13033,507555,49
13034,507556,49
13035,507557,49
13036,507558,49
13037,507559,49
13038,507560,49
13039,507561,49
13040,507562,49
13041,507563,49
13042,507564,49
13043,507565,49
13044,507566,49
13045,507567,49
13046,507568,49
13047,507569,49
13048,507570,49
13049,507571,49
13050,507572,49
13051,507573,49
13052,507574,49
13053,507575,49
13054,507576,49
13055,507577,49
13056,507578,49
13057,507579,49
13058,507580,49
13059,507581,49
13060,507582,49
13061,507583,49
13062,507584,49
13063,507585,49
13064,507586,49
13065,507587,49
13066,507588,49
13067,507589,49
13068,507590,49
13069,507591,49
13070,507592,49
13071,507593,49
13072,507594,49
13073,507595,49
13074,507596,49
13075,507597,49
13076,507598,49
13077,507599,49
13078,507600,49
13079,507601,49
13080,507602,49
13081,507603,49
13082,507604,49
13083,507605,49
13084,507606,49
13085,507607,49
13086,507608,49
13087,507609,49
13088,507610,49
13089,507611,49
13090,507612,49
13091,507613,49
13092,507614,49
13093,507615,49
13094,507616,49
13095,507617,49
13096,507618,49
13097,507619,49
13098,507620,49
13099,507621,49
13100,507622,49
13101,507623,49
13102,507624,49
13103,507625,49
13104,507626,49
13105,507627,49
13106,507628,49
13107,507629,49
13108,507630,49
13109,507631,49
13110,507632,49
13111,507633,49
13112,507634,49
13113,507635,49
13114,507636,49
13115,507637,49
13116,507638,49
13117,507639,49
13118,507640,49
13119,507641,49
13120,507642,49
13121,507643,49
13122,507644,49
13123,507645,49
13124,507646,49
13125,507647,49
13126,507648,49
13127,507649,49
13128,507650,49
13129,507651,49
13130,507652,49
13131,507653,49
13132,507654,49
13133,507655,49
13134,507656,49
13135,507657,49
13136,507658,49
13137,507659,49
13138,507660,49
13139,507661,49
13140,507662,49
13141,507663,49
13142,507664,49
13143,507665,49
13144,507666,49
13145,507667,49
13146,507668,49
13147,507669,49
13148,507670,49
13149,507671,49
13150,507672,49
13151,507673,49
13152,507674,49
13153,507675,49
13154,507676,49
13155,507677,49
13156,507678,49
13157,507679,49
13158,507680,49
13159,507681,49
13160,507682,49
13161,507683,49
13162,507684,49
13163,507685,49
13164,507686,49
13165,507687,49
13166,507688,49
13167,507689,49
13168,507690,49
13169,507691,49
13170,507692,49
13171,507693,49
13172,507694,49
13173,507731,49
13174,507762,49
13175,507763,49
13176,507764,49
13177,507765,49
13178,507773,49
13179,507774,49
13180,507775,49
13181,507776,49
13182,507777,49
13183,507778,49
13184,507779,49
13185,507780,49
13186,507781,49
13187,507782,49
13188,507783,49
13189,507784,49
13190,507785,49
13191,507786,49
13192,507787,49
13193,507788,49
13194,507789,49
13195,507790,49
13196,507791,49
13197,507792,49
13198,507793,49
13199,507804,49
13200,507805,49
13201,507806,49
13202,507807,49
13203,507808,49
13204,507809,49
13205,507810,49
13206,507811,49
13207,507812,49
13208,507813,49
13209,507814,49
13210,507815,49
13211,507816,49
13212,507817,49
13213,507818,49
13214,507819,49
13215,507820,49
13216,507821,49
13217,507822,49
13218,507823,49
13219,507824,49
13220,507825,49
13221,507826,49
13222,507827,49
13223,507828,49
13224,507829,49
13225,507830,49
13226,507831,49
13227,507832,49
13228,507833,49
13229,507834,49
13230,507835,49
13231,507836,49
13232,507837,49
13233,507838,49
13234,507839,49
13235,507840,49
13236,507841,49
13237,507842,49
13238,507843,49
13239,507844,49
13240,507853,49
13241,507854,49
13242,507855,49
13243,507856,49
13244,507857,49
13245,507858,49
13246,507859,49
13247,507860,49
13248,507861,49
13249,507862,49
13250,507863,49
13251,507864,49
13252,507865,49
13253,507866,49
13254,507867,49
13255,507868,49
13256,507875,49
13257,507877,49
13258,507885,49
13259,507886,49
13260,507887,49
13261,507888,49
13262,507889,49
13263,507890,49
13264,507891,49
13265,507892,49
13266,507929,49
13267,507930,49
13268,507931,49
13269,507932,49
13270,507933,49
13271,507934,49
13272,507935,49
13273,507936,49
13274,507937,49
13275,507938,49
13276,507939,49
13277,507940,49
13278,507941,49
13279,507942,49
13280,507943,49
13281,507944,49
13282,507945,49
13283,507946,49
13284,507947,49
13285,507948,49
13286,507949,49
13287,507950,49
13288,507951,49
13289,507952,49
13290,507953,49
13291,507954,49
13292,507955,49
13293,507956,49
13294,507957,49
13295,507958,49
13296,507959,49
13297,507960,49
13298,507961,49
13299,507962,49
13300,507963,49
13301,507964,49
13302,507965,49
13303,507966,49
13304,507967,49
13305,507968,49
13306,507969,49
13307,507970,49
13308,507971,49
13309,507972,49
13310,507973,49
13311,507974,49
13312,507975,49
13313,507976,49
13314,508009,49
13315,508010,49
13316,508011,49
13317,508012,49
13318,508013,49
13319,508014,49
13320,508015,49
13321,508016,49
13322,508017,49
13323,508018,49
13324,508019,49
13325,508020,49
13326,508021,49
13327,508022,49
13328,508023,49
13329,508024,49
13330,508025,49
13331,508026,49
13332,508027,49
13333,508028,49
13334,508029,49
13335,508030,49
13336,508031,49
13337,508032,49
13338,508033,49
13339,508034,49
13340,508035,49
13341,508036,49
13342,508037,49
13343,508038,49
13344,508039,49
13345,508040,49
13346,508046,49
13347,508047,49
13348,508048,49
13349,508049,49
13350,508052,49
13351,508053,49
13352,508054,49
13353,508055,49
13354,508056,49
13355,508057,49
13356,508058,49
13357,508059,49
13358,508060,49
13359,508061,49
13360,508062,49
13361,508063,49
13362,508064,49
13363,508065,49
13364,508066,49
13365,508067,49
13366,508104,49
13367,508105,49
13368,508110,49
13369,508111,49
13370,508112,49
13371,508113,49
13372,508114,49
13373,508115,49
13374,508116,49
13375,508117,49
13376,508121,49
13377,508122,49
13378,508123,49
13379,508124,49
13380,508125,49
13381,508126,49
13382,508127,49
13383,508128,49
13384,508129,49
13385,508130,49
13386,508131,49
13387,508132,49
13388,508133,49
13389,508134,49
13390,508138,49
13391,508139,49
13392,508140,49
13393,508141,49
13394,508142,49
13395,508143,49
13396,508144,49
13397,508145,49
13398,508146,49
13399,508147,49
13400,508148,49
13401,508149,49
13402,508150,49
13403,508151,49
13404,508152,49
13405,508153,49
13406,508154,49
13407,508155,49
13408,508156,49
13409,508157,49
13410,508158,49
13411,508159,49
13412,508162,49
13413,508169,49
13414,508170,49
13415,508171,49
13416,508172,49
13417,508173,49
13418,508174,49
13419,508184,49
13420,508185,49
13421,508186,49
13422,508187,49
13423,508194,49
13424,508195,49
13425,508212,49
13426,508213,49
13427,508214,49
13428,508215,49
13429,508216,49
13430,508217,49
13431,508218,49
13432,508230,49
13433,508231,49
13434,508232,49
13435,508233,49
13436,508234,49
13437,508235,49
13438,508236,49
13439,508237,49
13440,508238,49
13441,508239,49
13442,508240,49
13443,508241,49
13444,508268,49
13445,508269,49
13446,508270,49
13447,508271,49
13448,508272,49
13449,508273,49
13450,508274,49
13451,508275,49
13452,508276,49
13453,508277,49
13454,508278,49
13455,508279,49
13456,508280,49
13457,508281,49
13458,508282,49
13459,508283,49
13460,508284,49
13461,508285,49
13462,508302,49
13463,508303,49
13464,508304,49
13465,508305,49
13466,508306,49
13467,508307,49
13468,508308,49
13469,508309,49
13470,508328,49
13471,508329,49
13472,508331,49
13473,508332,49
13474,508441,49
13475,508442,49
13476,508443,49
13477,508444,49
13478,508445,49
13479,508446,49
13480,508447,49
13481,508448,49
13482,508459,49
13483,508460,49
13484,508461,49
13485,508462,49
13486,508463,49
13487,508464,49
13488,508465,49
13489,508466,49
13490,508467,49
13491,508468,49
13492,508469,49
13493,508470,49
13494,508471,49
13495,508472,49
13496,508473,49
13497,508474,49
13498,508480,49
13499,508481,49
13500,508506,49
13501,508507,49
13502,508508,49
13503,508509,49
13504,508510,49
13505,508511,49
13506,508512,49
13507,508513,49
13508,508559,49
13509,508560,49
13510,508561,49
13511,508562,49
13512,508563,49
13513,508564,49
13514,508565,49
13515,508566,49
13516,508567,49
13517,508568,49
13518,508569,49
13519,508570,49
13520,508571,49
13521,508572,49
13522,508573,49
13523,508574,49
13524,508575,49
13525,508576,49
13526,508577,49
13527,508578,49
13528,508579,49
13529,508580,49
13530,508581,49
13531,508582,49
13532,508583,49
13533,508584,49
13534,508585,49
13535,508586,49
13536,508587,49
13537,508588,49
13538,508589,49
13539,508590,49
13540,508591,49
13541,508592,49
13542,508593,49
13543,508594,49
13544,508595,49
13545,508596,49
13546,508597,49
13547,508598,49
13548,508599,49
13549,508600,49
13550,508601,49
13551,508602,49
13552,508603,49
13553,508604,49
13554,508605,49
13555,508606,49
13556,508607,49
13557,508608,49
13558,508609,49
13559,508610,49
13560,508611,49
13561,508612,49
13562,508613,49
13563,508614,49
13564,508615,49
13565,508616,49
13566,508617,49
13567,508618,49
13568,508619,49
13569,508620,49
13570,508621,49
13571,508622,49
13572,508623,49
13573,508671,49
13574,508672,49
13575,508673,49
13576,508674,49
13577,508675,49
13578,508676,49
13579,508677,49
13580,508678,49
13581,508679,49
13582,508680,49
13583,508681,49
13584,508682,49
13585,508683,49
13586,508684,49
13587,508718,49
13588,508719,49
13589,508720,49
13590,508721,49
13591,508722,49
13592,508723,49
13593,508724,49
13594,508725,49
13595,508726,49
13596,508727,49
13597,508728,49
13598,508729,49
13599,508730,49
13600,508731,49
13601,508732,49
13602,508733,49
13603,508734,49
13604,508735,49
13605,508736,49
13606,508737,49
13607,508738,49
13608,508739,49
13609,508740,49
13610,508741,49
13611,508742,49
13612,508743,49
13613,508744,49
13614,508745,49
13615,508746,49
13616,508747,49
13617,508748,49
13618,508749,49
13619,508750,49
13620,508751,49
13621,508752,49
13622,508753,49
13623,508754,49
13624,508755,49
13625,508756,49
13626,508757,49
13627,508758,49
13628,508759,49
13629,508760,49
13630,508761,49
13631,508762,49
13632,508763,49
13633,508764,49
13634,508765,49
13635,508766,49
13636,508767,49
13637,508768,49
13638,508769,49
13639,508770,49
13640,508771,49
13641,508772,49
13642,508773,49
13643,508774,49
13644,508775,49
13645,508776,49
13646,508777,49
13647,508778,49
13648,508779,49
13649,508780,49
13650,508781,49
13651,508782,49
13652,508783,49
13653,508784,49
13654,508785,49
13655,508786,49
13656,508787,49
13657,508788,49
13658,508789,49
13659,508790,49
13660,508791,49
13661,508792,49
13662,508793,49
13663,508794,49
13664,508795,49
13665,508796,49
13666,508797,49
13667,508798,49
13668,508799,49
13669,508800,49
13670,508801,49
13671,508802,49
13672,508803,49
13673,508804,49
13674,508805,49
13675,508806,49
13676,508807,49
13677,508808,49
13678,508809,49
13679,508810,49
13680,508811,49
13681,508812,49
13682,508813,49
13683,508814,49
13684,508815,49
13685,508816,49
13686,508817,49
13687,508818,49
13688,508819,49
13689,508820,49
13690,508821,49
13691,508822,49
13692,508823,49
13693,508824,49
13694,508825,49
13695,508826,49
13696,508827,49
13697,508828,49
13698,508829,49
13699,508830,49
13700,508831,49
13701,508832,49
13702,508833,49
13703,508834,49
13704,508835,49
13705,508836,49
13706,508837,49
13707,508838,49
13708,508839,49
13709,508840,49
13710,508841,49
13711,508842,49
13712,508843,49
13713,508844,49
13714,508845,49
13715,508846,49
13716,508856,49
13717,508857,49
13718,508858,49
13719,508859,49
13720,508860,49
13721,508861,49
13722,508862,49
13723,508863,49
13724,508864,49
13725,508865,49
13726,508866,49
13727,508867,49
13728,508868,49
13729,508869,49
13730,508870,49
13731,508887,49
13732,508888,49
13733,508889,49
13734,508890,49
13735,508891,49
13736,508892,49
13737,508893,49
13738,508894,49
13739,508895,49
13740,508896,49
13741,508897,49
13742,508898,49
13743,508899,49
13744,508900,49
13745,508901,49
13746,508902,49
13747,508903,49
13748,508904,49
13749,508905,49
13750,508906,49
13751,508907,49
13752,508908,49
13753,508909,49
13754,508910,49
13755,508911,49
13756,508912,49
13757,508913,49
13758,508914,49
13759,508915,49
13760,508916,49
13761,508917,49
13762,508918,49
13763,508919,49
13764,508920,49
13765,508921,49
13766,508922,49
13767,508923,49
13768,508924,49
13769,508925,49
13770,508926,49
13771,508927,49
13772,508928,49
13773,508929,49
13774,508930,49
13775,508931,49
13776,508932,49
13777,508933,49
13778,508934,49
13779,508935,49
13780,508936,49
13781,508937,49
13782,508938,49
13783,508939,49
13784,508940,49
13785,508941,49
13786,508951,49
13787,508952,49
13788,508953,49
13789,508954,49
13790,508955,49
13791,508956,49
13792,508962,49
13793,508963,49
13794,508964,49
13795,508965,49
13796,508966,49
13797,508967,49
13798,508968,49
13799,508969,49
13800,508970,49
13801,508971,49
13802,508972,49
13803,508973,49
13804,508974,49
13805,508975,49
13806,508976,49
13807,508977,49
13808,508978,49
13809,508979,49
13810,508980,49
13811,508981,49
13812,508985,49
13813,508986,49
13814,508987,49
13815,508988,49
13816,508989,49
13817,508990,49
13818,508991,49
13819,508994,49
13820,508995,49
13821,508996,49
13822,508997,49
13823,508998,49
13824,508999,49
13825,509000,49
13826,509001,49
13827,509002,49
13828,509003,49
13829,509004,49
13830,509005,49
13831,509006,49
13832,509007,49
13833,509008,49
13834,509009,49
13835,509010,49
13836,509011,49
13837,509012,49
13838,509013,49
13839,509014,49
13840,509015,49
13841,509016,49
13842,509017,49
13843,509018,49
13844,509019,49
13845,509020,49
13846,509021,49
13847,509022,49
13848,509023,49
13849,509024,49
13850,509025,49
13851,509026,49
13852,509027,49
13853,509028,49
13854,509029,49
13855,509030,49
13856,509031,49
13857,509032,49
13858,509033,49
13859,509034,49
13860,509035,49
13861,509036,49
13862,509037,49
13863,509038,49
13864,509039,49
13865,509040,49
13866,509041,49
13867,509042,49
13868,509043,49
13869,509044,49
13870,509045,49
13871,509046,49
13872,509047,49
13873,509048,49
13874,509049,49
13875,509050,49
13876,509051,49
13877,509054,49
13878,509055,49
13879,509059,49
13880,509060,49
13881,509061,49
13882,509062,49
13883,509063,49
13884,509064,49
13885,509065,49
13886,509066,49
13887,509067,49
13888,509068,49
13889,509069,49
13890,509070,49
13891,509071,49
13892,509072,49
13893,509073,49
13894,509074,49
13895,509075,49
13896,509076,49
13897,509077,49
13898,509078,49
13899,509079,49
13900,509080,49
13901,509081,49
13902,509082,49
13903,509083,49
13904,509084,49
13905,509085,49
13906,509086,49
13907,509087,49
13908,509088,49
13909,509089,49
13910,509095,49
13911,509096,49
13912,509097,49
13913,509098,49
13914,509099,49
13915,509100,49
13916,509101,49
13917,509104,49
13918,509105,49
13919,509106,49
13920,509107,49
13921,509108,49
13922,509109,49
13923,509110,49
13924,509111,49
13925,509112,49
13926,509113,49
13927,509114,49
13928,509115,49
13929,509116,49
13930,509117,49
13931,509118,49
13932,509119,49
13933,509120,49
13934,509121,49
13935,509122,49
13936,509123,49
13937,509124,49
13938,509125,49
13939,509126,49
13940,509127,49
13941,509128,49
13942,509129,49
13943,509130,49
13944,509131,49
13945,509132,49
13946,509133,49
13947,509134,49
13948,509135,49
13949,509136,49
13950,509137,49
13951,509138,49
13952,509139,49
13953,509164,49
13954,509165,49
13955,509166,49
13956,509167,49
13957,509168,49
13958,509169,49
13959,509170,49
13960,509171,49
13961,509172,49
13962,509173,49
13963,509174,49
13964,509175,49
13965,509176,49
13966,509177,49
13967,509178,49
13968,509179,49
13969,509180,49
13970,509181,49
13971,509182,49
13972,509183,49
13973,509184,49
13974,509185,49
13975,509186,49
13976,509187,49
13977,509188,49
13978,509189,49
13979,509190,49
13980,509191,49
13981,509192,49
13982,509193,49
13983,509194,49
13984,509195,49
13985,509196,49
13986,509197,49
13987,509198,49
13988,509199,49
13989,509200,49
13990,509201,49
13991,509202,49
13992,509203,49
13993,509204,49
13994,509205,49
13995,509206,49
13996,509207,49
13997,509208,49
13998,509209,49
13999,509210,49
14000,509211,49
14001,509212,49
14002,509213,49
14003,509214,49
14004,509215,49
14005,509216,49
14006,509217,49
14007,509218,49
14008,509219,49
14009,509220,49
14010,509221,49
14011,509222,49
14012,509223,49
14013,509224,49
14014,509225,49
14015,509226,49
14016,509227,49
14017,509228,49
14018,509229,49
14019,509230,49
14020,509231,49
14021,509232,49
14022,509233,49
14023,509234,49
14024,509235,49
14025,509236,49
14026,509237,49
14027,509238,49
14028,509239,49
14029,509240,49
14030,509241,49
14031,509242,49
14032,509243,49
14033,509244,49
14034,509245,49
14035,509246,49
14036,509247,49
14037,509248,49
14038,509249,49
14039,509250,49
14040,509251,49
14041,509252,49
14042,509253,49
14043,509254,49
14044,509255,49
14045,509256,49
14046,509257,49
14047,509258,49
14048,509259,49
14049,509260,49
14050,509261,49
14051,509262,49
14052,509263,49
14053,509264,49
14054,509265,49
14055,509266,49
14056,509267,49
14057,509268,49
14058,509269,49
14059,509270,49
14060,509271,49
14061,509272,49
14062,509273,49
14063,509274,49
14064,509275,49
14065,509276,49
14066,509277,49
14067,509278,49
14068,509279,49
14069,509280,49
14070,509281,49
14071,509282,49
14072,509283,49
14073,509284,49
14074,509285,49
14075,509286,49
14076,509287,49
14077,509290,49
14078,509291,49
14079,509292,49
14080,509293,49
14081,509294,49
14082,509295,49
14083,509296,49
14084,509297,49
14085,509298,49
14086,509299,49
14087,509300,49
14088,509301,49
14089,509302,49
14090,509303,49
14091,509304,49
14092,509305,49
14093,509306,49
14094,509307,49
14095,509308,49
14096,509309,49
14097,509310,49
14098,509311,49
14099,509312,49
14100,509313,49
14101,509314,49
14102,509315,49
14103,509316,49
14104,509317,49
14105,509318,49
14106,509319,49
14107,509320,49
14108,509321,49
14109,509322,49
14110,509323,49
14111,509335,49
14112,509336,49
14113,509337,49
14114,509338,49
14115,509339,49
14116,509340,49
14117,509341,49
14118,509342,49
14119,509343,49
14120,509344,49
14121,509345,49
14122,509346,49
14123,509347,49
14124,509348,49
14125,509349,49
14126,509350,49
14127,509351,49
14128,509352,49
14129,509353,49
14130,509354,49
14131,509355,49
14132,509359,49
14133,509360,49
14134,509365,49
14135,509366,49
14136,509367,49
14137,509368,49
14138,509369,49
14139,509370,49
14140,509371,49
14141,509372,49
14142,509373,49
14143,509374,49
14144,509375,49
14145,509376,49
14146,509377,49
14147,509378,49
14148,509379,49
14149,509380,49
14150,509381,49
14151,509382,49
14152,509383,49
14153,509384,49
14154,509385,49
14155,509386,49
14156,509387,49
14157,509388,49
14158,509389,49
14159,509390,49
14160,509391,49
14161,509392,49
14162,509393,49
14163,509394,49
14164,509395,49
14165,509396,49
14166,509397,49
14167,509398,49
14168,509399,49
14169,509400,49
14170,509401,49
14171,509402,49
14172,509403,49
14173,509404,49
14174,509405,49
14175,509406,49
14176,509407,49
14177,509408,49
14178,509409,49
14179,509410,49
14180,509411,49
14181,509412,49
14182,509413,49
14183,509414,49
14184,509415,49
14185,509416,49
14186,509417,49
14187,509418,49
14188,509419,49
14189,509420,49
14190,509421,49
14191,509422,49
14192,509423,49
14193,509424,49
14194,509425,49
14195,509426,49
14196,509427,49
14197,509428,49
14198,509429,49
14199,509430,49
14200,509431,49
14201,509432,49
14202,509433,49
14203,509434,49
14204,509435,49
14205,509436,49
14206,509437,49
14207,509438,49
14208,509439,49
14209,509440,49
14210,509441,49
14211,509442,49
14212,509443,49
14213,509444,49
14214,509445,49
14215,509446,49
14216,509447,49
14217,509448,49
14218,509449,49
14219,509450,49
14220,509451,49
14221,509452,49
14222,509453,49
14223,509454,49
14224,509455,49
14225,509456,49
14226,509457,49
14227,509458,49
14228,509459,49
14229,509460,49
14230,509461,49
14231,509462,49
14232,509463,49
14233,509464,49
14234,509465,49
14235,509466,49
14236,509467,49
14237,509468,49
14238,509469,49
14239,509470,49
14240,509471,49
14241,509472,49
14242,509473,49
14243,509474,49
14244,509475,49
14245,509476,49
14246,509477,49
14247,509478,49
14248,509484,49
14249,509485,49
14250,509486,49
14251,509487,49
14252,509488,49
14253,509489,49
14254,509490,49
14255,509491,49
14256,509492,49
14257,509493,49
14258,509494,49
14259,509495,49
14260,509496,49
14261,509497,49
14262,509498,49
14263,509499,49
14264,509500,49
14265,509501,49
14266,509502,49
14267,509503,49
14268,509504,49
14269,509505,49
14270,509506,49
14271,509507,49
14272,509508,49
14273,509509,49
14274,509510,49
14275,509511,49
14276,509512,49
14277,509513,49
14278,509514,49
14279,509515,49
14280,509516,49
14281,509517,49
14282,509518,49
14283,509519,49
14284,509520,49
14285,509521,49
14286,509522,49
14287,509523,49
14288,509524,49
14289,509525,49
14290,509526,49
14291,509527,49
14292,509528,49
14293,509529,49
14294,509530,49
14295,509531,49
14296,509532,49
14297,509533,49
14298,509534,49
14299,509535,49
14300,509536,49
14301,509537,49
14302,509538,49
14303,509539,49
14304,509540,49
14305,509541,49
14306,509542,49
14307,509543,49
14308,509544,49
14309,509545,49
14310,509546,49
14311,509547,49
14312,509548,49
14313,509549,49
14314,509550,49
14315,509551,49
14316,509552,49
14317,509553,49
14318,509554,49
14319,509555,49
14320,509556,49
14321,509557,49
14322,509558,49
14323,509559,49
14324,509560,49
14325,509561,49
14326,509562,49
14327,509563,49
14328,509564,49
14329,509565,49
14330,509566,49
14331,509567,49
14332,509568,49
14333,509569,49
14334,509570,49
14335,509571,49
14336,509572,49
14337,509573,49
14338,509574,49
14339,509575,49
14340,509576,49
14341,509577,49
14342,509578,49
14343,509579,49
14344,509580,49
14345,509581,49
14346,509582,49
14347,509583,49
14348,509584,49
14349,509585,49
14350,509586,49
14351,509587,49
14352,509588,49
14353,509589,49
14354,509590,49
14355,509591,49
14356,509592,49
14357,509593,49
14358,509594,49
14359,509595,49
14360,509596,49
14361,509597,49
14362,509598,49
14363,509599,49
14364,509600,49
14365,509601,49
14366,509602,49
14367,509603,49
14368,509604,49
14369,509605,49
14370,509606,49
14371,509607,49
14372,509608,49
14373,509609,49
14374,509610,49
14375,509611,49
14376,509612,49
14377,509613,49
14378,509614,49
14379,509615,49
14380,509616,49
14381,509617,49
14382,509618,49
14383,509619,49
14384,509620,49
14385,509621,49
14386,509622,49
14387,509623,49
14388,509624,49
14389,509625,49
14390,509626,49
14391,509627,49
14392,509628,49
14393,509629,49
14394,509636,49
14395,509637,49
14396,509638,49
14397,509639,49
14398,509640,49
14399,509641,49
14400,509642,49
14401,509643,49
14402,509644,49
14403,509645,49
14404,509646,49
14405,509647,49
14406,509648,49
14407,509649,49
14408,509650,49
14409,509651,49
14410,509652,49
14411,509653,49
14412,509654,49
14413,509655,49
14414,509656,49
14415,509657,49
14416,509658,49
14417,509659,49
14418,509660,49
14419,509661,49
14420,509662,49
14421,509663,49
14422,509664,49
14423,509665,49
14424,509666,49
14425,509667,49
14426,509668,49
14427,509669,49
14428,509670,49
14429,509671,49
14430,509672,49
14431,509673,49
14432,509674,49
14433,509675,49
14434,509676,49
14435,509677,49
14436,509678,49
14437,509679,49
14438,509680,49
14439,509681,49
14440,509682,49
14441,509683,49
14442,509684,49
14443,509685,49
14444,509686,49
14445,509687,49
14446,509688,49
14447,509689,49
14448,509690,49
14449,509691,49
14450,509692,49
14451,509693,49
14452,509694,49
14453,509695,49
14454,509696,49
14455,509697,49
14456,509698,49
14457,509699,49
14458,509700,49
14459,509701,49
14460,509702,49
14461,509703,49
14462,509704,49
14463,509705,49
14464,509706,49
14465,509707,49
14466,509708,49
14467,509709,49
14468,509710,49
14469,509711,49
14470,509712,49
14471,509713,49
14472,509714,49
14473,509715,49
14474,509716,49
14475,509717,49
14476,509718,49
14477,509719,49
14478,509720,49
14479,509721,49
14480,509722,49
14481,509723,49
14482,509724,49
14483,509725,49
14484,509726,49
14485,509727,49
14486,509728,49
14487,509729,49
14488,509730,49
14489,509735,49
14490,509736,49
14491,509737,49
14492,509738,49
14493,509739,49
14494,509740,49
14495,509741,49
14496,509742,49
14497,509743,49
14498,509744,49
14499,509745,49
14500,509746,49
14501,509747,49
14502,509748,49
14503,509749,49
14504,509750,49
14505,509751,49
14506,509752,49
14507,509753,49
14508,509754,49
14509,509755,49
14510,509756,49
14511,509757,49
14512,509758,49
14513,509759,49
14514,509760,49
14515,509761,49
14516,509762,49
14517,509763,49
14518,509764,49
14519,509765,49
14520,509766,49
14521,509767,49
14522,509768,49
14523,509769,49
14524,509770,49
14525,509771,49
14526,509772,49
14527,509773,49
14528,509774,49
14529,509775,49
14530,509776,49
14531,509777,49
14532,509778,49
14533,509779,49
14534,509780,49
14535,509781,49
14536,509785,49
14537,509786,49
14538,509787,49
14539,509788,49
14540,509789,49
14541,509790,49
14542,509791,49
14543,509792,49
14544,509793,49
14545,509794,49
14546,509795,49
14547,509796,49
14548,509797,49
14549,509798,49
14550,509799,49
14551,509800,49
14552,509801,49
14553,509802,49
14554,509803,49
14555,509804,49
14556,509805,49
14557,509806,49
14558,509807,49
14559,509808,49
14560,509809,49
14561,509810,49
14562,509811,49
14563,509812,49
14564,509813,49
14565,509814,49
14566,509815,49
14567,509816,49
14568,509817,49
14569,509818,49
14570,509819,49
14571,509820,49
14572,509821,49
14573,509822,49
14574,509823,49
14575,509824,49
14576,509825,49
14577,509826,49
14578,509827,49
14579,509828,49
14580,509829,49
14581,509830,49
14582,509831,49
14583,509832,49
14584,509833,49
14585,509834,49
14586,509835,49
14587,509836,49
14588,509837,49
14589,509838,49
14590,509839,49
14591,509840,49
14592,509841,49
14593,509842,49
14594,509843,49
14595,509844,49
14596,509845,49
14597,509846,49
14598,509847,49
14599,509848,49
14600,509849,49
14601,509850,49
14602,509851,49
14603,509852,49
14604,509853,49
14605,509854,49
14606,509855,49
14607,509856,49
14608,509857,49
14609,509858,49
14610,509859,49
14611,509860,49
14612,509861,49
14613,509862,49
14614,509863,49
14615,509864,49
14616,509865,49
14617,509866,49
14618,509867,49
14619,509868,49
14620,509869,49
14621,509870,49
14622,509871,49
14623,509872,49
14624,509873,49
14625,509874,49
14626,509875,49
14627,509876,49
14628,509877,49
14629,509878,49
14630,509879,49
14631,509880,49
14632,509881,49
14633,509882,49
14634,509883,49
14635,509884,49
14636,509885,49
14637,509886,49
14638,509887,49
14639,509888,49
14640,509889,49
14641,509890,49
14642,509891,49
14643,509892,49
14644,509893,49
14645,509894,49
14646,509895,49
14647,509896,49
14648,509897,49
14649,509898,49
14650,509899,49
14651,509900,49
14652,509901,49
14653,509902,49
14654,509903,49
14655,509904,49
14656,509905,49
14657,509914,49
14658,509915,49
14659,509916,49
14660,509917,49
14661,509918,49
14662,509919,49
14663,509920,49
14664,509921,49
14665,509922,49
14666,509923,49
14667,509924,49
14668,509925,49
14669,509926,49
14670,509927,49
14671,509928,49
14672,509929,49
14673,509930,49
14674,509931,49
14675,509932,49
14676,509933,49
14677,509934,49
14678,509935,49
14679,509936,49
14680,509937,49
14681,509938,49
14682,509939,49
14683,509940,49
14684,509941,49
14685,509942,49
14686,509943,49
14687,509944,49
14688,509945,49
14689,509946,49
14690,509947,49
14691,509957,49
14692,509958,49
14693,509959,49
14694,509960,49
14695,509961,49
14696,509962,49
14697,509963,49
14698,509964,49
14699,509965,49
14700,509966,49
14701,509967,49
14702,509968,49
14703,509969,49
14704,509970,49
14705,509971,49
14706,509972,49
14707,509973,49
14708,509974,49
14709,509975,49
14710,509976,49
14711,509977,49
14712,509978,49
14713,509979,49
14714,509980,49
14715,509981,49
14716,509982,49
14717,509983,49
14718,509984,49
14719,509985,49
14720,509986,49
14721,509987,49
14722,509988,49
14723,509989,49
14724,509990,49
14725,509991,49
14726,509992,49
14727,509993,49
14728,509994,49
14729,509995,49
14730,509996,49
14731,509997,49
14732,509998,49
14733,509999,49
14734,510000,49
14735,510001,49
14736,510002,49
14737,510003,49
14738,510004,49
14739,510005,49
14740,510006,49
14741,510007,49
14742,510008,49
14743,510009,49
14744,510010,49
14745,510011,49
14746,510012,49
14747,510013,49
14748,510014,49
14749,510015,49
14750,510016,49
14751,510017,49
14752,510018,49
14753,510019,49
14754,510020,49
14755,510021,49
14756,510022,49
14757,510023,49
14758,510024,49
14759,510025,49
14760,510026,49
14761,510027,49
14762,510028,49
14763,510029,49
14764,510030,49
14765,510031,49
14766,510032,49
14767,510033,49
14768,510034,49
14769,510035,49
14770,510036,49
14771,510037,49
14772,510038,49
14773,510039,49
14774,510040,49
14775,510041,49
14776,510042,49
14777,510043,49
14778,510044,49
14779,510045,49
14780,510046,49
14781,510047,49
14782,510048,49
14783,510049,49
14784,510050,49
14785,510051,49
14786,510052,49
14787,510053,49
14788,510054,49
14789,510055,49
14790,510056,49
14791,510057,49
14792,510058,49
14793,510059,49
14794,510060,49
14795,510061,49
14796,510062,49
14797,510063,49
14798,510064,49
14799,510065,49
14800,510066,49
14801,510067,49
14802,510068,49
14803,510069,49
14804,510070,49
14805,510071,49
14806,510072,49
14807,510073,49
14808,510074,49
14809,510075,49
14810,510076,49
14811,510077,49
14812,510078,49
14813,510079,49
14814,510080,49
14815,510081,49
14816,510082,49
14817,510083,49
14818,510084,49
14819,510089,49
14820,510090,49
14821,510091,49
14822,510092,49
14823,510093,49
14824,510094,49
14825,510095,49
14826,510096,49
14827,510097,49
14828,510098,49
14829,510099,49
14830,510100,49
14831,510101,49
14832,510102,49
14833,510103,49
14834,510104,49
14835,510105,49
14836,510106,49
14837,510107,49
14838,510108,49
14839,510109,49
14840,510110,49
14841,510111,49
14842,510112,49
14843,510113,49
14844,510114,49
14845,510115,49
14846,510116,49
14847,510117,49
14848,510118,49
14849,510119,49
14850,510120,49
14851,510121,49
14852,510122,49
14853,510123,49
14854,510124,49
14855,510125,49
14856,510126,49
14857,510127,49
14858,510128,49
14859,510129,49
14860,510130,49
14861,510131,49
14862,510132,49
14863,510133,49
14864,510134,49
14865,510135,49
14866,510136,49
14867,510137,49
14868,510138,49
14869,510139,49
14870,510140,49
14871,510141,49
14872,510142,49
14873,510143,49
14874,510144,49
14875,510145,49
14876,510146,49
14877,510147,49
14878,510148,49
14879,510149,49
14880,510150,49
14881,510156,49
14882,510157,49
14883,510158,49
14884,510159,49
14885,510160,49
14886,510161,49
14887,510162,49
14888,510163,49
14889,510164,49
14890,510165,49
14891,510166,49
14892,510167,49
14893,510168,49
14894,510169,49
14895,510170,49
14896,510171,49
14897,510204,49
14898,510205,49
14899,510206,49
14900,510207,49
14901,510208,49
14902,510209,49
14903,510210,49
14904,510211,49
14905,510212,49
14906,510213,49
14907,510214,49
14908,510215,49
14909,510216,49
14910,510217,49
14911,510218,49
14912,510219,49
14913,510220,49
14914,510221,49
14915,510222,49
14916,510223,49
14917,510224,49
14918,510225,49
14919,510226,49
14920,510227,49
14921,510228,49
14922,510229,49
14923,510230,49
14924,510231,49
14925,510232,49
14926,510233,49
14927,510234,49
14928,510235,49
14929,510236,49
14930,510237,49
14931,510238,49
14932,510239,49
14933,510240,49
14934,510241,49
14935,510242,49
14936,510243,49
14937,510244,49
14938,510245,49
14939,510246,49
14940,510247,49
14941,510248,49
14942,510249,49
14943,510250,49
14944,510251,49
14945,510252,49
14946,510258,49
14947,510259,49
14948,510260,49
14949,510261,49
14950,510262,49
14951,510263,49
14952,510264,49
14953,510265,49
14954,510266,49
14955,510267,49
14956,510268,49
14957,510269,49
14958,510270,49
14959,510271,49
14960,510272,49
14961,510273,49
14962,510274,49
14963,510275,49
14964,510276,49
14965,510277,49
14966,510278,49
14967,510279,49
14968,510280,49
14969,510281,49
14970,510282,49
14971,510283,49
14972,510284,49
14973,510285,49
14974,510286,49
14975,510287,49
14976,510288,49
14977,510289,49
14978,510290,49
14979,510291,49
14980,510292,49
14981,510293,49
14982,510294,49
14983,510295,49
14984,510296,49
14985,510305,49
14986,510306,49
14987,510307,49
14988,510308,49
14989,510309,49
14990,510310,49
14991,510311,49
14992,510312,49
14993,510313,49
14994,510314,49
14995,510315,49
14996,510316,49
14997,510317,49
14998,510318,49
14999,510319,49
15000,510320,49
15001,510321,49
15002,510322,49
15003,510323,49
15004,510324,49
15005,510325,49
15006,510326,49
15007,510327,49
15008,510328,49
15009,510329,49
15010,510330,49
15011,510331,49
15012,510332,49
15013,510333,49
15014,510334,49
15015,510335,49
15016,510336,49
15017,510337,49
15018,510338,49
15019,510339,49
15020,510340,49
15021,510341,49
15022,510342,49
15023,510343,49
15024,510344,49
15025,510345,49
15026,510346,49
15027,510347,49
15028,510348,49
15029,510349,49
15030,510350,49
15031,510351,49
15032,510352,49
15033,510353,49
15034,510354,49
15035,510355,49
15036,510356,49
15037,510357,49
15038,510358,49
15039,510359,49
15040,510360,49
15041,510361,49
15042,510362,49
15043,510363,49
15044,510364,49
15045,510365,49
15046,510366,49
15047,510367,49
15048,510368,49
15049,510369,49
15050,510370,49
15051,510371,49
15052,510372,49
15053,510373,49
15054,510374,49
15055,510375,49
15056,510376,49
15057,510377,49
15058,510378,49
15059,510379,49
15060,510380,49
15061,510381,49
15062,510382,49
15063,510383,49
15064,510384,49
15065,510385,49
15066,510386,49
15067,510387,49
15068,510388,49
15069,510389,49
15070,510390,49
15071,510391,49
15072,510392,49
15073,510393,49
15074,510394,49
15075,510395,49
15076,510396,49
15077,510397,49
15078,510398,49
15079,510399,49
15080,510400,49
15081,510401,49
15082,510402,49
15083,510403,49
15084,510404,49
15085,510405,49
15086,510406,49
15087,510407,49
15088,510408,49
15089,510409,49
15090,510410,49
15091,510411,49
15092,510412,49
15093,510413,49
15094,510414,49
15095,510415,49
15096,510416,49
15097,510417,49
15098,510418,49
15099,510419,49
15100,510420,49
15101,510421,49
15102,510422,49
15103,510423,49
15104,510424,49
15105,510425,49
15106,510426,49
15107,510427,49
15108,510428,49
15109,510429,49
15110,510430,49
15111,510431,49
15112,510432,49
15113,510433,49
15114,510434,49
15115,510435,49
15116,510436,49
15117,510437,49
15118,510438,49
15119,510439,49
15120,510440,49
15121,510441,49
15122,510442,49
15123,510443,49
15124,510444,49
15125,510445,49
15126,510446,49
15127,510447,49
15128,510448,49
15129,510449,49
15130,510450,49
15131,510451,49
15132,510452,49
15133,510453,49
15134,510454,49
15135,510455,49
15136,510456,49
15137,510457,49
15138,510458,49
15139,510464,49
15140,510468,49
15141,510469,49
15142,510470,49
15143,510471,49
15144,510472,49
15145,510473,49
15146,510474,49
15147,510475,49
15148,510476,49
15149,510477,49
15150,510478,49
15151,510479,49
15152,510480,49
15153,510481,49
15154,510482,49
15155,510483,49
15156,510484,49
15157,510485,49
15158,510486,49
15159,510487,49
15160,510488,49
15161,510489,49
15162,510490,49
15163,510491,49
15164,510492,49
15165,510493,49
15166,510494,49
15167,510495,49
15168,510496,49
15169,510497,49
15170,510498,49
15171,510499,49
15172,510500,49
15173,510501,49
15174,510502,49
15175,510503,49
15176,510504,49
15177,510505,49
15178,510506,49
15179,510507,49
15180,510508,49
15181,510509,49
15182,510510,49
15183,510511,49
15184,510512,49
15185,510513,49
15186,510514,49
15187,510515,49
15188,510516,49
15189,510517,49
15190,510518,49
15191,510519,49
15192,510520,49
15193,510521,49
15194,510522,49
15195,510523,49
15196,510524,49
15197,510525,49
15198,510526,49
15199,510527,49
15200,510528,49
15201,510529,49
15202,510530,49
15203,510531,49
15204,510532,49
15205,510533,49
15206,510534,49
15207,510535,49
15208,510536,49
15209,510537,49
15210,510538,49
15211,510539,49
15212,510540,49
15213,510541,49
15214,510542,49
15215,510543,49
15216,510544,49
15217,510545,49
15218,510546,49
15219,510547,49
15220,510548,49
15221,510549,49
15222,510550,49
15223,510551,49
15224,510552,49
15225,510553,49
15226,510554,49
15227,510555,49
15228,510556,49
15229,510557,49
15230,510558,49
15231,510559,49
15232,510560,49
15233,510561,49
15234,510562,49
15235,510563,49
15236,510564,49
15237,510565,49
15238,510566,49
15239,510567,49
15240,510568,49
15241,510569,49
15242,510570,49
15243,510571,49
15244,510572,49
15245,510573,49
15246,510574,49
15247,510575,49
15248,510576,49
15249,510577,49
15250,510578,49
15251,510579,49
15252,510580,49
15253,510581,49
15254,510582,49
15255,510583,49
15256,510584,49
15257,510585,49
15258,510586,49
15259,510587,49
15260,510588,49
15261,510589,49
15262,510590,49
15263,510591,49
15264,510592,49
15265,510593,49
15266,510594,49
15267,510595,49
15268,510596,49
15269,510597,49
15270,510598,49
15271,510599,49
15272,510602,49
15273,510603,49
15274,510604,49
15275,510605,49
15276,510606,49
15277,510607,49
15278,510608,49
15279,510609,49
15280,510610,49
15281,510611,49
15282,510612,49
15283,510613,49
15284,510614,49
15285,510615,49
15286,510616,49
15287,510617,49
15288,510618,49
15289,510619,49
15290,510620,49
15291,510621,49
15292,510622,49
15293,510623,49
15294,510624,49
15295,510625,49
15296,510626,49
15297,510627,49
15298,510628,49
15299,510629,49
15300,510630,49
15301,510631,49
15302,510632,49
15303,510633,49
15304,510634,49
15305,510635,49
15306,510636,49
15307,510637,49
15308,510638,49
15309,510641,49
15310,510642,49
15311,510643,49
15312,510644,49
15313,510645,49
15314,510646,49
15315,510647,49
15316,510648,49
15317,510649,49
15318,510650,49
15319,510651,49
15320,510652,49
15321,510653,49
15322,510658,49
15323,510659,49
15324,510660,49
15325,510661,49
15326,510662,49
15327,510663,49
15328,510664,49
15329,510665,49
15330,510666,49
15331,510667,49
15332,510668,49
15333,510669,49
15334,510670,49
15335,510671,49
15336,510672,49
15337,510673,49
15338,510674,49
15339,510675,49
15340,510676,49
15341,510677,49
15342,510678,49
15343,510679,49
15344,510680,49
15345,510681,49
15346,510682,49
15347,510683,49
15348,510684,49
15349,510685,49
15350,510686,49
15351,510687,49
15352,510688,49
15353,510689,49
15354,510690,49
15355,510691,49
15356,510692,49
15357,510693,49
15358,510694,49
15359,510695,49
15360,510696,49
15361,510697,49
15362,510698,49
15363,510699,49
15364,510700,49
15365,510705,49
15366,510706,49
15367,510707,49
15368,510708,49
15369,510709,49
15370,510710,49
15371,510711,49
15372,510712,49
15373,510713,49
15374,510714,49
15375,510715,49
15376,510716,49
15377,510717,49
15378,510718,49
15379,510719,49
15380,510720,49
15381,510721,49
15382,510724,49
15383,510725,49
15384,510726,49
15385,510727,49
15386,510728,49
15387,510729,49
15388,510730,49
15389,510731,49
15390,510732,49
15391,510733,49
15392,510734,49
15393,510735,49
15394,510736,49
15395,510737,49
15396,510738,49
15397,510739,49
15398,510740,49
15399,510741,49
15400,510742,49
15401,510743,49
15402,510744,49
15403,510745,49
15404,510746,49
15405,510747,49
15406,510748,49
15407,510749,49
15408,510750,49
15409,510751,49
15410,510752,49
15411,510753,49
15412,510754,49
15413,510755,49
15414,510756,49
15415,510757,49
15416,510758,49
15417,510759,49
15418,510760,49
15419,510761,49
15420,510762,49
15421,510767,49
15422,510768,49
15423,510769,49
15424,510770,49
15425,510771,49
15426,510772,49
15427,510773,49
15428,510774,49
15429,510775,49
15430,510776,49
15431,510777,49
15432,510778,49
15433,510779,49
15434,510780,49
15435,510781,49
15436,510782,49
15437,510783,49
15438,510784,49
15439,510785,49
15440,510786,49
15441,510787,49
15442,510788,49
15443,510789,49
15444,510790,49
15445,510791,49
15446,510792,49
15447,510793,49
15448,510794,49
15449,510795,49
15450,510796,49
15451,510797,49
15452,510798,49
15453,510799,49
15454,510800,49
15455,510801,49
15456,510802,49
15457,510803,49
15458,510804,49
15459,510805,49
15460,510806,49
15461,510807,49
15462,510808,49
15463,510809,49
15464,510810,49
15465,510811,49
15466,510812,49
15467,510813,49
15468,510814,49
15469,510817,49
15470,510818,49
15471,510819,49
15472,510820,49
15473,510821,49
15474,510822,49
15475,510823,49
15476,510824,49
15477,510825,49
15478,510826,49
15479,510827,49
15480,510828,49
15481,510829,49
15482,510830,49
15483,510831,49
15484,510832,49
15485,510833,49
15486,510834,49
15487,510835,49
15488,510836,49
15489,510837,49
15490,510838,49
15491,510839,49
15492,510840,49
15493,510841,49
15494,510842,49
15495,510843,49
15496,510844,49
15497,510854,49
15498,510855,49
15499,510856,49
15500,510857,49
15501,510858,49
15502,510859,49
15503,510860,49
15504,510861,49
15505,510862,49
15506,510863,49
15507,510864,49
15508,510865,49
15509,510866,49
15510,510867,49
15511,510868,49
15512,510869,49
15513,510870,49
15514,510871,49
15515,510872,49
15516,510873,49
15517,510874,49
15518,510875,49
15519,510876,49
15520,510877,49
15521,510878,49
15522,510879,49
15523,510880,49
15524,510881,49
15525,510882,49
15526,510883,49
15527,510884,49
15528,510885,49
15529,510886,49
15530,510887,49
15531,510888,49
15532,510889,49
15533,510890,49
15534,510891,49
15535,510892,49
15536,510893,49
15537,510894,49
15538,510895,49
15539,510896,49
15540,510897,49
15541,510898,49
15542,510899,49
15543,510900,49
15544,510901,49
15545,510902,49
15546,510903,49
15547,510904,49
15548,510905,49
15549,510906,49
15550,510907,49
15551,510908,49
15552,510909,49
15553,510910,49
15554,510911,49
15555,510912,49
15556,510913,49
15557,510914,49
15558,510915,49
15559,510916,49
15560,510917,49
15561,510918,49
15562,510919,49
15563,510920,49
15564,510921,49
15565,510922,49
15566,510923,49
15567,510924,49
15568,510925,49
15569,510926,49
15570,510927,49
15571,510928,49
15572,510929,49
15573,510930,49
15574,510931,49
15575,510932,49
15576,510933,49
15577,510934,49
15578,510946,49
15579,510947,49
15580,510948,49
15581,510958,49
15582,510959,49
15583,510960,49
15584,510961,49
15585,510965,49
15586,510966,49
15587,510967,49
15588,510968,49
15589,510969,49
15590,510970,49
15591,510971,49
15592,510972,49
15593,510973,49
15594,510974,49
15595,510975,49
15596,510976,49
15597,510977,49
15598,510978,49
15599,510979,49
15600,510980,49
15601,510987,49
15602,510988,49
15603,510989,49
15604,510990,49
15605,510991,49
15606,510992,49
15607,510993,49
15608,510994,49
15609,510998,49
15610,510999,49
15611,511000,49
15612,511001,49
15613,511002,49
15614,511003,49
15615,511004,49
15616,511005,49
15617,511006,49
15618,511007,49
15619,511008,49
15620,511009,49
15621,511010,49
15622,511011,49
15623,511012,49
15624,511046,49
15625,511047,49
15626,511048,49
15627,511049,49
15628,511050,49
15629,511059,49
15630,511060,49
15631,511061,49
15632,511062,49
15633,511063,49
15634,511064,49
15635,511065,49
15636,511066,49
15637,511067,49
15638,511068,49
15639,511069,49
15640,511070,49
15641,511071,49
15642,511072,49
15643,511073,49
15644,511074,49
15645,511075,49
15646,511076,49
15647,511077,49
15648,511078,49
15649,511079,49
15650,511080,49
15651,511081,49
15652,511082,49
15653,511083,49
15654,511084,49
15655,511085,49
15656,511086,49
15657,511087,49
15658,511088,49
15659,511089,49
15660,511090,49
15661,511091,49
15662,511092,49
15663,511093,49
15664,511094,49
15665,511095,49
15666,511096,49
15667,511097,49
15668,511098,49
15669,511099,49
15670,511100,49
15671,511101,49
15672,511102,49
15673,511103,49
15674,511104,49
15675,511105,49
15676,511106,49
15677,511107,49
15678,511108,49
15679,511109,49
15680,511110,49
15681,511111,49
15682,511112,49
15683,511113,49
15684,511114,49
15685,511115,49
15686,511116,49
15687,511117,49
15688,511118,49
15689,511119,49
15690,511120,49
15691,511121,49
15692,511122,49
15693,511123,49
15694,511124,49
15695,511125,49
15696,511126,49
15697,511127,49
15698,511128,49
15699,511129,49
15700,511130,49
15701,511131,49
15702,511132,49
15703,511133,49
15704,511134,49
15705,511135,49
15706,511136,49
15707,511137,49
15708,511138,49
15709,511139,49
15710,511140,49
15711,511141,49
15712,511142,49
15713,511143,49
15714,511144,49
15715,511145,49
15716,511146,49
15717,511147,49
15718,511148,49
15719,511149,49
15720,511150,49
15721,511151,49
15722,511152,49
15723,511153,49
15724,511154,49
15725,511155,49
15726,511156,49
15727,511157,49
15728,511158,49
15729,511159,49
15730,511160,49
15731,511161,49
15732,511162,49
15733,511163,49
15734,511164,49
15735,511165,49
15736,511166,49
15737,511167,49
15738,511168,49
15739,511169,49
15740,511170,49
15741,511171,49
15742,511172,49
15743,511173,49
15744,511174,49
15745,511175,49
15746,511176,49
15747,511177,49
15748,511178,49
15749,511179,49
15750,511180,49
15751,511181,49
15752,511182,49
15753,511183,49
15754,511184,49
15755,511185,49
15756,511186,49
15757,511187,49
15758,511188,49
15759,511189,49
15760,511190,49
15761,511191,49
15762,511192,49
15763,511193,49
15764,511194,49
15765,511195,49
15766,511196,49
15767,511197,49
15768,511198,49
15769,511211,49
15770,511212,49
15771,511213,49
15772,511214,49
15773,511215,49
15774,511216,49
15775,511217,49
15776,511218,49
15777,511219,49
15778,511220,49
15779,511221,49
15780,511222,49
15781,511223,49
15782,511224,49
15783,511225,49
15784,511226,49
15785,511227,49
15786,511228,49
15787,511229,49
15788,511230,49
15789,511231,49
15790,511232,49
15791,511233,49
15792,511234,49
15793,511235,49
15794,511236,49
15795,511237,49
15796,511238,49
15797,511239,49
15798,511244,49
15799,511245,49
15800,511246,49
15801,511247,49
15802,511248,49
15803,511249,49
15804,511250,49
15805,511251,49
15806,511252,49
15807,511253,49
15808,511254,49
15809,511255,49
15810,511256,49
15811,511257,49
15812,511258,49
15813,511259,49
15814,511260,49
15815,511261,49
15816,511262,49
15817,511263,49
15818,511264,49
15819,511265,49
15820,511266,49
15821,511267,49
15822,511268,49
15823,511269,49
15824,511270,49
15825,511279,49
15826,511280,49
15827,511281,49
15828,511282,49
15829,511283,49
15830,511290,49
15831,511291,49
15832,511292,49
15833,511293,49
15834,511294,49
15835,511295,49
15836,511296,49
15837,511297,49
15838,511298,49
15839,511299,49
15840,511300,49
15841,511301,49
15842,511302,49
15843,511303,49
15844,511304,49
15845,511305,49
15846,511306,49
15847,511307,49
15848,511308,49
15849,511309,49
15850,511310,49
15851,511311,49
15852,511312,49
15853,511316,49
15854,511317,49
15855,511318,49
15856,511319,49
15857,511320,49
15858,511321,49
15859,511322,49
15860,511323,49
15861,511324,49
15862,511325,49
15863,511326,49
15864,511327,49
15865,511328,49
15866,511329,49
15867,511330,49
15868,511331,49
15869,511339,49
15870,511340,49
15871,511341,49
15872,511342,49
15873,511343,49
15874,511344,49
15875,511345,49
15876,511346,49
15877,511347,49
15878,511348,49
15879,511349,49
15880,511350,49
15881,511351,49
15882,511352,49
15883,511353,49
15884,511354,49
15885,511355,49
15886,511358,49
15887,511359,49
15888,511360,49
15889,511361,49
15890,511362,49
15891,511363,49
15892,511364,49
15893,511365,49
15894,511366,49
15895,511377,49
15896,511378,49
15897,511379,49
15898,511380,49
15899,511381,49
15900,511382,49
15901,511383,49
15902,511384,49
15903,511385,49
15904,511386,49
15905,511387,49
15906,511388,49
15907,511389,49
15908,511390,49
15909,511391,49
15910,511392,49
15911,511393,49
15912,511394,49
15913,511395,49
15914,511399,49
15915,511400,49
15916,511401,49
15917,511402,49
15918,511403,49
15919,511404,49
15920,511405,49
15921,511406,49
15922,511407,49
15923,511408,49
15924,511409,49
15925,511410,49
15926,511411,49
15927,511412,49
15928,511413,49
15929,511414,49
15930,511415,49
15931,511416,49
15932,511417,49
15933,511418,49
15934,511419,49
15935,511420,49
15936,511421,49
15937,511422,49
15938,511423,49
15939,511424,49
15940,511442,49
15941,511443,49
15942,511444,49
15943,511445,49
15944,511446,49
15945,511447,49
15946,511448,49
15947,511449,49
15948,511450,49
15949,511451,49
15950,511452,49
15951,511453,49
15952,511454,49
15953,511455,49
15954,511456,49
15955,511457,49
15956,511488,49
15957,511489,49
15958,511490,49
15959,511491,49
15960,511492,49
15961,511493,49
15962,511494,49
15963,511495,49
15964,511496,49
15965,511497,49
15966,511498,49
15967,511499,49
15968,511500,49
15969,511501,49
15970,511502,49
15971,511503,49
15972,511504,49
15973,511505,49
15974,511506,49
15975,511507,49
15976,511508,49
15977,511509,49
15978,511510,49
15979,511511,49
15980,511512,49
15981,511513,49
15982,511514,49
15983,511515,49
15984,511516,49
15985,511517,49
15986,511518,49
15987,511519,49
15988,511528,49
15989,511529,49
15990,511530,49
15991,511531,49
15992,511532,49
15993,511533,49
15994,511534,49
15995,511535,49
15996,511536,49
15997,511537,49
15998,511538,49
15999,511539,49
16000,511540,49
16001,511541,49
16002,511542,49
16003,511543,49
16004,511560,49
16005,511561,49
16006,511619,49
16007,511620,49
16008,511621,49
16009,511622,49
16010,511623,49
16011,511624,49
16012,511625,49
16013,511626,49
16014,511627,49
16015,511628,49
16016,511629,49
16017,511630,49
16018,511631,49
16019,511632,49
16020,511633,49
16021,511634,49
16022,511635,49
16023,511636,49
16024,511637,49
16025,511638,49
16026,511639,49
16027,511640,49
16028,511641,49
16029,511642,49
16030,511643,49
16031,511644,49
16032,511645,49
16033,511646,49
16034,511647,49
16035,511662,49
16036,511663,49
16037,511664,49
16038,511665,49
16039,511666,49
16040,511667,49
16041,511668,49
16042,511669,49
16043,511670,49
16044,511671,49
16045,511672,49
16046,511673,49
16047,511674,49
16048,511675,49
16049,511676,49
16050,511677,49
16051,511678,49
16052,511691,49
16053,511692,49
16054,511693,49
16055,511694,49
16056,511695,49
16057,511696,49
16058,511697,49
16059,511698,49
16060,511699,49
16061,511700,49
16062,511701,49
16063,511702,49
16064,511703,49
16065,511704,49
16066,511705,49
16067,511706,49
16068,511707,49
16069,511708,49
16070,511709,49
16071,511710,49
16072,511711,49
16073,511712,49
16074,511713,49
16075,511714,49
16076,511715,49
16077,511716,49
16078,511740,49
16079,511741,49
16080,511742,49
16081,511743,49
16082,511744,49
16083,511745,49
16084,511746,49
16085,511747,49
16086,511748,49
16087,511749,49
16088,511750,49
16089,511751,49
16090,511752,49
16091,511753,49
16092,511754,49
16093,511755,49
16094,511756,49
16095,511757,49
16096,511758,49
16097,511759,49
16098,511760,49
16099,511761,49
16100,511762,49
16101,511763,49
16102,511764,49
16103,511765,49
16104,511766,49
16105,511767,49
16106,511768,49
16107,511769,49
16108,511770,49
16109,511771,49
16110,511772,49
16111,511773,49
16112,511785,49
16113,511812,49
16114,511813,49
16115,511814,49
16116,511815,49
16117,511816,49
16118,511817,49
16119,511818,49
16120,511819,49
16121,511820,49
16122,511821,49
16123,511822,49
16124,511823,49
16125,511824,49
16126,511825,49
16127,511826,49
16128,511827,49
16129,511828,49
16130,511831,49
16131,511832,49
16132,511833,49
16133,511834,49
16134,511835,49
16135,511836,49
16136,511837,49
16137,511838,49
16138,511839,49
16139,511840,49
16140,511841,49
16141,511842,49
16142,511847,49
16143,511848,49
16144,511849,49
16145,511850,49
16146,511851,49
16147,511865,49
16148,511867,49
16149,511868,49
16150,511871,49
16151,511872,49
16152,511878,49
16153,511879,49
16154,511895,49
16155,511896,49
16156,511897,49
16157,511902,49
16158,511903,49
16159,511904,49
16160,511905,49
16161,511906,49
16162,511913,49
16163,511914,49
16164,511915,49
16165,511916,49
16166,511917,49
16167,511918,49
16168,511919,49
16169,511920,49
16170,511921,49
16171,511922,49
16172,511923,49
16173,511924,49
16174,511925,49
16175,511926,49
16176,511927,49
16177,511928,49
16178,511929,49
16179,511930,49
16180,511931,49
16181,511945,49
16182,511946,49
16183,511947,49
16184,511948,49
16185,511949,49
16186,511950,49
16187,511951,49
16188,511952,49
16189,511953,49
16190,511954,49
16191,511955,49
16192,511956,49
16193,511957,49
16194,511958,49
16195,511959,49
16196,511960,49
16197,511961,49
16198,511962,49
16199,511963,49
16200,511964,49
16201,511965,49
16202,511966,49
16203,511967,49
16204,511968,49
16205,511969,49
16206,511970,49
16207,511971,49
16208,511972,49
16209,511973,49
16210,511974,49
16211,511975,49
16212,511976,49
16213,511977,49
16214,511978,49
16215,511981,49
16216,511982,49
16217,511983,49
16218,511984,49
16219,511985,49
16220,511986,49
16221,511987,49
16222,511988,49
16223,511989,49
16224,511990,49
16225,511991,49
16226,511992,49
16227,511993,49
16228,511994,49
16229,511995,49
16230,511996,49
16231,511997,49
16232,511998,49
16233,511999,49
16234,512000,49
16235,512001,49
16236,512002,49
16237,512003,49
16238,512004,49
16239,512005,49
16240,512006,49
16241,512007,49
16242,512008,49
16243,512009,49
16244,512010,49
16245,512011,49
16246,512012,49
16247,512013,49
16248,512014,49
16249,512015,49
16250,512017,49
16251,512018,49
16252,512019,49
16253,512023,49
16254,512025,49
16255,512026,49
16256,512027,49
16257,512028,49
16258,512029,49
16259,512030,49
16260,512063,49
16261,512064,49
16262,512065,49
16263,512066,49
16264,512067,49
16265,512068,49
16266,512069,49
16267,512070,49
16268,512071,49
16269,512072,49
16270,512073,49
16271,512074,49
16272,512075,49
16273,512076,49
16274,512077,49
16275,512078,49
16276,512081,49
16277,512082,49
16278,512083,49
16279,512084,49
16280,512085,49
16281,512086,49
16282,512087,49
16283,512088,49
16284,512089,49
16285,512090,49
16286,512091,49
16287,512092,49
16288,512093,49
16289,512094,49
16290,512095,49
16291,512096,49
16292,512097,49
16293,512098,49
16294,512099,49
16295,512104,49
16296,512105,49
16297,512106,49
16298,512107,49
16299,512108,49
16300,512109,49
16301,512110,49
16302,512111,49
16303,512112,49
16304,512113,49
16305,512114,49
16306,512115,49
16307,512116,49
16308,512117,49
16309,512118,49
16310,512119,49
16311,512120,49
16312,512121,49
16313,512122,49
16314,512123,49
16315,512124,49
16316,512125,49
16317,512126,49
16318,512127,49
16319,512128,49
16320,512129,49
16321,512130,49
16322,512131,49
16323,512132,49
16324,512133,49
16325,512134,49
16326,512137,49
16327,512138,49
16328,512139,49
16329,512147,49
16330,512148,49
16331,512149,49
16332,512150,49
16333,512151,49
16334,512152,49
16335,512153,49
16336,512154,49
16337,512155,49
16338,512156,49
16339,512157,49
16340,512177,49
16341,512178,49
16342,512197,49
16343,512198,49
16344,512199,49
16345,512200,49
16346,512201,49
16347,512202,49
16348,512203,49
16349,512204,49
16350,512225,49
16351,512226,49
16352,512227,49
16353,512228,49
16354,512229,49
16355,512230,49
16356,512231,49
16357,512232,49
16358,512242,49
16359,512243,49
16360,512244,49
16361,512245,49
16362,512246,49
16363,512247,49
16364,512248,49
16365,512249,49
16366,512250,49
16367,512251,49
16368,512252,49
16369,512253,49
16370,512254,49
16371,512255,49
16372,512256,49
16373,512257,49
16374,512258,49
16375,512259,49
16376,512260,49
16377,512261,49
16378,512262,49
16379,512263,49
16380,512264,49
16381,512265,49
16382,512266,49
16383,512267,49
16384,512268,49
16385,512269,49
16386,512270,49
16387,512271,49
16388,512272,49
16389,512273,49
16390,512274,49
16391,512275,49
16392,512276,49
16393,512277,49
16394,512278,49
16395,512292,49
16396,512293,49
16397,512294,49
16398,512295,49
16399,512310,49
16400,512311,49
16401,512312,49
16402,512313,49
16403,512314,49
16404,512315,49
16405,512316,49
16406,512317,49
16407,512318,49
16408,512319,49
16409,512320,49
16410,512321,49
16411,512322,49
16412,512323,49
16413,512324,49
16414,512332,49
16415,512333,49
16416,512334,49
16417,512335,49
16418,512336,49
16419,512337,49
16420,512338,49
16421,512339,49
16422,512340,49
16423,512341,49
16424,512342,49
16425,512343,49
16426,512344,49
16427,512345,49
16428,512346,49
16429,512347,49
16430,512348,49
16431,512349,49
16432,512350,49
16433,512351,49
16434,512352,49
16435,512353,49
16436,512354,49
16437,512355,49
16438,512356,49
16439,512357,49
16440,512358,49
16441,512359,49
16442,512360,49
16443,512361,49
16444,512362,49
16445,512363,49
16446,512364,49
16447,512365,49
16448,512366,49
16449,512367,49
16450,512368,49
16451,512369,49
16452,512370,49
16453,512371,49
16454,512372,49
16455,512373,49
16456,512374,49
16457,512375,49
16458,512376,49
16459,512377,49
16460,512378,49
16461,512379,49
16462,512380,49
16463,512381,49
16464,512382,49
16465,512383,49
16466,512384,49
16467,512385,49
16468,512386,49
16469,512387,49
16470,512388,49
16471,512389,49
16472,512390,49
16473,512391,49
16474,512392,49
16475,512393,49
16476,512394,49
16477,512395,49
16478,512396,49
16479,512397,49
16480,512398,49
16481,512399,49
16482,512400,49
16483,512401,49
16484,512402,49
16485,512403,49
16486,512404,49
16487,512405,49
16488,512406,49
16489,512407,49
16490,512408,49
16491,512409,49
16492,512410,49
16493,512411,49
16494,512412,49
16495,512413,49
16496,512414,49
16497,512415,49
16498,512416,49
16499,512417,49
16500,512418,49
16501,512419,49
16502,512420,49
16503,512421,49
16504,512422,49
16505,512423,49
16506,512424,49
16507,512425,49
16508,512426,49
16509,512427,49
16510,512428,49
16511,512435,49
16512,512436,49
16513,512437,49
16514,512438,49
16515,512439,49
16516,512440,49
16517,512441,49
16518,512470,49
16519,512471,49
16520,512472,49
16521,512473,49
16522,512474,49
16523,512475,49
16524,512507,49
16525,512508,49
16526,512509,49
16527,512510,49
16528,512538,49
16529,512539,49
16530,512540,49
16531,512541,49
16532,512542,49
16533,512543,49
16534,512544,49
16535,512545,49
16536,512546,49
16537,512547,49
16538,512548,49
16539,512549,49
16540,512550,49
16541,512551,49
16542,512552,49
16543,512553,49
16544,512554,49
16545,512555,49
16546,512556,49
16547,512557,49
16548,512558,49
16549,512559,49
16550,512560,49
16551,512561,49
16552,512562,49
16553,512563,49
16554,512568,49
16555,512569,49
16556,512570,49
16557,512571,49
16558,512586,49
16559,512587,49
16560,512588,49
16561,512589,49
16562,512590,49
16563,512591,49
16564,512592,49
16565,512593,49
16566,512594,49
16567,512595,49
16568,512596,49
16569,512597,49
16570,512598,49
16571,512599,49
16572,512600,49
16573,512601,49
16574,512602,49
16575,512603,49
16576,512604,49
16577,512605,49
16578,512606,49
16579,512607,49
16580,512608,49
16581,512609,49
16582,512610,49
16583,512611,49
16584,512612,49
16585,512613,49
16586,512614,49
16587,512615,49
16588,512616,49
16589,512617,49
16590,512618,49
16591,512619,49
16592,512620,49
16593,512621,49
16594,512622,49
16595,512623,49
16596,512624,49
16597,512625,49
16598,512626,49
16599,512627,49
16600,512628,49
16601,512629,49
16602,512630,49
16603,512631,49
16604,512632,49
16605,512633,49
16606,512634,49
16607,512635,49
16608,512636,49
16609,512637,49
16610,512638,49
16611,512639,49
16612,512640,49
16613,512641,49
16614,512642,49
16615,512643,49
16616,512644,49
16617,512645,49
16618,512646,49
16619,512647,49
16620,512648,49
16621,512649,49
16622,512650,49
16623,512651,49
16624,512652,49
16625,512653,49
16626,512654,49
16627,512655,49
16628,512656,49
16629,512657,49
16630,512658,49
16631,512659,49
16632,512660,49
16633,512661,49
16634,512662,49
16635,512663,49
16636,512664,49
16637,512665,49
16638,512666,49
16639,512667,49
16640,512668,49
16641,512669,49
16642,512670,49
16643,512671,49
16644,512672,49
16645,512673,49
16646,512674,49
16647,512675,49
16648,512676,49
16649,512677,49
16650,512678,49
16651,512679,49
16652,512680,49
16653,512681,49
16654,512682,49
16655,512683,49
16656,512684,49
16657,512685,49
16658,512686,49
16659,512687,49
16660,512688,49
16661,512689,49
16662,512690,49
16663,512691,49
16664,512692,49
16665,512693,49
16666,512694,49
16667,512695,49
16668,512696,49
16669,512697,49
16670,512698,49
16671,512699,49
16672,512700,49
16673,512701,49
16674,512702,49
16675,512703,49
16676,512704,49
16677,512705,49
16678,512706,49
16679,512707,49
16680,512708,49
16681,512709,49
16682,512710,49
16683,512711,49
16684,512712,49
16685,512713,49
16686,512714,49
16687,512715,49
16688,512716,49
16689,512717,49
16690,512718,49
16691,512719,49
16692,512720,49
16693,512721,49
16694,512722,49
16695,512723,49
16696,512724,49
16697,512725,49
16698,512726,49
16699,512727,49
16700,512728,49
16701,512729,49
16702,512730,49
16703,512731,49
16704,512732,49
16705,512733,49
16706,512734,49
16707,512735,49
16708,512736,49
16709,512737,49
16710,512738,49
16711,512739,49
16712,512740,49
16713,512741,49
16714,512742,49
16715,512743,49
16716,512744,49
16717,512745,49
16718,512746,49
16719,512747,49
16720,512748,49
16721,512749,49
16722,512750,49
16723,512751,49
16724,512752,49
16725,512753,49
16726,512754,49
16727,512755,49
16728,512756,49
16729,512757,49
16730,512758,49
16731,512759,49
16732,512760,49
16733,512761,49
16734,512762,49
16735,512763,49
16736,512764,49
16737,512765,49
16738,512766,49
16739,512767,49
16740,512768,49
16741,512769,49
16742,512770,49
16743,512771,49
16744,512772,49
16745,512773,49
16746,512774,49
16747,512775,49
16748,512776,49
16749,512777,49
16750,512778,49
16751,512779,49
16752,512780,49
16753,512781,49
16754,512782,49
16755,512783,49
16756,512784,49
16757,512785,49
16758,512786,49
16759,512787,49
16760,512788,49
16761,512789,49
16762,512790,49
16763,512791,49
16764,512792,49
16765,512793,49
16766,512794,49
16767,512795,49
16768,512796,49
16769,512797,49
16770,512798,49
16771,512799,49
16772,512800,49
16773,512801,49
16774,512802,49
16775,512803,49
16776,512804,49
16777,512805,49
16778,512806,49
16779,512807,49
16780,512808,49
16781,512809,49
16782,512810,49
16783,512811,49
16784,512812,49
16785,512813,49
16786,512814,49
16787,512815,49
16788,512816,49
16789,512853,49
16790,512854,49
16791,512855,49
16792,512856,49
16793,512857,49
16794,512858,49
16795,512859,49
16796,512860,49
16797,512861,49
16798,512862,49
16799,512863,49
16800,512864,49
16801,512865,49
16802,512866,49
16803,512867,49
16804,512868,49
16805,512869,49
16806,512870,49
16807,512871,49
16808,512872,49
16809,512873,49
16810,512874,49
16811,512875,49
16812,512876,49
16813,512877,49
16814,512878,49
16815,512879,49
16816,512880,49
16817,512881,49
16818,512882,49
16819,512883,49
16820,512884,49
16821,512888,49
16822,512889,49
16823,512890,49
16824,512891,49
16825,512892,49
16826,512893,49
16827,512894,49
16828,512895,49
16829,512896,49
16830,512897,49
16831,512898,49
16832,512899,49
16833,512900,49
16834,512901,49
16835,512902,49
16836,512903,49
16837,512904,49
16838,512905,49
16839,512906,49
16840,512907,49
16841,512908,49
16842,512909,49
16843,512910,49
16844,512911,49
16845,512912,49
16846,512913,49
16847,512923,49
16848,512924,49
16849,512930,49
16850,512931,49
16851,512932,49
16852,512933,49
16853,512934,49
16854,512935,49
16855,512936,49
16856,512937,49
16857,512938,49
16858,512939,49
16859,512940,49
16860,512941,49
16861,512942,49
16862,512943,49
16863,512944,49
16864,512945,49
16865,512946,49
16866,512947,49
16867,512948,49
16868,512949,49
16869,512950,49
16870,512951,49
16871,512952,49
16872,512953,49
16873,512954,49
16874,512955,49
16875,512956,49
16876,512957,49
16877,512958,49
16878,512959,49
16879,512960,49
16880,512961,49
16881,512962,49
16882,512969,49
16883,512970,49
16884,512973,49
16885,512974,49
16886,512980,49
16887,512981,49
16888,512982,49
16889,512983,49
16890,512984,49
16891,512985,49
16892,512986,49
16893,512987,49
16894,512988,49
16895,512989,49
16896,512990,49
16897,512991,49
16898,512992,49
16899,512993,49
16900,512994,49
16901,512995,49
16902,512996,49
16903,512997,49
16904,512998,49
16905,512999,49
16906,513000,49
16907,513001,49
16908,513002,49
16909,513003,49
16910,513004,49
16911,513005,49
16912,513006,49
16913,513007,49
16914,513008,49
16915,513009,49
16916,513010,49
16917,513011,49
16918,513012,49
16919,513013,49
16920,513014,49
16921,513015,49
16922,513016,49
16923,513017,49
16924,513018,49
16925,513019,49
16926,513020,49
16927,513021,49
16928,513022,49
16929,513023,49
16930,513024,49
16931,513025,49
16932,513026,49
16933,513027,49
16934,513028,49
16935,513029,49
16936,513030,49
16937,513031,49
16938,513032,49
16939,513033,49
16940,513034,49
16941,513035,49
16942,513036,49
16943,513037,49
16944,513038,49
16945,513039,49
16946,513040,49
16947,513041,49
16948,513045,49
16949,513046,49
16950,513047,49
16951,513048,49
16952,513049,49
16953,513050,49
16954,513051,49
16955,513052,49
16956,513053,49
16957,513054,49
16958,513056,49
16959,513057,49
16960,513058,49
16961,513059,49
16962,513060,49
16963,513061,49
16964,513062,49
16965,513063,49
16966,513064,49
16967,513065,49
16968,513066,49
16969,513067,49
16970,513068,49
16971,513069,49
16972,513070,49
16973,513071,49
16974,513072,49
16975,513073,49
16976,513074,49
16977,513075,49
16978,513076,49
16979,513077,49
16980,513078,49
16981,513079,49
16982,513080,49
16983,513081,49
16984,513082,49
16985,513083,49
16986,513084,49
16987,513085,49
16988,513086,49
16989,513087,49
16990,513088,49
16991,513089,49
16992,513090,49
16993,513091,49
16994,513092,49
16995,513093,49
16996,513094,49
16997,513095,49
16998,513096,49
16999,513097,49
17000,513098,49
17001,513099,49
17002,513100,49
17003,513101,49
17004,513102,49
17005,513103,49
17006,513104,49
17007,513105,49
17008,513106,49
17009,513107,49
17010,513108,49
17011,513109,49
17012,513118,49
17013,513119,49
17014,513120,49
17015,513121,49
17016,513122,49
17017,513123,49
17018,513124,49
17019,513125,49
17020,513126,49
17021,513127,49
17022,513128,49
17023,513129,49
17024,513130,49
17025,513131,49
17026,513132,49
17027,513133,49
17028,513134,49
17029,513135,49
17030,513136,49
17031,513137,49
17032,513138,49
17033,513139,49
17034,513140,49
17035,513141,49
17036,513142,49
17037,513143,49
17038,513144,49
17039,513145,49
17040,513146,49
17041,513147,49
17042,513148,49
17043,513149,49
17044,513150,49
17045,513151,49
17046,513152,49
17047,513153,49
17048,513154,49
17049,513155,49
17050,513156,49
17051,513157,49
17052,513158,49
17053,513159,49
17054,513160,49
17055,513161,49
17056,513162,49
17057,513163,49
17058,513164,49
17059,513165,49
17060,513166,49
17061,513167,49
17062,513173,49
17063,513174,49
17064,513175,49
17065,513176,49
17066,513177,49
17067,513178,49
17068,513179,49
17069,513180,49
17070,513187,49
17071,513188,49
17072,513189,49
17073,513190,49
17074,513191,49
17075,513192,49
17076,513193,49
17077,513194,49
17078,513195,49
17079,513196,49
17080,513197,49
17081,513198,49
17082,513199,49
17083,513200,49
17084,513201,49
17085,513202,49
17086,513203,49
17087,513204,49
17088,513205,49
17089,513206,49
17090,513207,49
17091,513208,49
17092,513209,49
17093,513210,49
17094,513211,49
17095,513212,49
17096,513213,49
17097,513214,49
17098,513215,49
17099,513216,49
17100,513217,49
17101,513218,49
17102,513219,49
17103,513220,49
17104,513221,49
17105,513222,49
17106,513223,49
17107,513224,49
17108,513225,49
17109,513226,49
17110,513227,49
17111,513228,49
17112,513229,49
17113,513230,49
17114,513231,49
17115,513232,49
17116,513233,49
17117,513234,49
17118,513235,49
17119,513236,49
17120,513237,49
17121,513238,49
17122,513239,49
17123,513240,49
17124,513241,49
17125,513242,49
17126,513243,49
17127,513244,49
17128,513245,49
17129,513246,49
17130,513247,49
17131,513248,49
17132,513249,49
17133,513250,49
17134,513251,49
17135,513252,49
17136,513253,49
17137,513254,49
17138,513255,49
17139,513256,49
17140,513257,49
17141,513258,49
17142,513259,49
17143,513260,49
17144,513261,49
17145,513262,49
17146,513263,49
17147,513264,49
17148,513265,49
17149,513266,49
17150,513267,49
17151,513268,49
17152,513269,49
17153,513270,49
17154,513271,49
17155,513272,49
17156,513273,49
17157,513274,49
17158,513275,49
17159,513276,49
17160,513277,49
17161,513278,49
17162,513279,49
17163,513280,49
17164,513281,49
17165,513282,49
17166,513283,49
17167,513284,49
17168,513285,49
17169,513286,49
17170,513287,49
17171,513288,49
17172,513289,49
17173,513290,49
17174,513291,49
17175,513292,49
17176,513293,49
17177,513294,49
17178,513295,49
17179,513296,49
17180,513297,49
17181,513298,49
17182,513299,49
17183,513300,49
17184,513301,49
17185,513302,49
17186,513303,49
17187,513304,49
17188,513305,49
17189,513306,49
17190,513307,49
17191,513308,49
17192,513309,49
17193,513310,49
17194,513311,49
17195,513312,49
17196,513313,49
17197,513314,49
17198,513315,49
17199,513316,49
17200,513317,49
17201,513318,49
17202,513319,49
17203,513320,49
17204,513321,49
17205,513322,49
17206,513323,49
17207,513324,49
17208,513325,49
17209,513326,49
17210,513327,49
17211,513328,49
17212,513329,49
17213,513330,49
17214,513331,49
17215,513332,49
17216,513333,49
17217,513334,49
17218,513335,49
17219,513336,49
17220,513337,49
17221,513338,49
17222,513339,49
17223,513340,49
17224,513341,49
17225,513342,49
17226,513343,49
17227,513344,49
17228,513345,49
17229,513346,49
17230,513347,49
17231,513348,49
17232,513349,49
17233,513350,49
17234,513351,49
17235,513352,49
17236,513353,49
17237,513354,49
17238,513355,49
17239,513356,49
17240,513357,49
17241,513358,49
17242,513359,49
17243,513360,49
17244,513361,49
17245,513362,49
17246,513363,49
17247,513364,49
17248,513365,49
17249,513368,49
17250,513369,49
17251,513370,49
17252,513371,49
17253,513372,49
17254,513373,49
17255,513374,49
17256,513375,49
17257,513376,49
17258,513377,49
17259,513378,49
17260,513379,49
17261,513380,49
17262,513381,49
17263,513382,49
17264,513383,49
17265,513384,49
17266,513385,49
17267,513386,49
17268,513387,49
17269,513388,49
17270,513389,49
17271,513390,49
17272,513391,49
17273,513392,49
17274,513393,49
17275,513394,49
17276,513395,49
17277,513396,49
17278,513397,49
17279,513398,49
17280,513399,49
17281,513400,49
17282,513401,49
17283,513402,49
17284,513403,49
17285,513404,49
17286,513405,49
17287,513406,49
17288,513407,49
17289,513408,49
17290,513409,49
17291,513410,49
17292,513411,49
17293,513412,49
17294,513413,49
17295,513414,49
17296,513415,49
17297,513416,49
17298,513417,49
17299,513418,49
17300,513419,49
17301,513420,49
17302,513421,49
17303,513422,49
17304,513423,49
17305,513424,49
17306,513425,49
17307,513426,49
17308,513427,49
17309,513428,49
17310,513430,49
17311,513431,49
17312,513432,49
17313,513433,49
17314,513434,49
17315,513435,49
17316,513436,49
17317,513437,49
17318,513438,49
17319,513439,49
17320,513440,49
17321,513441,49
17322,513442,49
17323,513443,49
17324,513444,49
17325,513445,49
17326,513446,49
17327,513447,49
17328,513448,49
17329,513449,49
17330,513450,49
17331,513451,49
17332,513452,49
17333,513453,49
17334,513454,49
17335,513455,49
17336,513456,49
17337,513457,49
17338,513458,49
17339,513459,49
17340,513460,49
17341,513461,49
17342,513467,49
17343,513468,49
17344,513469,49
17345,513470,49
17346,513471,49
17347,513472,49
17348,513473,49
17349,513474,49
17350,513475,49
17351,513476,49
17352,513477,49
17353,513478,49
17354,513479,49
17355,513480,49
17356,513481,49
17357,513482,49
17358,513483,49
17359,513484,49
17360,513485,49
17361,513486,49
17362,513487,49
17363,513488,49
17364,513489,49
17365,513490,49
17366,513491,49
17367,513492,49
17368,513493,49
17369,513494,49
17370,513495,49
17371,513496,49
17372,513497,49
17373,513498,49
17374,513499,49
17375,513500,49
17376,513501,49
17377,513502,49
17378,513503,49
17379,513504,49
17380,513505,49
17381,513506,49
17382,513507,49
17383,513508,49
17384,513509,49
17385,513510,49
17386,513511,49
17387,513512,49
17388,513513,49
17389,513514,49
17390,513515,49
17391,513516,49
17392,513517,49
17393,513518,49
17394,513519,49
17395,513520,49
17396,513521,49
17397,513522,49
17398,513523,49
17399,513524,49
17400,513525,49
17401,513526,49
17402,513527,49
17403,513528,49
17404,513529,49
17405,513530,49
17406,513531,49
17407,513532,49
17408,513533,49
17409,513534,49
17410,513535,49
17411,513536,49
17412,513537,49
17413,513538,49
17414,513539,49
17415,513540,49
17416,513541,49
17417,513542,49
17418,513543,49
17419,513544,49
17420,513545,49
17421,513546,49
17422,513547,49
17423,513548,49
17424,513549,49
17425,513550,49
17426,513551,49
17427,513552,49
17428,513553,49
17429,513554,49
17430,513555,49
17431,513556,49
17432,513557,49
17433,513558,49
17434,513559,49
17435,513560,49
17436,513561,49
17437,513562,49
17438,513563,49
17439,513564,49
17440,513565,49
17441,513566,49
17442,513567,49
17443,513568,49
17444,513569,49
17445,513570,49
17446,513571,49
17447,513572,49
17448,513573,49
17449,513574,49
17450,513575,49
17451,513576,49
17452,513577,49
17453,513578,49
17454,513579,49
17455,513580,49
17456,513581,49
17457,513582,49
17458,513583,49
17459,513584,49
17460,513585,49
17461,513586,49
17462,513587,49
17463,513588,49
17464,513589,49
17465,513590,49
17466,513591,49
17467,513592,49
17468,513593,49
17469,513594,49
17470,513595,49
17471,513596,49
17472,513597,49
17473,513598,49
17474,513599,49
17475,513600,49
17476,513601,49
17477,513602,49
17478,513603,49
17479,513604,49
17480,513605,49
17481,513606,49
17482,513607,49
17483,513608,49
17484,513609,49
17485,513610,49
17486,513611,49
17487,513612,49
17488,513613,49
17489,513614,49
17490,513615,49
17491,513616,49
17492,513617,49
17493,513618,49
17494,513619,49
17495,513620,49
17496,513621,49
17497,513622,49
17498,513623,49
17499,513624,49
17500,513625,49
17501,513626,49
17502,513627,49
17503,513628,49
17504,513629,49
17505,513630,49
17506,513631,49
17507,513632,49
17508,513633,49
17509,513634,49
17510,513635,49
17511,513636,49
17512,513637,49
17513,513638,49
17514,513639,49
17515,513640,49
17516,513641,49
17517,513642,49
17518,513643,49
17519,513644,49
17520,513645,49
17521,513646,49
17522,513647,49
17523,513648,49
17524,513649,49
17525,513650,49
17526,513651,49
17527,513652,49
17528,513653,49
17529,513654,49
17530,513655,49
17531,513656,49
17532,513657,49
17533,513658,49
17534,513659,49
17535,513660,49
17536,513661,49
17537,513662,49
17538,513663,49
17539,513664,49
17540,513665,49
17541,513666,49
17542,513667,49
17543,513668,49
17544,513669,49
17545,513670,49
17546,513671,49
17547,513672,49
17548,513673,49
17549,513674,49
17550,513675,49
17551,513676,49
17552,513677,49
17553,513678,49
17554,513679,49
17555,513680,49
17556,513681,49
17557,513682,49
17558,513683,49
17559,513684,49
17560,513685,49
17561,513686,49
17562,513687,49
17563,513688,49
17564,513689,49
17565,513690,49
17566,513691,49
17567,513692,49
17568,513693,49
17569,513694,49
17570,513695,49
17571,513696,49
17572,513697,49
17573,513698,49
17574,513699,49
17575,513700,49
17576,513701,49
17577,513702,49
17578,513703,49
17579,513704,49
17580,513705,49
17581,513706,49
17582,513707,49
17583,513708,49
17584,513709,49
17585,513710,49
17586,513711,49
17587,513712,49
17588,513713,49
17589,513714,49
17590,513715,49
17591,513716,49
17592,513717,49
17593,513718,49
17594,513719,49
17595,513720,49
17596,513730,49
17597,513731,49
17598,513732,49
17599,513733,49
17600,513734,49
17601,513735,49
17602,513736,49
17603,513737,49
17604,513738,49
17605,513739,49
17606,513740,49
17607,513741,49
17608,513742,49
17609,513743,49
17610,513744,49
17611,513745,49
17612,513746,49
17613,513747,49
17614,513748,49
17615,513749,49
17616,513750,49
17617,513751,49
17618,513752,49
17619,513753,49
17620,513754,49
17621,513755,49
17622,513756,49
17623,513757,49
17624,513758,49
17625,513759,49
17626,513760,49
17627,513761,49
17628,513762,49
17629,513763,49
17630,513764,49
17631,513765,49
17632,513766,49
17633,513767,49
17634,513768,49
17635,513769,49
17636,513770,49
17637,513771,49
17638,513772,49
17639,513773,49
17640,513774,49
17641,513775,49
17642,513776,49
17643,513777,49
17644,513778,49
17645,513779,49
17646,513780,49
17647,513781,49
17648,513782,49
17649,513783,49
17650,513784,49
17651,513785,49
17652,513786,49
17653,513787,49
17654,513788,49
17655,513789,49
17656,513790,49
17657,513791,49
17658,513792,49
17659,513793,49
17660,513794,49
17661,513795,49
17662,513796,49
17663,513797,49
17664,513798,49
17665,513799,49
17666,513800,49
17667,513801,49
17668,513802,49
17669,513803,49
17670,513804,49
17671,513805,49
17672,513806,49
17673,513807,49
17674,513808,49
17675,513809,49
17676,513810,49
17677,513811,49
17678,513812,49
17679,513813,49
17680,513814,49
17681,513815,49
17682,513816,49
17683,513817,49
17684,513818,49
17685,513819,49
17686,513820,49
17687,513821,49
17688,513822,49
17689,513823,49
17690,513824,49
17691,513825,49
17692,513826,49
17693,513827,49
17694,513828,49
17695,513829,49
17696,513830,49
17697,513831,49
17698,513832,49
17699,513833,49
17700,513834,49
17701,513835,49
17702,513836,49
17703,513837,49
17704,513838,49
17705,513839,49
17706,513840,49
17707,513841,49
17708,513842,49
17709,513843,49
17710,513844,49
17711,513845,49
17712,513846,49
17713,513847,49
17714,513848,49
17715,513849,49
17716,513850,49
17717,513851,49
17718,513852,49
17719,513853,49
17720,513854,49
17721,513855,49
17722,513856,49
17723,513857,49
17724,513858,49
17725,513859,49
17726,513860,49
17727,513861,49
17728,513862,49
17729,513863,49
17730,513864,49
17731,513865,49
17732,513866,49
17733,513867,49
17734,513868,49
17735,513869,49
17736,513870,49
17737,513871,49
17738,513872,49
17739,513873,49
17740,513874,49
17741,513875,49
17742,513876,49
17743,513877,49
17744,513878,49
17745,513879,49
17746,513891,49
17747,513892,49
17748,513893,49
17749,513894,49
17750,513895,49
17751,513896,49
17752,513897,49
17753,513898,49
17754,513899,49
17755,513906,49
17756,513907,49
17757,513908,49
17758,513909,49
17759,513910,49
17760,513911,49
17761,513912,49
17762,513913,49
17763,513914,49
17764,513915,49
17765,513916,49
17766,513917,49
17767,513918,49
17768,513919,49
17769,513920,49
17770,513921,49
17771,513930,49
17772,513931,49
17773,513932,49
17774,513933,49
17775,513934,49
17776,513935,49
17777,513936,49
17778,513937,49
17779,513938,49
17780,513939,49
17781,513940,49
17782,513941,49
17783,513942,49
17784,513943,49
17785,513944,49
17786,513945,49
17787,513946,49
17788,513947,49
17789,513948,49
17790,513949,49
17791,513950,49
17792,513951,49
17793,513952,49
17794,513953,49
17795,513954,49
17796,513955,49
17797,513956,49
17798,513957,49
17799,513958,49
17800,513959,49
17801,513960,49
17802,513961,49
17803,513962,49
17804,513963,49
17805,513964,49
17806,513965,49
17807,513966,49
17808,513967,49
17809,513968,49
17810,513969,49
17811,513970,49
17812,513971,49
17813,513972,49
17814,513973,49
17815,513974,49
17816,513975,49
17817,513976,49
17818,513977,49
17819,513978,49
17820,513979,49
17821,513980,49
17822,513981,49
17823,513982,49
17824,513983,49
17825,513988,49
17826,513989,49
17827,513990,49
17828,513991,49
17829,513992,49
17830,513993,49
17831,513994,49
17832,513995,49
17833,513996,49
17834,513997,49
17835,513998,49
17836,513999,49
17837,514000,49
17838,514001,49
17839,514002,49
17840,514003,49
17841,514004,49
17842,514005,49
17843,514006,49
17844,514007,49
17845,514008,49
17846,514009,49
17847,514010,49
17848,514011,49
17849,514012,49
17850,514013,49
17851,514014,49
17852,514015,49
17853,514016,49
17854,514017,49
17855,514018,49
17856,514019,49
17857,514027,49
17858,514028,49
17859,514029,49
17860,514030,49
17861,514031,49
17862,514032,49
17863,514033,49
17864,514034,49
17865,514035,49
17866,514036,49
17867,514037,49
17868,514038,49
17869,514039,49
17870,514040,49
17871,514041,49
17872,514042,49
17873,514043,49
17874,514044,49
17875,514045,49
17876,514046,49
17877,514047,49
17878,514048,49
17879,514049,49
17880,514050,49
17881,514051,49
17882,514052,49
17883,514053,49
17884,514054,49
17885,514055,49
17886,514056,49
17887,514057,49
17888,514058,49
17889,514059,49
17890,514060,49
17891,514061,49
17892,514062,49
17893,514063,49
17894,514064,49
17895,514065,49
17896,514074,49
17897,514075,49
17898,514076,49
17899,514077,49
17900,514078,49
17901,514079,49
17902,514080,49
17903,514081,49
17904,514082,49
17905,514083,49
17906,514084,49
17907,514085,49
17908,514086,49
17909,514087,49
17910,514088,49
17911,514089,49
17912,514090,49
17913,514091,49
17914,514092,49
17915,514093,49
17916,514094,49
17917,514095,49
17918,514096,49
17919,514097,49
17920,514108,49
17921,514109,49
17922,514110,49
17923,514111,49
17924,514112,49
17925,514113,49
17926,514114,49
17927,514115,49
17928,514116,49
17929,514117,49
17930,514118,49
17931,514119,49
17932,514120,49
17933,514121,49
17934,514122,49
17935,514123,49
17936,514124,49
17937,514125,49
17938,514126,49
17939,514127,49
17940,514128,49
17941,514129,49
17942,514130,49
17943,514131,49
17944,514132,49
17945,514133,49
17946,514134,49
17947,514135,49
17948,514136,49
17949,514137,49
17950,514138,49
17951,514139,49
17952,514140,49
17953,514141,49
17954,514142,49
17955,514143,49
17956,514144,49
17957,514145,49
17958,514146,49
17959,514147,49
17960,514148,49
17961,514149,49
17962,514150,49
17963,514151,49
17964,514152,49
17965,514153,49
17966,514154,49
17967,514155,49
17968,514156,49
17969,514157,49
17970,514158,49
17971,514159,49
17972,514160,49
17973,514161,49
17974,514162,49
17975,514163,49
17976,514164,49
17977,514165,49
17978,514166,49
17979,514167,49
17980,514168,49
17981,514169,49
17982,514170,49
17983,514171,49
17984,514172,49
17985,514173,49
17986,514174,49
17987,514175,49
17988,514176,49
17989,514177,49
17990,514178,49
17991,514179,49
17992,514180,49
17993,514181,49
17994,514182,49
17995,514183,49
17996,514184,49
17997,514185,49
17998,514186,49
17999,514187,49
18000,514188,49
18001,514189,49
18002,514190,49
18003,514191,49
18004,514192,49
18005,514193,49
18006,514194,49
18007,514195,49
18008,514196,49
18009,514197,49
18010,514198,49
18011,514199,49
18012,514200,49
18013,514201,49
18014,514202,49
18015,514203,49
18016,514204,49
18017,514205,49
18018,514206,49
18019,514207,49
18020,514208,49
18021,514209,49
18022,514210,49
18023,514211,49
18024,514212,49
18025,514213,49
18026,514214,49
18027,514215,49
18028,514216,49
18029,514217,49
18030,514218,49
18031,514219,49
18032,514220,49
18033,514221,49
18034,514222,49
18035,514223,49
18036,514224,49
18037,514225,49
18038,514226,49
18039,514227,49
18040,514228,49
18041,514229,49
18042,514230,49
18043,514231,49
18044,514232,49
18045,514235,49
18046,514236,49
18047,514237,49
18048,514238,49
18049,514239,49
18050,514240,49
18051,514241,49
18052,514247,49
18053,514248,49
18054,514249,49
18055,514254,49
18056,514255,49
18057,514256,49
18058,514257,49
18059,514258,49
18060,514259,49
18061,514260,49
18062,514261,49
18063,514262,49
18064,514263,49
18065,514264,49
18066,514265,49
18067,514266,49
18068,514267,49
18069,514268,49
18070,514269,49
18071,514270,49
18072,514271,49
18073,514272,49
18074,514273,49
18075,514274,49
18076,514275,49
18077,514276,49
18078,514277,49
18079,514278,49
18080,514279,49
18081,514280,49
18082,514281,49
18083,514282,49
18084,514283,49
18085,514284,49
18086,514285,49
18087,514286,49
18088,514287,49
18089,514288,49
18090,514289,49
18091,514290,49
18092,514291,49
18093,514292,49
18094,514293,49
18095,514294,49
18096,514295,49
18097,514296,49
18098,514297,49
18099,514298,49
18100,514299,49
18101,514300,49
18102,514301,49
18103,514302,49
18104,514303,49
18105,514304,49
18106,514305,49
18107,514306,49
18108,514307,49
18109,514308,49
18110,514309,49
18111,514310,49
18112,514311,49
18113,514312,49
18114,514313,49
18115,514314,49
18116,514315,49
18117,514316,49
18118,514317,49
18119,514318,49
18120,514319,49
18121,514320,49
18122,514321,49
18123,514322,49
18124,514323,49
18125,514324,49
18126,514325,49
18127,514326,49
18128,514327,49
18129,514331,49
18130,514332,49
18131,514333,49
18132,514334,49
18133,514335,49
18134,514336,49
18135,514337,49
18136,514338,49
18137,514339,49
18138,514340,49
18139,514341,49
18140,514342,49
18141,514343,49
18142,514344,49
18143,514345,49
18144,514346,49
18145,514347,49
18146,514348,49
18147,514349,49
18148,514350,49
18149,514351,49
18150,514352,49
18151,514353,49
18152,514354,49
18153,514355,49
18154,514356,49
18155,514357,49
18156,514358,49
18157,514359,49
18158,514360,49
18159,514361,49
18160,514362,49
18161,514363,49
18162,514364,49
18163,514365,49
18164,514366,49
18165,514367,49
18166,514368,49
18167,514369,49
18168,514370,49
18169,514371,49
18170,514372,49
18171,514373,49
18172,514374,49
18173,514375,49
18174,514376,49
18175,514377,49
18176,514378,49
18177,514379,49
18178,514380,49
18179,514381,49
18180,514382,49
18181,514383,49
18182,514384,49
18183,514385,49
18184,514386,49
18185,514387,49
18186,514388,49
18187,514389,49
18188,514390,49
18189,514391,49
18190,514392,49
18191,514393,49
18192,514394,49
18193,514395,49
18194,514396,49
18195,514397,49
18196,514398,49
18197,514399,49
18198,514400,49
18199,514401,49
18200,514402,49
18201,514403,49
18202,514404,49
18203,514405,49
18204,514406,49
18205,514407,49
18206,514408,49
18207,514409,49
18208,514410,49
18209,514411,49
18210,514412,49
18211,514413,49
18212,514414,49
18213,514415,49
18214,514416,49
18215,514417,49
18216,514418,49
18217,514419,49
18218,514420,49
18219,514421,49
18220,514422,49
18221,514423,49
18222,514424,49
18223,514425,49
18224,514426,49
18225,514427,49
18226,514428,49
18227,514429,49
18228,514430,49
18229,514431,49
18230,514432,49
18231,514433,49
18232,514434,49
18233,514435,49
18234,514436,49
18235,514437,49
18236,514438,49
18237,514439,49
18238,514440,49
18239,514441,49
18240,514442,49
18241,514443,49
18242,514444,49
18243,514445,49
18244,514446,49
18245,514447,49
18246,514448,49
18247,514449,49
18248,514450,49
18249,514451,49
18250,514452,49
18251,514453,49
18252,514454,49
18253,514455,49
18254,514456,49
18255,514457,49
18256,514458,49
18257,514459,49
18258,514460,49
18259,514461,49
18260,514462,49
18261,514463,49
18262,514464,49
18263,514465,49
18264,514466,49
18265,514467,49
18266,514468,49
18267,514469,49
18268,514470,49
18269,514471,49
18270,514472,49
18271,514473,49
18272,514474,49
18273,514475,49
18274,514476,49
18275,514477,49
18276,514478,49
18277,514479,49
18278,514480,49
18279,514481,49
18280,514482,49
18281,514483,49
18282,514484,49
18283,514485,49
18284,514486,49
18285,514487,49
18286,514488,49
18287,514489,49
18288,514490,49
18289,514491,49
18290,514492,49
18291,514493,49
18292,514494,49
18293,514495,49
18294,514496,49
18295,514497,49
18296,514500,49
18297,514501,49
18298,514502,49
18299,514503,49
18300,514504,49
18301,514505,49
18302,514506,49
18303,514518,49
18304,514519,49
18305,514520,49
18306,514521,49
18307,514522,49
18308,514523,49
18309,514524,49
18310,514525,49
18311,514538,49
18312,514539,49
18313,514542,49
18314,514543,49
18315,514544,49
18316,514545,49
18317,514546,49
18318,514547,49
18319,514548,49
18320,514549,49
18321,514550,49
18322,514551,49
18323,514552,49
18324,514553,49
18325,514554,49
18326,514555,49
18327,514556,49
18328,514557,49
18329,514558,49
18330,514559,49
18331,514560,49
18332,514561,49
18333,514562,49
18334,514563,49
18335,514564,49
18336,514565,49
18337,514566,49
18338,514567,49
18339,514568,49
18340,514569,49
18341,514570,49
18342,514571,49
18343,514572,49
18344,514573,49
18345,514576,49
18346,514577,49
18347,514579,49
18348,514580,49
18349,514581,49
18350,514582,49
18351,514583,49
18352,514584,49
18353,514585,49
18354,514586,49
18355,514587,49
18356,514588,49
18357,514589,49
18358,514590,49
18359,514591,49
18360,514592,49
18361,514593,49
18362,514594,49
18363,514595,49
18364,514596,49
18365,514597,49
18366,514598,49
18367,514599,49
18368,514600,49
18369,514601,49
18370,514602,49
18371,514603,49
18372,514604,49
18373,514605,49
18374,514606,49
18375,514607,49
18376,514608,49
18377,514609,49
18378,514610,49
18379,514611,49
18380,514612,49
18381,514613,49
18382,514614,49
18383,514615,49
18384,514616,49
18385,514617,49
18386,514618,49
18387,514619,49
18388,514620,49
18389,514621,49
18390,514622,49
18391,514623,49
18392,514624,49
18393,514625,49
18394,514626,49
18395,514627,49
18396,514628,49
18397,514629,49
18398,514630,49
18399,514631,49
18400,514632,49
18401,514633,49
18402,514634,49
18403,514635,49
18404,514637,49
18405,514638,49
18406,514639,49
18407,514640,49
18408,514641,49
18409,514642,49
18410,514643,49
18411,514644,49
18412,514645,49
18413,514646,49
18414,514654,49
18415,514655,49
18416,514656,49
18417,514657,49
18418,514658,49
18419,514659,49
18420,514660,49
18421,514661,49
18422,514662,49
18423,514663,49
18424,514664,49
18425,514665,49
18426,514666,49
18427,514667,49
18428,514668,49
18429,514669,49
18430,514670,49
18431,514671,49
18432,514672,49
18433,514673,49
18434,514674,49
18435,514675,49
18436,514676,49
18437,514677,49
18438,514678,49
18439,514679,49
18440,514680,49
18441,514681,49
18442,514682,49
18443,514683,49
18444,514684,49
18445,514685,49
18446,514686,49
18447,514687,49
18448,514688,49
18449,514689,49
18450,514690,49
18451,514691,49
18452,514692,49
18453,514693,49
18454,514694,49
18455,514695,49
18456,514696,49
18457,514697,49
18458,514698,49
18459,514699,49
18460,514700,49
18461,514701,49
18462,514702,49
18463,514703,49
18464,514704,49
18465,514705,49
18466,514706,49
18467,514707,49
18468,514708,49
18469,514709,49
18470,514710,49
18471,514711,49
18472,514731,49
18473,514732,49
18474,514733,49
18475,514735,49
18476,514736,49
18477,514737,49
18478,514738,49
18479,514739,49
18480,514740,49
18481,514741,49
18482,514742,49
18483,514743,49
18484,514747,49
18485,514748,49
18486,514749,49
18487,514750,49
18488,514751,49
18489,514752,49
18490,514753,49
18491,514754,49
18492,514755,49
18493,514756,49
18494,514757,49
18495,514758,49
18496,514759,49
18497,514767,49
18498,514768,49
18499,514769,49
18500,514770,49
18501,514771,49
18502,514772,49
18503,514773,49
18504,514774,49
18505,514775,49
18506,514776,49
18507,514785,49
18508,514786,49
18509,514787,49
18510,514788,49
18511,514789,49
18512,514790,49
18513,514797,49
18514,514798,49
18515,514799,49
18516,514801,49
18517,514804,49
18518,514805,49
18519,514806,49
18520,514807,49
18521,514810,49
18522,514828,49
18523,514829,49
18524,514836,49
18525,514837,49
18526,514838,49
18527,514839,49
18528,514840,49
18529,514841,49
18530,514842,49
18531,514843,49
18532,514844,49
18533,514845,49
18534,514846,49
18535,514847,49
18536,514848,49
18537,514849,49
18538,514850,49
18539,514851,49
18540,514852,49
18541,514853,49
18542,514854,49
18543,514857,49
18544,514859,49
18545,514860,49
18546,514885,49
18547,514886,49
18548,514887,49
18549,514888,49
18550,514889,49
18551,514890,49
18552,514891,49
18553,514892,49
18554,514893,49
18555,514894,49
18556,514895,49
18557,514896,49
18558,514897,49
18559,514898,49
18560,514899,49
18561,514900,49
18562,514901,49
18563,514911,49
18564,514912,49
18565,514913,49
18566,514914,49
18567,514915,49
18568,514916,49
18569,514917,49
18570,514918,49
18571,514919,49
18572,514920,49
18573,514921,49
18574,514922,49
18575,514923,49
18576,514924,49
18577,514925,49
18578,514926,49
18579,514927,49
18580,514928,49
18581,514929,49
18582,514930,49
18583,514931,49
18584,514932,49
18585,514933,49
18586,514934,49
18587,514935,49
18588,514936,49
18589,514937,49
18590,514938,49
18591,514939,49
18592,514940,49
18593,514941,49
18594,514942,49
18595,514943,49
18596,514944,49
18597,514945,49
18598,514946,49
18599,514947,49
18600,514948,49
18601,514949,49
18602,514950,49
18603,514951,49
18604,514952,49
18605,514953,49
18606,514954,49
18607,514955,49
18608,514956,49
18609,514957,49
18610,514958,49
18611,514959,49
18612,514962,49
18613,514963,49
18614,514964,49
18615,514965,49
18616,514966,49
18617,514967,49
18618,514968,49
18619,514969,49
18620,514970,49
18621,514971,49
18622,514972,49
18623,514973,49
18624,514974,49
18625,514975,49
18626,514976,49
18627,514977,49
18628,514978,49
18629,514979,49
18630,514980,49
18631,514981,49
18632,514982,49
18633,514983,49
18634,514984,49
18635,514985,49
18636,514986,49
18637,514987,49
18638,514988,49
18639,514989,49
18640,514990,49
18641,514991,49
18642,514992,49
18643,514993,49
18644,514994,49
18645,514995,49
18646,514996,49
18647,514997,49
18648,514998,49
18649,514999,49
18650,515000,49
18651,515001,49
18652,515002,49
18653,515003,49
18654,515004,49
18655,515005,49
18656,515006,49
18657,515007,49
18658,515008,49
18659,515009,49
18660,515010,49
18661,515011,49
18662,515012,49
18663,515013,49
18664,515014,49
18665,515015,49
18666,515016,49
18667,515017,49
18668,515039,49
18669,515040,49
18670,515041,49
18671,515042,49
18672,515043,49
18673,515044,49
18674,515045,49
18675,515046,49
18676,515050,49
18677,515051,49
18678,515052,49
18679,515053,49
18680,515054,49
18681,515055,49
18682,515056,49
18683,515057,49
18684,515058,49
18685,515059,49
18686,515060,49
18687,515061,49
18688,515062,49
18689,515063,49
18690,515064,49
18691,515065,49
18692,515066,49
18693,515067,49
18694,515068,49
18695,515069,49
18696,515070,49
18697,515071,49
18698,515072,49
18699,515073,49
18700,515074,49
18701,515075,49
18702,515076,49
18703,515077,49
18704,515078,49
18705,515079,49
18706,515130,49
18707,515131,49
18708,515132,49
18709,515133,49
18710,515134,49
18711,515135,49
18712,515136,49
18713,515137,49
18714,515138,49
18715,515139,49
18716,515140,49
18717,515141,49
18718,515142,49
18719,515143,49
18720,515144,49
18721,515145,49
18722,515146,49
18723,515147,49
18724,515148,49
18725,515149,49
18726,515150,49
18727,515151,49
18728,515152,49
18729,515153,49
18730,515154,49
18731,515155,49
18732,515156,49
18733,515157,49
18734,515158,49
18735,515159,49
18736,515160,49
18737,515161,49
18738,515162,49
18739,515163,49
18740,515164,49
18741,515165,49
18742,515166,49
18743,515167,49
18744,515168,49
18745,515169,49
18746,515170,49
18747,515179,49
18748,515180,49
18749,515181,49
18750,515182,49
18751,515183,49
18752,515184,49
18753,515185,49
18754,515186,49
18755,515187,49
18756,515188,49
18757,515189,49
18758,515190,49
18759,515191,49
18760,515192,49
18761,515193,49
18762,515194,49
18763,515195,49
18764,515196,49
18765,515197,49
18766,515198,49
18767,515199,49
18768,515200,49
18769,515201,49
18770,515202,49
18771,515203,49
18772,515204,49
18773,515205,49
18774,515206,49
18775,515207,49
18776,515208,49
18777,515209,49
18778,515210,49
18779,515211,49
18780,515212,49
18781,515213,49
18782,515214,49
18783,515215,49
18784,515226,49
18785,515227,49
18786,515228,49
18787,515229,49
18788,515230,49
18789,515231,49
18790,515232,49
18791,515233,49
18792,515234,49
18793,515235,49
18794,515236,49
18795,515237,49
18796,515238,49
18797,515239,49
18798,515240,49
18799,515241,49
18800,515242,49
18801,515243,49
18802,515244,49
18803,515245,49
18804,515246,49
18805,515247,49
18806,515248,49
18807,515249,49
18808,515250,49
18809,515251,49
18810,515252,49
18811,515253,49
18812,515254,49
18813,515255,49
18814,515256,49
18815,515257,49
18816,515258,49
18817,515259,49
18818,515260,49
18819,515261,49
18820,515262,49
18821,515263,49
18822,515264,49
18823,515265,49
18824,515266,49
18825,515267,49
18826,515268,49
18827,515269,49
18828,515270,49
18829,515271,49
18830,515272,49
18831,515273,49
18832,515274,49
18833,515275,49
18834,515276,49
18835,515277,49
18836,515278,49
18837,515279,49
18838,515280,49
18839,515281,49
18840,515282,49
18841,515283,49
18842,515284,49
18843,515285,49
18844,515286,49
18845,515287,49
18846,515288,49
18847,515289,49
18848,515290,49
18849,515291,49
18850,515292,49
18851,515293,49
18852,515294,49
18853,515295,49
18854,515296,49
18855,515297,49
18856,515298,49
18857,515299,49
18858,515300,49
18859,515301,49
18860,515302,49
18861,515303,49
18862,515304,49
18863,515305,49
18864,515306,49
18865,515307,49
18866,515308,49
18867,515309,49
18868,515310,49
18869,515311,49
18870,515312,49
18871,515313,49
18872,515314,49
18873,515315,49
18874,515316,49
18875,515317,49
18876,515318,49
18877,515319,49
18878,515320,49
18879,515321,49
18880,515322,49
18881,515323,49
18882,515324,49
18883,515325,49
18884,515326,49
18885,515327,49
18886,515328,49
18887,515329,49
18888,515330,49
18889,515331,49
18890,515332,49
18891,515333,49
18892,515334,49
18893,515335,49
18894,515336,49
18895,515337,49
18896,515338,49
18897,515339,49
18898,515381,49
18899,515382,49
18900,515384,49
18901,515385,49
18902,515386,49
18903,515387,49
18904,515388,49
18905,515389,49
18906,515390,49
18907,515391,49
18908,515392,49
18909,515393,49
18910,515394,49
18911,515404,49
18912,515405,49
18913,515406,49
18914,515407,49
18915,515408,49
18916,515409,49
18917,515410,49
18918,515411,49
18919,515412,49
18920,515413,49
18921,515414,49
18922,515415,49
18923,515416,49
18924,515417,49
18925,515418,49
18926,515440,49
18927,515441,49
18928,515442,49
18929,515443,49
18930,515444,49
18931,515445,49
18932,515446,49
18933,515447,49
18934,515451,49
18935,515452,49
18936,515453,49
18937,515454,49
18938,515455,49
18939,515456,49
18940,515457,49
18941,515458,49
18942,515459,49
18943,515460,49
18944,515461,49
18945,515462,49
18946,515463,49
18947,515465,49
18948,515466,49
18949,515467,49
18950,515468,49
18951,515521,49
18952,515522,49
18953,515523,49
18954,515555,49
18955,515556,49
18956,515557,49
18957,515558,49
18958,515559,49
18959,515560,49
18960,515561,49
18961,515562,49
18962,515563,49
18963,515564,49
18964,515565,49
18965,515566,49
18966,515567,49
18967,515568,49
18968,515581,49
18969,515594,49
18970,515595,49
18971,515596,49
18972,515597,49
18973,515598,49
18974,515618,49
18975,515619,49
18976,515624,49
18977,515625,49
18978,515626,49
18979,515627,49
18980,515628,49
18981,515629,49
18982,515630,49
18983,515631,49
18984,515632,49
18985,515633,49
18986,515634,49
18987,515635,49
18988,515636,49
18989,515637,49
18990,515638,49
18991,515639,49
18992,515640,49
18993,515641,49
18994,515642,49
18995,515643,49
18996,515644,49
18997,515645,49
18998,515646,49
18999,515647,49
19000,515648,49
19001,515649,49
19002,515650,49
19003,515651,49
19004,515652,49
19005,515653,49
19006,515654,49
19007,515671,49
19008,515672,49
19009,515675,49
19010,515676,49
19011,515684,49
19012,515685,49
19013,515686,49
19014,515687,49
19015,515688,49
19016,515689,49
19017,515703,49
19018,515704,49
19019,515716,49
19020,515717,49
19021,515718,49
19022,515719,49
19023,515720,49
19024,515721,49
19025,515738,49
19026,515739,49
19027,515740,49
19028,515741,49
19029,515742,49
19030,515743,49
19031,515744,49
19032,515745,49
19033,515746,49
19034,515747,49
19035,515748,49
19036,515749,49
19037,515750,49
19038,515751,49
19039,515752,49
19040,515753,49
19041,515754,49
19042,515755,49
19043,515756,49
19044,515757,49
19045,515758,49
19046,515759,49
19047,515760,49
19048,515761,49
19049,515762,49
19050,515763,49
19051,515764,49
19052,515776,49
19053,515777,49
19054,515778,49
19055,515779,49
19056,515780,49
19057,515781,49
19058,515782,49
19059,515786,49
19060,515787,49
19061,515788,49
19062,515789,49
19063,515790,49
19064,515791,49
19065,515792,49
19066,515793,49
19067,515794,49
19068,515795,49
19069,515803,49
19070,515804,49
19071,515805,49
19072,515806,49
19073,515807,49
19074,515808,49
19075,515809,49
19076,515810,49
19077,515811,49
19078,515812,49
19079,515813,49
19080,515814,49
19081,515815,49
19082,515816,49
19083,515817,49
19084,515818,49
19085,515819,49
19086,515820,49
19087,515821,49
19088,515847,49
19089,515848,49
19090,515849,49
19091,515862,49
19092,515908,49
19093,515909,49
19094,515910,49
19095,515918,49
19096,515919,49
19097,515924,49
19098,515925,49
19099,515926,49
19100,515927,49
19101,515928,49
19102,515929,49
19103,515930,49
19104,515931,49
19105,515932,49
19106,515933,49
19107,515934,49
19108,515935,49
19109,515936,49
19110,515937,49
19111,515938,49
19112,515939,49
19113,515940,49
19114,515941,49
19115,515942,49
19116,515943,49
19117,515944,49
19118,515945,49
19119,515946,49
19120,515947,49
19121,515955,49
19122,515956,49
19123,515957,49
19124,515958,49
19125,515959,49
19126,515960,49
19127,515961,49
19128,515962,49
19129,515963,49
19130,515964,49
19131,515965,49
19132,515966,49
19133,515967,49
19134,515968,49
19135,515969,49
19136,515970,49
19137,515992,49
19138,515993,49
19139,515994,49
19140,515995,49
19141,515996,49
19142,515997,49
19143,516005,49
19144,516006,49
19145,516007,49
19146,516008,49
19147,516009,49
19148,516010,49
19149,516011,49
19150,516012,49
19151,516013,49
19152,516014,49
19153,516020,49
19154,516021,49
19155,516022,49
19156,516023,49
19157,516024,49
19158,516038,49
19159,516039,49
19160,516040,49
19161,516041,49
19162,516042,49
19163,516043,49
19164,516044,49
19165,516045,49
19166,516046,49
19167,516047,49
19168,516048,49
19169,516049,49
19170,516050,49
19171,516111,49
19172,516112,49
19173,516113,49
19174,516114,49
19175,516115,49
19176,516116,49
19177,516117,49
19178,516118,49
19179,516119,49
19180,516120,49
19181,516121,49
19182,516122,49
19183,516123,49
19184,516125,49
19185,516126,49
19186,516130,49
19187,516131,49
19188,516132,49
19189,516133,49
19190,516134,49
19191,516135,49
19192,516136,49
19193,516137,49
19194,516138,49
19195,516139,49
19196,516140,49
19197,516141,49
19198,516142,49
19199,516143,49
19200,516144,49
19201,516145,49
19202,516146,49
19203,516147,49
19204,516148,49
19205,516149,49
19206,516150,49
19207,516151,49
19208,516152,49
19209,516153,49
19210,516154,49
19211,516155,49
19212,516158,49
19213,516159,49
19214,516160,49
19215,516161,49
19216,516169,49
19217,516170,49
19218,516171,49
19219,516172,49
19220,516173,49
19221,516174,49
19222,516175,49
19223,516176,49
19224,516177,49
19225,516178,49
19226,516179,49
19227,516180,49
19228,516181,49
19229,516182,49
19230,516183,49
19231,516184,49
19232,516185,49
19233,516186,49
19234,516187,49
19235,516188,49
19236,516189,49
19237,516190,49
19238,516191,49
19239,516192,49
19240,516193,49
19241,516194,49
19242,516195,49
19243,516196,49
19244,516197,49
19245,516198,49
19246,516199,49
19247,516200,49
19248,516201,49
19249,516202,49
19250,516203,49
19251,516204,49
19252,516205,49
19253,516206,49
19254,516207,49
19255,516208,49
19256,516209,49
19257,516210,49
19258,516211,49
19259,516212,49
19260,516213,49
19261,516214,49
19262,516215,49
19263,516216,49
19264,516217,49
19265,516218,49
19266,516219,49
19267,516220,49
19268,516221,49
19269,516222,49
19270,516223,49
19271,516224,49
19272,516225,49
19273,516226,49
19274,516227,49
19275,516228,49
19276,516229,49
19277,516230,49
19278,516231,49
19279,516232,49
19280,516233,49
19281,516234,49
19282,516235,49
19283,516236,49
19284,516237,49
19285,516238,49
19286,516239,49
19287,516240,49
19288,516241,49
19289,516242,49
19290,516243,49
19291,516244,49
19292,516245,49
19293,516246,49
19294,516247,49
19295,516248,49
19296,516249,49
19297,516250,49
19298,516251,49
19299,516252,49
19300,516253,49
19301,516254,49
19302,516255,49
19303,516256,49
19304,516257,49
19305,516258,49
19306,516259,49
19307,516260,49
19308,516261,49
19309,516262,49
19310,516263,49
19311,516264,49
19312,516265,49
19313,516266,49
19314,516267,49
19315,516268,49
19316,516269,49
19317,516270,49
19318,516271,49
19319,516272,49
19320,516273,49
19321,516274,49
19322,516275,49
19323,516276,49
19324,516277,49
19325,516278,49
19326,516279,49
19327,516280,49
19328,516281,49
19329,516282,49
19330,516283,49
19331,516284,49
19332,516285,49
19333,516286,49
19334,516287,49
19335,516288,49
19336,516289,49
19337,516290,49
19338,516291,49
19339,516292,49
19340,516293,49
19341,516294,49
19342,516295,49
19343,516296,49
19344,516297,49
19345,516298,49
19346,516299,49
19347,516300,49
19348,516301,49
19349,516302,49
19350,516303,49
19351,516304,49
19352,516305,49
19353,516306,49
19354,516307,49
19355,516308,49
19356,516309,49
19357,516310,49
19358,516311,49
19359,516312,49
19360,516313,49
19361,516314,49
19362,516315,49
19363,516316,49
19364,516317,49
19365,516318,49
19366,516319,49
19367,516320,49
19368,516321,49
19369,516322,49
19370,516323,49
19371,516324,49
19372,516325,49
19373,516326,49
19374,516327,49
19375,516328,49
19376,516329,49
19377,516330,49
19378,516331,49
19379,516332,49
19380,516333,49
19381,516334,49
19382,516335,49
19383,516336,49
19384,516337,49
19385,516338,49
19386,516339,49
19387,516340,49
19388,516341,49
19389,516342,49
19390,516343,49
19391,516344,49
19392,516345,49
19393,516346,49
19394,516347,49
19395,516348,49
19396,516349,49
19397,516350,49
19398,516351,49
19399,516352,49
19400,516353,49
19401,516356,49
19402,516357,49
19403,516358,49
19404,516359,49
19405,516360,49
19406,516361,49
19407,516362,49
19408,516363,49
19409,516364,49
19410,516365,49
19411,516366,49
19412,516367,49
19413,516368,49
19414,516369,49
19415,516370,49
19416,516371,49
19417,516372,49
19418,516373,49
19419,516374,49
19420,516375,49
19421,516376,49
19422,516377,49
19423,516378,49
19424,516379,49
19425,516380,49
19426,516381,49
19427,516382,49
19428,516383,49
19429,516384,49
19430,516385,49
19431,516386,49
19432,516387,49
19433,516388,49
19434,516389,49
19435,516390,49
19436,516391,49
19437,516392,49
19438,516393,49
19439,516394,49
19440,516398,49
19441,516399,49
19442,516400,49
19443,516401,49
19444,516402,49
19445,516403,49
19446,516404,49
19447,516405,49
19448,516406,49
19449,516407,49
19450,516408,49
19451,516409,49
19452,516410,49
19453,516411,49
19454,516412,49
19455,516413,49
19456,516414,49
19457,516415,49
19458,516416,49
19459,516417,49
19460,516418,49
19461,516419,49
19462,516420,49
19463,516421,49
19464,516422,49
19465,516423,49
19466,516424,49
19467,516425,49
19468,516426,49
19469,516427,49
19470,516428,49
19471,516429,49
19472,516430,49
19473,516431,49
19474,516432,49
19475,516433,49
19476,516434,49
19477,516435,49
19478,516436,49
19479,516437,49
19480,516438,49
19481,516439,49
19482,516440,49
19483,516441,49
19484,516442,49
19485,516443,49
19486,516444,49
19487,516445,49
19488,516446,49
19489,516447,49
19490,516448,49
19491,516449,49
19492,516450,49
19493,516451,49
19494,516452,49
19495,516453,49
19496,516456,49
19497,516457,49
19498,516460,49
19499,516461,49
19500,516462,49
19501,516463,49
19502,516464,49
19503,516465,49
19504,516466,49
19505,516467,49
19506,516468,49
19507,516469,49
19508,516470,49
19509,516471,49
19510,516472,49
19511,516473,49
19512,516474,49
19513,516475,49
19514,516476,49
19515,516489,49
19516,516490,49
19517,516491,49
19518,516492,49
19519,516493,49
19520,516494,49
19521,516495,49
19522,516496,49
19523,516497,49
19524,516498,49
19525,516499,49
19526,516555,49
19527,516556,49
19528,516557,49
19529,516558,49
19530,516559,49
19531,516560,49
19532,516561,49
19533,516562,49
19534,516563,49
19535,516564,49
19536,516565,49
19537,516566,49
19538,516567,49
19539,516568,49
19540,516569,49
19541,516570,49
19542,516571,49
19543,516572,49
19544,516573,49
19545,516574,49
19546,516575,49
19547,516576,49
19548,516577,49
19549,516578,49
19550,516579,49
19551,516580,49
19552,516581,49
19553,516582,49
19554,516583,49
19555,516584,49
19556,516585,49
19557,516586,49
19558,516587,49
19559,516588,49
19560,516589,49
19561,516590,49
19562,516591,49
19563,516592,49
19564,516593,49
19565,516597,49
19566,516598,49
19567,516599,49
19568,516600,49
19569,516601,49
19570,516602,49
19571,516603,49
19572,516604,49
19573,516605,49
19574,516606,49
19575,516607,49
19576,516608,49
19577,516609,49
19578,516610,49
19579,516611,49
19580,516612,49
19581,516613,49
19582,516614,49
19583,516615,49
19584,516616,49
19585,516617,49
19586,516618,49
19587,516619,49
19588,516620,49
19589,516621,49
19590,516622,49
19591,516623,49
19592,516624,49
19593,516625,49
19594,516626,49
19595,516627,49
19596,516628,49
19597,516629,49
19598,516630,49
19599,516631,49
19600,516632,49
19601,516633,49
19602,516634,49
19603,516635,49
19604,516636,49
19605,516637,49
19606,516638,49
19607,516639,49
19608,516640,49
19609,516641,49
19610,516642,49
19611,516643,49
19612,516644,49
19613,516645,49
19614,516646,49
19615,516647,49
19616,516648,49
19617,516649,49
19618,516650,49
19619,516651,49
19620,516652,49
19621,516653,49
19622,516654,49
19623,516655,49
19624,516656,49
19625,516657,49
19626,516658,49
19627,516659,49
19628,516660,49
19629,516661,49
19630,516662,49
19631,516663,49
19632,516664,49
19633,516665,49
19634,516666,49
19635,516667,49
19636,516668,49
19637,516669,49
19638,516670,49
19639,516671,49
19640,516672,49
19641,516673,49
19642,516674,49
19643,516675,49
19644,516676,49
19645,516677,49
19646,516678,49
19647,516679,49
19648,516680,49
19649,516681,49
19650,516682,49
19651,516683,49
19652,516684,49
19653,516685,49
19654,516686,49
19655,516687,49
19656,516688,49
19657,516689,49
19658,516690,49
19659,516691,49
19660,516692,49
19661,516693,49
19662,516694,49
19663,516695,49
19664,516696,49
19665,516697,49
19666,516698,49
19667,516699,49
19668,516700,49
19669,516701,49
19670,516702,49
19671,516703,49
19672,516704,49
19673,516705,49
19674,516706,49
19675,516707,49
19676,516708,49
19677,516709,49
19678,516710,49
19679,516711,49
19680,516712,49
19681,516713,49
19682,516714,49
19683,516715,49
19684,516716,49
19685,516717,49
19686,516718,49
19687,516719,49
19688,516720,49
19689,516721,49
19690,516722,49
19691,516723,49
19692,516724,49
19693,516725,49
19694,516726,49
19695,516727,49
19696,516728,49
19697,516729,49
19698,516730,49
19699,516738,49
19700,516739,49
19701,516740,49
19702,516741,49
19703,516742,49
19704,516743,49
19705,516744,49
19706,516745,49
19707,516746,49
19708,516747,49
19709,516748,49
19710,516749,49
19711,516750,49
19712,516751,49
19713,516752,49
19714,516753,49
19715,516754,49
19716,516755,49
19717,516756,49
19718,516757,49
19719,516758,49
19720,516759,49
19721,516760,49
19722,516761,49
19723,516762,49
19724,516763,49
19725,516764,49
19726,516765,49
19727,516766,49
19728,516767,49
19729,516768,49
19730,516769,49
19731,516770,49
19732,516771,49
19733,516772,49
19734,516773,49
19735,516774,49
19736,516775,49
19737,516776,49
19738,516777,49
19739,516778,49
19740,516779,49
19741,516780,49
19742,516781,49
19743,516782,49
19744,516783,49
19745,516784,49
19746,516785,49
19747,516786,49
19748,516787,49
19749,516788,49
19750,516789,49
19751,516790,49
19752,516791,49
19753,516792,49
19754,516793,49
19755,516794,49
19756,516795,49
19757,516796,49
19758,516797,49
19759,516798,49
19760,516799,49
19761,516800,49
19762,516801,49
19763,516802,49
19764,516803,49
19765,516804,49
19766,516805,49
19767,516806,49
19768,516807,49
19769,516808,49
19770,516809,49
19771,516810,49
19772,516811,49
19773,516812,49
19774,516813,49
19775,516814,49
19776,516815,49
19777,516816,49
19778,516817,49
19779,516818,49
19780,516819,49
19781,516820,49
19782,516821,49
19783,516822,49
19784,516823,49
19785,516824,49
19786,516825,49
19787,516826,49
19788,516827,49
19789,516828,49
19790,516829,49
19791,516830,49
19792,516831,49
19793,516832,49
19794,516833,49
19795,516834,49
19796,516835,49
19797,516836,49
19798,516837,49
19799,516838,49
19800,516839,49
19801,516840,49
19802,516841,49
19803,516842,49
19804,516843,49
19805,516844,49
19806,516845,49
19807,516846,49
19808,516847,49
19809,516848,49
19810,516849,49
19811,516850,49
19812,516851,49
19813,516852,49
19814,516853,49
19815,516854,49
19816,516855,49
19817,516856,49
19818,516857,49
19819,516858,49
19820,516859,49
19821,516860,49
19822,516861,49
19823,516862,49
19824,516863,49
19825,516864,49
19826,516865,49
19827,516866,49
19828,516867,49
19829,516868,49
19830,516869,49
19831,516870,49
19832,516871,49
19833,516872,49
19834,516873,49
19835,516874,49
19836,516875,49
19837,516876,49
19838,516877,49
19839,516878,49
19840,516879,49
19841,516880,49
19842,516881,49
19843,516882,49
19844,516883,49
19845,516884,49
19846,516885,49
19847,516886,49
19848,516887,49
19849,516888,49
19850,516889,49
19851,516890,49
19852,516891,49
19853,516892,49
19854,516893,49
19855,516894,49
19856,516895,49
19857,516896,49
19858,516897,49
19859,516898,49
19860,516899,49
19861,516900,49
19862,516901,49
19863,516902,49
19864,516903,49
19865,516904,49
19866,516905,49
19867,516906,49
19868,516907,49
19869,516908,49
19870,516909,49
19871,516910,49
19872,516911,49
19873,516912,49
19874,516913,49
19875,516914,49
19876,516915,49
19877,516916,49
19878,516917,49
19879,516918,49
19880,516919,49
19881,516920,49
19882,516921,49
19883,516922,49
19884,516923,49
19885,516924,49
19886,516925,49
19887,516926,49
19888,516927,49
19889,516928,49
19890,516929,49
19891,516930,49
19892,516931,49
19893,516932,49
19894,516933,49
19895,516934,49
19896,516935,49
19897,516936,49
19898,516937,49
19899,516938,49
19900,516939,49
19901,516940,49
19902,516941,49
19903,516942,49
19904,516943,49
19905,516944,49
19906,516945,49
19907,516946,49
19908,516947,49
19909,516948,49
19910,516949,49
19911,516950,49
19912,516951,49
19913,516952,49
19914,516953,49
19915,516954,49
19916,516955,49
19917,516956,49
19918,516957,49
19919,516958,49
19920,516959,49
19921,516960,49
19922,516961,49
19923,516962,49
19924,516963,49
19925,516964,49
19926,516965,49
19927,516966,49
19928,516967,49
19929,516968,49
19930,516969,49
19931,516970,49
19932,516971,49
19933,516972,49
19934,516973,49
19935,516974,49
19936,516975,49
19937,516976,49
19938,516977,49
19939,516978,49
19940,516979,49
19941,516980,49
19942,516981,49
19943,516982,49
19944,516983,49
19945,516984,49
19946,516985,49
19947,516986,49
19948,516987,49
19949,516988,49
19950,516989,49
19951,516990,49
19952,516991,49
19953,516992,49
19954,516993,49
19955,516994,49
19956,516995,49
19957,516996,49
19958,516997,49
19959,516998,49
19960,516999,49
19961,517000,49
19962,517001,49
19963,517002,49
19964,517003,49
19965,517004,49
19966,517005,49
19967,517006,49
19968,517007,49
19969,517008,49
19970,517009,49
19971,517010,49
19972,517011,49
19973,517012,49
19974,517013,49
19975,517014,49
19976,517015,49
19977,517016,49
19978,517017,49
19979,517018,49
19980,517019,49
19981,517020,49
19982,517021,49
19983,517022,49
19984,517023,49
19985,517024,49
19986,517025,49
19987,517026,49
19988,517027,49
19989,517028,49
19990,517029,49
19991,517030,49
19992,517031,49
19993,517032,49
19994,517033,49
19995,517034,49
19996,517035,49
19997,517036,49
19998,517037,49
19999,517038,49
20000,517039,49
20001,517040,49
20002,517041,49
20003,517042,49
20004,517043,49
20005,517044,49
20006,517045,49
20007,517046,49
20008,517047,49
20009,517048,49
20010,517049,49
20011,517050,49
20012,517051,49
20013,517052,49
20014,517053,49
20015,517054,49
20016,517055,49
20017,517056,49
20018,517057,49
20019,517058,49
20020,517059,49
20021,517060,49
20022,517061,49
20023,517062,49
20024,517063,49
20025,517064,49
20026,517065,49
20027,517066,49
20028,517067,49
20029,517068,49
20030,517069,49
20031,517070,49
20032,517071,49
20033,517072,49
20034,517073,49
20035,517074,49
20036,517075,49
20037,517076,49
20038,517077,49
20039,517078,49
20040,517079,49
20041,517080,49
20042,517081,49
20043,517082,49
20044,517083,49
20045,517084,49
20046,517085,49
20047,517086,49
20048,517087,49
20049,517088,49
20050,517089,49
20051,517090,49
20052,517091,49
20053,517092,49
20054,517093,49
20055,517094,49
20056,517095,49
20057,517096,49
20058,517097,49
20059,517098,49
20060,517099,49
20061,517100,49
20062,517101,49
20063,517102,49
20064,517103,49
20065,517104,49
20066,517105,49
20067,517106,49
20068,517107,49
20069,517108,49
20070,517109,49
20071,517110,49
20072,517111,49
20073,517112,49
20074,517113,49
20075,517114,49
20076,517115,49
20077,517116,49
20078,517117,49
20079,517118,49
20080,517119,49
20081,517120,49
20082,517121,49
20083,517122,49
20084,517123,49
20085,517124,49
20086,517125,49
20087,517126,49
20088,517127,49
20089,517128,49
20090,517129,49
20091,517130,49
20092,517131,49
20093,517132,49
20094,517133,49
20095,517134,49
20096,517135,49
20097,517136,49
20098,517137,49
20099,517138,49
20100,517139,49
20101,517140,49
20102,517141,49
20103,517142,49
20104,517143,49
20105,517144,49
20106,517145,49
20107,517146,49
20108,517147,49
20109,517148,49
20110,517149,49
20111,517150,49
20112,517151,49
20113,517152,49
20114,517153,49
20115,517154,49
20116,517155,49
20117,517156,49
20118,517157,49
20119,517158,49
20120,517159,49
20121,517160,49
20122,517161,49
20123,517162,49
20124,517163,49
20125,517164,49
20126,517165,49
20127,517166,49
20128,517167,49
20129,517168,49
20130,517169,49
20131,517170,49
20132,517171,49
20133,517172,49
20134,517173,49
20135,517174,49
20136,517175,49
20137,517176,49
20138,517177,49
20139,517178,49
20140,517179,49
20141,517180,49
20142,517181,49
20143,517182,49
20144,517183,49
20145,517184,49
20146,517185,49
20147,517186,49
20148,517187,49
20149,517188,49
20150,517189,49
20151,517190,49
20152,517191,49
20153,517192,49
20154,517193,49
20155,517194,49
20156,517195,49
20157,517196,49
20158,517197,49
20159,517198,49
20160,517199,49
20161,517200,49
20162,517201,49
20163,517202,49
20164,517203,49
20165,517204,49
20166,517205,49
20167,517206,49
20168,517207,49
20169,517208,49
20170,517209,49
20171,517210,49
20172,517211,49
20173,517212,49
20174,517213,49
20175,517214,49
20176,517215,49
20177,517216,49
20178,517217,49
20179,517218,49
20180,517219,49
20181,517220,49
20182,517221,49
20183,517222,49
20184,517223,49
20185,517224,49
20186,517225,49
20187,517226,49
20188,517227,49
20189,517228,49
20190,517229,49
20191,517230,49
20192,517231,49
20193,517232,49
20194,517233,49
20195,517234,49
20196,517235,49
20197,517236,49
20198,517237,49
20199,517238,49
20200,517239,49
20201,517240,49
20202,517241,49
20203,517242,49
20204,517243,49
20205,517244,49
20206,517245,49
20207,517246,49
20208,517247,49
20209,517248,49
20210,517249,49
20211,517250,49
20212,517251,49
20213,517252,49
20214,517253,49
20215,517254,49
20216,517255,49
20217,517256,49
20218,517257,49
20219,517258,49
20220,517259,49
20221,517260,49
20222,517261,49
20223,517262,49
20224,517263,49
20225,517264,49
20226,517265,49
20227,517266,49
20228,517267,49
20229,517268,49
20230,517269,49
20231,517270,49
20232,517271,49
20233,517272,49
20234,517273,49
20235,517274,49
20236,517275,49
20237,517276,49
20238,517277,49
20239,517278,49
20240,517279,49
20241,517280,49
20242,517281,49
20243,517282,49
20244,517283,49
20245,517284,49
20246,517285,49
20247,517286,49
20248,517287,49
20249,517288,49
20250,517289,49
20251,517290,49
20252,517291,49
20253,517292,49
20254,517293,49
20255,517294,49
20256,517295,49
20257,517296,49
20258,517297,49
20259,517298,49
20260,517299,49
20261,517300,49
20262,517301,49
20263,517302,49
20264,517303,49
20265,517304,49
20266,517305,49
20267,517306,49
20268,517307,49
20269,517308,49
20270,517309,49
20271,517310,49
20272,517311,49
20273,517312,49
20274,517313,49
20275,517314,49
20276,517315,49
20277,517316,49
20278,517317,49
20279,517318,49
20280,517319,49
20281,517320,49
20282,517321,49
20283,517322,49
20284,517323,49
20285,517324,49
20286,517325,49
20287,517326,49
20288,517327,49
20289,517328,49
20290,517329,49
20291,517330,49
20292,517331,49
20293,517332,49
20294,517333,49
20295,517334,49
20296,517335,49
20297,517336,49
20298,517337,49
20299,517338,49
20300,517339,49
20301,517340,49
20302,517341,49
20303,517342,49
20304,517343,49
20305,517344,49
20306,517345,49
20307,517348,49
20308,517349,49
20309,517350,49
20310,517351,49
20311,517352,49
20312,517353,49
20313,517354,49
20314,517355,49
20315,517356,49
20316,517357,49
20317,517360,49
20318,517361,49
20319,517362,49
20320,517363,49
20321,517364,49
20322,517365,49
20323,517366,49
20324,517367,49
20325,517368,49
20326,517369,49
20327,517370,49
20328,517371,49
20329,517372,49
20330,517373,49
20331,517374,49
20332,517375,49
20333,517376,49
20334,517377,49
20335,517378,49
20336,517379,49
20337,517380,49
20338,517381,49
20339,517382,49
20340,517383,49
20341,517384,49
20342,517385,49
20343,517386,49
20344,517387,49
20345,517388,49
20346,517389,49
20347,517390,49
20348,517391,49
20349,517392,49
20350,517393,49
20351,517394,49
20352,517395,49
20353,517396,49
20354,517397,49
20355,517398,49
20356,517399,49
20357,517407,49
20358,517408,49
20359,517409,49
20360,517410,49
20361,517411,49
20362,517412,49
20363,517413,49
20364,517414,49
20365,517415,49
20366,517416,49
20367,517417,49
20368,517418,49
20369,517419,49
20370,517420,49
20371,517421,49
20372,517422,49
20373,517423,49
20374,517424,49
20375,517425,49
20376,517426,49
20377,517427,49
20378,517428,49
20379,517429,49
20380,517430,49
20381,517431,49
20382,517432,49
20383,517433,49
20384,517434,49
20385,517435,49
20386,517436,49
20387,517437,49
20388,517438,49
20389,517439,49
20390,517440,49
20391,517441,49
20392,517442,49
20393,517443,49
20394,517444,49
20395,517445,49
20396,517446,49
20397,517447,49
20398,517448,49
20399,517449,49
20400,517450,49
20401,517451,49
20402,517452,49
20403,517453,49
20404,517454,49
20405,517455,49
20406,517456,49
20407,517457,49
20408,517458,49
20409,517459,49
20410,517460,49
20411,517461,49
20412,517462,49
20413,517463,49
20414,517464,49
20415,517465,49
20416,517466,49
20417,517467,49
20418,517468,49
20419,517469,49
20420,517470,49
20421,517471,49
20422,517472,49
20423,517473,49
20424,517474,49
20425,517475,49
20426,517476,49
20427,517477,49
20428,517478,49
20429,517479,49
20430,517480,49
20431,517481,49
20432,517482,49
20433,517483,49
20434,517484,49
20435,517485,49
20436,517486,49
20437,517487,49
20438,517488,49
20439,517489,49
20440,517490,49
20441,517491,49
20442,517492,49
20443,517493,49
20444,517494,49
20445,517495,49
20446,517496,49
20447,517497,49
20448,517498,49
20449,517499,49
20450,517500,49
20451,517501,49
20452,517502,49
20453,517503,49
20454,517504,49
20455,517507,49
20456,517508,49
20457,517509,49
20458,517510,49
20459,517511,49
20460,517512,49
20461,517513,49
20462,517514,49
20463,517515,49
20464,517516,49
20465,517517,49
20466,517518,49
20467,517519,49
20468,517520,49
20469,517521,49
20470,517522,49
20471,517523,49
20472,517524,49
20473,517525,49
20474,517526,49
20475,517527,49
20476,517528,49
20477,517529,49
20478,517530,49
20479,517531,49
20480,517532,49
20481,517533,49
20482,517534,49
20483,517535,49
20484,517536,49
20485,517537,49
20486,517538,49
20487,517539,49
20488,517540,49
20489,517541,49
20490,517542,49
20491,517543,49
20492,517544,49
20493,517545,49
20494,517546,49
20495,517547,49
20496,517548,49
20497,517549,49
20498,517550,49
20499,517551,49
20500,517552,49
20501,517553,49
20502,517554,49
20503,517555,49
20504,517556,49
20505,517557,49
20506,517558,49
20507,517559,49
20508,517560,49
20509,517561,49
20510,517562,49
20511,517563,49
20512,517564,49
20513,517565,49
20514,517566,49
20515,517567,49
20516,517568,49
20517,517569,49
20518,517570,49
20519,517571,49
20520,517572,49
20521,517573,49
20522,517574,49
20523,517575,49
20524,517576,49
20525,517577,49
20526,517578,49
20527,517579,49
20528,517580,49
20529,517581,49
20530,517582,49
20531,517583,49
20532,517584,49
20533,517585,49
20534,517586,49
20535,517587,49
20536,517588,49
20537,517589,49
20538,517590,49
20539,517591,49
20540,517592,49
20541,517593,49
20542,517594,49
20543,517595,49
20544,517596,49
20545,517597,49
20546,517598,49
20547,517599,49
20548,517600,49
20549,517601,49
20550,517602,49
20551,517603,49
20552,517604,49
20553,517605,49
20554,517606,49
20555,517607,49
20556,517608,49
20557,517609,49
20558,517610,49
20559,517611,49
20560,517612,49
20561,517613,49
20562,517614,49
20563,517615,49
20564,517616,49
20565,517617,49
20566,517618,49
20567,517619,49
20568,517620,49
20569,517621,49
20570,517622,49
20571,517623,49
20572,517624,49
20573,517625,49
20574,517626,49
20575,517627,49
20576,517628,49
20577,517629,49
20578,517630,49
20579,517631,49
20580,517632,49
20581,517633,49
20582,517634,49
20583,517635,49
20584,517636,49
20585,517637,49
20586,517638,49
20587,517639,49
20588,517640,49
20589,517641,49
20590,517642,49
20591,517643,49
20592,517644,49
20593,517645,49
20594,517646,49
20595,517647,49
20596,517648,49
20597,517649,49
20598,517650,49
20599,517651,49
20600,517652,49
20601,517653,49
20602,517654,49
20603,517655,49
20604,517656,49
20605,517657,49
20606,517658,49
20607,517659,49
20608,517660,49
20609,517661,49
20610,517662,49
20611,517663,49
20612,517664,49
20613,517665,49
20614,517666,49
20615,517667,49
20616,517668,49
20617,517669,49
20618,517670,49
20619,517671,49
20620,517672,49
20621,517673,49
20622,517674,49
20623,517675,49
20624,517676,49
20625,517677,49
20626,517678,49
20627,517679,49
20628,517680,49
20629,517681,49
20630,517682,49
20631,517683,49
20632,517684,49
20633,517685,49
20634,517686,49
20635,517687,49
20636,517688,49
20637,517689,49
20638,517690,49
20639,517691,49
20640,517692,49
20641,517693,49
20642,517694,49
20643,517695,49
20644,517696,49
20645,517697,49
20646,517698,49
20647,517699,49
20648,517700,49
20649,517701,49
20650,517702,49
20651,517703,49
20652,517704,49
20653,517705,49
20654,517706,49
20655,517707,49
20656,517708,49
20657,517709,49
20658,517710,49
20659,517711,49
20660,517712,49
20661,517713,49
20662,517714,49
20663,517715,49
20664,517716,49
20665,517717,49
20666,517718,49
20667,517719,49
20668,517720,49
20669,517721,49
20670,517722,49
20671,517723,49
20672,517724,49
20673,517725,49
20674,517726,49
20675,517727,49
20676,517731,49
20677,517732,49
20678,517733,49
20679,517734,49
20680,517735,49
20681,517736,49
20682,517737,49
20683,517738,49
20684,517739,49
20685,517740,49
20686,517741,49
20687,517742,49
20688,517743,49
20689,517744,49
20690,517745,49
20691,517746,49
20692,517747,49
20693,517748,49
20694,517749,49
20695,517750,49
20696,517751,49
20697,517752,49
20698,517753,49
20699,517754,49
20700,517755,49
20701,517756,49
20702,517757,49
20703,517758,49
20704,517759,49
20705,517760,49
20706,517761,49
20707,517762,49
20708,517763,49
20709,517764,49
20710,517765,49
20711,517766,49
20712,517767,49
20713,517768,49
20714,517769,49
20715,517770,49
20716,517771,49
20717,517772,49
20718,517773,49
20719,517778,49
20720,517779,49
20721,517780,49
20722,517781,49
20723,517782,49
20724,517783,49
20725,517784,49
20726,517785,49
20727,517786,49
20728,517787,49
20729,517788,49
20730,517789,49
20731,517790,49
20732,517791,49
20733,517792,49
20734,517793,49
20735,517794,49
20736,517795,49
20737,517801,49
20738,517802,49
20739,517803,49
20740,517804,49
20741,517805,49
20742,517806,49
20743,517807,49
20744,517808,49
20745,517809,49
20746,517810,49
20747,517811,49
20748,517812,49
20749,517813,49
20750,517814,49
20751,517815,49
20752,517818,49
20753,517819,49
20754,517820,49
20755,517821,49
20756,517822,49
20757,517823,49
20758,517824,49
20759,517825,49
20760,517826,49
20761,517827,49
20762,517828,49
20763,517834,49
20764,517835,49
20765,517836,49
20766,517837,49
20767,517838,49
20768,517839,49
20769,517840,49
20770,517841,49
20771,517842,49
20772,517843,49
20773,517844,49
20774,517845,49
20775,517848,49
20776,517849,49
20777,517850,49
20778,517851,49
20779,517852,49
20780,517853,49
20781,517854,49
20782,517855,49
20783,517856,49
20784,517857,49
20785,517858,49
20786,517859,49
20787,517860,49
20788,517861,49
20789,517862,49
20790,517863,49
20791,517864,49
20792,517865,49
20793,517866,49
20794,517867,49
20795,517868,49
20796,517869,49
20797,517870,49
20798,517871,49
20799,517872,49
20800,517873,49
20801,517874,49
20802,517875,49
20803,517876,49
20804,517877,49
20805,517878,49
20806,517879,49
20807,517880,49
20808,517881,49
20809,517882,49
20810,517883,49
20811,517884,49
20812,517885,49
20813,517886,49
20814,517887,49
20815,517888,49
20816,517889,49
20817,517890,49
20818,517891,49
20819,517892,49
20820,517893,49
20821,517894,49
20822,517895,49
20823,517896,49
20824,517897,49
20825,517898,49
20826,517899,49
20827,517900,49
20828,517901,49
20829,517902,49
20830,517903,49
20831,517904,49
20832,517905,49
20833,517906,49
20834,517907,49
20835,517908,49
20836,517909,49
20837,517910,49
20838,517911,49
20839,517912,49
20840,517913,49
20841,517914,49
20842,517915,49
20843,517916,49
20844,517917,49
20845,517918,49
20846,517919,49
20847,517920,49
20848,517926,49
20849,517927,49
20850,517928,49
20851,517929,49
20852,517930,49
20853,517931,49
20854,517932,49
20855,517933,49
20856,517934,49
20857,517935,49
20858,517936,49
20859,517937,49
20860,517938,49
20861,517939,49
20862,517940,49
20863,517941,49
20864,517942,49
20865,517943,49
20866,517944,49
20867,517945,49
20868,517946,49
20869,517947,49
20870,517948,49
20871,517949,49
20872,517950,49
20873,517951,49
20874,517952,49
20875,517953,49
20876,517954,49
20877,517955,49
20878,517956,49
20879,517957,49
20880,517958,49
20881,517965,49
20882,517966,49
20883,517970,49
20884,517971,49
20885,517972,49
20886,517973,49
20887,517974,49
20888,517975,49
20889,517976,49
20890,517977,49
20891,517978,49
20892,517979,49
20893,517980,49
20894,517981,49
20895,517982,49
20896,517983,49
20897,517984,49
20898,517985,49
20899,517986,49
20900,517987,49
20901,517988,49
20902,517989,49
20903,517990,49
20904,517991,49
20905,517992,49
20906,517993,49
20907,517994,49
20908,517995,49
20909,517996,49
20910,517997,49
20911,517998,49
20912,517999,49
20913,518000,49
20914,518001,49
20915,518002,49
20916,518003,49
20917,518004,49
20918,518005,49
20919,518008,49
20920,518009,49
20921,518010,49
20922,518011,49
20923,518012,49
20924,518013,49
20925,518015,49
20926,518016,49
20927,518020,49
20928,518021,49
20929,518022,49
20930,518023,49
20931,518024,49
20932,518025,49
20933,518026,49
20934,518027,49
20935,518028,49
20936,518029,49
20937,518030,49
20938,518031,49
20939,518032,49
20940,518033,49
20941,518034,49
20942,518035,49
20943,518036,49
20944,518037,49
20945,518043,49
20946,518044,49
20947,518045,49
20948,518046,49
20949,518054,49
20950,518055,49
20951,518056,49
20952,518057,49
20953,518058,49
20954,518059,49
20955,518060,49
20956,518061,49
20957,518062,49
20958,518063,49
20959,518064,49
20960,518065,49
20961,518066,49
20962,518067,49
20963,518068,49
20964,518069,49
20965,518070,49
20966,518071,49
20967,518072,49
20968,518073,49
20969,518074,49
20970,518075,49
20971,518076,49
20972,518077,49
20973,518078,49
20974,518079,49
20975,518080,49
20976,518081,49
20977,518082,49
20978,518083,49
20979,518084,49
20980,518085,49
20981,518086,49
20982,518087,49
20983,518088,49
20984,518089,49
20985,518090,49
20986,518091,49
20987,518092,49
20988,518093,49
20989,518094,49
20990,518095,49
20991,518096,49
20992,518097,49
20993,518098,49
20994,518099,49
20995,518100,49
20996,518101,49
20997,518102,49
20998,518103,49
20999,518104,49
21000,518105,49
21001,518106,49
21002,518107,49
21003,518108,49
21004,518109,49
21005,518110,49
21006,518111,49
21007,518112,49
21008,518113,49
21009,518114,49
21010,518115,49
21011,518116,49
21012,518117,49
21013,518118,49
21014,518119,49
21015,518120,49
21016,518121,49
21017,518122,49
21018,518123,49
21019,518124,49
21020,518125,49
21021,518126,49
21022,518127,49
21023,518128,49
21024,518129,49
21025,518130,49
21026,518131,49
21027,518132,49
21028,518133,49
21029,518134,49
21030,518135,49
21031,518136,49
21032,518137,49
21033,518138,49
21034,518139,49
21035,518140,49
21036,518141,49
21037,518142,49
21038,518143,49
21039,518144,49
21040,518145,49
21041,518146,49
21042,518147,49
21043,518148,49
21044,518149,49
21045,518150,49
21046,518151,49
21047,518152,49
21048,518153,49
21049,518154,49
21050,518155,49
21051,518156,49
21052,518157,49
21053,518158,49
21054,518159,49
21055,518160,49
21056,518161,49
21057,518162,49
21058,518163,49
21059,518164,49
21060,518165,49
21061,518166,49
21062,518167,49
21063,518168,49
21064,518169,49
21065,518170,49
21066,518171,49
21067,518188,49
21068,518189,49
21069,518190,49
21070,518191,49
21071,518192,49
21072,518193,49
21073,518194,49
21074,518195,49
21075,518196,49
21076,518197,49
21077,518198,49
21078,518199,49
21079,518200,49
21080,518201,49
21081,518202,49
21082,518203,49
21083,518204,49
21084,518205,49
21085,518206,49
21086,518207,49
21087,518208,49
21088,518209,49
21089,518210,49
21090,518213,49
21091,518214,49
21092,518215,49
21093,518216,49
21094,518217,49
21095,518218,49
21096,518219,49
21097,518220,49
21098,518221,49
21099,518222,49
21100,518223,49
21101,518224,49
21102,518225,49
21103,518226,49
21104,518227,49
21105,518228,49
21106,518229,49
21107,518230,49
21108,518231,49
21109,518232,49
21110,518233,49
21111,518234,49
21112,518235,49
21113,518236,49
21114,518237,49
21115,518238,49
21116,518239,49
21117,518240,49
21118,518241,49
21119,518242,49
21120,518243,49
21121,518244,49
21122,518245,49
21123,518246,49
21124,518247,49
21125,518248,49
21126,518249,49
21127,518250,49
21128,518251,49
21129,518252,49
21130,518253,49
21131,518254,49
21132,518255,49
21133,518256,49
21134,518257,49
21135,518258,49
21136,518259,49
21137,518260,49
21138,518261,49
21139,518262,49
21140,518263,49
21141,518264,49
21142,518265,49
21143,518266,49
21144,518267,49
21145,518268,49
21146,518269,49
21147,518270,49
21148,518271,49
21149,518272,49
21150,518273,49
21151,518274,49
21152,518275,49
21153,518276,49
21154,518277,49
21155,518278,49
21156,518279,49
21157,518280,49
21158,518281,49
21159,518282,49
21160,518283,49
21161,518284,49
21162,518285,49
21163,518286,49
21164,518287,49
21165,518288,49
21166,518289,49
21167,518290,49
21168,518291,49
21169,518292,49
21170,518293,49
21171,518294,49
21172,518295,49
21173,518296,49
21174,518297,49
21175,518298,49
21176,518299,49
21177,518300,49
21178,518301,49
21179,518302,49
21180,518303,49
21181,518304,49
21182,518305,49
21183,518306,49
21184,518307,49
21185,518308,49
21186,518309,49
21187,518310,49
21188,518311,49
21189,518312,49
21190,518313,49
21191,518314,49
21192,518315,49
21193,518316,49
21194,518317,49
21195,518318,49
21196,518319,49
21197,518320,49
21198,518321,49
21199,518322,49
21200,518323,49
21201,518324,49
21202,518325,49
21203,518326,49
21204,518327,49
21205,518328,49
21206,518329,49
21207,518330,49
21208,518331,49
21209,518332,49
21210,518333,49
21211,518334,49
21212,518335,49
21213,518336,49
21214,518337,49
21215,518338,49
21216,518339,49
21217,518340,49
21218,518341,49
21219,518342,49
21220,518343,49
21221,518344,49
21222,518345,49
21223,518346,49
21224,518347,49
21225,518348,49
21226,518349,49
21227,518350,49
21228,518351,49
21229,518352,49
21230,518353,49
21231,518354,49
21232,518355,49
21233,518356,49
21234,518357,49
21235,518358,49
21236,518359,49
21237,518360,49
21238,518361,49
21239,518362,49
21240,518363,49
21241,518364,49
21242,518365,49
21243,518366,49
21244,518367,49
21245,518368,49
21246,518369,49
21247,518370,49
21248,518371,49
21249,518372,49
21250,518373,49
21251,518374,49
21252,518375,49
21253,518376,49
21254,518377,49
21255,518378,49
21256,518379,49
21257,518380,49
21258,518381,49
21259,518382,49
21260,518383,49
21261,518384,49
21262,518385,49
21263,518386,49
21264,518387,49
21265,518388,49
21266,518389,49
21267,518390,49
21268,518391,49
21269,518392,49
21270,518393,49
21271,518394,49
21272,518395,49
21273,518396,49
21274,518397,49
21275,518398,49
21276,518399,49
21277,518400,49
21278,518401,49
21279,518402,49
21280,518403,49
21281,518404,49
21282,518405,49
21283,518406,49
21284,518407,49
21285,518417,49
21286,518418,49
21287,518419,49
21288,518420,49
21289,518421,49
21290,518422,49
21291,518423,49
21292,518424,49
21293,518427,49
21294,518428,49
21295,518429,49
21296,518430,49
21297,518437,49
21298,518438,49
21299,518443,49
21300,518444,49
21301,518445,49
21302,518446,49
21303,518447,49
21304,518448,49
21305,518449,49
21306,518450,49
21307,518451,49
21308,518452,49
21309,518453,49
21310,518454,49
21311,518455,49
21312,518456,49
21313,518457,49
21314,518458,49
21315,518459,49
21316,518460,49
21317,518461,49
21318,518462,49
21319,518466,49
21320,518467,49
21321,518468,49
21322,518469,49
21323,518470,49
21324,518471,49
21325,518480,49
21326,518481,49
21327,518482,49
21328,518483,49
21329,518484,49
21330,518485,49
21331,518486,49
21332,518487,49
21333,518488,49
21334,518489,49
21335,518490,49
21336,518491,49
21337,518492,49
21338,518493,49
21339,518494,49
21340,518495,49
21341,518496,49
21342,518497,49
21343,518498,49
21344,518499,49
21345,518500,49
21346,518501,49
21347,518502,49
21348,518503,49
21349,518504,49
21350,518505,49
21351,518506,49
21352,518507,49
21353,518508,49
21354,518509,49
21355,518510,49
21356,518511,49
21357,518512,49
21358,518513,49
21359,518514,49
21360,518515,49
21361,518516,49
21362,518517,49
21363,518518,49
21364,518519,49
21365,518520,49
21366,518521,49
21367,518522,49
21368,518523,49
21369,518524,49
21370,518525,49
21371,518526,49
21372,518527,49
21373,518528,49
21374,518529,49
21375,518530,49
21376,518531,49
21377,518532,49
21378,518533,49
21379,518534,49
21380,518535,49
21381,518536,49
21382,518537,49
21383,518549,49
21384,518550,49
21385,518551,49
21386,518552,49
21387,518553,49
21388,518554,49
21389,518555,49
21390,518556,49
21391,518557,49
21392,518558,49
21393,518559,49
21394,518560,49
21395,518614,49
21396,518615,49
21397,518616,49
21398,518617,49
21399,518618,49
21400,518619,49
21401,518620,49
21402,518621,49
21403,518622,49
21404,518623,49
21405,518624,49
21406,518625,49
21407,518626,49
21408,518627,49
21409,518628,49
21410,518629,49
21411,518630,49
21412,518631,49
21413,518632,49
21414,518633,49
21415,518634,49
21416,518635,49
21417,518636,49
21418,518637,49
21419,518638,49
21420,518639,49
21421,518640,49
21422,518641,49
21423,518642,49
21424,518643,49
21425,518644,49
21426,518645,49
21427,518646,49
21428,518647,49
21429,518648,49
21430,518649,49
21431,518650,49
21432,518651,49
21433,518652,49
21434,518653,49
21435,518654,49
21436,518655,49
21437,518656,49
21438,518657,49
21439,518658,49
21440,518659,49
21441,518660,49
21442,518661,49
21443,518662,49
21444,518663,49
21445,518664,49
21446,518665,49
21447,518666,49
21448,518667,49
21449,518668,49
21450,518669,49
21451,518670,49
21452,518671,49
21453,518672,49
21454,518673,49
21455,518674,49
21456,518675,49
21457,518676,49
21458,518677,49
21459,518678,49
21460,518679,49
21461,518680,49
21462,518681,49
21463,518682,49
21464,518683,49
21465,518684,49
21466,518685,49
21467,518686,49
21468,518687,49
21469,518688,49
21470,518689,49
21471,518690,49
21472,518691,49
21473,518692,49
21474,518693,49
21475,518694,49
21476,518695,49
21477,518696,49
21478,518697,49
21479,518698,49
21480,518699,49
21481,518700,49
21482,518701,49
21483,518702,49
21484,518703,49
21485,518704,49
21486,518705,49
21487,518706,49
21488,518707,49
21489,518708,49
21490,518709,49
21491,518710,49
21492,518711,49
21493,518712,49
21494,518713,49
21495,518714,49
21496,518715,49
21497,518716,49
21498,518717,49
21499,518718,49
21500,518719,49
21501,518720,49
21502,518721,49
21503,518722,49
21504,518723,49
21505,518724,49
21506,518725,49
21507,518726,49
21508,518727,49
21509,518728,49
21510,518729,49
21511,518730,49
21512,518731,49
21513,518732,49
21514,518733,49
21515,518734,49
21516,518735,49
21517,518736,49
21518,518737,49
21519,518738,49
21520,518739,49
21521,518740,49
21522,518741,49
21523,518742,49
21524,518743,49
21525,518744,49
21526,518745,49
21527,518746,49
21528,518747,49
21529,518748,49
21530,518749,49
21531,518750,49
21532,518751,49
21533,518752,49
21534,518753,49
21535,518754,49
21536,518755,49
21537,518756,49
21538,518757,49
21539,518758,49
21540,518759,49
21541,518760,49
21542,518761,49
21543,518762,49
21544,518763,49
21545,518764,49
21546,518765,49
21547,518773,49
21548,518774,49
21549,518775,49
21550,518776,49
21551,518777,49
21552,518778,49
21553,518779,49
21554,518780,49
21555,518781,49
21556,518782,49
21557,518796,49
21558,518797,49
21559,518798,49
21560,518799,49
21561,518800,49
21562,518801,49
21563,518802,49
21564,518803,49
21565,518804,49
21566,518805,49
21567,518806,49
21568,518807,49
21569,518808,49
21570,518809,49
21571,518810,49
21572,518811,49
21573,518812,49
21574,518813,49
21575,518814,49
21576,518815,49
21577,518816,49
21578,518817,49
21579,518818,49
21580,518819,49
21581,518820,49
21582,518821,49
21583,518825,49
21584,518826,49
21585,518827,49
21586,518829,49
21587,518830,49
21588,518831,49
21589,518832,49
21590,518833,49
21591,518834,49
21592,518835,49
21593,518836,49
21594,518837,49
21595,518838,49
21596,518839,49
21597,518840,49
21598,518841,49
21599,518842,49
21600,518859,49
21601,518860,49
21602,518861,49
21603,518862,49
21604,518863,49
21605,518864,49
21606,518865,49
21607,518866,49
21608,518867,49
21609,518868,49
21610,518869,49
21611,518870,49
21612,518871,49
21613,518872,49
21614,518873,49
21615,518874,49
21616,518875,49
21617,518876,49
21618,518877,49
21619,518878,49
21620,518879,49
21621,518880,49
21622,518881,49
21623,518882,49
21624,518883,49
21625,518884,49
21626,518885,49
21627,518892,49
21628,518893,49
21629,518894,49
21630,518895,49
21631,518896,49
21632,518897,49
21633,518898,49
21634,518899,49
21635,518900,49
21636,518901,49
21637,518902,49
21638,518903,49
21639,518904,49
21640,518905,49
21641,518906,49
21642,518907,49
21643,518908,49
21644,518909,49
21645,518910,49
21646,518911,49
21647,518912,49
21648,518916,49
21649,518917,49
21650,518918,49
21651,518919,49
21652,518920,49
21653,518921,49
21654,518922,49
21655,518923,49
21656,518924,49
21657,518925,49
21658,518926,49
21659,518927,49
21660,518928,49
21661,518929,49
21662,518930,49
21663,518931,49
21664,518932,49
21665,518933,49
21666,518934,49
21667,518935,49
21668,518936,49
21669,518937,49
21670,518938,49
21671,518939,49
21672,518940,49
21673,518941,49
21674,518942,49
21675,518943,49
21676,518944,49
21677,518945,49
21678,518946,49
21679,518947,49
21680,518948,49
21681,518949,49
21682,518950,49
21683,518951,49
21684,518952,49
21685,518953,49
21686,518954,49
21687,518955,49
21688,518956,49
21689,518957,49
21690,518958,49
21691,518959,49
21692,518960,49
21693,518961,49
21694,518962,49
21695,518963,49
21696,518964,49
21697,518965,49
21698,518966,49
21699,518967,49
21700,518968,49
21701,518969,49
21702,518970,49
21703,518971,49
21704,518972,49
21705,518973,49
21706,518974,49
21707,518975,49
21708,518976,49
21709,518977,49
21710,518978,49
21711,518979,49
21712,518980,49
21713,518981,49
21714,518982,49
21715,518983,49
21716,518984,49
21717,518985,49
21718,518986,49
21719,518987,49
21720,518988,49
21721,518989,49
21722,518990,49
21723,518991,49
21724,518992,49
21725,518993,49
21726,518994,49
21727,518995,49
21728,518996,49
21729,518997,49
21730,518998,49
21731,518999,49
21732,519000,49
21733,519001,49
21734,519002,49
21735,519003,49
21736,519004,49
21737,519005,49
21738,519006,49
21739,519007,49
21740,519008,49
21741,519009,49
21742,519010,49
21743,519011,49
21744,519012,49
21745,519013,49
21746,519014,49
21747,519015,49
21748,519016,49
21749,519017,49
21750,519018,49
21751,519019,49
21752,519020,49
21753,519021,49
21754,519022,49
21755,519023,49
21756,519024,49
21757,519025,49
21758,519026,49
21759,519027,49
21760,519028,49
21761,519029,49
21762,519030,49
21763,519031,49
21764,519032,49
21765,519033,49
21766,519034,49
21767,519035,49
21768,519036,49
21769,519037,49
21770,519038,49
21771,519039,49
21772,519040,49
21773,519041,49
21774,519042,49
21775,519043,49
21776,519044,49
21777,519045,49
21778,519046,49
21779,519047,49
21780,519048,49
21781,519055,49
21782,519056,49
21783,519057,49
21784,519058,49
21785,519059,49
21786,519060,49
21787,519061,49
21788,519062,49
21789,519063,49
21790,519064,49
21791,519067,49
21792,519068,49
21793,519069,49
21794,519070,49
21795,519071,49
21796,519072,49
21797,519073,49
21798,519074,49
21799,519075,49
21800,519076,49
21801,519077,49
21802,519078,49
21803,519079,49
21804,519080,49
21805,519081,49
21806,519082,49
21807,519083,49
21808,519084,49
21809,519085,49
21810,519086,49
21811,519087,49
21812,519088,49
21813,519089,49
21814,519090,49
21815,519091,49
21816,519092,49
21817,519093,49
21818,519094,49
21819,519095,49
21820,519096,49
21821,519097,49
21822,519098,49
21823,519099,49
21824,519100,49
21825,519101,49
21826,519102,49
21827,519103,49
21828,519104,49
21829,519105,49
21830,519106,49
21831,519107,49
21832,519110,49
21833,519111,49
21834,519112,49
21835,519113,49
21836,519114,49
21837,519115,49
21838,519118,49
21839,519119,49
21840,519120,49
21841,519121,49
21842,519122,49
21843,519123,49
21844,519124,49
21845,519125,49
21846,519126,49
21847,519127,49
21848,519128,49
21849,519129,49
21850,519130,49
21851,519131,49
21852,519132,49
21853,519133,49
21854,519134,49
21855,519135,49
21856,519136,49
21857,519160,49
21858,519161,49
21859,519162,49
21860,519163,49
21861,519173,49
21862,519174,49
21863,519175,49
21864,519176,49
21865,519177,49
21866,519178,49
21867,519179,49
21868,519180,49
21869,519181,49
21870,519182,49
21871,519183,49
21872,519184,49
21873,519185,49
21874,519186,49
21875,519187,49
21876,519188,49
21877,519189,49
21878,519190,49
21879,519191,49
21880,519192,49
21881,519193,49
21882,519194,49
21883,519195,49
21884,519196,49
21885,519223,49
21886,519224,49
21887,519225,49
21888,519226,49
21889,519227,49
21890,519228,49
21891,519229,49
21892,519230,49
21893,519231,49
21894,519232,49
21895,519233,49
21896,519234,49
21897,519235,49
21898,519236,49
21899,519237,49
21900,519238,49
21901,519239,49
21902,519240,49
21903,519241,49
21904,519242,49
21905,519243,49
21906,519244,49
21907,519245,49
21908,519246,49
21909,519251,49
21910,519252,49
21911,519253,49
21912,519254,49
21913,519255,49
21914,519256,49
21915,519257,49
21916,519258,49
21917,519259,49
21918,519260,49
21919,519261,49
21920,519262,49
21921,519263,49
21922,519278,49
21923,519279,49
21924,519280,49
21925,519281,49
21926,519282,49
21927,519283,49
21928,519284,49
21929,519285,49
21930,519286,49
21931,519287,49
21932,519288,49
21933,519289,49
21934,519290,49
21935,519291,49
21936,519292,49
21937,519293,49
21938,519294,49
21939,519295,49
21940,519296,49
21941,519297,49
21942,519298,49
21943,519299,49
21944,519300,49
21945,519301,49
21946,519302,49
21947,519303,49
21948,519304,49
21949,519305,49
21950,519306,49
21951,519307,49
21952,519308,49
21953,519309,49
21954,519310,49
21955,519311,49
21956,519312,49
21957,519313,49
21958,519314,49
21959,519315,49
21960,519316,49
21961,519317,49
21962,519318,49
21963,519319,49
21964,519320,49
21965,519321,49
21966,519322,49
21967,519323,49
21968,519324,49
21969,519325,49
21970,519326,49
21971,519327,49
21972,519328,49
21973,519329,49
21974,519330,49
21975,519331,49
21976,519332,49
21977,519333,49
21978,519334,49
21979,519335,49
21980,519336,49
21981,519337,49
21982,519338,49
21983,519339,49
21984,519340,49
21985,519341,49
21986,519342,49
21987,519343,49
21988,519344,49
21989,519345,49
21990,519346,49
21991,519347,49
21992,519348,49
21993,519349,49
21994,519350,49
21995,519351,49
21996,519352,49
21997,519353,49
21998,519354,49
21999,519355,49
22000,519356,49
22001,519357,49
22002,519358,49
22003,519359,49
22004,519360,49
22005,519361,49
22006,519362,49
22007,519363,49
22008,519364,49
22009,519365,49
22010,519366,49
22011,519367,49
22012,519368,49
22013,519369,49
22014,519370,49
22015,519371,49
22016,519372,49
22017,519373,49
22018,519374,49
22019,519375,49
22020,519376,49
22021,519377,49
22022,519378,49
22023,519379,49
22024,519380,49
22025,519381,49
22026,519400,49
22027,519401,49
22028,519402,49
22029,519403,49
22030,519404,49
22031,519405,49
22032,519406,49
22033,519407,49
22034,519408,49
22035,519409,49
22036,519410,49
22037,519411,49
22038,519412,49
22039,519413,49
22040,519414,49
22041,519415,49
22042,519416,49
22043,519417,49
22044,519418,49
22045,519419,49
22046,519420,49
22047,519421,49
22048,519422,49
22049,519423,49
22050,519424,49
22051,519425,49
22052,519426,49
22053,519427,49
22054,519428,49
22055,519429,49
22056,519430,49
22057,519431,49
22058,519432,49
22059,519433,49
22060,519434,49
22061,519435,49
22062,519436,49
22063,519437,49
22064,519438,49
22065,519439,49
22066,519440,49
22067,519441,49
22068,519442,49
22069,519443,49
22070,519444,49
22071,519445,49
22072,519446,49
22073,519447,49
22074,519448,49
22075,519449,49
22076,519450,49
22077,519451,49
22078,519452,49
22079,519453,49
22080,519454,49
22081,519455,49
22082,519456,49
22083,519457,49
22084,519458,49
22085,519459,49
22086,519460,49
22087,519461,49
22088,519462,49
22089,519463,49
22090,519464,49
22091,519465,49
22092,519466,49
22093,519467,49
22094,519468,49
22095,519469,49
22096,519470,49
22097,519471,49
22098,519472,49
22099,519473,49
22100,519474,49
22101,519475,49
22102,519476,49
22103,519477,49
22104,519478,49
22105,519479,49
22106,519480,49
22107,519481,49
22108,519484,49
22109,519485,49
22110,519486,49
22111,519487,49
22112,519488,49
22113,519489,49
22114,519490,49
22115,519491,49
22116,519492,49
22117,519493,49
22118,519494,49
22119,519495,49
22120,519496,49
22121,519497,49
22122,519498,49
22123,519499,49
22124,519500,49
22125,519501,49
22126,519502,49
22127,519503,49
22128,519506,49
22129,519507,49
22130,519508,49
22131,519509,49
22132,519510,49
22133,519511,49
22134,519512,49
22135,519513,49
22136,519514,49
22137,519515,49
22138,519516,49
22139,519517,49
22140,519518,49
22141,519519,49
22142,519520,49
22143,519521,49
22144,519522,49
22145,519523,49
22146,519524,49
22147,519525,49
22148,519526,49
22149,519527,49
22150,519528,49
22151,519529,49
22152,519530,49
22153,519531,49
22154,519532,49
22155,519533,49
22156,519534,49
22157,519535,49
22158,519536,49
22159,519537,49
22160,519538,49
22161,519539,49
22162,519540,49
22163,519541,49
22164,519542,49
22165,519543,49
22166,519544,49
22167,519545,49
22168,519546,49
22169,519547,49
22170,519548,49
22171,519549,49
22172,519550,49
22173,519551,49
22174,519552,49
22175,519553,49
22176,519554,49
22177,519555,49
22178,519556,49
22179,519557,49
22180,519558,49
22181,519559,49
22182,519560,49
22183,519561,49
22184,519562,49
22185,519563,49
22186,519564,49
22187,519565,49
22188,519566,49
22189,519567,49
22190,519568,49
22191,519569,49
22192,519570,49
22193,519571,49
22194,519572,49
22195,519573,49
22196,519574,49
22197,519575,49
22198,519576,49
22199,519577,49
22200,519578,49
22201,519579,49
22202,519580,49
22203,519581,49
22204,519582,49
22205,519583,49
22206,519584,49
22207,519585,49
22208,519586,49
22209,519587,49
22210,519588,49
22211,519589,49
22212,519590,49
22213,519591,49
22214,519592,49
22215,519593,49
22216,519594,49
22217,519595,49
22218,519596,49
22219,519597,49
22220,519598,49
22221,519599,49
22222,519600,49
22223,519601,49
22224,519602,49
22225,519603,49
22226,519604,49
22227,519605,49
22228,519606,49
22229,519611,49
22230,519612,49
22231,519613,49
22232,519614,49
22233,519629,49
22234,519630,49
22235,519631,49
22236,519632,49
22237,519633,49
22238,519634,49
22239,519635,49
22240,519636,49
22241,519637,49
22242,519638,49
22243,519639,49
22244,519640,49
22245,519641,49
22246,519642,49
22247,519643,49
22248,519644,49
22249,519645,49
22250,519646,49
22251,519647,49
22252,519648,49
22253,519649,49
22254,519650,49
22255,519651,49
22256,519652,49
22257,519653,49
22258,519654,49
22259,519655,49
22260,519656,49
22261,519657,49
22262,519658,49
22263,519659,49
22264,519660,49
22265,519667,49
22266,519668,49
22267,519669,49
22268,519670,49
22269,519671,49
22270,519672,49
22271,519673,49
22272,519674,49
22273,519675,49
22274,519676,49
22275,519677,49
22276,519678,49
22277,519679,49
22278,519680,49
22279,519681,49
22280,519682,49
22281,519683,49
22282,519684,49
22283,519685,49
22284,519686,49
22285,519687,49
22286,519688,49
22287,519689,49
22288,519690,49
22289,519691,49
22290,519692,49
22291,519693,49
22292,519694,49
22293,519695,49
22294,519696,49
22295,519697,49
22296,519698,49
22297,519699,49
22298,519700,49
22299,519701,49
22300,519726,49
22301,519727,49
22302,519728,49
22303,519729,49
22304,519730,49
22305,519731,49
22306,519732,49
22307,519733,49
22308,519734,49
22309,519735,49
22310,519736,49
22311,519737,49
22312,519738,49
22313,519739,49
22314,519740,49
22315,519741,49
22316,519742,49
22317,519743,49
22318,519744,49
22319,519745,49
22320,519746,49
22321,519747,49
22322,519748,49
22323,519749,49
22324,519750,49
22325,519751,49
22326,519752,49
22327,519753,49
22328,519754,49
22329,519755,49
22330,519756,49
22331,519757,49
22332,519758,49
22333,519759,49
22334,519760,49
22335,519761,49
22336,519762,49
22337,519763,49
22338,519764,49
22339,519765,49
22340,519766,49
22341,519767,49
22342,519768,49
22343,519769,49
22344,519770,49
22345,519771,49
22346,519772,49
22347,519773,49
22348,519774,49
22349,519775,49
22350,519776,49
22351,519777,49
22352,519778,49
22353,519779,49
22354,519780,49
22355,519781,49
22356,519782,49
22357,519783,49
22358,519806,49
22359,519807,49
22360,519808,49
22361,519809,49
22362,519810,49
22363,519811,49
22364,519812,49
22365,519813,49
22366,519814,49
22367,519815,49
22368,519816,49
22369,519817,49
22370,519818,49
22371,519819,49
22372,519820,49
22373,519821,49
22374,519833,49
22375,519834,49
22376,519835,49
22377,519836,49
22378,519837,49
22379,519838,49
22380,519839,49
22381,519840,49
22382,519841,49
22383,519842,49
22384,519843,49
22385,519844,49
22386,519845,49
22387,519846,49
22388,519847,49
22389,519848,49
22390,519849,49
22391,519850,49
22392,519851,49
22393,519852,49
22394,519853,49
22395,519854,49
22396,519855,49
22397,519856,49
22398,519857,49
22399,519858,49
22400,519859,49
22401,519860,49
22402,519861,49
22403,519862,49
22404,519863,49
22405,519864,49
22406,519876,49
22407,519877,49
22408,519878,49
22409,519879,49
22410,519880,49
22411,519881,49
22412,519882,49
22413,519884,49
22414,519886,49
22415,519892,49
22416,519893,49
22417,519894,49
22418,519895,49
22419,519896,49
22420,519897,49
22421,519898,49
22422,519899,49
22423,519900,49
22424,519901,49
22425,519902,49
22426,519903,49
22427,519904,49
22428,519905,49
22429,519919,49
22430,519922,49
22431,519936,49
22432,519938,49
22433,519939,49
22434,519961,49
22435,519962,49
22436,519963,49
22437,519964,49
22438,519966,49
22439,519968,49
22440,519969,49
22441,519970,49
22442,519971,49
22443,519972,49
22444,519973,49
22445,519982,49
22446,519983,49
22447,519984,49
22448,519985,49
22449,519986,49
22450,520023,49
22451,520024,49
22452,520026,49
22453,520027,49
22454,520030,49
22455,520032,49
22456,520049,49
22457,520050,49
22458,520051,49
22459,520052,49
22460,520053,49
22461,520054,49
22462,520055,49
22463,520056,49
22464,520057,49
22465,520058,49
22466,520059,49
22467,520060,49
22468,520061,49
22469,520062,49
22470,520063,49
22471,520065,49
22472,520066,49
22473,520067,49
22474,520068,49
22475,520069,49
22476,520070,49
22477,520071,49
22478,520072,49
22479,520073,49
22480,520074,49
22481,520075,49
22482,520076,49
22483,520077,49
22484,520078,49
22485,520079,49
22486,520080,49
22487,520081,49
22488,520082,49
22489,520083,49
22490,520084,49
22491,520085,49
22492,520086,49
22493,520087,49
22494,520088,49
22495,520089,49
22496,520090,49
22497,520091,49
22498,520092,49
22499,520093,49
22500,520094,49
22501,520095,49
22502,520096,49
22503,520097,49
22504,520098,49
22505,520099,49
22506,520100,49
22507,520101,49
22508,520102,49
22509,520103,49
22510,520104,49
22511,520105,49
22512,520106,49
22513,520107,49
22514,520108,49
22515,520109,49
22516,520110,49
22517,520111,49
22518,520112,49
22519,520113,49
22520,520114,49
22521,520115,49
22522,520116,49
22523,520117,49
22524,520122,49
22525,520123,49
22526,520124,49
22527,520125,49
22528,520126,49
22529,520127,49
22530,520128,49
22531,520129,49
22532,520130,49
22533,520131,49
22534,520132,49
22535,520133,49
22536,520134,49
22537,520135,49
22538,520136,49
22539,520137,49
22540,520138,49
22541,520139,49
22542,520140,49
22543,520141,49
22544,520142,49
22545,520143,49
22546,520144,49
22547,520145,49
22548,520146,49
22549,520147,49
22550,520148,49
22551,520149,49
22552,520150,49
22553,520151,49
22554,520152,49
22555,520153,49
22556,520154,49
22557,520155,49
22558,520156,49
22559,520157,49
22560,520158,49
22561,520159,49
22562,520160,49
22563,520161,49
22564,520162,49
22565,520163,49
22566,520164,49
22567,520165,49
22568,520166,49
22569,520167,49
22570,520168,49
22571,520169,49
22572,520170,49
22573,520171,49
22574,520172,49
22575,520173,49
22576,520174,49
22577,520175,49
22578,520176,49
22579,520177,49
22580,520178,49
22581,520179,49
22582,520180,49
22583,520181,49
22584,520182,49
22585,520183,49
22586,520184,49
22587,520185,49
22588,520186,49
22589,520187,49
22590,520188,49
22591,520189,49
22592,520190,49
22593,520191,49
22594,520192,49
22595,520193,49
22596,520194,49
22597,520195,49
22598,520196,49
22599,520197,49
22600,520198,49
22601,520199,49
22602,520200,49
22603,520201,49
22604,520202,49
22605,520203,49
22606,520204,49
22607,520205,49
22608,520206,49
22609,520207,49
22610,520208,49
22611,520209,49
22612,520210,49
22613,520211,49
22614,520212,49
22615,520213,49
22616,520214,49
22617,520215,49
22618,520216,49
22619,520217,49
22620,520218,49
22621,520219,49
22622,520220,49
22623,520221,49
22624,520222,49
22625,520223,49
22626,520224,49
22627,520225,49
22628,520226,49
22629,520227,49
22630,520228,49
22631,520229,49
22632,520230,49
22633,520231,49
22634,520232,49
22635,520233,49
22636,520234,49
22637,520235,49
22638,520236,49
22639,520237,49
22640,520238,49
22641,520239,49
22642,520240,49
22643,520241,49
22644,520242,49
22645,520243,49
22646,520244,49
22647,520245,49
22648,520246,49
22649,520247,49
22650,520248,49
22651,520249,49
22652,520250,49
22653,520251,49
22654,520252,49
22655,520253,49
22656,520254,49
22657,520255,49
22658,520256,49
22659,520257,49
22660,520258,49
22661,520259,49
22662,520262,49
22663,520263,49
22664,520267,49
22665,520269,49
22666,520270,49
22667,520271,49
22668,520272,49
22669,520273,49
22670,520274,49
22671,520275,49
22672,520276,49
22673,520277,49
22674,520278,49
22675,520279,49
22676,520280,49
22677,520281,49
22678,520282,49
22679,520283,49
22680,520284,49
22681,520297,49
22682,520298,49
22683,520299,49
22684,520300,49
22685,520301,49
22686,520302,49
22687,520303,49
22688,520304,49
22689,520305,49
22690,520306,49
22691,520307,49
22692,520308,49
22693,520309,49
22694,520310,49
22695,520311,49
22696,520312,49
22697,520313,49
22698,520314,49
22699,520315,49
22700,520316,49
22701,520317,49
22702,520318,49
22703,520319,49
22704,520327,49
22705,520328,49
22706,520329,49
22707,520330,49
22708,520343,49
22709,520344,49
22710,520345,49
22711,520346,49
22712,520347,49
22713,520348,49
22714,520349,49
22715,520350,49
22716,520504,49
22717,520505,49
22718,520506,49
22719,520507,49
22720,520508,49
22721,520509,49
22722,520529,49
22723,520530,49
22724,520531,49
22725,520532,49
22726,520540,49
22727,520541,49
22728,520542,49
22729,520578,49
22730,520579,49
22731,520584,49
22732,520586,49
22733,520587,49
22734,520588,49
22735,520606,49
22736,520607,49
22737,520608,49
22738,520609,49
22739,520610,49
22740,520611,49
22741,520612,49
22742,520613,49
22743,520614,49
22744,520615,49
22745,520616,49
22746,520617,49
22747,520618,49
22748,520619,49
22749,520620,49
22750,520621,49
22751,520622,49
22752,520623,49
22753,520624,49
22754,520625,49
22755,520626,49
22756,520627,49
22757,520628,49
22758,520629,49
22759,520630,49
22760,520631,49
22761,520632,49
22762,520633,49
22763,520634,49
22764,520635,49
22765,520636,49
22766,520637,49
22767,520638,49
22768,520639,49
22769,520640,49
22770,520641,49
22771,520642,49
22772,520643,49
22773,520644,49
22774,520645,49
22775,520646,49
22776,520647,49
22777,520648,49
22778,520649,49
22779,520650,49
22780,520651,49
22781,520652,49
22782,520653,49
22783,520654,49
22784,520655,49
22785,520656,49
22786,520657,49
22787,520658,49
22788,520659,49
22789,520660,49
22790,520661,49
22791,520662,49
22792,520663,49
22793,520664,49
22794,520667,49
22795,520668,49
22796,520669,49
22797,520670,49
22798,520671,49
22799,520672,49
22800,520673,49
22801,520718,49
22802,520719,49
22803,520720,49
22804,520721,49
22805,520722,49
22806,520723,49
22807,520724,49
22808,520725,49
22809,520726,49
22810,520727,49
22811,520728,49
22812,520729,49
22813,520730,49
22814,520731,49
22815,520732,49
22816,520733,49
22817,520734,49
22818,520735,49
22819,520736,49
22820,520737,49
22821,520738,49
22822,520739,49
22823,520740,49
22824,520741,49
22825,520742,49
22826,520743,49
22827,520744,49
22828,520745,49
22829,520746,49
22830,520747,49
22831,520748,49
22832,520749,49
22833,520750,49
22834,520751,49
22835,520752,49
22836,520753,49
22837,520754,49
22838,520755,49
22839,520756,49
22840,520757,49
22841,520758,49
22842,520759,49
22843,520760,49
22844,520761,49
22845,520762,49
22846,520763,49
22847,520764,49
22848,520765,49
22849,520766,49
22850,520767,49
22851,520768,49
22852,520769,49
22853,520770,49
22854,520771,49
22855,520772,49
22856,520773,49
22857,520774,49
22858,520775,49
22859,520776,49
22860,520777,49
22861,520778,49
22862,520779,49
22863,520780,49
22864,520781,49
22865,520784,49
22866,520785,49
22867,520786,49
22868,520787,49
22869,520788,49
22870,520789,49
22871,520790,49
22872,520791,49
22873,520792,49
22874,520793,49
22875,520794,49
22876,520795,49
22877,520796,49
22878,520797,49
22879,520801,49
22880,520802,49
22881,520803,49
22882,520804,49
22883,520805,49
22884,520806,49
22885,520807,49
22886,520808,49
22887,520809,49
22888,520810,49
22889,520811,49
22890,520812,49
22891,520813,49
22892,520814,49
22893,520815,49
22894,520816,49
22895,520817,49
22896,520818,49
22897,520819,49
22898,520820,49
22899,520821,49
22900,520822,49
22901,520823,49
22902,520824,49
22903,520825,49
22904,520826,49
22905,520827,49
22906,520828,49
22907,520829,49
22908,520830,49
22909,520831,49
22910,520832,49
22911,520833,49
22912,520834,49
22913,520835,49
22914,520836,49
22915,520837,49
22916,520838,49
22917,520839,49
22918,520840,49
22919,520841,49
22920,520842,49
22921,520843,49
22922,520846,49
22923,520847,49
22924,520848,49
22925,520849,49
22926,520850,49
22927,520851,49
22928,520852,49
22929,520853,49
22930,520854,49
22931,520855,49
22932,520856,49
22933,520857,49
22934,520858,49
22935,520859,49
22936,520860,49
22937,520861,49
22938,520862,49
22939,520863,49
22940,520864,49
22941,520865,49
22942,520866,49
22943,520867,49
22944,520868,49
22945,520869,49
22946,520870,49
22947,520871,49
22948,520872,49
22949,520873,49
22950,520874,49
22951,520875,49
22952,520876,49
22953,520877,49
22954,520878,49
22955,520879,49
22956,520880,49
22957,520881,49
22958,520882,49
22959,520883,49
22960,520884,49
22961,520885,49
22962,520886,49
22963,520887,49
22964,520888,49
22965,520889,49
22966,520890,49
22967,520891,49
22968,520892,49
22969,520893,49
22970,520894,49
22971,520895,49
22972,520896,49
22973,520897,49
22974,520898,49
22975,520899,49
22976,520900,49
22977,520901,49
22978,520902,49
22979,520903,49
22980,520904,49
22981,520905,49
22982,520906,49
22983,520907,49
22984,520908,49
22985,520909,49
22986,520910,49
22987,520911,49
22988,520912,49
22989,520913,49
22990,520914,49
22991,520915,49
22992,520916,49
22993,520921,49
22994,520922,49
22995,520923,49
22996,520924,49
22997,520925,49
22998,520926,49
22999,520927,49
23000,520928,49
23001,520929,49
23002,520930,49
23003,520931,49
23004,520932,49
23005,520933,49
23006,520934,49
23007,520935,49
23008,520936,49
23009,520937,49
23010,520938,49
23011,520939,49
23012,520940,49
23013,520941,49
23014,520942,49
23015,520943,49
23016,520944,49
23017,520945,49
23018,520946,49
23019,520947,49
23020,520948,49
23021,520949,49
23022,520950,49
23023,520951,49
23024,520952,49
23025,520953,49
23026,520954,49
23027,520955,49
23028,520956,49
23029,520957,49
23030,520958,49
23031,520959,49
23032,520960,49
23033,520961,49
23034,520962,49
23035,520963,49
23036,520964,49
23037,520965,49
23038,520966,49
23039,520967,49
23040,520968,49
23041,520969,49
23042,520970,49
23043,520971,49
23044,520972,49
23045,520987,49
23046,520988,49
23047,520989,49
23048,520990,49
23049,520991,49
23050,520992,49
23051,520993,49
23052,520994,49
23053,520995,49
23054,520996,49
23055,521001,49
23056,521002,49
23057,521003,49
23058,521004,49
23059,521005,49
23060,521006,49
23061,521007,49
23062,521008,49
23063,521009,49
23064,521010,49
23065,521011,49
23066,521012,49
23067,521013,49
23068,521014,49
23069,521015,49
23070,521016,49
23071,521017,49
23072,521018,49
23073,521019,49
23074,521020,49
23075,521021,49
23076,521022,49
23077,521023,49
23078,521024,49
23079,521025,49
23080,521026,49
23081,521027,49
23082,521028,49
23083,521029,49
23084,521030,49
23085,521031,49
23086,521032,49
23087,521033,49
23088,521034,49
23089,521035,49
23090,521036,49
23091,521037,49
23092,521045,49
23093,521046,49
23094,521047,49
23095,521048,49
23096,521049,49
23097,521050,49
23098,521051,49
23099,521052,49
23100,521053,49
23101,521054,49
23102,521055,49
23103,521056,49
23104,521057,49
23105,521058,49
23106,521059,49
23107,521060,49
23108,521061,49
23109,521062,49
23110,521063,49
23111,521064,49
23112,521065,49
23113,521066,49
23114,521067,49
23115,521068,49
23116,521069,49
23117,521070,49
23118,521071,49
23119,521072,49
23120,521073,49
23121,521079,49
23122,521080,49
23123,521081,49
23124,521082,49
23125,521083,49
23126,521084,49
23127,521085,49
23128,521086,49
23129,521087,49
23130,521088,49
23131,521089,49
23132,521090,49
23133,521091,49
23134,521092,49
23135,521093,49
23136,521094,49
23137,521109,49
23138,521110,49
23139,521111,49
23140,521112,49
23141,521113,49
23142,521114,49
23143,521115,49
23144,521116,49
23145,521117,49
23146,521118,49
23147,521119,49
23148,521120,49
23149,521121,49
23150,521122,49
23151,521123,49
23152,521124,49
23153,521125,49
23154,521126,49
23155,521127,49
23156,521128,49
23157,521129,49
23158,521130,49
23159,521131,49
23160,521132,49
23161,521133,49
23162,521134,49
23163,521135,49
23164,521136,49
23165,521137,49
23166,521138,49
23167,521139,49
23168,521140,49
23169,521141,49
23170,521142,49
23171,521143,49
23172,521144,49
23173,521145,49
23174,521146,49
23175,521147,49
23176,521148,49
23177,521149,49
23178,521150,49
23179,521151,49
23180,521152,49
23181,521153,49
23182,521154,49
23183,521155,49
23184,521156,49
23185,521157,49
23186,521158,49
23187,521159,49
23188,521160,49
23189,521161,49
23190,521162,49
23191,521163,49
23192,521164,49
23193,521165,49
23194,521166,49
23195,521167,49
23196,521168,49
23197,521169,49
23198,521170,49
23199,521171,49
23200,521172,49
23201,521173,49
23202,521174,49
23203,521175,49
23204,521176,49
23205,521177,49
23206,521178,49
23207,521179,49
23208,521180,49
23209,521181,49
23210,521182,49
23211,521183,49
23212,521184,49
23213,521185,49
23214,521186,49
23215,521187,49
23216,521188,49
23217,521189,49
23218,521190,49
23219,521191,49
23220,521192,49
23221,521193,49
23222,521194,49
23223,521195,49
23224,521196,49
23225,521197,49
23226,521198,49
23227,521199,49
23228,521200,49
23229,521201,49
23230,521202,49
23231,521203,49
23232,521204,49
23233,521205,49
23234,521206,49
23235,521207,49
23236,521208,49
23237,521209,49
23238,521210,49
23239,521211,49
23240,521212,49
23241,521213,49
23242,521214,49
23243,521215,49
23244,521216,49
23245,521217,49
23246,521218,49
23247,521219,49
23248,521220,49
23249,521221,49
23250,521222,49
23251,521223,49
23252,521224,49
23253,521225,49
23254,521226,49
23255,521227,49
23256,521228,49
23257,521229,49
23258,521230,49
23259,521231,49
23260,521232,49
23261,521233,49
23262,521234,49
23263,521235,49
23264,521236,49
23265,521237,49
23266,521238,49
23267,521239,49
23268,521240,49
23269,521241,49
23270,521242,49
23271,521243,49
23272,521244,49
23273,521245,49
23274,521246,49
23275,521247,49
23276,521248,49
23277,521249,49
23278,521250,49
23279,521251,49
23280,521252,49
23281,521253,49
23282,521254,49
23283,521255,49
23284,521256,49
23285,521257,49
23286,521258,49
23287,521259,49
23288,521260,49
23289,521261,49
23290,521262,49
23291,521263,49
23292,521264,49
23293,521265,49
23294,521266,49
23295,521267,49
23296,521268,49
23297,521269,49
23298,521270,49
23299,521271,49
23300,521272,49
23301,521273,49
23302,521274,49
23303,521275,49
23304,521276,49
23305,521277,49
23306,521278,49
23307,521279,49
23308,521280,49
23309,521281,49
23310,521282,49
23311,521283,49
23312,521284,49
23313,521285,49
23314,521286,49
23315,521287,49
23316,521288,49
23317,521289,49
23318,521290,49
23319,521291,49
23320,521292,49
23321,521293,49
23322,521294,49
23323,521295,49
23324,521296,49
23325,521297,49
23326,521298,49
23327,521299,49
23328,521300,49
23329,521301,49
23330,521302,49
23331,521303,49
23332,521304,49
23333,521305,49
23334,521306,49
23335,521307,49
23336,521308,49
23337,521309,49
23338,521310,49
23339,521311,49
23340,521312,49
23341,521313,49
23342,521314,49
23343,521315,49
23344,521316,49
23345,521317,49
23346,521318,49
23347,521319,49
23348,521320,49
23349,521321,49
23350,521322,49
23351,521323,49
23352,521324,49
23353,521325,49
23354,521326,49
23355,521327,49
23356,521328,49
23357,521329,49
23358,521330,49
23359,521331,49
23360,521332,49
23361,521333,49
23362,521334,49
23363,521335,49
23364,521336,49
23365,521337,49
23366,521338,49
23367,521339,49
23368,521340,49
23369,521341,49
23370,521342,49
23371,521343,49
23372,521344,49
23373,521345,49
23374,521346,49
23375,521347,49
23376,521348,49
23377,521349,49
23378,521350,49
23379,521351,49
23380,521352,49
23381,521353,49
23382,521354,49
23383,521355,49
23384,521356,49
23385,521357,49
23386,521358,49
23387,521359,49
23388,521360,49
23389,521361,49
23390,521362,49
23391,521363,49
23392,521364,49
23393,521365,49
23394,521366,49
23395,521367,49
23396,521368,49
23397,521369,49
23398,521377,49
23399,521378,49
23400,521379,49
23401,521380,49
23402,521381,49
23403,521382,49
23404,521383,49
23405,521384,49
23406,521385,49
23407,521386,49
23408,521387,49
23409,521388,49
23410,521389,49
23411,521390,49
23412,521391,49
23413,521392,49
23414,521393,49
23415,521394,49
23416,521395,49
23417,521396,49
23418,521397,49
23419,521398,49
23420,521399,49
23421,521400,49
23422,521401,49
23423,521402,49
23424,521403,49
23425,521404,49
23426,521405,49
23427,521406,49
23428,521407,49
23429,521408,49
23430,521409,49
23431,521410,49
23432,521411,49
23433,521412,49
23434,521413,49
23435,521414,49
23436,521415,49
23437,521416,49
23438,521417,49
23439,521418,49
23440,521419,49
23441,521420,49
23442,521421,49
23443,521422,49
23444,521423,49
23445,521424,49
23446,521425,49
23447,521426,49
23448,521427,49
23449,521428,49
23450,521429,49
23451,521430,49
23452,521431,49
23453,521432,49
23454,521433,49
23455,521434,49
23456,521435,49
23457,521436,49
23458,521437,49
23459,521438,49
23460,521439,49
23461,521440,49
23462,521441,49
23463,521442,49
23464,521443,49
23465,521444,49
23466,521445,49
23467,521446,49
23468,521447,49
23469,521448,49
23470,521449,49
23471,521450,49
23472,521451,49
23473,521452,49
23474,521453,49
23475,521454,49
23476,521455,49
23477,521456,49
23478,521457,49
23479,521458,49
23480,521459,49
23481,521460,49
23482,521461,49
23483,521467,49
23484,521468,49
23485,521469,49
23486,521470,49
23487,521471,49
23488,521472,49
23489,521473,49
23490,521474,49
23491,521475,49
23492,521476,49
23493,521477,49
23494,521478,49
23495,521479,49
23496,521480,49
23497,521481,49
23498,521482,49
23499,521483,49
23500,521484,49
23501,521485,49
23502,521486,49
23503,521487,49
23504,521488,49
23505,521489,49
23506,521490,49
23507,521491,49
23508,521492,49
23509,521493,49
23510,521494,49
23511,521495,49
23512,521496,49
23513,521497,49
23514,521498,49
23515,521499,49
23516,521500,49
23517,521501,49
23518,521502,49
23519,521503,49
23520,521504,49
23521,521505,49
23522,521506,49
23523,521507,49
23524,521508,49
23525,521509,49
23526,521510,49
23527,521511,49
23528,521512,49
23529,521513,49
23530,521514,49
23531,521515,49
23532,521516,49
23533,521517,49
23534,521518,49
23535,521519,49
23536,521520,49
23537,521521,49
23538,521522,49
23539,521523,49
23540,521524,49
23541,521525,49
23542,521526,49
23543,521527,49
23544,521528,49
23545,521529,49
23546,521530,49
23547,521531,49
23548,521532,49
23549,521533,49
23550,521534,49
23551,521535,49
23552,521536,49
23553,521537,49
23554,521538,49
23555,521539,49
23556,521540,49
23557,521541,49
23558,521542,49
23559,521543,49
23560,521544,49
23561,521545,49
23562,521546,49
23563,521547,49
23564,521548,49
23565,521549,49
23566,521550,49
23567,521551,49
23568,521552,49
23569,521553,49
23570,521554,49
23571,521555,49
23572,521556,49
23573,521557,49
23574,521558,49
23575,521559,49
23576,521560,49
23577,521561,49
23578,521562,49
23579,521563,49
23580,521564,49
23581,521565,49
23582,521566,49
23583,521567,49
23584,521568,49
23585,521569,49
23586,521570,49
23587,521571,49
23588,521572,49
23589,521573,49
23590,521574,49
23591,521575,49
23592,521576,49
23593,521577,49
23594,521578,49
23595,521579,49
23596,521580,49
23597,521581,49
23598,521582,49
23599,521583,49
23600,521584,49
23601,521585,49
23602,521586,49
23603,521587,49
23604,521588,49
23605,521589,49
23606,521590,49
23607,521591,49
23608,521592,49
23609,521593,49
23610,521594,49
23611,521595,49
23612,521596,49
23613,521597,49
23614,521598,49
23615,521599,49
23616,521600,49
23617,521601,49
23618,521602,49
23619,521603,49
23620,521604,49
23621,521605,49
23622,521606,49
23623,521607,49
23624,521608,49
23625,521609,49
23626,521610,49
23627,521611,49
23628,521612,49
23629,521613,49
23630,521614,49
23631,521615,49
23632,521616,49
23633,521617,49
23634,521618,49
23635,521619,49
23636,521620,49
23637,521621,49
23638,521622,49
23639,521623,49
23640,521624,49
23641,521625,49
23642,521626,49
23643,521627,49
23644,521628,49
23645,521629,49
23646,521630,49
23647,521631,49
23648,521632,49
23649,521633,49
23650,521634,49
23651,521635,49
23652,521636,49
23653,521637,49
23654,521638,49
23655,521639,49
23656,521640,49
23657,521641,49
23658,521642,49
23659,521643,49
23660,521644,49
23661,521645,49
23662,521646,49
23663,521647,49
23664,521648,49
23665,521649,49
23666,521650,49
23667,521651,49
23668,521652,49
23669,521653,49
23670,521654,49
23671,521655,49
23672,521656,49
23673,521657,49
23674,521658,49
23675,521659,49
23676,521660,49
23677,521661,49
23678,521662,49
23679,521663,49
23680,521664,49
23681,521665,49
23682,521666,49
23683,521667,49
23684,521668,49
23685,521669,49
23686,521670,49
23687,521671,49
23688,521672,49
23689,521673,49
23690,521674,49
23691,521675,49
23692,521676,49
23693,521677,49
23694,521678,49
23695,521679,49
23696,521680,49
23697,521681,49
23698,521682,49
23699,521683,49
23700,521684,49
23701,521685,49
23702,521686,49
23703,521687,49
23704,521688,49
23705,521689,49
23706,521690,49
23707,521691,49
23708,521692,49
23709,521693,49
23710,521694,49
23711,521695,49
23712,521696,49
23713,521697,49
23714,521698,49
23715,521699,49
23716,521700,49
23717,521701,49
23718,521702,49
23719,521703,49
23720,521704,49
23721,521705,49
23722,521706,49
23723,521707,49
23724,521708,49
23725,521709,49
23726,521710,49
23727,521711,49
23728,521712,49
23729,521713,49
23730,521714,49
23731,521715,49
23732,521716,49
23733,521717,49
23734,521718,49
23735,521719,49
23736,521720,49
23737,521721,49
23738,521722,49
23739,521723,49
23740,521724,49
23741,521725,49
23742,521726,49
23743,521727,49
23744,521728,49
23745,521729,49
23746,521730,49
23747,521731,49
23748,521732,49
23749,521733,49
23750,521734,49
23751,521735,49
23752,521736,49
23753,521737,49
23754,521738,49
23755,521739,49
23756,521740,49
23757,521741,49
23758,521742,49
23759,521743,49
23760,521744,49
23761,521745,49
23762,521746,49
23763,521747,49
23764,521748,49
23765,521749,49
23766,521750,49
23767,521751,49
23768,521752,49
23769,521753,49
23770,521754,49
23771,521755,49
23772,521756,49
23773,521757,49
23774,521758,49
23775,521759,49
23776,521760,49
23777,521761,49
23778,521762,49
23779,521763,49
23780,521764,49
23781,521765,49
23782,521766,49
23783,521767,49
23784,521768,49
23785,521769,49
23786,521770,49
23787,521771,49
23788,521772,49
23789,521773,49
23790,521774,49
23791,521775,49
23792,521776,49
23793,521777,49
23794,521778,49
23795,521779,49
23796,521780,49
23797,521781,49
23798,521782,49
23799,521783,49
23800,521784,49
23801,521785,49
23802,521786,49
23803,521787,49
23804,521788,49
23805,521789,49
23806,521790,49
23807,521791,49
23808,521792,49
23809,521793,49
23810,521794,49
23811,521795,49
23812,521796,49
23813,521797,49
23814,521798,49
23815,521799,49
23816,521800,49
23817,521801,49
23818,521802,49
23819,521803,49
23820,521804,49
23821,521805,49
23822,521806,49
23823,521807,49
23824,521808,49
23825,521809,49
23826,521810,49
23827,521811,49
23828,521812,49
23829,521813,49
23830,521814,49
23831,521815,49
23832,521816,49
23833,521817,49
23834,521818,49
23835,521819,49
23836,521820,49
23837,521821,49
23838,521822,49
23839,521823,49
23840,521824,49
23841,521825,49
23842,521826,49
23843,521827,49
23844,521828,49
23845,521829,49
23846,521830,49
23847,521831,49
23848,521832,49
23849,521833,49
23850,521834,49
23851,521835,49
23852,521836,49
23853,521837,49
23854,521838,49
23855,521839,49
23856,521840,49
23857,521841,49
23858,521842,49
23859,521843,49
23860,521844,49
23861,521845,49
23862,521846,49
23863,521847,49
23864,521848,49
23865,521849,49
23866,521850,49
23867,521851,49
23868,521852,49
23869,521853,49
23870,521854,49
23871,521855,49
23872,521856,49
23873,521857,49
23874,521858,49
23875,521859,49
23876,521860,49
23877,521861,49
23878,521862,49
23879,521863,49
23880,521864,49
23881,521865,49
23882,521866,49
23883,521867,49
23884,521868,49
23885,521869,49
23886,521870,49
23887,521871,49
23888,521872,49
23889,521873,49
23890,521874,49
23891,521875,49
23892,521876,49
23893,521877,49
23894,521878,49
23895,521879,49
23896,521880,49
23897,521881,49
23898,521882,49
23899,521883,49
23900,521884,49
23901,521885,49
23902,521886,49
23903,521887,49
23904,521888,49
23905,521889,49
23906,521890,49
23907,521891,49
23908,521892,49
23909,521893,49
23910,521894,49
23911,521895,49
23912,521896,49
23913,521897,49
23914,521898,49
23915,521899,49
23916,521900,49
23917,521901,49
23918,521902,49
23919,521903,49
23920,521904,49
23921,521905,49
23922,521906,49
23923,521907,49
23924,521908,49
23925,521909,49
23926,521910,49
23927,521911,49
23928,521912,49
23929,521913,49
23930,521914,49
23931,521915,49
23932,521916,49
23933,521917,49
23934,521918,49
23935,521919,49
23936,521920,49
23937,521921,49
23938,521922,49
23939,521923,49
23940,521924,49
23941,521925,49
23942,521926,49
23943,521927,49
23944,521928,49
23945,521929,49
23946,521930,49
23947,521935,49
23948,521936,49
23949,521937,49
23950,521938,49
23951,521939,49
23952,521940,49
23953,521941,49
23954,521942,49
23955,521943,49
23956,521952,49
23957,521953,49
23958,521954,49
23959,521955,49
23960,521956,49
23961,521957,49
23962,521958,49
23963,521959,49
23964,521960,49
23965,521961,49
23966,521962,49
23967,521963,49
23968,521964,49
23969,521965,49
23970,521966,49
23971,521967,49
23972,521968,49
23973,521969,49
23974,521970,49
23975,521971,49
23976,521972,49
23977,521973,49
23978,521974,49
23979,521975,49
23980,521976,49
23981,521977,49
23982,521978,49
23983,521979,49
23984,521980,49
23985,521981,49
23986,521982,49
23987,521983,49
23988,521984,49
23989,521985,49
23990,521986,49
23991,521987,49
23992,521988,49
23993,521989,49
23994,521990,49
23995,521991,49
23996,521992,49
23997,521993,49
23998,521994,49
23999,521995,49
24000,521996,49
24001,521997,49
24002,521998,49
24003,521999,49
24004,522000,49
24005,522001,49
24006,522002,49
24007,522003,49
24008,522004,49
24009,522005,49
24010,522006,49
24011,522007,49
24012,522008,49
24013,522009,49
24014,522010,49
24015,522011,49
24016,522012,49
24017,522013,49
24018,522014,49
24019,522015,49
24020,522016,49
24021,522017,49
24022,522018,49
24023,522019,49
24024,522020,49
24025,522021,49
24026,522022,49
24027,522023,49
24028,522024,49
24029,522025,49
24030,522026,49
24031,522027,49
24032,522028,49
24033,522029,49
24034,522030,49
24035,522031,49
24036,522032,49
24037,522033,49
24038,522034,49
24039,522035,49
24040,522036,49
24041,522037,49
24042,522038,49
24043,522039,49
24044,522040,49
24045,522041,49
24046,522042,49
24047,522043,49
24048,522044,49
24049,522045,49
24050,522046,49
24051,522047,49
24052,522048,49
24053,522049,49
24054,522050,49
24055,522051,49
24056,522052,49
24057,522053,49
24058,522054,49
24059,522055,49
24060,522056,49
24061,522057,49
24062,522058,49
24063,522059,49
24064,522060,49
24065,522061,49
24066,522062,49
24067,522063,49
24068,522064,49
24069,522065,49
24070,522066,49
24071,522067,49
24072,522068,49
24073,522069,49
24074,522070,49
24075,522071,49
24076,522072,49
24077,522073,49
24078,522074,49
24079,522075,49
24080,522076,49
24081,522077,49
24082,522078,49
24083,522079,49
24084,522080,49
24085,522081,49
24086,522082,49
24087,522083,49
24088,522084,49
24089,522085,49
24090,522086,49
24091,522087,49
24092,522088,49
24093,522089,49
24094,522090,49
24095,522091,49
24096,522092,49
24097,522093,49
24098,522094,49
24099,522095,49
24100,522096,49
24101,522097,49
24102,522098,49
24103,522099,49
24104,522100,49
24105,522101,49
24106,522102,49
24107,522103,49
24108,522104,49
24109,522105,49
24110,522106,49
24111,522107,49
24112,522108,49
24113,522109,49
24114,522110,49
24115,522111,49
24116,522112,49
24117,522113,49
24118,522114,49
24119,522115,49
24120,522116,49
24121,522117,49
24122,522118,49
24123,522119,49
24124,522120,49
24125,522130,49
24126,522131,49
24127,522132,49
24128,522133,49
24129,522134,49
24130,522135,49
24131,522139,49
24132,522140,49
24133,522141,49
24134,522142,49
24135,522143,49
24136,522144,49
24137,522145,49
24138,522146,49
24139,522147,49
24140,522148,49
24141,522149,49
24142,522150,49
24143,522151,49
24144,522152,49
24145,522153,49
24146,522154,49
24147,522155,49
24148,522156,49
24149,522157,49
24150,522158,49
24151,522159,49
24152,522160,49
24153,522161,49
24154,522162,49
24155,522163,49
24156,522164,49
24157,522165,49
24158,522166,49
24159,522167,49
24160,522168,49
24161,522169,49
24162,522170,49
24163,522171,49
24164,522172,49
24165,522173,49
24166,522174,49
24167,522175,49
24168,522176,49
24169,522177,49
24170,522178,49
24171,522179,49
24172,522180,49
24173,522181,49
24174,522182,49
24175,522183,49
24176,522184,49
24177,522185,49
24178,522186,49
24179,522187,49
24180,522188,49
24181,522189,49
24182,522190,49
24183,522191,49
24184,522192,49
24185,522193,49
24186,522194,49
24187,522195,49
24188,522196,49
24189,522197,49
24190,522198,49
24191,522199,49
24192,522200,49
24193,522201,49
24194,522202,49
24195,522203,49
24196,522204,49
24197,522205,49
24198,522206,49
24199,522207,49
24200,522208,49
24201,522209,49
24202,522210,49
24203,522211,49
24204,522212,49
24205,522213,49
24206,522214,49
24207,522215,49
24208,522216,49
24209,522217,49
24210,522218,49
24211,522219,49
24212,522220,49
24213,522221,49
24214,522222,49
24215,522223,49
24216,522224,49
24217,522225,49
24218,522226,49
24219,522227,49
24220,522228,49
24221,522229,49
24222,522230,49
24223,522231,49
24224,522232,49
24225,522233,49
24226,522234,49
24227,522235,49
24228,522236,49
24229,522237,49
24230,522238,49
24231,522239,49
24232,522240,49
24233,522241,49
24234,522242,49
24235,522243,49
24236,522244,49
24237,522245,49
24238,522246,49
24239,522247,49
24240,522248,49
24241,522249,49
24242,522250,49
24243,522251,49
24244,522252,49
24245,522253,49
24246,522254,49
24247,522255,49
24248,522256,49
24249,522257,49
24250,522258,49
24251,522259,49
24252,522260,49
24253,522261,49
24254,522262,49
24255,522263,49
24256,522264,49
24257,522265,49
24258,522266,49
24259,522267,49
24260,522300,49
24261,522301,49
24262,522302,49
24263,522303,49
24264,522304,49
24265,522305,49
24266,522306,49
24267,522307,49
24268,522308,49
24269,522309,49
24270,522310,49
24271,522311,49
24272,522312,49
24273,522313,49
24274,522314,49
24275,522356,49
24276,522357,49
24277,522358,49
24278,522359,49
24279,522360,49
24280,522361,49
24281,522362,49
24282,522363,49
24283,522364,49
24284,522365,49
24285,522366,49
24286,522367,49
24287,522368,49
24288,522369,49
24289,522370,49
24290,522371,49
24291,522372,49
24292,522373,49
24293,522374,49
24294,522375,49
24295,522376,49
24296,522377,49
24297,522378,49
24298,522379,49
24299,522380,49
24300,522381,49
24301,522382,49
24302,522383,49
24303,522384,49
24304,522385,49
24305,522386,49
24306,522387,49
24307,522388,49
24308,522389,49
24309,522390,49
24310,522391,49
24311,522392,49
24312,522393,49
24313,522394,49
24314,522395,49
24315,522396,49
24316,522397,49
24317,522398,49
24318,522399,49
24319,522400,49
24320,522401,49
24321,522402,49
24322,522403,49
24323,522404,49
24324,522405,49
24325,522406,49
24326,522407,49
24327,522408,49
24328,522409,49
24329,522410,49
24330,522411,49
24331,522412,49
24332,522413,49
24333,522414,49
24334,522415,49
24335,522416,49
24336,522417,49
24337,522418,49
24338,522419,49
24339,522420,49
24340,522421,49
24341,522422,49
24342,522423,49
24343,522424,49
24344,522425,49
24345,522426,49
24346,522427,49
24347,522428,49
24348,522429,49
24349,522430,49
24350,522431,49
24351,522432,49
24352,522433,49
24353,522434,49
24354,522435,49
24355,522436,49
24356,522437,49
24357,522438,49
24358,522439,49
24359,522440,49
24360,522441,49
24361,522442,49
24362,522443,49
24363,522444,49
24364,522445,49
24365,522446,49
24366,522447,49
24367,522448,49
24368,522449,49
24369,522450,49
24370,522451,49
24371,522452,49
24372,522453,49
24373,522454,49
24374,522455,49
24375,522456,49
24376,522457,49
24377,522458,49
24378,522459,49
24379,522460,49
24380,522461,49
24381,522462,49
24382,522463,49
24383,522464,49
24384,522465,49
24385,522466,49
24386,522467,49
24387,522468,49
24388,522469,49
24389,522470,49
24390,522471,49
24391,522472,49
24392,522473,49
24393,522474,49
24394,522475,49
24395,522476,49
24396,522477,49
24397,522478,49
24398,522479,49
24399,522480,49
24400,522481,49
24401,522482,49
24402,522483,49
24403,522484,49
24404,522485,49
24405,522486,49
24406,522487,49
24407,522488,49
24408,522489,49
24409,522490,49
24410,522491,49
24411,522492,49
24412,522493,49
24413,522494,49
24414,522495,49
24415,522496,49
24416,522497,49
24417,522498,49
24418,522499,49
24419,522500,49
24420,522501,49
24421,522502,49
24422,522503,49
24423,522504,49
24424,522505,49
24425,522506,49
24426,522507,49
24427,522508,49
24428,522509,49
24429,522510,49
24430,522511,49
24431,522512,49
24432,522513,49
24433,522514,49
24434,522515,49
24435,522518,49
24436,522519,49
24437,522520,49
24438,522521,49
24439,522522,49
24440,522523,49
24441,522524,49
24442,522525,49
24443,522526,49
24444,522527,49
24445,522528,49
24446,522529,49
24447,522530,49
24448,522531,49
24449,522532,49
24450,522533,49
24451,522534,49
24452,522535,49
24453,522536,49
24454,522537,49
24455,522538,49
24456,522539,49
24457,522540,49
24458,522541,49
24459,522542,49
24460,522543,49
24461,522544,49
24462,522545,49
24463,522546,49
24464,522547,49
24465,522548,49
24466,522549,49
24467,522550,49
24468,522551,49
24469,522552,49
24470,522553,49
24471,522554,49
24472,522555,49
24473,522556,49
24474,522564,49
24475,522565,49
24476,522566,49
24477,522567,49
24478,522568,49
24479,522569,49
24480,522570,49
24481,522571,49
24482,522572,49
24483,522573,49
24484,522574,49
24485,522575,49
24486,522576,49
24487,522577,49
24488,522578,49
24489,522579,49
24490,522580,49
24491,522581,49
24492,522582,49
24493,522583,49
24494,522584,49
24495,522585,49
24496,522586,49
24497,522587,49
24498,522591,49
24499,522592,49
24500,522593,49
24501,522594,49
24502,522595,49
24503,522596,49
24504,522597,49
24505,522598,49
24506,522599,49
24507,522600,49
24508,522601,49
24509,522602,49
24510,522603,49
24511,522604,49
24512,522605,49
24513,522606,49
24514,522607,49
24515,522608,49
24516,522609,49
24517,522610,49
24518,522611,49
24519,522612,49
24520,522613,49
24521,522614,49
24522,522615,49
24523,522616,49
24524,522617,49
24525,522618,49
24526,522619,49
24527,522620,49
24528,522621,49
24529,522622,49
24530,522623,49
24531,522624,49
24532,522625,49
24533,522626,49
24534,522627,49
24535,522628,49
24536,522629,49
24537,522630,49
24538,522631,49
24539,522632,49
24540,522633,49
24541,522634,49
24542,522635,49
24543,522636,49
24544,522637,49
24545,522638,49
24546,522639,49
24547,522640,49
24548,522641,49
24549,522642,49
24550,522643,49
24551,522644,49
24552,522645,49
24553,522646,49
24554,522647,49
24555,522648,49
24556,522649,49
24557,522650,49
24558,522651,49
24559,522652,49
24560,522653,49
24561,522654,49
24562,522655,49
24563,522656,49
24564,522657,49
24565,522658,49
24566,522659,49
24567,522660,49
24568,522661,49
24569,522662,49
24570,522663,49
24571,522664,49
24572,522665,49
24573,522666,49
24574,522667,49
24575,522668,49
24576,522669,49
24577,522670,49
24578,522671,49
24579,522672,49
24580,522673,49
24581,522674,49
24582,522675,49
24583,522676,49
24584,522677,49
24585,522678,49
24586,522679,49
24587,522680,49
24588,522681,49
24589,522682,49
24590,522683,49
24591,522684,49
24592,522685,49
24593,522686,49
24594,522687,49
24595,522688,49
24596,522689,49
24597,522690,49
24598,522691,49
24599,522692,49
24600,522693,49
24601,522694,49
24602,522695,49
24603,522696,49
24604,522697,49
24605,522698,49
24606,522699,49
24607,522700,49
24608,522701,49
24609,522702,49
24610,522703,49
24611,522704,49
24612,522705,49
24613,522708,49
24614,522709,49
24615,522710,49
24616,522711,49
24617,522712,49
24618,522713,49
24619,522714,49
24620,522715,49
24621,522716,49
24622,522717,49
24623,522718,49
24624,522719,49
24625,522720,49
24626,522721,49
24627,522722,49
24628,522723,49
24629,522724,49
24630,522725,49
24631,522726,49
24632,522727,49
24633,522728,49
24634,522729,49
24635,522730,49
24636,522731,49
24637,522732,49
24638,522733,49
24639,522734,49
24640,522735,49
24641,522736,49
24642,522737,49
24643,522738,49
24644,522739,49
24645,522740,49
24646,522741,49
24647,522742,49
24648,522743,49
24649,522744,49
24650,522745,49
24651,522746,49
24652,522747,49
24653,522748,49
24654,522749,49
24655,522750,49
24656,522751,49
24657,522752,49
24658,522753,49
24659,522754,49
24660,522755,49
24661,522756,49
24662,522757,49
24663,522758,49
24664,522759,49
24665,522760,49
24666,522761,49
24667,522762,49
24668,522763,49
24669,522764,49
24670,522765,49
24671,522766,49
24672,522767,49
24673,522768,49
24674,522769,49
24675,522770,49
24676,522777,49
24677,522778,49
24678,522779,49
24679,522780,49
24680,522781,49
24681,522782,49
24682,522783,49
24683,522784,49
24684,522785,49
24685,522786,49
24686,522787,49
24687,522788,49
24688,522789,49
24689,522790,49
24690,522791,49
24691,522792,49
24692,522793,49
24693,522794,49
24694,522795,49
24695,522796,49
24696,522797,49
24697,522798,49
24698,522799,49
24699,522800,49
24700,522801,49
24701,522802,49
24702,522803,49
24703,522804,49
24704,522805,49
24705,522806,49
24706,522807,49
24707,522808,49
24708,522809,49
24709,522810,49
24710,522811,49
24711,522812,49
24712,522813,49
24713,522814,49
24714,522815,49
24715,522816,49
24716,522817,49
24717,522818,49
24718,522819,49
24719,522820,49
24720,522821,49
24721,522822,49
24722,522823,49
24723,522824,49
24724,522825,49
24725,522826,49
24726,522827,49
24727,522828,49
24728,522829,49
24729,522830,49
24730,522831,49
24731,522832,49
24732,522833,49
24733,522834,49
24734,522835,49
24735,522836,49
24736,522837,49
24737,522838,49
24738,522839,49
24739,522840,49
24740,522841,49
24741,522842,49
24742,522843,49
24743,522844,49
24744,522845,49
24745,522846,49
24746,522847,49
24747,522848,49
24748,522849,49
24749,522850,49
24750,522851,49
24751,522852,49
24752,522853,49
24753,522854,49
24754,522855,49
24755,522856,49
24756,522857,49
24757,522858,49
24758,522864,49
24759,522865,49
24760,522866,49
24761,522867,49
24762,522868,49
24763,522869,49
24764,522870,49
24765,522871,49
24766,522872,49
24767,522873,49
24768,522874,49
24769,522875,49
24770,522876,49
24771,522877,49
24772,522878,49
24773,522879,49
24774,522880,49
24775,522881,49
24776,522882,49
24777,522883,49
24778,522884,49
24779,522885,49
24780,522886,49
24781,522887,49
24782,522888,49
24783,522889,49
24784,522890,49
24785,522891,49
24786,522892,49
24787,522893,49
24788,522894,49
24789,522895,49
24790,522896,49
24791,522897,49
24792,522898,49
24793,522899,49
24794,522900,49
24795,522901,49
24796,522902,49
24797,522903,49
24798,522904,49
24799,522905,49
24800,522906,49
24801,522911,49
24802,522912,49
24803,522913,49
24804,522914,49
24805,522915,49
24806,522916,49
24807,522917,49
24808,522918,49
24809,522919,49
24810,522920,49
24811,522921,49
24812,522922,49
24813,522923,49
24814,522924,49
24815,522925,49
24816,522926,49
24817,522927,49
24818,522928,49
24819,522929,49
24820,522930,49
24821,522931,49
24822,522932,49
24823,522933,49
24824,522934,49
24825,522935,49
24826,522936,49
24827,522937,49
24828,522938,49
24829,522939,49
24830,522940,49
24831,522941,49
24832,522942,49
24833,522943,49
24834,522944,49
24835,522945,49
24836,522946,49
24837,522947,49
24838,522948,49
24839,522949,49
24840,522950,49
24841,522951,49
24842,522952,49
24843,522953,49
24844,522954,49
24845,522955,49
24846,522956,49
24847,522957,49
24848,522958,49
24849,522959,49
24850,522960,49
24851,522961,49
24852,522962,49
24853,522963,49
24854,522964,49
24855,522965,49
24856,522966,49
24857,522967,49
24858,522968,49
24859,522969,49
24860,522970,49
24861,522971,49
24862,522972,49
24863,522973,49
24864,522974,49
24865,522975,49
24866,522976,49
24867,522977,49
24868,522978,49
24869,522979,49
24870,522980,49
24871,522981,49
24872,522982,49
24873,522983,49
24874,522984,49
24875,522985,49
24876,522986,49
24877,522987,49
24878,522988,49
24879,522989,49
24880,522990,49
24881,522991,49
24882,522992,49
24883,522993,49
24884,522994,49
24885,522995,49
24886,522996,49
24887,522997,49
24888,522998,49
24889,522999,49
24890,523000,49
24891,523001,49
24892,523002,49
24893,523003,49
24894,523004,49
24895,523005,49
24896,523006,49
24897,523007,49
24898,523008,49
24899,523009,49
24900,523010,49
24901,523011,49
24902,523012,49
24903,523013,49
24904,523014,49
24905,523015,49
24906,523016,49
24907,523017,49
24908,523018,49
24909,523019,49
24910,523020,49
24911,523021,49
24912,523022,49
24913,523023,49
24914,523024,49
24915,523030,49
24916,523031,49
24917,523032,49
24918,523033,49
24919,523034,49
24920,523035,49
24921,523036,49
24922,523037,49
24923,523038,49
24924,523041,49
24925,523042,49
24926,523043,49
24927,523044,49
24928,523045,49
24929,523046,49
24930,523047,49
24931,523048,49
24932,523049,49
24933,523050,49
24934,523051,49
24935,523052,49
24936,523053,49
24937,523054,49
24938,523055,49
24939,523056,49
24940,523057,49
24941,523058,49
24942,523059,49
24943,523060,49
24944,523061,49
24945,523062,49
24946,523063,49
24947,523064,49
24948,523065,49
24949,523066,49
24950,523067,49
24951,523068,49
24952,523074,49
24953,523075,49
24954,523076,49
24955,523077,49
24956,523078,49
24957,523079,49
24958,523080,49
24959,523081,49
24960,523082,49
24961,523083,49
24962,523084,49
24963,523085,49
24964,523086,49
24965,523087,49
24966,523088,49
24967,523089,49
24968,523090,49
24969,523091,49
24970,523092,49
24971,523093,49
24972,523094,49
24973,523095,49
24974,523096,49
24975,523097,49
24976,523098,49
24977,523099,49
24978,523100,49
24979,523101,49
24980,523102,49
24981,523103,49
24982,523104,49
24983,523105,49
24984,523106,49
24985,523107,49
24986,523108,49
24987,523109,49
24988,523110,49
24989,523111,49
24990,523112,49
24991,523113,49
24992,523114,49
24993,523115,49
24994,523116,49
24995,523117,49
24996,523118,49
24997,523119,49
24998,523120,49
24999,523129,49
25000,523130,49
25001,523131,49
25002,523132,49
25003,523133,49
25004,523134,49
25005,523135,49
25006,523136,49
25007,523141,49
25008,523142,49
25009,523143,49
25010,523144,49
25011,523145,49
25012,523146,49
25013,523147,49
25014,523148,49
25015,523149,49
25016,523150,49
25017,523151,49
25018,523152,49
25019,523153,49
25020,523156,49
25021,523157,49
25022,523158,49
25023,523159,49
25024,523160,49
25025,523161,49
25026,523162,49
25027,523163,49
25028,523164,49
25029,523170,49
25030,523171,49
25031,523172,49
25032,523173,49
25033,523174,49
25034,523175,49
25035,523176,49
25036,523177,49
25037,523178,49
25038,523179,49
25039,523180,49
25040,523181,49
25041,523182,49
25042,523183,49
25043,523184,49
25044,523185,49
25045,523186,49
25046,523187,49
25047,523188,49
25048,523189,49
25049,523190,49
25050,523191,49
25051,523192,49
25052,523193,49
25053,523194,49
25054,523195,49
25055,523196,49
25056,523197,49
25057,523198,49
25058,523199,49
25059,523200,49
25060,523201,49
25061,523202,49
25062,523203,49
25063,523204,49
25064,523205,49
25065,523206,49
25066,523207,49
25067,523208,49
25068,523209,49
25069,523210,49
25070,523211,49
25071,523212,49
25072,523213,49
25073,523214,49
25074,523215,49
25075,523216,49
25076,523217,49
25077,523218,49
25078,523219,49
25079,523220,49
25080,523221,49
25081,523222,49
25082,523223,49
25083,523224,49
25084,523225,49
25085,523226,49
25086,523241,49
25087,523242,49
25088,523243,49
25089,523244,49
25090,523245,49
25091,523246,49
25092,523247,49
25093,523248,49
25094,523249,49
25095,523250,49
25096,523251,49
25097,523252,49
25098,523253,49
25099,523254,49
25100,523255,49
25101,523256,49
25102,523257,49
25103,523258,49
25104,523259,49
25105,523260,49
25106,523261,49
25107,523262,49
25108,523263,49
25109,523264,49
25110,523265,49
25111,523266,49
25112,523267,49
25113,523268,49
25114,523269,49
25115,523270,49
25116,523271,49
25117,523272,49
25118,523273,49
25119,523274,49
25120,523275,49
25121,523276,49
25122,523277,49
25123,523278,49
25124,523279,49
25125,523280,49
25126,523281,49
25127,523282,49
25128,523283,49
25129,523284,49
25130,523285,49
25131,523286,49
25132,523287,49
25133,523288,49
25134,523289,49
25135,523290,49
25136,523291,49
25137,523292,49
25138,523293,49
25139,523294,49
25140,523295,49
25141,523296,49
25142,523297,49
25143,523298,49
25144,523299,49
25145,523300,49
25146,523301,49
25147,523302,49
25148,523303,49
25149,523304,49
25150,523305,49
25151,523306,49
25152,523307,49
25153,523308,49
25154,523309,49
25155,523310,49
25156,523311,49
25157,523312,49
25158,523313,49
25159,523314,49
25160,523315,49
25161,523316,49
25162,523317,49
25163,523318,49
25164,523319,49
25165,523320,49
25166,523321,49
25167,523322,49
25168,523323,49
25169,523329,49
25170,523330,49
25171,523331,49
25172,523332,49
25173,523333,49
25174,523334,49
25175,523335,49
25176,523336,49
25177,523337,49
25178,523338,49
25179,523339,49
25180,523340,49
25181,523341,49
25182,523342,49
25183,523343,49
25184,523344,49
25185,523345,49
25186,523346,49
25187,523347,49
25188,523348,49
25189,523349,49
25190,523350,49
25191,523351,49
25192,523352,49
25193,523353,49
25194,523354,49
25195,523355,49
25196,523356,49
25197,523357,49
25198,523358,49
25199,523359,49
25200,523360,49
25201,523361,49
25202,523362,49
25203,523363,49
25204,523364,49
25205,523365,49
25206,523366,49
25207,523367,49
25208,523368,49
25209,523369,49
25210,523370,49
25211,523371,49
25212,523372,49
25213,523373,49
25214,523374,49
25215,523375,49
25216,523376,49
25217,523377,49
25218,523378,49
25219,523379,49
25220,523380,49
25221,523381,49
25222,523382,49
25223,523383,49
25224,523384,49
25225,523385,49
25226,523386,49
25227,523387,49
25228,523388,49
25229,523389,49
25230,523390,49
25231,523391,49
25232,523392,49
25233,523393,49
25234,523394,49
25235,523395,49
25236,523396,49
25237,523397,49
25238,523398,49
25239,523399,49
25240,523400,49
25241,523401,49
25242,523402,49
25243,523403,49
25244,523404,49
25245,523405,49
25246,523406,49
25247,523407,49
25248,523408,49
25249,523409,49
25250,523410,49
25251,523411,49
25252,523412,49
25253,523413,49
25254,523414,49
25255,523415,49
25256,523416,49
25257,523417,49
25258,523418,49
25259,523419,49
25260,523420,49
25261,523421,49
25262,523422,49
25263,523423,49
25264,523424,49
25265,523425,49
25266,523426,49
25267,523427,49
25268,523428,49
25269,523429,49
25270,523450,49
25271,523465,49
25272,523466,49
25273,523467,49
25274,523468,49
25275,523469,49
25276,523470,49
25277,523471,49
25278,523472,49
25279,523484,49
25280,523485,49
25281,523486,49
25282,523487,49
25283,523488,49
25284,523489,49
25285,523490,49
25286,523491,49
25287,523492,49
25288,523493,49
25289,523494,49
25290,523495,49
25291,523496,49
25292,523497,49
25293,523498,49
25294,523499,49
25295,523500,49
25296,523501,49
25297,523502,49
25298,523503,49
25299,523504,49
25300,523505,49
25301,523506,49
25302,523507,49
25303,523508,49
25304,523509,49
25305,523510,49
25306,523511,49
25307,523512,49
25308,523513,49
25309,523514,49
25310,523515,49
25311,523516,49
25312,523517,49
25313,523518,49
25314,523519,49
25315,523520,49
25316,523521,49
25317,523522,49
25318,523523,49
25319,523524,49
25320,523525,49
25321,523526,49
25322,523527,49
25323,523528,49
25324,523529,49
25325,523530,49
25326,523531,49
25327,523532,49
25328,523533,49
25329,523534,49
25330,523535,49
25331,523536,49
25332,523537,49
25333,523538,49
25334,523539,49
25335,523540,49
25336,523541,49
25337,523542,49
25338,523543,49
25339,523544,49
25340,523545,49
25341,523546,49
25342,523547,49
25343,523548,49
25344,523549,49
25345,523550,49
25346,523551,49
25347,523552,49
25348,523553,49
25349,523554,49
25350,523555,49
25351,523556,49
25352,523557,49
25353,523558,49
25354,523559,49
25355,523560,49
25356,523561,49
25357,523562,49
25358,523563,49
25359,523564,49
25360,523565,49
25361,523566,49
25362,523567,49
25363,523568,49
25364,523569,49
25365,523570,49
25366,523571,49
25367,523572,49
25368,523573,49
25369,523574,49
25370,523575,49
25371,523576,49
25372,523577,49
25373,523578,49
25374,523579,49
25375,523580,49
25376,523581,49
25377,523582,49
25378,523583,49
25379,523584,49
25380,523585,49
25381,523586,49
25382,523587,49
25383,523588,49
25384,523589,49
25385,523590,49
25386,523591,49
25387,523592,49
25388,523593,49
25389,523594,49
25390,523595,49
25391,523596,49
25392,523597,49
25393,523598,49
25394,523599,49
25395,523600,49
25396,523601,49
25397,523607,49
25398,523608,49
25399,523609,49
25400,523610,49
25401,523611,49
25402,523612,49
25403,523613,49
25404,523624,49
25405,523625,49
25406,523626,49
25407,523627,49
25408,523628,49
25409,523629,49
25410,523630,49
25411,523631,49
25412,523632,49
25413,523633,49
25414,523634,49
25415,523635,49
25416,523636,49
25417,523637,49
25418,523638,49
25419,523639,49
25420,523640,49
25421,523641,49
25422,523642,49
25423,523643,49
25424,523644,49
25425,523645,49
25426,523646,49
25427,523647,49
25428,523648,49
25429,523649,49
25430,523650,49
25431,523651,49
25432,523652,49
25433,523653,49
25434,523654,49
25435,523655,49
25436,523656,49
25437,523657,49
25438,523658,49
25439,523659,49
25440,523660,49
25441,523661,49
25442,523665,49
25443,523668,49
25444,523669,49
25445,523670,49
25446,523671,49
25447,523696,49
25448,523697,49
25449,523698,49
25450,523699,49
25451,523700,49
25452,523701,49
25453,523702,49
25454,523703,49
25455,523704,49
25456,523705,49
25457,523706,49
25458,523707,49
25459,523708,49
25460,523709,49
25461,523710,49
25462,523711,49
25463,523712,49
25464,523713,49
25465,523714,49
25466,523715,49
25467,523716,49
25468,523717,49
25469,523718,49
25470,523719,49
25471,523720,49
25472,523721,49
25473,523722,49
25474,523723,49
25475,523724,49
25476,523725,49
25477,523726,49
25478,523727,49
25479,523728,49
25480,523729,49
25481,523730,49
25482,523731,49
25483,523732,49
25484,523733,49
25485,523734,49
25486,523735,49
25487,523736,49
25488,523737,49
25489,523738,49
25490,523739,49
25491,523740,49
25492,523741,49
25493,523742,49
25494,523743,49
25495,523744,49
25496,523745,49
25497,523746,49
25498,523747,49
25499,523748,49
25500,523749,49
25501,523750,49
25502,523751,49
25503,523752,49
25504,523753,49
25505,523754,49
25506,523755,49
25507,523756,49
25508,523757,49
25509,523758,49
25510,523759,49
25511,523760,49
25512,523761,49
25513,523762,49
25514,523763,49
25515,523764,49
25516,523765,49
25517,523766,49
25518,523767,49
25519,523768,49
25520,523769,49
25521,523770,49
25522,523771,49
25523,523772,49
25524,523773,49
25525,523774,49
25526,523775,49
25527,523776,49
25528,523777,49
25529,523778,49
25530,523779,49
25531,523780,49
25532,523781,49
25533,523782,49
25534,523783,49
25535,523784,49
25536,523785,49
25537,523786,49
25538,523787,49
25539,523788,49
25540,523789,49
25541,523790,49
25542,523791,49
25543,523792,49
25544,523793,49
25545,523794,49
25546,523795,49
25547,523796,49
25548,523797,49
25549,523798,49
25550,523799,49
25551,523800,49
25552,523801,49
25553,523802,49
25554,523803,49
25555,523804,49
25556,523805,49
25557,523806,49
25558,523807,49
25559,523808,49
25560,523809,49
25561,523810,49
25562,523811,49
25563,523812,49
25564,523813,49
25565,523814,49
25566,523815,49
25567,523816,49
25568,523817,49
25569,523818,49
25570,523819,49
25571,523820,49
25572,523821,49
25573,523822,49
25574,523823,49
25575,523824,49
25576,523825,49
25577,523826,49
25578,523827,49
25579,523828,49
25580,523829,49
25581,523830,49
25582,523831,49
25583,523832,49
25584,523833,49
25585,523834,49
25586,523835,49
25587,523836,49
25588,523837,49
25589,523838,49
25590,523839,49
25591,523840,49
25592,523841,49
25593,523842,49
25594,523843,49
25595,523844,49
25596,523845,49
25597,523846,49
25598,523847,49
25599,523848,49
25600,523849,49
25601,523856,49
25602,523857,49
25603,523858,49
25604,523859,49
25605,523860,49
25606,523861,49
25607,523862,49
25608,523863,49
25609,523864,49
25610,523865,49
25611,523866,49
25612,523867,49
25613,523868,49
25614,523869,49
25615,523870,49
25616,523871,49
25617,523872,49
25618,523873,49
25619,523874,49
25620,523875,49
25621,523876,49
25622,523877,49
25623,523878,49
25624,523879,49
25625,523880,49
25626,523881,49
25627,523882,49
25628,523883,49
25629,523884,49
25630,523885,49
25631,523891,49
25632,523892,49
25633,523893,49
25634,523894,49
25635,523895,49
25636,523896,49
25637,523897,49
25638,523898,49
25639,523899,49
25640,523900,49
25641,523915,49
25642,523916,49
25643,523917,49
25644,523918,49
25645,523919,49
25646,523920,49
25647,523921,49
25648,523922,49
25649,523923,49
25650,523924,49
25651,523925,49
25652,523926,49
25653,523927,49
25654,523928,49
25655,523929,49
25656,523930,49
25657,523931,49
25658,523932,49
25659,523933,49
25660,523934,49
25661,523959,49
25662,523960,49
25663,523961,49
25664,523962,49
25665,523963,49
25666,523964,49
25667,523965,49
25668,523966,49
25669,523967,49
25670,523968,49
25671,523969,49
25672,523970,49
25673,523971,49
25674,523972,49
25675,523973,49
25676,523974,49
25677,523975,49
25678,523976,49
25679,523977,49
25680,523978,49
25681,523979,49
25682,523980,49
25683,523981,49
25684,523982,49
25685,523983,49
25686,523984,49
25687,523985,49
25688,523986,49
25689,523987,49
25690,523988,49
25691,523989,49
25692,523990,49
25693,524003,49
25694,524004,49
25695,524005,49
25696,524006,49
25697,524007,49
25698,524008,49
25699,524009,49
25700,524010,49
25701,524011,49
25702,524012,49
25703,524013,49
25704,524014,49
25705,524015,49
25706,524016,49
25707,524017,49
25708,524018,49
25709,524019,49
25710,524028,49
25711,524029,49
25712,524030,49
25713,524031,49
25714,524032,49
25715,524033,49
25716,524034,49
25717,524035,49
25718,524036,49
25719,524037,49
25720,524038,49
25721,524044,49
25722,524047,49
25723,524048,49
25724,524050,49
25725,524051,49
25726,524061,49
25727,524062,49
25728,524063,49
25729,524064,49
25730,524065,49
25731,524066,49
25732,524067,49
25733,524068,49
25734,524069,49
25735,524070,49
25736,524071,49
25737,524072,49
25738,524074,49
25739,524075,49
25740,524076,49
25741,524077,49
25742,524078,49
25743,524086,49
25744,524087,49
25745,524088,49
25746,524089,49
25747,524095,49
25748,524096,49
25749,524097,49
25750,524098,49
25751,524099,49
25752,524100,49
25753,524103,49
25754,524104,49
25755,524112,49
25756,524113,49
25757,524114,49
25758,524119,49
25759,524120,49
25760,524121,49
25761,524122,49
25762,524123,49
25763,524124,49
25764,524125,49
25765,524126,49
25766,524127,49
25767,524128,49
25768,524129,49
25769,524130,49
25770,524131,49
25771,524132,49
25772,524133,49
25773,524134,49
25774,524135,49
25775,524136,49
25776,524137,49
25777,524138,49
25778,524139,49
25779,524140,49
25780,524141,49
25781,524142,49
25782,524143,49
25783,524144,49
25784,524145,49
25785,524146,49
25786,524147,49
25787,524148,49
25788,524149,49
25789,524150,49
25790,524151,49
25791,524152,49
25792,524153,49
25793,524154,49
25794,524155,49
25795,524156,49
25796,524157,49
25797,524158,49
25798,524166,49
25799,524167,49
25800,524168,49
25801,524169,49
25802,524173,49
25803,524174,49
25804,524175,49
25805,524176,49
25806,524177,49
25807,524178,49
25808,524179,49
25809,524180,49
25810,524185,49
25811,524186,49
25812,524187,49
25813,524188,49
25814,524189,49
25815,524190,49
25816,524191,49
25817,524192,49
25818,524193,49
25819,524194,49
25820,524195,49
25821,524196,49
25822,524197,49
25823,524198,49
25824,524199,49
25825,524200,49
25826,524201,49
25827,524202,49
25828,524203,49
25829,524204,49
25830,524205,49
25831,524206,49
25832,524207,49
25833,524208,49
25834,524209,49
25835,524210,49
25836,524211,49
25837,524212,49
25838,524213,49
25839,524214,49
25840,524215,49
25841,524221,49
25842,524222,49
25843,524249,49
25844,524250,49
25845,524251,49
25846,524260,49
25847,524261,49
25848,524262,49
25849,524263,49
25850,524264,49
25851,524265,49
25852,524266,49
25853,524267,49
25854,524274,49
25855,524275,49
25856,524276,49
25857,524277,49
25858,524280,49
25859,524281,49
25860,524282,49
25861,524283,49
25862,524284,49
25863,524285,49
25864,524286,49
25865,524287,49
25866,524305,49
25867,524306,49
25868,524307,49
25869,524315,49
25870,524321,49
25871,524322,49
25872,524323,49
25873,524324,49
25874,524325,49
25875,524326,49
25876,524327,49
25877,524328,49
25878,524334,49
25879,524335,49
25880,524336,49
25881,524337,49
25882,524338,49
25883,524339,49
25884,524340,49
25885,524341,49
25886,524342,49
25887,524343,49
25888,524344,49
25889,524345,49
25890,524346,49
25891,524347,49
25892,524348,49
25893,524349,49
25894,524350,49
25895,524351,49
25896,524352,49
25897,524353,49
25898,524354,49
25899,524360,49
25900,524361,49
25901,524362,49
25902,524363,49
25903,524364,49
25904,524365,49
25905,524366,49
25906,524367,49
25907,524368,49
25908,524369,49
25909,524370,49
25910,524371,49
25911,524372,49
25912,524373,49
25913,524374,49
25914,524375,49
25915,524376,49
25916,524377,49
25917,524378,49
25918,524379,49
25919,524380,49
25920,524381,49
25921,524382,49
25922,524383,49
25923,524384,49
25924,524385,49
25925,524386,49
25926,524387,49
25927,524388,49
25928,524389,49
25929,524390,49
25930,524391,49
25931,524392,49
25932,524393,49
25933,524394,49
25934,524395,49
25935,524396,49
25936,524397,49
25937,524398,49
25938,524399,49
25939,524410,49
25940,524411,49
25941,524412,49
25942,524413,49
25943,524414,49
25944,524415,49
25945,524416,49
25946,524417,49
25947,524418,49
25948,524419,49
25949,524420,49
25950,524421,49
25951,524422,49
25952,524423,49
25953,524424,49
25954,524425,49
25955,524426,49
25956,524427,49
25957,524428,49
25958,524429,49
25959,524430,49
25960,524431,49
25961,524432,49
25962,524433,49
25963,524434,49
25964,524435,49
25965,524436,49
25966,524437,49
25967,524438,49
25968,524439,49
25969,524440,49
25970,524441,49
25971,524442,49
25972,524443,49
25973,524444,49
25974,524445,49
25975,524446,49
25976,524447,49
25977,524448,49
25978,524449,49
25979,524450,49
25980,524451,49
25981,524452,49
25982,524453,49
25983,524454,49
25984,524455,49
25985,524456,49
25986,524457,49
25987,524458,49
25988,524459,49
25989,524460,49
25990,524461,49
25991,524462,49
25992,524463,49
25993,524464,49
25994,524465,49
25995,524466,49
25996,524467,49
25997,524468,49
25998,524469,49
25999,524470,49
26000,524471,49
26001,524472,49
26002,524473,49
26003,524474,49
26004,524475,49
26005,524476,49
26006,524477,49
26007,524478,49
26008,524479,49
26009,524480,49
26010,524481,49
26011,524482,49
26012,524483,49
26013,524484,49
26014,524485,49
26015,524486,49
26016,524487,49
26017,524488,49
26018,524489,49
26019,524490,49
26020,524491,49
26021,524492,49
26022,524495,49
26023,524496,49
26024,524497,49
26025,524498,49
26026,524499,49
26027,524520,49
26028,524521,49
26029,524522,49
26030,524534,49
26031,524535,49
26032,524536,49
26033,524537,49
26034,524538,49
26035,524539,49
26036,524540,49
26037,524541,49
26038,524542,49
26039,524543,49
26040,524544,49
26041,524545,49
26042,524546,49
26043,524547,49
26044,524548,49
26045,524549,49
26046,524550,49
26047,524551,49
26048,524552,49
26049,524553,49
26050,524554,49
26051,524555,49
26052,524556,49
26053,524557,49
26054,524558,49
26055,524559,49
26056,524560,49
26057,524561,49
26058,524562,49
26059,524563,49
26060,524564,49
26061,524565,49
26062,524566,49
26063,524567,49
26064,524568,49
26065,524569,49
26066,524570,49
26067,524571,49
26068,524572,49
26069,524573,49
26070,524574,49
26071,524575,49
26072,524576,49
26073,524577,49
26074,524578,49
26075,524579,49
26076,524580,49
26077,524581,49
26078,524582,49
26079,524583,49
26080,524584,49
26081,524585,49
26082,524586,49
26083,524587,49
26084,524588,49
26085,524589,49
26086,524590,49
26087,524591,49
26088,524592,49
26089,524593,49
26090,524594,49
26091,524595,49
26092,524596,49
26093,524597,49
26094,524618,49
26095,524619,49
26096,524620,49
26097,524621,49
26098,524622,49
26099,524623,49
26100,524624,49
26101,524625,49
26102,524626,49
26103,524627,49
26104,524628,49
26105,524629,49
26106,524630,49
26107,524631,49
26108,524632,49
26109,524633,49
26110,524634,49
26111,524635,49
26112,524636,49
26113,524637,49
26114,524638,49
26115,524639,49
26116,524640,49
26117,524641,49
26118,524642,49
26119,524643,49
26120,524644,49
26121,524645,49
26122,524646,49
26123,524647,49
26124,524648,49
26125,524649,49
26126,524650,49
26127,524651,49
26128,524652,49
26129,524653,49
26130,524654,49
26131,524655,49
26132,524656,49
26133,524657,49
26134,524658,49
26135,524659,49
26136,524660,49
26137,524661,49
26138,524662,49
26139,524663,49
26140,524664,49
26141,524665,49
26142,524666,49
26143,524667,49
26144,524668,49
26145,524669,49
26146,524670,49
26147,524671,49
26148,524672,49
26149,524673,49
26150,524674,49
26151,524675,49
26152,524676,49
26153,524677,49
26154,524678,49
26155,524679,49
26156,524680,49
26157,524681,49
26158,524682,49
26159,524683,49
26160,524684,49
26161,524685,49
26162,524686,49
26163,524687,49
26164,524688,49
26165,524689,49
26166,524690,49
26167,524691,49
26168,524692,49
26169,524693,49
26170,524694,49
26171,524695,49
26172,524696,49
26173,524697,49
26174,524698,49
26175,524699,49
26176,524700,49
26177,524701,49
26178,524702,49
26179,524717,49
26180,524718,49
26181,524719,49
26182,524720,49
26183,524721,49
26184,524722,49
26185,524723,49
26186,524724,49
26187,524725,49
26188,524726,49
26189,524727,49
26190,524728,49
26191,524729,49
26192,524730,49
26193,524731,49
26194,524732,49
26195,524733,49
26196,524734,49
26197,524735,49
26198,524736,49
26199,524737,49
26200,524738,49
26201,524739,49
26202,524740,49
26203,524741,49
26204,524742,49
26205,524743,49
26206,524744,49
26207,524745,49
26208,524746,49
26209,524747,49
26210,524748,49
26211,524749,49
26212,524750,49
26213,524751,49
26214,524752,49
26215,524753,49
26216,524754,49
26217,524755,49
26218,524756,49
26219,524757,49
26220,524758,49
26221,524759,49
26222,524760,49
26223,524761,49
26224,524762,49
26225,524763,49
26226,524764,49
26227,524765,49
26228,524766,49
26229,524767,49
26230,524768,49
26231,524769,49
26232,524770,49
26233,524771,49
26234,524772,49
26235,524773,49
26236,524774,49
26237,524775,49
26238,524776,49
26239,524777,49
26240,524778,49
26241,524779,49
26242,524780,49
26243,524781,49
26244,524782,49
26245,524783,49
26246,524784,49
26247,524785,49
26248,524786,49
26249,524787,49
26250,524788,49
26251,524789,49
26252,524790,49
26253,524791,49
26254,524792,49
26255,524793,49
26256,524794,49
26257,524795,49
26258,524796,49
26259,524797,49
26260,524798,49
26261,524799,49
26262,524800,49
26263,524801,49
26264,524802,49
26265,524803,49
26266,524804,49
26267,524805,49
26268,524806,49
26269,524807,49
26270,524808,49
26271,524809,49
26272,524810,49
26273,524811,49
26274,524812,49
26275,524813,49
26276,524814,49
26277,524815,49
26278,524816,49
26279,524817,49
26280,524818,49
26281,524819,49
26282,524820,49
26283,524821,49
26284,524822,49
26285,524823,49
26286,524824,49
26287,524825,49
26288,524826,49
26289,524827,49
26290,524828,49
26291,524829,49
26292,524830,49
26293,524831,49
26294,524832,49
26295,524833,49
26296,524834,49
26297,524835,49
26298,524836,49
26299,524837,49
26300,524838,49
26301,524839,49
26302,524840,49
26303,524841,49
26304,524842,49
26305,524843,49
26306,524844,49
26307,524845,49
26308,524846,49
26309,524847,49
26310,524848,49
26311,524849,49
26312,524850,49
26313,524851,49
26314,524852,49
26315,524853,49
26316,524854,49
26317,524855,49
26318,524856,49
26319,524857,49
26320,524858,49
26321,524859,49
26322,524860,49
26323,524861,49
26324,524862,49
26325,524863,49
26326,524864,49
26327,524865,49
26328,524866,49
26329,524867,49
26330,524868,49
26331,524869,49
26332,524870,49
26333,524881,49
26334,524882,49
26335,524883,49
26336,524884,49
26337,524889,49
26338,524890,49
26339,524891,49
26340,524892,49
26341,524897,49
26342,524898,49
26343,524899,49
26344,524900,49
26345,524901,49
26346,524902,49
26347,524903,49
26348,524904,49
26349,524905,49
26350,524906,49
26351,524907,49
26352,524908,49
26353,524909,49
26354,524910,49
26355,524911,49
26356,524912,49
26357,524913,49
26358,524914,49
26359,524915,49
26360,524916,49
26361,524917,49
26362,524918,49
26363,524919,49
26364,524920,49
26365,524921,49
26366,524922,49
26367,524923,49
26368,524924,49
26369,524925,49
26370,524926,49
26371,524927,49
26372,524928,49
26373,524929,49
26374,524930,49
26375,524931,49
26376,524932,49
26377,524933,49
26378,524934,49
26379,524935,49
26380,524936,49
26381,524937,49
26382,524938,49
26383,524939,49
26384,524940,49
26385,524941,49
26386,524942,49
26387,524943,49
26388,524944,49
26389,524945,49
26390,524946,49
26391,524947,49
26392,524948,49
26393,524949,49
26394,524950,49
26395,524951,49
26396,524952,49
26397,524953,49
26398,524954,49
26399,524955,49
26400,524956,49
26401,524957,49
26402,524958,49
26403,524959,49
26404,524971,49
26405,524972,49
26406,524987,49
26407,524988,49
26408,524989,49
26409,524990,49
26410,524991,49
26411,524992,49
26412,524993,49
26413,524994,49
26414,525055,49
26415,525056,49
26416,525057,49
26417,525058,49
26418,525059,49
26419,525062,49
26420,525063,49
26421,525086,49
26422,525087,49
26423,525088,49
26424,525089,49
26425,525090,49
26426,525091,49
26427,525092,49
26428,525093,49
26429,525094,49
26430,525095,49
26431,525096,49
26432,525185,49
26433,525186,49
26434,525187,49
26435,525188,49
26436,525190,49
26437,525194,49
26438,525195,49
26439,525196,49
26440,525197,49
26441,525198,49
26442,525199,49
26443,525200,49
26444,525201,49
26445,525202,49
26446,525203,49
26447,525204,49
26448,525205,49
26449,525206,49
26450,525207,49
26451,525208,49
26452,525209,49
26453,525210,49
26454,525211,49
26455,525212,49
26456,525213,49
26457,525214,49
26458,525215,49
26459,525216,49
26460,525217,49
26461,525218,49
26462,525219,49
26463,525220,49
26464,525221,49
26465,525222,49
26466,525223,49
26467,525224,49
26468,525225,49
26469,525226,49
26470,525227,49
26471,525228,49
26472,525229,49
26473,525230,49
26474,525231,49
26475,525232,49
26476,525233,49
26477,525234,49
26478,525235,49
26479,525236,49
26480,525237,49
26481,525238,49
26482,525239,49
26483,525240,49
26484,525241,49
26485,525252,49
26486,525253,49
26487,525254,49
26488,525255,49
26489,525256,49
26490,525269,49
26491,525270,49
26492,525271,49
26493,525272,49
26494,525273,49
26495,525274,49
26496,525275,49
26497,525276,49
26498,525277,49
26499,525278,49
26500,525279,49
26501,525280,49
26502,525281,49
26503,525282,49
26504,525283,49
26505,525284,49
26506,525285,49
26507,525286,49
26508,525287,49
26509,525288,49
26510,525289,49
26511,525290,49
26512,525291,49
26513,525292,49
26514,525293,49
26515,525294,49
26516,525344,49
26517,525345,49
26518,525346,49
26519,525347,49
26520,525348,49
26521,525349,49
26522,525350,49
26523,525351,49
26524,525352,49
26525,525353,49
26526,525354,49
26527,525355,49
26528,525356,49
26529,525357,49
26530,525358,49
26531,525359,49
26532,525360,49
26533,525361,49
26534,525377,49
26535,525378,49
26536,525379,49
26537,525380,49
26538,525381,49
26539,525382,49
26540,525383,49
26541,525384,49
26542,525385,49
26543,525386,49
26544,525387,49
26545,525388,49
26546,525389,49
26547,525390,49
26548,525391,49
26549,525392,49
26550,525393,49
26551,525394,49
26552,525395,49
26553,525396,49
26554,525397,49
26555,525398,49
26556,525399,49
26557,525400,49
26558,525401,49
26559,525402,49
26560,525403,49
26561,525404,49
26562,525405,49
26563,525406,49
26564,525407,49
26565,525413,49
26566,525414,49
26567,525415,49
26568,525416,49
26569,525417,49
26570,525418,49
26571,525419,49
26572,525420,49
26573,525421,49
26574,525445,49
26575,525446,49
26576,525447,49
26577,525448,49
26578,525449,49
26579,525450,49
26580,525451,49
26581,525452,49
26582,525466,49
26583,525467,49
26584,525468,49
26585,525484,49
26586,525485,49
26587,525486,49
26588,525487,49
26589,525488,49
26590,525489,49
26591,525490,49
26592,525491,49
26593,525492,49
26594,525493,49
26595,525494,49
26596,525495,49
26597,525496,49
26598,525497,49
26599,525498,49
26600,525499,49
26601,525500,49
26602,525501,49
26603,525502,49
26604,525503,49
26605,525504,49
26606,525505,49
26607,525506,49
26608,525507,49
26609,525508,49
26610,525509,49
26611,525510,49
26612,525511,49
26613,525512,49
26614,525513,49
26615,525514,49
26616,525515,49
26617,525516,49
26618,525517,49
26619,525518,49
26620,525519,49
26621,525520,49
26622,525521,49
26623,525522,49
26624,525523,49
26625,525524,49
26626,525525,49
26627,525526,49
26628,525527,49
26629,525528,49
26630,525529,49
26631,525530,49
26632,525531,49
26633,525532,49
26634,525533,49
26635,525534,49
26636,525537,49
26637,525538,49
26638,525539,49
26639,525540,49
26640,525541,49
26641,525542,49
26642,525543,49
26643,525544,49
26644,525545,49
26645,525546,49
26646,525547,49
26647,525548,49
26648,525549,49
26649,525550,49
26650,525551,49
26651,525552,49
26652,525553,49
26653,525554,49
26654,525555,49
26655,525556,49
26656,525557,49
26657,525558,49
26658,525559,49
26659,525560,49
26660,525561,49
26661,525562,49
26662,525563,49
26663,525564,49
26664,525565,49
26665,525566,49
26666,525567,49
26667,525568,49
26668,525569,49
26669,525570,49
26670,525571,49
26671,525572,49
26672,525573,49
26673,525574,49
26674,525575,49
26675,525576,49
26676,525585,49
26677,525586,49
26678,525587,49
26679,525589,49
26680,525601,49
26681,525602,49
26682,525603,49
26683,525604,49
26684,525605,49
26685,525606,49
26686,525607,49
26687,525608,49
26688,525609,49
26689,525610,49
26690,525616,49
26691,525617,49
26692,525618,49
26693,525619,49
26694,525620,49
26695,525621,49
26696,525622,49
26697,525623,49
26698,525624,49
26699,525625,49
26700,525626,49
26701,525627,49
26702,525628,49
26703,525629,49
26704,525630,49
26705,525631,49
26706,525632,49
26707,525633,49
26708,525634,49
26709,525635,49
26710,525636,49
26711,525637,49
26712,525638,49
26713,525639,49
26714,525640,49
26715,525641,49
26716,525642,49
26717,525643,49
26718,525644,49
26719,525645,49
26720,525646,49
26721,525647,49
26722,525648,49
26723,525649,49
26724,525650,49
26725,525651,49
26726,525652,49
26727,525653,49
26728,525654,49
26729,525655,49
26730,525656,49
26731,525657,49
26732,525658,49
26733,525659,49
26734,525660,49
26735,525661,49
26736,525662,49
26737,525663,49
26738,525664,49
26739,525665,49
26740,525666,49
26741,525667,49
26742,525668,49
26743,525669,49
26744,525670,49
26745,525671,49
26746,525672,49
26747,525673,49
26748,525674,49
26749,525675,49
26750,525676,49
26751,525677,49
26752,525678,49
26753,525679,49
26754,525680,49
26755,525681,49
26756,525682,49
26757,525683,49
26758,525684,49
26759,525685,49
26760,525686,49
26761,525687,49
26762,525688,49
26763,525689,49
26764,525690,49
26765,525691,49
26766,525692,49
26767,525693,49
26768,525694,49
26769,525695,49
26770,525696,49
26771,525697,49
26772,525698,49
26773,525699,49
26774,525700,49
26775,525701,49
26776,525702,49
26777,525703,49
26778,525704,49
26779,525705,49
26780,525706,49
26781,525707,49
26782,525708,49
26783,525709,49
26784,525710,49
26785,525711,49
26786,525712,49
26787,525713,49
26788,525714,49
26789,525726,49
26790,525727,49
26791,525728,49
26792,525729,49
26793,525730,49
26794,525731,49
26795,525732,49
26796,525733,49
26797,525734,49
26798,525735,49
26799,525736,49
26800,525737,49
26801,525738,49
26802,525739,49
26803,525740,49
26804,525741,49
26805,525742,49
26806,525743,49
26807,525744,49
26808,525745,49
26809,525746,49
26810,525747,49
26811,525748,49
26812,525749,49
26813,525750,49
26814,525751,49
26815,525752,49
26816,525753,49
26817,525754,49
26818,525755,49
26819,525756,49
26820,525757,49
26821,525758,49
26822,525761,49
26823,525762,49
26824,525763,49
26825,525764,49
26826,525767,49
26827,525768,49
26828,525769,49
26829,525770,49
26830,525771,49
26831,525772,49
26832,525773,49
26833,525774,49
26834,525778,49
26835,525779,49
26836,525780,49
26837,525781,49
26838,525782,49
26839,525783,49
26840,525795,49
26841,525796,49
26842,525797,49
26843,525798,49
26844,525799,49
26845,525800,49
26846,525801,49
26847,525802,49
26848,525803,49
26849,525804,49
26850,525805,49
26851,525806,49
26852,525807,49
26853,525808,49
26854,525809,49
26855,525810,49
26856,525811,49
26857,525812,49
26858,525813,49
26859,525814,49
26860,525815,49
26861,525816,49
26862,525817,49
26863,525818,49
26864,525819,49
26865,525820,49
26866,525821,49
26867,525822,49
26868,525823,49
26869,525824,49
26870,525825,49
26871,525826,49
26872,525827,49
26873,525828,49
26874,525829,49
26875,525830,49
26876,525833,49
26877,525834,49
26878,525835,49
26879,525836,49
26880,525837,49
26881,525838,49
26882,525839,49
26883,525840,49
26884,525841,49
26885,525842,49
26886,525843,49
26887,525844,49
26888,525845,49
26889,525846,49
26890,525847,49
26891,525848,49
26892,525849,49
26893,525852,49
26894,525868,49
26895,525869,49
26896,525870,49
26897,525871,49
26898,525872,49
26899,525873,49
26900,525874,49
26901,525875,49
26902,525876,49
26903,525877,49
26904,525878,49
26905,525879,49
26906,525880,49
26907,525881,49
26908,525882,49
26909,525883,49
26910,525884,49
26911,525885,49
26912,525886,49
26913,525887,49
26914,525888,49
26915,525889,49
26916,525890,49
26917,525891,49
26918,525892,49
26919,525893,49
26920,525894,49
26921,525895,49
26922,525896,49
26923,525897,49
26924,525898,49
26925,525899,49
26926,525900,49
26927,525901,49
26928,525902,49
26929,525913,49
26930,525914,49
26931,525915,49
26932,525916,49
26933,525917,49
26934,525918,49
26935,525919,49
26936,525920,49
26937,525921,49
26938,525922,49
26939,525923,49
26940,525924,49
26941,525925,49
26942,525926,49
26943,525927,49
26944,525928,49
26945,525929,49
26946,525930,49
26947,525933,49
26948,525934,49
26949,525935,49
26950,525936,49
26951,525937,49
26952,525938,49
26953,525939,49
26954,525940,49
26955,525941,49
26956,525942,49
26957,525943,49
26958,525944,49
26959,525945,49
26960,525946,49
26961,525947,49
26962,525948,49
26963,525949,49
26964,525950,49
26965,525951,49
26966,525952,49
26967,525953,49
26968,525954,49
26969,525955,49
26970,525956,49
26971,525967,49
26972,525968,49
26973,525969,49
26974,525970,49
26975,525971,49
26976,525972,49
26977,525973,49
26978,525974,49
26979,525975,49
26980,525976,49
26981,525977,49
26982,525978,49
26983,525979,49
26984,525980,49
26985,525981,49
26986,525988,49
26987,525989,49
26988,525990,49
26989,525991,49
26990,525992,49
26991,526013,49
26992,526014,49
26993,526015,49
26994,526016,49
26995,526017,49
26996,526018,49
26997,526019,49
26998,526020,49
26999,526021,49
27000,526022,49
27001,526023,49
27002,526024,49
27003,526025,49
27004,526026,49
27005,526039,49
27006,526040,49
27007,526041,49
27008,526042,49
27009,526043,49
27010,526044,49
27011,526045,49
27012,526046,49
27013,526047,49
27014,526048,49
27015,526049,49
27016,526050,49
27017,526051,49
27018,526052,49
27019,526053,49
27020,526054,49
27021,526055,49
27022,526056,49
27023,526057,49
27024,526058,49
27025,526059,49
27026,526060,49
27027,526061,49
27028,526062,49
27029,526063,49
27030,526064,49
27031,526065,49
27032,526066,49
27033,526067,49
27034,526068,49
27035,526069,49
27036,526070,49
27037,526071,49
27038,526072,49
27039,526073,49
27040,526074,49
27041,526075,49
27042,526076,49
27043,526077,49
27044,526078,49
27045,526079,49
27046,526080,49
27047,526081,49
27048,526082,49
27049,526083,49
27050,526084,49
27051,526085,49
27052,526086,49
27053,526087,49
27054,526088,49
27055,526089,49
27056,526090,49
27057,526091,49
27058,526092,49
27059,526093,49
27060,526094,49
27061,526095,49
27062,526096,49
27063,526097,49
27064,526098,49
27065,526099,49
27066,526100,49
27067,526101,49
27068,526102,49
27069,526103,49
27070,526104,49
27071,526105,49
27072,526106,49
27073,526107,49
27074,526108,49
27075,526109,49
27076,526110,49
27077,526111,49
27078,526112,49
27079,526113,49
27080,526114,49
27081,526115,49
27082,526116,49
27083,526117,49
27084,526118,49
27085,526119,49
27086,526120,49
27087,526121,49
27088,526122,49
27089,526123,49
27090,526124,49
27091,526125,49
27092,526126,49
27093,526127,49
27094,526128,49
27095,526129,49
27096,526130,49
27097,526131,49
27098,526132,49
27099,526133,49
27100,526134,49
27101,526135,49
27102,526136,49
27103,526137,49
27104,526138,49
27105,526139,49
27106,526140,49
27107,526141,49
27108,526142,49
27109,526143,49
27110,526144,49
27111,526145,49
27112,526146,49
27113,526147,49
27114,526148,49
27115,526149,49
27116,526150,49
27117,526151,49
27118,526152,49
27119,526153,49
27120,526154,49
27121,526155,49
27122,526156,49
27123,526157,49
27124,526158,49
27125,526159,49
27126,526160,49
27127,526161,49
27128,526162,49
27129,526163,49
27130,526164,49
27131,526165,49
27132,526166,49
27133,526167,49
27134,526168,49
27135,526169,49
27136,526170,49
27137,526171,49
27138,526172,49
27139,526173,49
27140,526174,49
27141,526175,49
27142,526176,49
27143,526177,49
27144,526178,49
27145,526179,49
27146,526180,49
27147,526181,49
27148,526182,49
27149,526183,49
27150,526184,49
27151,526185,49
27152,526186,49
27153,526187,49
27154,526188,49
27155,526189,49
27156,526190,49
27157,526191,49
27158,526192,49
27159,526193,49
27160,526194,49
27161,526195,49
27162,526196,49
27163,526197,49
27164,526198,49
27165,526199,49
27166,526200,49
27167,526201,49
27168,526202,49
27169,526203,49
27170,526204,49
27171,526205,49
27172,526206,49
27173,526207,49
27174,526208,49
27175,526209,49
27176,526210,49
27177,526211,49
27178,526212,49
27179,526213,49
27180,526214,49
27181,526215,49
27182,526216,49
27183,526217,49
27184,526218,49
27185,526219,49
27186,526220,49
27187,526221,49
27188,526222,49
27189,526223,49
27190,526224,49
27191,526225,49
27192,526226,49
27193,526227,49
27194,526228,49
27195,526229,49
27196,526230,49
27197,526231,49
27198,526232,49
27199,526233,49
27200,526234,49
27201,526235,49
27202,526236,49
27203,526237,49
27204,526238,49
27205,526239,49
27206,526240,49
27207,526241,49
27208,526242,49
27209,526243,49
27210,526244,49
27211,526245,49
27212,526246,49
27213,526247,49
27214,526248,49
27215,526249,49
27216,526250,49
27217,526251,49
27218,526252,49
27219,526253,49
27220,526254,49
27221,526255,49
27222,526256,49
27223,526257,49
27224,526263,49
27225,526264,49
27226,526265,49
27227,526266,49
27228,526267,49
27229,526268,49
27230,526269,49
27231,526270,49
27232,526271,49
27233,526272,49
27234,526273,49
27235,526274,49
27236,526275,49
27237,526276,49
27238,526277,49
27239,526278,49
27240,526279,49
27241,526280,49
27242,526281,49
27243,526282,49
27244,526283,49
27245,526297,49
27246,526298,49
27247,526299,49
27248,526300,49
27249,526301,49
27250,526314,49
27251,526315,49
27252,526316,49
27253,526341,49
27254,526342,49
27255,526343,49
27256,526344,49
27257,526345,49
27258,526346,49
27259,526347,49
27260,526348,49
27261,526349,49
27262,526351,49
27263,526352,49
27264,526353,49
27265,526354,49
27266,526355,49
27267,526356,49
27268,526357,49
27269,526358,49
27270,526359,49
27271,526360,49
27272,526361,49
27273,526362,49
27274,526363,49
27275,526364,49
27276,526365,49
27277,526366,49
27278,526367,49
27279,526368,49
27280,526369,49
27281,526370,49
27282,526371,49
27283,526372,49
27284,526373,49
27285,526374,49
27286,526375,49
27287,526376,49
27288,526377,49
27289,526378,49
27290,526379,49
27291,526390,49
27292,526391,49
27293,526392,49
27294,526393,49
27295,526394,49
27296,526395,49
27297,526396,49
27298,526397,49
27299,526398,49
27300,526399,49
27301,526400,49
27302,526401,49
27303,526402,49
27304,526403,49
27305,526404,49
27306,526405,49
27307,526406,49
27308,526411,49
27309,526412,49
27310,526413,49
27311,526414,49
27312,526415,49
27313,526416,49
27314,526417,49
27315,526418,49
27316,526419,49
27317,526420,49
27318,526421,49
27319,526422,49
27320,526453,49
27321,526454,49
27322,526455,49
27323,526459,49
27324,526460,49
27325,526461,49
27326,526462,49
27327,526463,49
27328,526464,49
27329,526465,49
27330,526466,49
27331,526467,49
27332,526468,49
27333,526469,49
27334,526470,49
27335,526471,49
27336,526472,49
27337,526473,49
27338,526474,49
27339,526475,49
27340,526489,49
27341,526490,49
27342,526491,49
27343,526492,49
27344,526507,49
27345,526508,49
27346,526509,49
27347,526510,49
27348,526511,49
27349,526512,49
27350,526513,49
27351,526514,49
27352,526515,49
27353,526516,49
27354,526517,49
27355,526518,49
27356,526519,49
27357,526520,49
27358,526521,49
27359,526522,49
27360,526523,49
27361,526524,49
27362,526525,49
27363,526526,49
27364,526527,49
27365,526528,49
27366,526529,49
27367,526530,49
27368,526531,49
27369,526532,49
27370,526533,49
27371,526534,49
27372,526535,49
27373,526536,49
27374,526537,49
27375,526538,49
27376,526539,49
27377,526540,49
27378,526541,49
27379,526542,49
27380,526543,49
27381,526544,49
27382,526545,49
27383,526546,49
27384,526547,49
27385,526548,49
27386,526549,49
27387,526550,49
27388,526551,49
27389,526552,49
27390,526553,49
27391,526554,49
27392,526555,49
27393,526556,49
27394,526557,49
27395,526558,49
27396,526559,49
27397,526560,49
27398,526561,49
27399,526562,49
27400,526563,49
27401,526564,49
27402,526565,49
27403,526566,49
27404,526567,49
27405,526568,49
27406,526569,49
27407,526570,49
27408,526571,49
27409,526572,49
27410,526573,49
27411,526574,49
27412,526575,49
27413,526576,49
27414,526577,49
27415,526578,49
27416,526579,49
27417,526580,49
27418,526581,49
27419,526582,49
27420,526583,49
27421,526584,49
27422,526585,49
27423,526586,49
27424,526587,49
27425,526588,49
27426,526589,49
27427,526590,49
27428,526591,49
27429,526592,49
27430,526593,49
27431,526594,49
27432,526595,49
27433,526596,49
27434,526597,49
27435,526598,49
27436,526599,49
27437,526600,49
27438,526601,49
27439,526602,49
27440,526603,49
27441,526604,49
27442,526605,49
27443,526606,49
27444,526607,49
27445,526608,49
27446,526609,49
27447,526610,49
27448,526614,49
27449,526615,49
27450,526616,49
27451,526617,49
27452,526618,49
27453,526619,49
27454,526620,49
27455,526621,49
27456,526622,49
27457,526623,49
27458,526624,49
27459,526625,49
27460,526626,49
27461,526627,49
27462,526628,49
27463,526629,49
27464,526630,49
27465,526631,49
27466,526632,49
27467,526633,49
27468,526634,49
27469,526635,49
27470,526636,49
27471,526637,49
27472,526638,49
27473,526639,49
27474,526640,49
27475,526641,49
27476,526642,49
27477,526643,49
27478,526644,49
27479,526645,49
27480,526646,49
27481,526647,49
27482,526648,49
27483,526649,49
27484,526650,49
27485,526651,49
27486,526652,49
27487,526653,49
27488,526654,49
27489,526655,49
27490,526656,49
27491,526657,49
27492,526658,49
27493,526659,49
27494,526660,49
27495,526661,49
27496,526662,49
27497,526663,49
27498,526664,49
27499,526665,49
27500,526666,49
27501,526667,49
27502,526668,49
27503,526669,49
27504,526670,49
27505,526671,49
27506,526672,49
27507,526673,49
27508,526674,49
27509,526675,49
27510,526676,49
27511,526677,49
27512,526678,49
27513,526679,49
27514,526680,49
27515,526681,49
27516,526682,49
27517,526683,49
27518,526684,49
27519,526685,49
27520,526686,49
27521,526687,49
27522,526688,49
27523,526689,49
27524,526690,49
27525,526691,49
27526,526692,49
27527,526693,49
27528,526694,49
27529,526695,49
27530,526696,49
27531,526697,49
27532,526698,49
27533,526699,49
27534,526718,49
27535,526719,49
27536,526763,49
27537,526764,49
27538,526773,49
27539,526774,49
27540,526775,49
27541,526776,49
27542,526777,49
27543,526778,49
27544,526779,49
27545,526780,49
27546,526781,49
27547,526782,49
27548,526783,49
27549,526784,49
27550,526785,49
27551,526786,49
27552,526787,49
27553,526788,49
27554,526789,49
27555,526790,49
27556,526791,49
27557,526792,49
27558,526793,49
27559,526794,49
27560,526795,49
27561,526796,49
27562,526797,49
27563,526798,49
27564,526799,49
27565,526800,49
27566,526801,49
27567,526802,49
27568,526803,49
27569,526804,49
27570,526805,49
27571,526806,49
27572,526807,49
27573,526808,49
27574,526809,49
27575,526810,49
27576,526811,49
27577,526812,49
27578,526813,49
27579,526814,49
27580,526815,49
27581,526816,49
27582,526817,49
27583,526818,49
27584,526819,49
27585,526820,49
27586,526821,49
27587,526822,49
27588,526823,49
27589,526824,49
27590,526825,49
27591,526826,49
27592,526827,49
27593,526828,49
27594,526829,49
27595,526830,49
27596,526831,49
27597,526832,49
27598,526833,49
27599,526834,49
27600,526835,49
27601,526836,49
27602,526837,49
27603,526838,49
27604,526839,49
27605,526840,49
27606,526841,49
27607,526842,49
27608,526843,49
27609,526844,49
27610,526845,49
27611,526846,49
27612,526847,49
27613,526848,49
27614,526849,49
27615,526850,49
27616,526851,49
27617,526852,49
27618,526853,49
27619,526854,49
27620,526855,49
27621,526856,49
27622,526857,49
27623,526858,49
27624,526859,49
27625,526860,49
27626,526861,49
27627,526862,49
27628,526863,49
27629,526864,49
27630,526865,49
27631,526866,49
27632,526867,49
27633,526868,49
27634,526869,49
27635,526870,49
27636,526871,49
27637,526872,49
27638,526873,49
27639,526874,49
27640,526875,49
27641,526876,49
27642,526877,49
27643,526878,49
27644,526879,49
27645,526880,49
27646,526881,49
27647,526882,49
27648,526883,49
27649,526884,49
27650,526885,49
27651,526886,49
27652,526887,49
27653,526888,49
27654,526889,49
27655,526890,49
27656,526900,49
27657,526901,49
27658,526902,49
27659,526943,49
27660,526944,49
27661,526945,49
27662,526946,49
27663,526947,49
27664,526948,49
27665,526949,49
27666,526987,49
27667,526988,49
27668,526989,49
27669,526990,49
27670,526991,49
27671,527001,49
27672,527002,49
27673,527005,49
27674,527079,49
27675,527080,49
27676,527081,49
27677,527082,49
27678,527108,49
27679,527109,49
27680,527136,49
27681,527137,49
27682,527138,49
27683,527139,49
27684,527140,49
27685,527141,49
27686,527142,49
27687,527143,49
27688,527144,49
27689,527145,49
27690,527146,49
27691,527147,49
27692,527148,49
27693,527149,49
27694,527150,49
27695,527151,49
27696,527152,49
27697,527153,49
27698,527154,49
27699,527160,49
27700,527161,49
27701,527162,49
27702,527163,49
27703,527164,49
27704,527165,49
27705,527166,49
27706,527167,49
27707,527168,49
27708,527169,49
27709,527170,49
27710,527171,49
27711,527172,49
27712,527173,49
27713,527174,49
27714,527175,49
27715,527176,49
27716,527177,49
27717,527178,49
27718,527179,49
27719,527180,49
27720,527181,49
27721,527182,49
27722,527183,49
27723,527184,49
27724,527185,49
27725,527186,49
27726,527187,49
27727,527188,49
27728,527189,49
27729,527190,49
27730,527191,49
27731,527192,49
27732,527193,49
27733,527194,49
27734,527195,49
27735,527196,49
27736,527197,49
27737,527198,49
27738,527199,49
27739,527200,49
27740,527201,49
27741,527202,49
27742,527203,49
27743,527204,49
27744,527205,49
27745,527209,49
27746,527210,49
27747,527211,49
27748,527225,49
27749,527226,49
27750,527227,49
27751,527228,49
27752,527229,49
27753,527230,49
27754,527231,49
27755,527232,49
27756,527233,49
27757,527234,49
27758,527235,49
27759,527236,49
27760,527237,49
27761,527238,49
27762,527239,49
27763,527240,49
27764,527517,49
27765,527520,49
27766,527521,49
27767,527720,49
27768,527721,49
27769,527722,49
27770,527723,49
27771,527724,49
27772,527725,49
27773,527726,49
27774,527727,49
27775,527728,49
27776,527729,49
27777,527730,49
27778,527731,49
27779,527732,49
27780,527733,49
27781,527734,49
27782,527735,49
27783,527736,49
27784,527737,49
27785,527738,49
27786,527739,49
27787,527740,49
27788,527741,49
27789,527742,49
27790,527743,49
27791,527744,49
27792,527745,49
27793,527746,49
27794,527747,49
27795,527748,49
27796,527749,49
27797,527750,49
27798,527751,49
27799,527752,49
27800,527753,49
27801,527754,49
27802,527755,49
27803,527756,49
27804,527757,49
27805,527758,49
27806,527759,49
27807,527760,49
27808,527761,49
27809,527762,49
27810,527763,49
27811,527764,49
27812,527765,49
27813,527766,49
27814,527767,49
27815,527768,49
27816,527769,49
27817,527805,49
27818,527806,49
27819,527807,49
27820,527808,49
27821,527809,49
27822,527810,49
27823,527811,49
27824,527812,49
27825,527814,49
27826,527815,49
27827,527816,49
27828,527817,49
27829,527818,49
27830,527819,49
27831,527820,49
27832,527821,49
27833,527822,49
27834,527823,49
27835,527824,49
27836,527825,49
27837,527826,49
27838,527828,49
27839,527829,49
27840,527830,49
27841,527831,49
27842,527899,49
27843,527900,49
27844,527901,49
27845,527902,49
27846,527903,49
27847,527905,49
27848,527906,49
27849,527907,49
27850,527908,49
27851,527910,49
27852,528364,49
27853,528522,49
27854,528641,49
27855,528642,49
27856,528643,49
27857,528644,49
27858,528645,49
27859,528646,49
27860,528647,49
27861,528648,49
27862,528649,49
27863,528660,49
27864,528663,49
27865,528664,49
27866,528665,49
27867,528666,49
27868,528667,49
27869,528668,49
27870,528669,49
27871,528670,49
27872,528675,49
27873,528676,49
27874,528680,49
27875,528731,49
27876,528732,49
27877,528733,49
27878,528734,49
27879,528735,49
27880,528736,49
27881,528737,49
27882,528738,49
27883,528739,49
27884,528740,49
27885,528741,49
27886,528742,49
27887,528743,49
27888,528744,49
27889,528745,49
27890,528746,49
27891,528747,49
27892,528748,49
27893,528751,49
27894,528752,49
27895,528753,49
27896,528754,49
27897,528755,49
27898,528756,49
27899,528757,49
27900,528758,49
27901,528759,49
27902,528760,49
27903,528761,49
27904,528762,49
27905,528765,49
27906,528903,49
27907,528904,49
27908,528905,49
27909,529149,49
27910,529150,49
27911,529151,49
27912,529152,49
27913,529153,49
27914,529154,49
27915,529155,49
27916,529156,49
27917,529157,49
27918,529158,49
27919,529159,49
27920,529160,49
27921,529161,49
27922,529162,49
27923,529163,49
27924,529164,49
27925,529165,49
27926,529166,49
27927,529167,49
27928,529168,49
27929,529169,49
27930,529170,49
27931,529171,49
27932,529172,49
27933,529173,49
27934,529174,49
27935,529175,49
27936,529176,49
27937,529177,49
27938,529178,49
27939,529179,49
27940,529180,49
27941,529181,49
27942,529182,49
27943,529183,49
27944,529184,49
27945,529185,49
27946,529186,49
27947,529187,49
27948,529188,49
27949,529189,49
27950,529190,49
27951,529191,49
27952,529192,49
27953,529198,49
27954,529199,49
27955,529208,49
27956,529209,49
27957,529210,49
27958,529211,49
27959,529212,49
27960,529213,49
27961,529214,49
27962,529215,49
27963,529216,49
27964,529217,49
27965,529218,49
27966,529219,49
27967,529220,49
27968,529221,49
27969,529222,49
27970,529223,49
27971,529224,49
27972,529225,49
27973,529226,49
27974,529227,49
27975,529228,49
27976,529229,49
27977,529230,49
27978,529231,49
27979,529232,49
27980,529233,49
27981,529234,49
27982,529235,49
27983,529236,49
27984,529237,49
27985,529238,49
27986,529239,49
27987,529240,49
27988,529241,49
27989,529242,49
27990,529243,49
27991,529244,49
27992,529245,49
27993,529246,49
27994,529247,49
27995,529248,49
27996,529249,49
27997,529250,49
27998,529251,49
27999,529252,49
28000,529253,49
28001,529254,49
28002,529255,49
28003,529256,49
28004,529257,49
28005,529258,49
28006,529259,49
28007,529260,49
28008,529261,49
28009,529262,49
28010,529263,49
28011,529264,49
28012,529265,49
28013,529266,49
28014,529267,49
28015,529268,49
28016,529269,49
28017,529270,49
28018,529271,49
28019,529272,49
28020,529273,49
28021,529274,49
28022,529275,49
28023,529276,49
28024,529277,49
28025,529278,49
28026,529279,49
28027,529280,49
28028,529281,49
28029,529282,49
28030,529283,49
28031,529284,49
28032,529285,49
28033,529286,49
28034,529287,49
28035,529288,49
28036,529289,49
28037,529290,49
28038,529291,49
28039,529292,49
28040,529293,49
28041,529294,49
28042,529295,49
28043,529296,49
28044,529297,49
28045,529298,49
28046,529299,49
28047,529300,49
28048,529301,49
28049,529302,49
28050,529303,49
28051,529304,49
28052,529305,49
28053,529306,49
28054,529307,49
28055,529308,49
28056,529309,49
28057,529310,49
28058,529311,49
28059,529312,49
28060,529313,49
28061,529314,49
28062,529315,49
28063,529316,49
28064,529317,49
28065,529319,49
28066,529320,49
28067,529321,49
28068,529322,49
28069,529323,49
28070,529324,49
28071,529330,49
28072,529331,49
28073,529332,49
28074,529333,49
28075,529334,49
28076,529335,49
28077,529336,49
28078,529337,49
28079,529338,49
28080,529339,49
28081,529340,49
28082,529341,49
28083,529342,49
28084,529343,49
28085,529344,49
28086,529345,49
28087,529346,49
28088,529347,49
28089,529348,49
28090,529349,49
28091,529350,49
28092,529351,49
28093,529352,49
28094,529353,49
28095,529355,49
28096,529356,49
28097,529357,49
28098,529359,49
28099,529363,49
28100,529364,49
28101,529365,49
28102,529366,49
28103,529367,49
28104,529368,49
28105,529369,49
28106,529370,49
28107,529371,49
28108,529372,49
28109,529373,49
28110,529374,49
28111,529375,49
28112,529376,49
28113,529377,49
28114,529378,49
28115,529379,49
28116,529380,49
28117,529381,49
28118,529382,49
28119,529383,49
28120,529384,49
28121,529385,49
28122,529386,49
28123,529387,49
28124,529388,49
28125,529389,49
28126,529390,49
28127,529391,49
28128,529392,49
28129,529393,49
28130,529394,49
28131,529395,49
28132,529396,49
28133,529397,49
28134,529398,49
28135,529399,49
28136,529400,49
28137,529401,49
28138,529402,49
28139,529403,49
28140,529404,49
28141,529405,49
28142,529406,49
28143,529407,49
28144,529408,49
28145,529409,49
28146,529410,49
28147,529411,49
28148,529412,49
28149,529413,49
28150,529414,49
28151,529415,49
28152,529416,49
28153,529417,49
28154,529418,49
28155,529419,49
28156,529420,49
28157,529421,49
28158,529422,49
28159,529423,49
28160,529424,49
28161,529425,49
28162,529426,49
28163,529427,49
28164,529428,49
28165,529429,49
28166,529430,49
28167,529431,49
28168,529432,49
28169,529433,49
28170,529434,49
28171,529435,49
28172,529436,49
28173,529437,49
28174,529438,49
28175,529439,49
28176,529440,49
28177,529441,49
28178,529442,49
28179,529443,49
28180,529444,49
28181,529445,49
28182,529446,49
28183,529447,49
28184,529448,49
28185,529449,49
28186,529450,49
28187,529451,49
28188,529452,49
28189,529453,49
28190,529454,49
28191,529455,49
28192,529456,49
28193,529457,49
28194,529458,49
28195,529459,49
28196,529460,49
28197,529461,49
28198,529462,49
28199,529463,49
28200,529464,49
28201,529465,49
28202,529466,49
28203,529467,49
28204,529468,49
28205,529469,49
28206,529470,49
28207,529471,49
28208,529472,49
28209,529473,49
28210,529474,49
28211,529475,49
28212,529476,49
28213,529477,49
28214,529478,49
28215,529479,49
28216,529480,49
28217,529481,49
28218,529482,49
28219,529483,49
28220,529484,49
28221,529485,49
28222,529486,49
28223,529487,49
28224,529488,49
28225,529489,49
28226,529490,49
28227,529491,49
28228,529492,49
28229,529493,49
28230,529496,49
28231,529497,49
28232,529498,49
28233,529499,49
28234,529500,49
28235,529501,49
28236,529502,49
28237,529503,49
28238,529504,49
28239,529505,49
28240,529506,49
28241,529507,49
28242,529508,49
28243,529509,49
28244,529510,49
28245,529511,49
28246,529512,49
28247,529513,49
28248,529514,49
28249,529515,49
28250,529516,49
28251,529517,49
28252,529518,49
28253,529519,49
28254,529520,49
28255,529521,49
28256,529565,49
28257,529566,49
28258,529567,49
28259,529568,49
28260,529569,49
28261,529570,49
28262,529571,49
28263,529572,49
28264,529577,49
28265,529578,49
28266,529580,49
28267,529608,49
28268,529609,49
28269,529610,49
28270,529611,49
28271,529612,49
28272,529613,49
28273,529614,49
28274,529615,49
28275,529616,49
28276,529617,49
28277,529618,49
28278,529619,49
28279,529620,49
28280,529621,49
28281,529622,49
28282,529623,49
28283,529624,49
28284,529625,49
28285,529626,49
28286,529627,49
28287,529628,49
28288,529629,49
28289,529630,49
28290,529631,49
28291,529632,49
28292,529633,49
28293,529634,49
28294,529635,49
28295,529636,49
28296,529637,49
28297,529638,49
28298,529639,49
28299,529640,49
28300,529641,49
28301,529642,49
28302,529643,49
28303,529644,49
28304,529671,49
28305,529672,49
28306,529673,49
28307,529683,49
28308,529684,49
28309,529685,49
28310,529686,49
28311,529687,49
28312,529688,49
28313,529689,49
28314,529690,49
28315,529691,49
28316,529692,49
28317,529693,49
28318,529694,49
28319,529695,49
28320,529696,49
28321,529697,49
28322,529698,49
28323,529699,49
28324,529700,49
28325,529701,49
28326,529711,49
28327,529712,49
28328,529713,49
28329,529728,49
28330,529729,49
28331,529730,49
28332,529731,49
28333,529732,49
28334,529733,49
28335,529734,49
28336,529735,49
28337,529736,49
28338,529737,49
28339,529738,49
28340,529739,49
28341,529740,49
28342,529741,49
28343,529742,49
28344,529743,49
28345,529744,49
28346,529745,49
28347,529746,49
28348,529747,49
28349,529748,49
28350,529749,49
28351,529750,49
28352,529751,49
28353,529752,49
28354,529753,49
28355,529754,49
28356,529755,49
28357,529756,49
28358,529757,49
28359,529758,49
28360,529759,49
28361,529760,49
28362,529761,49
28363,529762,49
28364,529763,49
28365,529764,49
28366,529765,49
28367,529766,49
28368,529767,49
28369,529768,49
28370,529769,49
28371,529770,49
28372,529771,49
28373,529772,49
28374,529773,49
28375,529774,49
28376,529775,49
28377,529776,49
28378,529777,49
28379,529778,49
28380,529779,49
28381,529780,49
28382,529781,49
28383,529782,49
28384,529783,49
28385,529784,49
28386,529785,49
28387,529786,49
28388,529787,49
28389,529788,49
28390,529789,49
28391,529790,49
28392,529791,49
28393,529792,49
28394,529793,49
28395,529794,49
28396,529795,49
28397,529796,49
28398,529797,49
28399,529798,49
28400,529799,49
28401,529800,49
28402,529801,49
28403,529802,49
28404,529803,49
28405,529804,49
28406,529805,49
28407,529806,49
28408,529807,49
28409,529808,49
28410,529809,49
28411,529810,49
28412,529811,49
28413,529812,49
28414,529813,49
28415,529814,49
28416,529815,49
28417,529816,49
28418,529817,49
28419,529818,49
28420,529819,49
28421,529820,49
28422,529821,49
28423,529822,49
28424,529823,49
28425,529824,49
28426,529825,49
28427,529826,49
28428,529827,49
28429,529828,49
28430,529829,49
28431,529830,49
28432,529831,49
28433,529832,49
28434,529833,49
28435,529834,49
28436,529835,49
28437,529836,49
28438,529837,49
28439,529838,49
28440,529839,49
28441,529840,49
28442,529841,49
28443,529842,49
28444,529843,49
28445,529844,49
28446,529845,49
28447,529846,49
28448,529847,49
28449,529848,49
28450,529849,49
28451,529850,49
28452,529851,49
28453,529852,49
28454,529853,49
28455,529854,49
28456,529855,49
28457,529856,49
28458,529857,49
28459,529858,49
28460,529859,49
28461,529860,49
28462,529861,49
28463,529862,49
28464,529863,49
28465,529864,49
28466,529865,49
28467,529866,49
28468,529867,49
28469,529868,49
28470,529869,49
28471,529870,49
28472,529871,49
28473,529872,49
28474,529873,49
28475,529874,49
28476,529875,49
28477,529876,49
28478,529877,49
28479,529878,49
28480,529879,49
28481,529880,49
28482,529881,49
28483,529882,49
28484,529883,49
28485,529884,49
28486,529885,49
28487,529886,49
28488,529887,49
28489,529888,49
28490,529889,49
28491,529890,49
28492,529891,49
28493,529892,49
28494,529893,49
28495,529894,49
28496,529895,49
28497,529896,49
28498,529897,49
28499,529898,49
28500,529899,49
28501,529900,49
28502,529901,49
28503,529902,49
28504,529903,49
28505,529904,49
28506,529905,49
28507,529906,49
28508,529907,49
28509,529908,49
28510,529909,49
28511,529910,49
28512,529911,49
28513,529912,49
28514,529913,49
28515,529914,49
28516,529915,49
28517,529916,49
28518,529917,49
28519,529918,49
28520,529919,49
28521,529920,49
28522,529921,49
28523,529922,49
28524,529923,49
28525,529924,49
28526,529925,49
28527,529926,49
28528,529927,49
28529,529928,49
28530,529929,49
28531,529930,49
28532,529931,49
28533,529932,49
28534,529933,49
28535,529934,49
28536,529935,49
28537,529936,49
28538,529937,49
28539,529938,49
28540,529939,49
28541,529940,49
28542,529941,49
28543,529942,49
28544,529943,49
28545,529944,49
28546,529945,49
28547,529946,49
28548,530067,49
28549,530068,49
28550,530069,49
28551,530070,49
28552,530071,49
28553,530072,49
28554,530073,49
28555,530074,49
28556,530075,49
28557,530076,49
28558,530077,49
28559,530078,49
28560,530079,49
28561,530080,49
28562,530081,49
28563,530082,49
28564,530083,49
28565,530084,49
28566,530085,49
28567,530086,49
28568,530165,49
28569,530166,49
28570,530169,49
28571,530170,49
28572,530171,49
28573,530172,49
28574,530173,49
28575,530174,49
28576,530175,49
28577,530176,49
28578,530177,49
28579,530178,49
28580,530181,49
28581,530182,49
28582,530187,49
28583,530188,49
28584,530189,49
28585,530190,49
28586,530195,49
28587,530196,49
28588,530198,49
28589,530199,49
28590,530201,49
28591,530202,49
28592,530203,49
28593,530204,49
28594,530207,49
28595,530208,49
28596,530209,49
28597,530210,49
28598,530211,49
28599,530212,49
28600,530213,49
28601,530214,49
28602,530215,49
28603,530234,49
28604,530235,49
28605,530236,49
28606,530237,49
28607,530238,49
28608,530239,49
28609,530240,49
28610,530241,49
28611,530242,49
28612,530243,49
28613,530244,49
28614,530245,49
28615,530248,49
28616,530249,49
28617,530250,49
28618,530251,49
28619,530252,49
28620,530253,49
28621,530254,49
28622,530255,49
28623,530256,49
28624,530260,49
28625,530261,49
28626,530262,49
28627,530263,49
28628,530264,49
28629,530265,49
28630,530266,49
28631,530267,49
28632,530268,49
28633,530269,49
28634,530270,49
28635,530271,49
28636,530272,49
28637,530273,49
28638,530274,49
28639,530275,49
28640,530276,49
28641,530277,49
28642,530278,49
28643,530279,49
28644,530280,49
28645,530281,49
28646,530282,49
28647,530305,49
28648,530306,49
28649,530307,49
28650,530308,49
28651,530309,49
28652,530310,49
28653,530311,49
28654,530312,49
28655,530313,49
28656,530314,49
28657,530315,49
28658,530316,49
28659,530317,49
28660,530318,49
28661,530319,49
28662,530320,49
28663,530321,49
28664,530322,49
28665,530323,49
28666,530324,49
28667,530325,49
28668,530326,49
28669,530327,49
28670,530328,49
28671,530329,49
28672,530330,49
28673,530331,49
28674,530332,49
28675,530333,49
28676,530334,49
28677,530335,49
28678,530336,49
28679,530337,49
28680,530338,49
28681,530339,49
28682,530340,49
28683,530341,49
28684,530342,49
28685,530343,49
28686,530358,49
28687,530359,49
28688,530360,49
28689,530361,49
28690,530362,49
28691,530363,49
28692,530364,49
28693,530365,49
28694,530366,49
28695,530368,49
28696,530369,49
28697,530370,49
28698,530371,49
28699,530372,49
28700,530373,49
28701,530374,49
28702,530375,49
28703,530376,49
28704,530377,49
28705,530378,49
28706,530379,49
28707,530380,49
28708,530381,49
28709,530382,49
28710,530383,49
28711,530565,49
28712,530566,49
28713,530567,49
28714,530568,49
28715,530569,49
28716,530570,49
28717,530571,49
28718,530572,49
28719,530573,49
28720,530574,49
28721,530575,49
28722,530576,49
28723,530577,49
28724,530578,49
28725,530579,49
28726,530580,49
28727,530581,49
28728,530582,49
28729,530583,49
28730,530584,49
28731,530585,49
28732,530586,49
28733,530587,49
28734,530588,49
28735,530589,49
28736,530590,49
28737,530591,49
28738,530592,49
28739,530593,49
28740,530594,49
28741,530595,49
28742,530596,49
28743,530597,49
28744,530598,49
28745,530599,49
28746,530600,49
28747,530601,49
28748,530602,49
28749,530603,49
28750,530604,49
28751,530605,49
28752,530606,49
28753,530607,49
28754,530608,49
28755,530609,49
28756,530610,49
28757,530611,49
28758,530612,49
28759,530613,49
28760,530614,49
28761,530615,49
28762,530616,49
28763,530617,49
28764,530618,49
28765,530619,49
28766,530620,49
28767,530621,49
28768,530622,49
28769,530623,49
28770,530624,49
28771,530625,49
28772,530626,49
28773,530627,49
28774,530628,49
28775,530629,49
28776,530630,49
28777,530631,49
28778,530632,49
28779,530633,49
28780,530634,49
28781,530635,49
28782,530636,49
28783,530637,49
28784,530638,49
28785,530639,49
28786,530640,49
28787,530641,49
28788,530642,49
28789,530643,49
28790,530644,49
28791,530645,49
28792,530646,49
28793,530647,49
28794,530648,49
28795,530649,49
28796,530650,49
28797,530651,49
28798,530652,49
28799,530653,49
28800,530654,49
28801,530655,49
28802,530656,49
28803,530657,49
28804,530658,49
28805,530659,49
28806,530660,49
28807,530661,49
28808,530662,49
28809,530663,49
28810,530664,49
28811,530665,49
28812,530666,49
28813,530667,49
28814,530668,49
28815,530669,49
28816,530670,49
28817,530671,49
28818,530672,49
28819,530673,49
28820,530674,49
28821,530675,49
28822,530676,49
28823,530677,49
28824,530678,49
28825,530679,49
28826,530680,49
28827,530681,49
28828,530682,49
28829,530683,49
28830,530684,49
28831,530685,49
28832,530686,49
28833,530687,49
28834,530688,49
28835,530689,49
28836,530690,49
28837,530691,49
28838,530692,49
28839,530693,49
28840,530694,49
28841,530695,49
28842,530696,49
28843,530697,49
28844,530698,49
28845,530699,49
28846,530700,49
28847,530701,49
28848,530702,49
28849,530703,49
28850,530704,49
28851,530705,49
28852,530706,49
28853,530707,49
28854,530708,49
28855,530709,49
28856,530710,49
28857,530711,49
28858,530712,49
28859,530713,49
28860,530714,49
28861,530715,49
28862,530716,49
28863,530717,49
28864,530718,49
28865,530719,49
28866,530720,49
28867,530721,49
28868,530722,49
28869,530723,49
28870,530724,49
28871,530725,49
28872,530726,49
28873,530727,49
28874,530728,49
28875,530729,49
28876,530730,49
28877,530731,49
28878,530732,49
28879,530733,49
28880,530734,49
28881,530735,49
28882,530736,49
28883,530737,49
28884,530738,49
28885,530739,49
28886,530740,49
28887,530741,49
28888,530742,49
28889,530743,49
28890,530744,49
28891,530745,49
28892,530809,49
28893,530810,49
28894,530811,49
28895,530812,49
28896,530813,49
28897,530814,49
28898,530815,49
28899,530816,49
28900,530817,49
28901,530818,49
28902,530819,49
28903,530820,49
28904,530821,49
28905,530822,49
28906,530823,49
28907,530824,49
28908,530825,49
28909,530826,49
28910,530827,49
28911,530828,49
28912,530829,49
28913,530830,49
28914,530831,49
28915,530832,49
28916,530833,49
28917,530834,49
28918,530835,49
28919,530836,49
28920,530837,49
28921,530838,49
28922,530839,49
28923,530840,49
28924,530841,49
28925,530842,49
28926,530843,49
28927,530844,49
28928,530845,49
28929,530846,49
28930,530847,49
28931,530848,49
28932,530849,49
28933,530850,49
28934,530851,49
28935,530852,49
28936,530853,49
28937,530854,49
28938,530855,49
28939,530856,49
28940,530857,49
28941,530858,49
28942,530859,49
28943,530860,49
28944,530861,49
28945,530862,49
28946,530863,49
28947,530864,49
28948,530865,49
28949,530866,49
28950,530867,49
28951,530868,49
28952,530869,49
28953,530870,49
28954,530871,49
28955,530872,49
28956,530873,49
28957,530874,49
28958,530875,49
28959,530876,49
28960,530877,49
28961,530878,49
28962,530879,49
28963,530880,49
28964,530881,49
28965,530882,49
28966,530883,49
28967,530884,49
28968,530885,49
28969,530886,49
28970,530887,49
28971,530889,49
28972,530890,49
28973,530891,49
28974,530892,49
28975,530893,49
28976,530894,49
28977,530895,49
28978,530896,49
28979,530897,49
28980,530905,49
28981,530906,49
28982,530907,49
28983,530908,49
28984,530909,49
28985,530911,49
28986,530913,49
28987,530914,49
28988,530915,49
28989,530917,49
28990,530918,49
28991,530937,49
28992,530938,49
28993,530939,49
28994,530940,49
28995,530941,49
28996,530942,49
28997,530943,49
28998,530944,49
28999,530945,49
29000,530946,49
29001,530947,49
29002,530948,49
29003,530949,49
29004,530950,49
29005,530951,49
29006,530952,49
29007,530953,49
29008,530954,49
29009,530955,49
29010,530956,49
29011,530957,49
29012,530958,49
29013,530959,49
29014,530960,49
29015,530961,49
29016,530962,49
29017,530963,49
29018,530964,49
29019,530965,49
29020,530966,49
29021,530967,49
29022,530968,49
29023,530969,49
29024,530970,49
29025,530971,49
29026,530972,49
29027,530973,49
29028,530991,49
29029,530992,49
29030,530993,49
29031,530994,49
29032,530995,49
29033,530996,49
29034,530997,49
29035,530998,49
29036,530999,49
29037,531000,49
29038,531001,49
29039,531002,49
29040,531003,49
29041,531004,49
29042,531005,49
29043,531006,49
29044,531007,49
29045,531008,49
29046,531009,49
29047,531010,49
29048,531011,49
29049,531012,49
29050,531013,49
29051,531014,49
29052,531015,49
29053,531016,49
29054,531017,49
29055,531018,49
29056,531019,49
29057,531020,49
29058,531021,49
29059,531022,49
29060,531024,49
29061,531025,49
29062,531028,49
29063,531029,49
29064,531030,49
29065,531118,49
29066,531119,49
29067,531120,49
29068,531121,49
29069,531124,49
29070,531125,49
29071,531126,49
29072,531127,49
29073,531130,49
29074,531131,49
29075,531132,49
29076,531133,49
29077,531134,49
29078,531139,49
29079,531140,49
29080,531141,49
29081,531142,49
29082,531143,49
29083,531144,49
29084,531145,49
29085,531146,49
29086,531147,49
29087,531148,49
29088,531149,49
29089,531152,49
29090,531153,49
29091,531173,49
29092,531174,49
29093,531175,49
29094,531176,49
29095,531177,49
29096,531178,49
29097,531179,49
29098,531180,49
29099,531181,49
29100,531182,49
29101,531183,49
29102,531184,49
29103,531185,49
29104,531186,49
29105,531187,49
29106,531188,49
29107,531189,49
29108,531190,49
29109,531191,49
29110,531192,49
29111,531193,49
29112,531194,49
29113,531195,49
29114,531196,49
29115,531197,49
29116,531198,49
29117,531199,49
29118,531200,49
29119,531201,49
29120,531202,49
29121,531203,49
29122,531204,49
29123,531205,49
29124,531206,49
29125,531207,49
29126,531208,49
29127,531209,49
29128,531210,49
29129,531211,49
29130,531212,49
29131,531213,49
29132,531214,49
29133,531215,49
29134,531216,49
29135,531217,49
29136,531218,49
29137,531219,49
29138,531220,49
29139,531221,49
29140,531222,49
29141,531223,49
29142,531224,49
29143,531225,49
29144,531226,49
29145,531227,49
29146,531228,49
29147,531229,49
29148,531230,49
29149,531231,49
29150,531232,49
29151,531233,49
29152,531234,49
29153,531235,49
29154,531236,49
29155,531237,49
29156,531238,49
29157,531239,49
29158,531240,49
29159,531241,49
29160,531242,49
29161,531243,49
29162,531244,49
29163,531245,49
29164,531246,49
29165,531248,49
29166,531249,49
29167,531250,49
29168,531251,49
29169,531252,49
29170,531253,49
29171,531254,49
29172,531255,49
29173,531263,49
29174,531264,49
29175,531265,49
29176,531278,49
29177,531282,49
29178,531283,49
29179,531296,49
29180,531297,49
29181,531298,49
29182,531299,49
29183,531300,49
29184,531301,49
29185,531302,49
29186,531303,49
29187,531304,49
29188,531305,49
29189,531306,49
29190,531307,49
29191,531308,49
29192,531309,49
29193,531310,49
29194,531311,49
29195,531312,49
29196,531313,49
29197,531314,49
29198,531315,49
29199,531316,49
29200,531317,49
29201,531318,49
29202,531334,49
29203,531335,49
29204,531336,49
29205,531337,49
29206,531338,49
29207,531339,49
29208,531340,49
29209,531341,49
29210,531342,49
29211,531343,49
29212,531351,49
29213,531352,49
29214,531353,49
29215,531354,49
29216,531355,49
29217,531356,49
29218,531357,49
29219,531362,49
29220,531363,49
29221,531396,49
29222,531397,49
29223,531398,49
29224,531399,49
29225,531400,49
29226,531401,49
29227,531402,49
29228,531403,49
29229,531404,49
29230,531405,49
29231,531406,49
29232,531407,49
29233,531408,49
29234,531409,49
29235,531410,49
29236,531411,49
29237,531412,49
29238,531413,49
29239,531416,49
29240,531417,49
29241,531418,49
29242,531419,49
29243,531420,49
29244,531421,49
29245,531422,49
29246,531423,49
29247,531424,49
29248,531425,49
29249,531428,49
29250,531433,49
29251,531434,49
29252,531435,49
29253,531436,49
29254,531437,49
29255,531438,49
29256,531439,49
29257,531440,49
29258,531443,49
29259,531447,49
29260,531448,49
29261,531449,49
29262,531450,49
29263,531451,49
29264,531452,49
29265,531453,49
29266,531454,49
29267,531455,49
29268,531456,49
29269,531457,49
29270,531465,49
29271,531466,49
29272,531467,49
29273,531468,49
29274,531469,49
29275,531470,49
29276,531471,49
29277,531472,49
29278,531473,49
29279,531474,49
29280,531475,49
29281,531477,49
29282,531478,49
29283,531490,49
29284,531491,49
29285,531492,49
29286,531493,49
29287,531494,49
29288,531501,49
29289,531502,49
29290,531503,49
29291,531504,49
29292,531505,49
29293,531506,49
29294,531510,49
29295,531511,49
29296,531512,49
29297,531513,49
29298,531514,49
29299,531515,49
29300,531517,49
29301,531518,49
29302,531525,49
29303,531526,49
29304,531527,49
29305,531528,49
29306,531529,49
29307,531530,49
29308,531531,49
29309,531532,49
29310,531533,49
29311,531534,49
29312,531535,49
29313,531536,49
29314,531537,49
29315,531538,49
29316,531539,49
29317,531540,49
29318,531541,49
29319,531542,49
29320,531543,49
29321,531544,49
29322,531545,49
29323,531546,49
29324,531547,49
29325,531548,49
29326,531549,49
29327,531550,49
29328,531551,49
29329,531552,49
29330,531553,49
29331,531554,49
29332,531555,49
29333,531556,49
29334,531557,49
29335,531558,49
29336,531559,49
29337,531560,49
29338,531561,49
29339,531562,49
29340,531563,49
29341,531564,49
29342,531565,49
29343,531566,49
29344,531567,49
29345,531568,49
29346,531569,49
29347,531570,49
29348,531571,49
29349,531572,49
29350,531573,49
29351,531574,49
29352,531575,49
29353,531576,49
29354,531577,49
29355,531578,49
29356,531579,49
29357,531580,49
29358,531581,49
29359,531582,49
29360,531583,49
29361,531584,49
29362,531585,49
29363,531586,49
29364,531587,49
29365,531588,49
29366,531589,49
29367,531590,49
29368,531591,49
29369,531592,49
29370,531593,49
29371,531594,49
29372,531595,49
29373,531596,49
29374,531597,49
29375,531598,49
29376,531599,49
29377,531600,49
29378,531601,49
29379,531602,49
29380,531603,49
29381,531604,49
29382,531605,49
29383,531606,49
29384,531607,49
29385,531608,49
29386,531609,49
29387,531610,49
29388,531611,49
29389,531612,49
29390,531613,49
29391,531614,49
29392,531615,49
29393,531616,49
29394,531617,49
29395,531618,49
29396,531619,49
29397,531620,49
29398,531621,49
29399,531622,49
29400,531623,49
29401,531624,49
29402,531625,49
29403,531626,49
29404,531627,49
29405,531628,49
29406,531629,49
29407,531630,49
29408,531631,49
29409,531632,49
29410,531633,49
29411,531634,49
29412,531635,49
29413,531636,49
29414,531637,49
29415,531638,49
29416,531639,49
29417,531640,49
29418,531641,49
29419,531642,49
29420,531643,49
29421,531644,49
29422,531645,49
29423,531646,49
29424,531647,49
29425,531648,49
29426,531649,49
29427,531650,49
29428,531651,49
29429,531652,49
29430,531653,49
29431,531654,49
29432,531655,49
29433,531662,49
29434,531663,49
29435,531676,49
29436,531677,49
29437,531678,49
29438,531684,49
29439,531685,49
29440,531686,49
29441,531687,49
29442,531688,49
29443,531689,49
29444,531692,49
29445,531693,49
29446,531694,49
29447,531695,49
29448,531696,49
29449,531697,49
29450,531698,49
29451,531699,49
29452,531700,49
29453,531701,49
29454,531702,49
29455,531703,49
29456,531704,49
29457,531707,49
29458,531708,49
29459,531709,49
29460,531710,49
29461,531711,49
29462,531712,49
29463,531713,49
29464,531714,49
29465,531715,49
29466,531716,49
29467,531717,49
29468,531718,49
29469,531719,49
29470,531720,49
29471,531721,49
29472,531722,49
29473,531723,49
29474,531724,49
29475,531725,49
29476,531726,49
29477,531727,49
29478,531728,49
29479,531729,49
29480,531730,49
29481,531731,49
29482,531732,49
29483,531733,49
29484,531734,49
29485,531735,49
29486,531736,49
29487,531737,49
29488,531738,49
29489,531739,49
29490,531740,49
29491,531741,49
29492,531742,49
29493,531743,49
29494,531744,49
29495,531745,49
29496,531746,49
29497,531747,49
29498,531748,49
29499,531749,49
29500,531750,49
29501,531751,49
29502,531752,49
29503,531753,49
29504,531754,49
29505,531755,49
29506,531756,49
29507,531757,49
29508,531758,49
29509,531759,49
29510,531760,49
29511,531761,49
29512,531762,49
29513,531763,49
29514,531764,49
29515,531765,49
29516,531766,49
29517,531767,49
29518,531768,49
29519,531769,49
29520,531770,49
29521,531771,49
29522,531772,49
29523,531773,49
29524,531774,49
29525,531775,49
29526,531776,49
29527,531777,49
29528,531778,49
29529,531779,49
29530,531780,49
29531,531781,49
29532,531782,49
29533,531783,49
29534,531784,49
29535,531785,49
29536,531786,49
29537,531787,49
29538,531788,49
29539,531789,49
29540,531790,49
29541,531791,49
29542,531792,49
29543,531793,49
29544,531794,49
29545,531795,49
29546,531796,49
29547,531797,49
29548,531798,49
29549,531799,49
29550,531800,49
29551,531801,49
29552,531802,49
29553,531803,49
29554,531804,49
29555,531805,49
29556,531806,49
29557,531807,49
29558,531808,49
29559,531809,49
29560,531810,49
29561,531811,49
29562,531812,49
29563,531813,49
29564,531814,49
29565,531815,49
29566,531816,49
29567,531817,49
29568,531818,49
29569,531819,49
29570,531820,49
29571,531821,49
29572,531822,49
29573,531823,49
29574,531824,49
29575,531825,49
29576,531826,49
29577,531827,49
29578,531828,49
29579,531829,49
29580,531830,49
29581,531831,49
29582,531832,49
29583,531833,49
29584,531834,49
29585,531835,49
29586,531836,49
29587,531837,49
29588,531838,49
29589,531839,49
29590,531840,49
29591,531841,49
29592,531842,49
29593,531843,49
29594,531844,49
29595,531845,49
29596,531846,49
29597,531847,49
29598,531848,49
29599,531849,49
29600,531850,49
29601,531851,49
29602,531852,49
29603,531853,49
29604,531854,49
29605,531855,49
29606,531856,49
29607,531857,49
29608,531858,49
29609,531859,49
29610,531860,49
29611,531861,49
29612,531862,49
29613,531863,49
29614,531864,49
29615,531865,49
29616,531866,49
29617,531870,49
29618,531871,49
29619,531872,49
29620,531873,49
29621,531874,49
29622,531875,49
29623,531876,49
29624,531877,49
29625,531878,49
29626,531879,49
29627,531880,49
29628,531881,49
29629,531882,49
29630,531906,49
29631,531907,49
29632,531908,49
29633,531909,49
29634,531910,49
29635,531911,49
29636,531926,49
29637,531927,49
29638,531929,49
29639,531930,49
29640,531951,49
29641,531952,49
29642,531953,49
29643,531954,49
29644,531955,49
29645,531956,49
29646,531957,49
29647,531958,49
29648,531959,49
29649,531960,49
29650,531971,49
29651,531972,49
29652,531973,49
29653,531974,49
29654,531975,49
29655,531976,49
29656,531978,49
29657,531979,49
29658,531980,49
29659,531981,49
29660,531982,49
29661,531983,49
29662,531984,49
29663,531985,49
29664,531993,49
29665,531994,49
29666,531998,49
29667,531999,49
29668,532000,49
29669,532001,49
29670,532002,49
29671,532003,49
29672,532006,49
29673,532007,49
29674,532008,49
29675,532009,49
29676,532010,49
29677,532011,49
29678,532012,49
29679,532013,49
29680,532014,49
29681,532015,49
29682,532016,49
29683,532017,49
29684,532018,49
29685,532019,49
29686,532020,49
29687,532031,49
29688,532032,49
29689,532033,49
29690,532034,49
29691,532035,49
29692,532039,49
29693,532040,49
29694,532042,49
29695,532045,49
29696,532046,49
29697,532079,49
29698,532080,49
29699,532081,49
29700,532084,49
29701,532085,49
29702,532104,49
29703,532105,49
29704,532109,49
29705,532110,49
29706,532111,49
29707,532112,49
29708,532113,49
29709,532114,49
29710,532115,49
29711,532116,49
29712,532117,49
29713,532118,49
29714,532119,49
29715,532125,49
29716,532126,49
29717,532127,49
29718,532128,49
29719,532129,49
29720,532130,49
29721,532131,49
29722,532141,49
29723,532142,49
29724,532143,49
29725,532144,49
29726,532145,49
29727,532146,49
29728,532147,49
29729,532148,49
29730,532149,49
29731,532150,49
29732,532151,49
29733,532152,49
29734,532153,49
29735,532154,49
29736,532155,49
29737,532156,49
29738,532157,49
29739,532158,49
29740,532159,49
29741,532160,49
29742,532161,49
29743,532162,49
29744,532163,49
29745,532164,49
29746,532165,49
29747,532166,49
29748,532167,49
29749,532168,49
29750,532169,49
29751,532170,49
29752,532171,49
29753,532172,49
29754,532173,49
29755,532174,49
29756,532175,49
29757,532176,49
29758,532177,49
29759,532178,49
29760,532179,49
29761,532180,49
29762,532181,49
29763,532182,49
29764,532183,49
29765,532184,49
29766,532185,49
29767,532186,49
29768,532187,49
29769,532188,49
29770,532189,49
29771,532190,49
29772,532191,49
29773,532192,49
29774,532193,49
29775,532194,49
29776,532195,49
29777,532196,49
29778,532197,49
29779,532198,49
29780,532199,49
29781,532200,49
29782,532201,49
29783,532202,49
29784,532203,49
29785,532204,49
29786,532205,49
29787,532206,49
29788,532207,49
29789,532208,49
29790,532209,49
29791,532210,49
29792,532211,49
29793,532212,49
29794,532213,49
29795,532214,49
29796,532215,49
29797,532216,49
29798,532217,49
29799,532218,49
29800,532219,49
29801,532220,49
29802,532221,49
29803,532222,49
29804,532223,49
29805,532224,49
29806,532225,49
29807,532226,49
29808,532227,49
29809,532228,49
29810,532229,49
29811,532230,49
29812,532231,49
29813,532232,49
29814,532233,49
29815,532234,49
29816,532235,49
29817,532236,49
29818,532237,49
29819,532238,49
29820,532239,49
29821,532240,49
29822,532241,49
29823,532242,49
29824,532243,49
29825,532244,49
29826,532245,49
29827,532246,49
29828,532247,49
29829,532248,49
29830,532249,49
29831,532250,49
29832,532251,49
29833,532281,49
29834,532282,49
29835,532283,49
29836,532284,49
29837,532285,49
29838,532286,49
29839,532287,49
29840,532288,49
29841,532289,49
29842,532316,49
29843,532317,49
29844,532318,49
29845,532319,49
29846,532327,49
29847,532328,49
29848,532332,49
29849,532333,49
29850,532334,49
29851,532335,49
29852,532336,49
29853,532337,49
29854,532338,49
29855,532339,49
29856,532340,49
29857,532341,49
29858,532342,49
29859,532343,49
29860,532344,49
29861,532345,49
29862,532346,49
29863,532364,49
29864,532365,49
29865,532366,49
29866,532367,49
29867,532368,49
29868,532369,49
29869,532370,49
29870,532371,49
29871,532372,49
29872,532373,49
29873,532374,49
29874,532375,49
29875,532376,49
29876,532377,49
29877,532385,49
29878,532391,49
29879,532392,49
29880,532393,49
29881,532394,49
29882,532395,49
29883,532396,49
29884,532397,49
29885,532398,49
29886,532399,49
29887,532400,49
29888,532401,49
29889,532402,49
29890,532403,49
29891,532404,49
29892,532405,49
29893,532406,49
29894,532407,49
29895,532408,49
29896,532409,49
29897,532410,49
29898,532411,49
29899,532412,49
29900,532413,49
29901,532414,49
29902,532415,49
29903,532416,49
29904,532417,49
29905,532418,49
29906,532419,49
29907,532420,49
29908,532421,49
29909,532422,49
29910,532423,49
29911,532424,49
29912,532425,49
29913,532426,49
29914,532427,49
29915,532428,49
29916,532429,49
29917,532430,49
29918,532431,49
29919,532432,49
29920,532433,49
29921,532434,49
29922,532435,49
29923,532436,49
29924,532437,49
29925,532438,49
29926,532439,49
29927,532440,49
29928,532441,49
29929,532442,49
29930,532443,49
29931,532444,49
29932,532445,49
29933,532446,49
29934,532447,49
29935,532448,49
29936,532449,49
29937,532450,49
29938,532451,49
29939,532452,49
29940,532453,49
29941,532454,49
29942,532455,49
29943,532456,49
29944,532457,49
29945,532458,49
29946,532459,49
29947,532460,49
29948,532461,49
29949,532462,49
29950,532463,49
29951,532464,49
29952,532465,49
29953,532466,49
29954,532467,49
29955,532468,49
29956,532469,49
29957,532470,49
29958,532471,49
29959,532472,49
29960,532473,49
29961,532474,49
29962,532475,49
29963,532476,49
29964,532477,49
29965,532478,49
29966,532479,49
29967,532480,49
29968,532481,49
29969,532482,49
29970,532483,49
29971,532484,49
29972,532485,49
29973,532486,49
29974,532487,49
29975,532488,49
29976,532489,49
29977,532490,49
29978,532491,49
29979,532492,49
29980,532493,49
29981,532494,49
29982,532495,49
29983,532496,49
29984,532497,49
29985,532498,49
29986,532499,49
29987,532500,49
29988,532501,49
29989,532502,49
29990,532503,49
29991,532504,49
29992,532505,49
29993,532506,49
29994,532507,49
29995,532508,49
29996,532509,49
29997,532510,49
29998,532511,49
29999,532512,49
30000,532513,49
30001,532514,49
30002,532515,49
30003,532516,49
30004,532517,49
30005,532518,49
30006,532519,49
30007,532520,49
30008,532521,49
30009,532522,49
30010,532523,49
30011,532524,49
30012,532525,49
30013,532526,49
30014,532527,49
30015,532528,49
30016,532529,49
30017,532530,49
30018,532531,49
30019,532532,49
30020,532533,49
30021,532534,49
30022,532535,49
30023,532536,49
30024,532537,49
30025,532538,49
30026,532539,49
30027,532540,49
30028,532541,49
30029,532542,49
30030,532543,49
30031,532544,49
30032,532545,49
30033,532546,49
30034,532547,49
30035,532548,49
30036,532549,49
30037,532550,49
30038,532551,49
30039,532552,49
30040,532553,49
30041,532560,49
30042,532561,49
30043,532562,49
30044,532563,49
30045,532564,49
30046,532565,49
30047,532566,49
30048,532584,49
30049,532585,49
30050,532604,49
30051,532605,49
30052,532606,49
30053,532617,49
30054,532618,49
30055,532619,49
30056,532620,49
30057,532621,49
30058,532622,49
30059,532636,49
30060,532637,49
30061,532638,49
30062,532639,49
30063,532640,49
30064,532641,49
30065,532642,49
30066,532643,49
30067,532644,49
30068,532645,49
30069,532646,49
30070,532647,49
30071,532648,49
30072,532649,49
30073,532650,49
30074,532651,49
30075,532652,49
30076,532653,49
30077,532654,49
30078,532655,49
30079,532656,49
30080,532657,49
30081,532658,49
30082,532659,49
30083,532660,49
30084,532661,49
30085,532662,49
30086,532663,49
30087,532664,49
30088,532665,49
30089,532666,49
30090,532667,49
30091,532668,49
30092,532675,49
30093,532676,49
30094,532677,49
30095,532678,49
30096,532679,49
30097,532680,49
30098,532681,49
30099,532682,49
30100,532683,49
30101,532684,49
30102,532685,49
30103,532686,49
30104,532687,49
30105,532688,49
30106,532689,49
30107,532690,49
30108,532691,49
30109,532692,49
30110,532693,49
30111,532694,49
30112,532695,49
30113,532696,49
30114,532697,49
30115,532698,49
30116,532699,49
30117,532700,49
30118,532712,49
30119,532713,49
30120,532714,49
30121,532715,49
30122,532716,49
30123,532717,49
30124,532718,49
30125,532719,49
30126,532720,49
30127,532721,49
30128,532722,49
30129,532723,49
30130,532724,49
30131,532725,49
30132,532726,49
30133,532727,49
30134,532728,49
30135,532729,49
30136,532730,49
30137,532731,49
30138,532741,49
30139,532742,49
30140,532743,49
30141,532744,49
30142,532745,49
30143,532746,49
30144,532747,49
30145,532748,49
30146,532749,49
30147,532750,49
30148,532751,49
30149,532752,49
30150,532753,49
30151,532754,49
30152,532755,49
30153,532756,49
30154,532757,49
30155,532758,49
30156,532759,49
30157,532760,49
30158,532761,49
30159,532762,49
30160,532763,49
30161,532764,49
30162,532765,49
30163,532766,49
30164,532767,49
30165,532768,49
30166,532769,49
30167,532770,49
30168,532771,49
30169,532772,49
30170,532780,49
30171,532781,49
30172,532782,49
30173,532794,49
30174,532795,49
30175,532796,49
30176,532797,49
30177,532798,49
30178,532801,49
30179,532802,49
30180,532803,49
30181,532804,49
30182,532805,49
30183,532806,49
30184,532807,49
30185,532808,49
30186,532809,49
30187,532810,49
30188,532811,49
30189,532812,49
30190,532813,49
30191,532814,49
30192,532815,49
30193,532820,49
30194,532821,49
30195,532822,49
30196,532823,49
30197,532824,49
30198,532825,49
30199,532848,49
30200,532849,49
30201,532850,49
30202,532851,49
30203,532852,49
30204,532853,49
30205,532854,49
30206,532871,49
30207,532872,49
30208,532873,49
30209,532874,49
30210,532875,49
30211,532876,49
30212,532877,49
30213,532878,49
30214,532879,49
30215,532880,49
30216,532881,49
30217,532882,49
30218,532883,49
30219,532884,49
30220,532885,49
30221,532886,49
30222,532887,49
30223,532888,49
30224,532889,49
30225,532890,49
30226,532891,49
30227,532892,49
30228,532893,49
30229,532894,49
30230,532919,49
30231,532932,49
30232,532936,49
30233,532937,49
30234,532938,49
30235,532939,49
30236,532940,49
30237,532941,49
30238,532942,49
30239,532943,49
30240,532944,49
30241,532955,49
30242,532956,49
30243,532957,49
30244,532958,49
30245,532959,49
30246,532960,49
30247,532969,49
30248,532970,49
30249,532971,49
30250,532972,49
30251,532974,49
30252,532980,49
30253,532986,49
30254,532987,49
30255,533005,49
30256,533006,49
30257,533007,49
30258,533008,49
30259,533009,49
30260,533010,49
30261,533011,49
30262,533012,49
30263,533013,49
30264,533014,49
30265,533015,49
30266,533016,49
30267,533017,49
30268,533018,49
30269,533019,49
30270,533020,49
30271,533021,49
30272,533022,49
30273,533023,49
30274,533024,49
30275,533029,49
30276,533030,49
30277,533031,49
30278,533032,49
30279,533033,49
30280,533034,49
30281,533035,49
30282,533041,49
30283,533042,49
30284,533043,49
30285,533044,49
30286,533045,49
30287,533046,49
30288,533064,49
30289,533065,49
30290,533066,49
30291,533067,49
30292,533068,49
30293,533069,49
30294,533070,49
30295,533075,49
30296,533076,49
30297,533077,49
30298,533078,49
30299,533079,49
30300,533080,49
30301,533081,49
30302,533082,49
30303,533083,49
30304,533084,49
30305,533085,49
30306,533086,49
30307,533087,49
30308,533088,49
30309,533089,49
30310,533090,49
30311,533091,49
30312,533092,49
30313,533093,49
30314,533094,49
30315,533095,49
30316,533096,49
30317,533097,49
30318,533098,49
30319,533099,49
30320,533100,49
30321,533101,49
30322,533102,49
30323,533103,49
30324,533104,49
30325,533105,49
30326,533106,49
30327,533107,49
30328,533108,49
30329,533109,49
30330,533110,49
30331,533111,49
30332,533112,49
30333,533113,49
30334,533114,49
30335,533115,49
30336,533116,49
30337,533117,49
30338,533118,49
30339,533119,49
30340,533120,49
30341,533121,49
30342,533122,49
30343,533123,49
30344,533124,49
30345,533125,49
30346,533126,49
30347,533127,49
30348,533128,49
30349,533129,49
30350,533130,49
30351,533131,49
30352,533132,49
30353,533133,49
30354,533134,49
30355,533135,49
30356,533136,49
30357,533137,49
30358,533138,49
30359,533139,49
30360,533140,49
30361,533141,49
30362,533142,49
30363,533143,49
30364,533144,49
30365,533145,49
30366,533146,49
30367,533147,49
30368,533148,49
30369,533149,49
30370,533150,49
30371,533151,49
30372,533152,49
30373,533153,49
30374,533154,49
30375,533155,49
30376,533156,49
30377,533157,49
30378,533158,49
30379,533159,49
30380,533160,49
30381,533161,49
30382,533162,49
30383,533163,49
30384,533164,49
30385,533165,49
30386,533166,49
30387,533167,49
30388,533168,49
30389,533169,49
30390,533170,49
30391,533171,49
30392,533172,49
30393,533173,49
30394,533174,49
30395,533175,49
30396,533176,49
30397,533177,49
30398,533178,49
30399,533179,49
30400,533180,49
30401,533181,49
30402,533182,49
30403,533183,49
30404,533184,49
30405,533185,49
30406,533186,49
30407,533187,49
30408,533188,49
30409,533189,49
30410,533190,49
30411,533191,49
30412,533192,49
30413,533193,49
30414,533194,49
30415,533195,49
30416,533196,49
30417,533197,49
30418,533198,49
30419,533199,49
30420,533200,49
30421,533201,49
30422,533202,49
30423,533203,49
30424,533221,49
30425,533222,49
30426,533223,49
30427,533224,49
30428,533225,49
30429,533226,49
30430,533227,49
30431,533228,49
30432,533229,49
30433,533230,49
30434,533231,49
30435,533232,49
30436,533233,49
30437,533234,49
30438,533237,49
30439,533238,49
30440,533239,49
30441,533240,49
30442,533241,49
30443,533242,49
30444,533243,49
30445,533244,49
30446,533245,49
30447,533246,49
30448,533247,49
30449,533248,49
30450,533249,49
30451,533250,49
30452,533251,49
30453,533252,49
30454,533253,49
30455,533254,49
30456,533262,49
30457,533263,49
30458,533264,49
30459,533291,49
30460,533292,49
30461,533293,49
30462,533314,49
30463,533315,49
30464,533320,49
30465,533321,49
30466,533322,49
30467,533323,49
30468,533324,49
30469,533325,49
30470,533326,49
30471,533327,49
30472,533328,49
30473,533329,49
30474,533330,49
30475,533331,49
30476,533332,49
30477,533333,49
30478,533334,49
30479,533335,49
30480,533344,49
30481,533345,49
30482,533346,49
30483,533347,49
30484,533348,49
30485,533351,49
30486,533352,49
30487,533353,49
30488,533368,49
30489,533376,49
30490,533377,49
30491,533378,49
30492,533379,49
30493,533380,49
30494,533381,49
30495,533382,49
30496,533383,49
30497,533384,49
30498,533385,49
30499,533386,49
30500,533387,49
30501,533388,49
30502,533389,49
30503,533390,49
30504,533391,49
30505,533392,49
30506,533393,49
30507,533394,49
30508,533395,49
30509,533396,49
30510,533397,49
30511,533398,49
30512,533399,49
30513,533400,49
30514,533401,49
30515,533402,49
30516,533403,49
30517,533404,49
30518,533405,49
30519,533406,49
30520,533407,49
30521,533408,49
30522,533409,49
30523,533410,49
30524,533411,49
30525,533412,49
30526,533413,49
30527,533414,49
30528,533415,49
30529,533416,49
30530,533417,49
30531,533418,49
30532,533419,49
30533,533420,49
30534,533423,49
30535,533424,49
30536,533425,49
30537,533426,49
30538,533427,49
30539,533428,49
30540,533429,49
30541,533430,49
30542,533431,49
30543,533432,49
30544,533433,49
30545,533434,49
30546,533435,49
30547,533436,49
30548,533437,49
30549,533438,49
30550,533439,49
30551,533440,49
30552,533441,49
30553,533442,49
30554,533443,49
30555,533444,49
30556,533445,49
30557,533446,49
30558,533447,49
30559,533448,49
30560,533449,49
30561,533450,49
30562,533451,49
30563,533452,49
30564,533453,49
30565,533454,49
30566,533455,49
30567,533456,49
30568,533457,49
30569,533458,49
30570,533459,49
30571,533460,49
30572,533461,49
30573,533462,49
30574,533463,49
30575,533464,49
30576,533465,49
30577,533466,49
30578,533467,49
30579,533468,49
30580,533469,49
30581,533470,49
30582,533471,49
30583,533472,49
30584,533473,49
30585,533474,49
30586,533475,49
30587,533476,49
30588,533477,49
30589,533478,49
30590,533479,49
30591,533480,49
30592,533481,49
30593,533482,49
30594,533483,49
30595,533484,49
30596,533485,49
30597,533486,49
30598,533487,49
30599,533488,49
30600,533489,49
30601,533490,49
30602,533491,49
30603,533492,49
30604,533493,49
30605,533494,49
30606,533495,49
30607,533496,49
30608,533497,49
30609,533498,49
30610,533499,49
30611,533500,49
30612,533501,49
30613,533502,49
30614,533503,49
30615,533504,49
30616,533505,49
30617,533506,49
30618,533507,49
30619,533508,49
30620,533509,49
30621,533510,49
30622,533511,49
30623,533512,49
30624,533513,49
30625,533514,49
30626,533515,49
30627,533516,49
30628,533517,49
30629,533518,49
30630,533519,49
30631,533520,49
30632,533521,49
30633,533522,49
30634,533523,49
30635,533524,49
30636,533525,49
30637,533526,49
30638,533527,49
30639,533528,49
30640,533529,49
30641,533530,49
30642,533531,49
30643,533532,49
30644,533533,49
30645,533534,49
30646,533535,49
30647,533536,49
30648,533537,49
30649,533538,49
30650,533539,49
30651,533540,49
30652,533541,49
30653,533542,49
30654,533543,49
30655,533544,49
30656,533545,49
30657,533546,49
30658,533547,49
30659,533548,49
30660,533549,49
30661,533550,49
30662,533551,49
30663,533552,49
30664,533553,49
30665,533557,49
30666,533558,49
30667,533560,49
30668,533561,49
30669,533562,49
30670,533563,49
30671,533564,49
30672,533565,49
30673,533566,49
30674,533567,49
30675,533568,49
30676,533569,49
30677,533570,49
30678,533571,49
30679,533572,49
30680,533573,49
30681,533574,49
30682,533575,49
30683,533576,49
30684,533577,49
30685,533578,49
30686,533579,49
30687,533580,49
30688,533581,49
30689,533582,49
30690,533583,49
30691,533584,49
30692,533585,49
30693,533586,49
30694,533587,49
30695,533588,49
30696,533589,49
30697,533590,49
30698,533591,49
30699,533592,49
30700,533593,49
30701,533594,49
30702,533595,49
30703,533596,49
30704,533597,49
30705,533598,49
30706,533599,49
30707,533600,49
30708,533601,49
30709,533602,49
30710,533603,49
30711,533604,49
30712,533605,49
30713,533606,49
30714,533607,49
30715,533608,49
30716,533609,49
30717,533610,49
30718,533611,49
30719,533612,49
30720,533613,49
30721,533614,49
30722,533615,49
30723,533616,49
30724,533617,49
30725,533618,49
30726,533619,49
30727,533620,49
30728,533621,49
30729,533622,49
30730,533623,49
30731,533624,49
30732,533625,49
30733,533626,49
30734,533627,49
30735,533628,49
30736,533629,49
30737,533630,49
30738,533631,49
30739,533632,49
30740,533633,49
30741,533634,49
30742,533635,49
30743,533636,49
30744,533637,49
30745,533638,49
30746,533639,49
30747,533640,49
30748,533641,49
30749,533642,49
30750,533643,49
30751,533644,49
30752,533645,49
30753,533646,49
30754,533647,49
30755,533648,49
30756,533649,49
30757,533650,49
30758,533651,49
30759,533652,49
30760,533653,49
30761,533654,49
30762,533655,49
30763,533656,49
30764,533657,49
30765,533658,49
30766,533659,49
30767,533660,49
30768,533661,49
30769,533662,49
30770,533663,49
30771,533664,49
30772,533665,49
30773,533666,49
30774,533667,49
30775,533668,49
30776,533669,49
30777,533670,49
30778,533671,49
30779,533672,49
30780,533673,49
30781,533674,49
30782,533675,49
30783,533678,49
30784,533679,49
30785,533680,49
30786,533686,49
30787,533687,49
30788,533688,49
30789,533689,49
30790,533690,49
30791,533691,49
30792,533692,49
30793,533693,49
30794,533712,49
30795,533713,49
30796,533714,49
30797,533715,49
30798,533716,49
30799,533717,49
30800,533718,49
30801,533719,49
30802,533720,49
30803,533721,49
30804,533722,49
30805,533723,49
30806,533724,49
30807,533725,49
30808,533726,49
30809,533727,49
30810,533728,49
30811,533729,49
30812,533730,49
30813,533731,49
30814,533732,49
30815,533733,49
30816,533734,49
30817,533735,49
30818,533736,49
30819,533737,49
30820,534467,49
30821,534767,49
30822,534889,49
30823,534907,49
30824,534956,49
30825,534965,49
30826,535019,49
30827,535061,49
30828,535143,49
30829,535162,49
30830,535173,49
30831,535232,49
30832,535302,49
30833,535422,49
30834,535500,49
30835,535516,49
30836,535518,49
30837,535699,49
30838,535722,49
30839,535759,49
30840,535762,49
30841,535855,49
30842,535867,49
30843,535878,49
30844,536099,49
30845,536135,49
30846,536177,49
30847,536207,49
30848,536294,49
30849,536344,49
30850,536407,49
30851,536448,49
30852,536464,49
30853,536484,49
30854,536528,49
30855,536572,49
30856,536676,49
30857,536687,49
30858,536722,49
30859,536815,49
30860,536824,49
30861,536971,49
30862,537047,49
30863,537068,49
30864,537118,49
30865,537141,49
30866,537173,49
30867,537196,49
30868,537225,49
30869,537352,49
30870,537589,49
30871,537698,49
30872,537883,49
30873,537927,49
30874,538014,49
30875,538033,49
30876,538034,49
30877,538092,49
30878,538114,49
30879,538166,49
30880,538207,49
30881,538287,49
30882,538468,49
30883,538476,49
30884,538493,49
30885,538721,49
30886,538767,49
30887,538804,49
30888,538837,49
30889,539065,49
30890,539084,49
30891,539087,49
30892,539124,49
30893,539129,49
30894,539173,49
30895,539250,49
30896,539308,49
30897,539337,49
30898,539613,49
30899,539634,49
30900,539959,49
30901,540018,49
30902,540082,49
30903,540110,49
30904,540124,49
30905,540233,49
30906,540321,49
30907,540371,49
30908,540432,49
30909,540436,49
30910,540498,49
30911,540518,49
30912,540604,49
30913,540611,49
30914,540623,49
30915,540662,49
30916,540713,49
30917,540836,49
30918,541144,49
30919,541158,49
30920,541204,49
30921,541251,49
30922,541266,49
30923,541352,49
30924,541376,49
30925,541409,49
30926,541583,49
30927,541613,49
30928,541823,49
30929,541875,49
30930,541934,49
30931,542062,49
30932,542091,49
30933,542123,49
30934,542128,49
30935,542198,49
30936,542381,49
30937,542473,49
30938,542516,49
30939,542686,49
30940,542697,49
30941,542865,49
30942,542985,49
30943,543135,49
30944,543358,49
30945,543415,49
30946,543526,49
30947,543535,49
30948,544086,49
30949,544144,49
30950,544187,49
30951,544695,49
30952,544942,49
30953,545501,49
30954,545642,49
30955,545671,49
30956,545883,49
30957,545955,49
30958,546018,49
30959,546166,49
30960,546292,49
30961,546767,49
30962,546824,49
30963,546871,49
30964,546928,49
30965,546993,49
30966,547007,49
30967,547009,49
30968,547025,49
30969,547162,49
30970,547249,49
30971,547301,49
30972,547330,49
30973,547628,49
30974,547882,49
30975,547945,49
30976,548158,49
30977,548230,49
30978,548258,49
30979,548324,49
30980,548417,49
30981,548470,49
30982,548473,49
30983,548716,49
30984,548925,49
30985,548935,49
30986,549008,49
30987,549093,49
30988,549225,49
30989,549465,49
30990,549607,49
30991,549633,49
30992,549892,49
30993,549919,49
30994,549934,49
30995,549949,49
30996,549999,49
30997,550078,49
30998,550100,49
30999,550102,49
31000,550202,49
31001,550235,49
31002,550424,49
31003,550431,49
31004,550496,49
31005,550614,49
31006,550651,49
31007,550935,49
31008,551005,49
31009,551006,49
31010,551147,49
31011,551206,49
31012,551261,49
31013,551289,49
31014,551292,49
31015,551344,49
31016,551553,49
31017,551645,49
31018,551850,49
31019,552270,49
31020,552347,49
31021,552372,49
31022,552760,49
31023,552856,49
31024,552866,49
31025,552880,49
31026,552929,49
31027,552945,49
31028,553118,49
31029,553273,49
31030,553331,49
31031,553355,49
31032,553378,49
31033,553383,49
31034,553433,49
31035,553464,49
31036,553544,49
31037,553581,49
31038,553661,49
31039,553680,49
31040,553705,49
31041,553783,49
31042,553821,49
31043,553826,49
31044,553852,49
31045,553866,49
31046,553978,49
31047,553982,49
31048,554033,49
31049,554034,49
31050,554086,49
31051,554367,49
31052,554403,49
31053,554411,49
31054,554546,49
31055,554632,49
31056,554668,49
31057,554693,49
31058,554735,49
31059,554878,49
31060,554900,49
31061,555016,49
31062,555157,49
31063,555242,49
31064,555500,49
31065,555775,49
31066,555931,49
31067,555960,49
31068,555985,49
31069,556012,49
31070,556137,49
31071,556160,49
31072,556437,49
31073,556544,49
31074,556557,49
31075,556681,49
31076,556754,49
31077,556819,49
31078,556933,49
31079,557044,49
31080,557070,49
31081,557198,49
31082,557252,49
31083,557364,49
31084,557376,49
31085,557526,49
31086,557614,49
31087,557689,49
31088,557755,49
31089,557803,49
31090,557822,49
31091,557855,49
31092,557947,49
31093,557956,49
31094,558113,49
31095,558133,49
31096,558243,49
31097,558271,49
31098,558430,49
31099,558675,49
31100,558727,49
31101,558728,49
31102,558942,49
31103,559043,49
31104,559044,49
31105,559051,49
31106,559053,49
31107,559147,49
31108,559245,49
31109,559249,49
31110,559485,49
31111,559515,49
31112,559636,49
31113,559659,49
31114,559765,49
31115,559927,49
31116,559996,49
31117,560156,49
31118,560172,49
31119,560278,49
31120,560373,49
31121,560377,49
31122,560426,49
31123,560432,49
31124,560570,49
31125,560863,49
31126,560903,49
31127,561027,49
31128,561082,49
31129,561182,49
31130,561473,49
31131,561524,49
31132,561731,49
31133,561786,49
31134,562062,49
31135,562208,49
31136,562237,49
31137,562502,49
31138,562534,49
31139,562569,49
31140,562603,49
31141,562691,49
31142,562811,49
31143,562892,49
31144,563070,49
31145,563094,49
31146,563148,49
31147,563149,49
31148,563177,49
31149,563248,49
31150,563268,49
31151,563295,49
31152,563335,49
31153,563351,49
31154,563396,49
31155,563462,49
31156,563478,49
31157,563479,49
31158,563502,49
31159,563517,49
31160,563694,49
31161,563820,49
31162,563824,49
31163,563876,49
31164,563960,49
31165,564195,49
31166,564230,49
31167,564627,49
31168,564765,49
31169,564999,49
31170,565069,49
31171,565105,49
31172,565117,49
31173,565148,49
31174,565156,49
31175,565182,49
31176,565205,49
31177,565229,49
31178,565274,49
31179,565300,49
31180,565385,49
31181,565475,49
31182,565620,49
31183,565627,49
31184,565734,49
31185,565735,49
31186,565771,49
31187,565786,49
31188,565892,49
31189,565910,49
31190,566164,49
31191,566242,49
31192,566393,49
31193,566459,49
31194,566567,49
31195,566663,49
31196,566674,49
31197,566746,49
31198,566812,49
31199,566848,49
31200,566898,49
31201,566986,49
31202,567027,49
31203,567115,49
31204,567163,49
31205,567253,49
31206,567331,49
31207,567347,49
31208,567409,49
31209,567705,49
31210,567727,49
31211,567928,49
31212,568039,49
31213,568044,49
31214,568161,49
31215,568303,49
31216,568433,49
31217,568479,49
31218,568518,49
31219,568623,49
31220,568669,49
31221,568972,49
31222,569079,49
31223,569121,49
31224,569123,49
31225,569245,49
31226,569315,49
31227,569348,49
31228,569569,49
31229,569600,49
31230,569715,49
31231,569734,49
31232,569874,49
31233,569966,49
31234,570012,49
31235,570188,49
31236,570330,49
31237,570359,49
31238,570391,49
31239,570425,49
31240,570553,49
31241,570558,49
31242,570611,49
31243,570652,49
31244,570691,49
31245,570709,49
31246,570712,49
31247,570747,49
31248,570753,49
31249,570851,49
31250,570876,49
31251,570893,49
31252,570942,49
31253,571099,49
31254,571121,49
31255,571158,49
31256,571180,49
31257,571373,49
31258,571435,49
31259,571476,49
31260,571477,49
31261,571500,49
31262,571540,49
31263,571542,49
31264,571732,49
31265,571905,49
31266,571990,49
31267,571998,49
31268,572083,49
31269,572085,49
31270,572112,49
31271,572138,49
31272,572221,49
31273,572267,49
31274,572417,49
31275,572484,49
31276,572519,49
31277,572687,49
31278,572783,49
31279,572788,49
31280,572796,49
31281,572831,49
31282,572958,49
31283,572988,49
31284,573002,49
31285,573262,49
31286,573478,49
31287,573526,49
31288,573583,49
31289,573667,49
31290,573901,49
31291,573956,49
31292,574007,49
31293,574079,49
31294,574377,49
31295,574589,49
31296,574775,49
31297,575307,49
31298,575413,49
31299,576840,49
31300,576953,49
31301,577014,49
31302,577082,49
31303,577112,49
31304,577241,49
31305,577555,49
31306,577617,49
31307,577909,49
31308,577992,49
31309,578152,49
31310,578169,49
31311,578315,49
31312,578339,49
31313,578357,49
31314,578450,49
31315,578534,49
31316,578672,49
31317,578710,49
31318,578844,49
31319,579106,49
31320,579168,49
31321,579214,49
31322,579272,49
31323,579300,49
31324,579373,49
31325,579699,49
31326,579844,49
31327,579939,49
31328,580017,49
31329,580084,49
31330,580226,49
31331,580252,49
31332,580274,49
31333,580280,49
31334,580281,49
31335,580571,49
31336,580853,49
31337,580944,49
31338,581018,49
31339,581421,49
31340,581748,49
31341,581756,49
31342,581855,49
31343,582039,49
31344,582068,49
31345,582102,49
31346,582271,49
31347,582489,49
31348,582645,49
31349,582655,49
31350,582890,49
31351,582915,49
31352,582920,49
31353,582929,49
31354,582979,49
31355,583003,49
31356,583036,49
31357,583068,49
31358,583141,49
31359,583175,49
31360,583196,49
31361,583233,49
31362,583250,49
31363,583318,49
31364,583361,49
31365,583430,49
31366,583478,49
31367,583535,49
31368,583571,49
31369,583686,49
31370,583722,49
31371,583723,49
31372,583771,49
31373,583782,49
31374,583832,49
31375,583920,49
31376,583953,49
31377,584016,49
31378,584133,49
31379,584141,49
31380,584194,49
31381,584217,49
31382,584222,49
31383,584297,49
31384,584405,49
31385,584511,49
31386,584551,49
31387,584582,49
31388,584639,49
31389,584645,49
31390,584836,49
31391,584977,49
31392,585001,49
31393,585008,49
31394,585110,49
31395,585135,49
31396,585154,49
31397,585237,49
31398,585269,49
31399,585428,49
31400,585430,49
31401,585505,49
31402,585521,49
31403,585605,49
31404,585743,49
31405,585849,49
31406,585931,49
31407,586090,49
31408,586264,49
31409,586298,49
31410,586413,49
31411,586487,49
31412,586531,49
31413,586590,49
31414,586606,49
31415,586621,49
31416,586629,49
31417,586649,49
31418,586686,49
31419,586726,49
31420,586764,49
31421,586789,49
31422,586792,49
31423,586818,49
31424,586928,49
31425,586947,49
31426,587068,49
31427,587192,49
31428,587272,49
31429,587286,49
31430,587296,49
31431,587388,49
31432,587483,49
31433,587845,49
31434,587871,49
31435,588080,49
31436,588099,49
31437,588243,49
31438,588316,49
31439,588526,49
31440,588564,49
31441,588659,49
31442,588804,49
31443,588892,49
31444,589029,49
31445,589097,49
31446,589168,49
31447,589212,49
31448,589219,49
31449,589244,49
31450,589320,49
31451,589365,49
31452,589407,49
31453,589550,49
31454,589607,49
31455,589759,49
31456,589907,49
31457,590022,49
31458,590199,49
31459,590219,49
31460,590483,49
31461,590488,49
31462,590540,49
31463,590590,49
31464,590599,49
31465,590663,49
31466,590715,49
31467,590830,49
31468,590870,49
31469,591084,49
31470,591133,49
31471,591169,49
31472,591172,49
31473,591211,49
31474,591254,49
31475,591306,49
31476,591316,49
31477,591358,49
31478,591407,49
31479,591453,49
31480,591471,49
31481,591487,49
31482,591520,49
31483,591690,49
31484,591699,49
31485,591712,49
31486,591776,49
31487,591809,49
31488,591962,49
31489,591965,49
31490,592143,49
31491,592243,49
31492,592327,49
31493,592445,49
31494,592558,49
31495,592721,49
31496,592815,49
31497,592859,49
31498,592915,49
31499,592998,49
31500,593228,49
31501,593242,49
31502,593339,49
31503,593362,49
31504,593382,49
31505,593390,49
31506,593548,49
31507,593596,49
31508,593610,49
31509,593618,49
31510,593652,49
31511,593671,49
31512,593700,49
31513,593805,49
31514,594033,49
31515,594048,49
31516,594223,49
31517,594240,49
31518,594396,49
31519,594503,49
31520,594741,49
31521,594970,49
31522,595009,49
31523,595115,49
31524,595133,49
31525,595204,49
31526,595223,49
31527,595320,49
31528,595432,49
31529,595440,49
31530,595480,49
31531,595502,49
31532,595537,49
31533,595555,49
31534,595629,49
31535,595664,49
31536,595682,49
31537,595734,49
31538,595759,49
31539,595763,49
31540,595767,49
31541,595861,49
31542,595885,49
31543,595906,49
31544,596029,49
31545,596039,49
31546,596065,49
31547,596176,49
31548,596241,49
31549,596269,49
31550,596309,49
31551,596367,49
31552,596378,49
31553,596580,49
31554,596610,49
31555,596671,49
31556,596673,49
31557,596707,49
31558,596734,49
31559,596738,49
31560,596739,49
31561,596758,49
31562,597027,49
31563,597235,49
31564,597291,49
31565,597329,49
31566,597470,49
31567,597510,49
31568,597527,49
31569,597586,49
31570,597754,49
31571,597872,49
31572,597873,49
31573,597999,49
31574,598253,49
31575,598327,49
31576,598392,49
31577,598399,49
31578,598416,49
31579,598422,49
31580,598467,49
31581,598581,49
31582,598642,49
31583,598685,49
31584,598758,49
31585,598760,49
31586,598801,49
31587,598803,49
31588,598841,49
31589,598881,49
31590,598928,49
31591,599025,49
31592,599109,49
31593,599527,49
31594,599820,49
31595,599968,49
31596,599995,49
31597,600038,49
31598,600061,49
31599,600071,49
31600,600152,49
31601,600231,49
31602,600242,49
31603,600257,49
31604,600297,49
31605,600318,49
31606,600377,49
31607,600442,49
31608,600446,49
31609,600454,49
31610,600503,49
31611,600566,49
31612,600572,49
31613,600604,49
31614,600676,49
31615,600695,49
31616,600786,49
31617,600838,49
31618,600853,49
31619,600856,49
31620,600875,49
31621,600900,49
31622,600910,49
31623,601037,49
31624,601092,49
31625,601115,49
31626,601123,49
31627,601141,49
31628,601226,49
31629,601234,49
31630,601243,49
31631,601299,49
31632,601330,49
31633,601333,49
31634,601360,49
31635,601413,49
31636,601419,49
31637,601429,49
31638,601461,49
31639,601657,49
31640,601724,49
31641,601840,49
31642,602034,49
31643,602076,49
31644,602100,49
31645,602124,49
31646,602160,49
31647,602192,49
31648,602222,49
31649,602287,49
31650,602348,49
31651,602468,49
31652,602751,49
31653,602791,49
31654,602803,49
31655,602804,49
31656,602886,49
31657,602933,49
31658,602976,49
31659,602986,49
31660,603018,49
31661,603072,49
31662,603118,49
31663,603126,49
31664,603173,49
31665,603177,49
31666,603454,49
31667,603478,49
31668,603649,49
31669,603827,49
31670,603851,49
31671,603856,49
31672,604187,49
31673,604241,49
31674,604340,49
31675,604677,49
31676,604761,49
31677,604763,49
31678,605098,49
31679,605203,49
31680,605222,49
31681,605453,49
31682,605556,49
31683,605651,49
31684,605665,49
31685,606088,49
31686,606234,49
31687,606252,49
31688,606255,49
31689,606358,49
31690,606380,49
31691,606407,49
31692,606924,49
31693,606938,49
31694,607008,49
31695,607138,49
31696,607173,49
31697,607461,49
31698,607518,49
31699,607519,49
31700,607592,49
31701,607773,49
31702,607819,49
31703,607950,49
31704,607964,49
31705,607972,49
31706,608061,49
31707,608126,49
31708,608210,49
31709,608377,49
31710,608384,49
31711,608393,49
31712,608499,49
31713,608697,49
31714,608711,49
31715,609062,49
31716,609103,49
31717,609237,49
31718,609466,49
31719,609628,49
31720,609651,49
31721,609680,49
31722,609814,49
31723,609827,49
31724,609900,49
31725,609930,49
31726,609950,49
31727,610073,49
31728,610076,49
31729,610102,49
31730,610125,49
31731,610170,49
31732,610220,49
31733,610230,49
31734,610358,49
31735,610413,49
31736,610430,49
31737,610528,49
31738,610548,49
31739,610718,49
31740,610761,49
31741,610790,49
31742,610884,49
31743,610917,49
31744,611000,49
31745,611099,49
31746,611124,49
31747,611168,49
31748,611394,49
31749,611448,49
31750,611483,49
31751,611639,49
31752,611705,49
31753,611853,49
31754,612176,49
31755,612182,49
31756,612214,49
31757,612406,49
31758,612487,49
31759,612539,49
31760,612676,49
31761,612837,49
31762,612902,49
31763,612903,49
31764,613081,49
31765,613224,49
31766,613247,49
31767,613253,49
31768,613262,49
31769,613289,49
31770,613356,49
31771,613406,49
31772,613412,49
31773,613451,49
31774,613467,49
31775,613480,49
31776,613560,49
31777,613691,49
31778,613695,49
31779,613827,49
31780,613828,49
31781,613864,49
31782,613866,49
31783,613891,49
31784,613929,49
31785,614005,49
31786,614050,49
31787,614129,49
31788,614144,49
31789,614152,49
31790,614185,49
31791,614192,49
31792,614201,49
31793,614230,49
31794,614244,49
31795,614270,49
31796,614319,49
31797,614389,49
31798,614437,49
31799,614445,49
31800,614537,49
31801,614621,49
31802,614623,49
31803,614645,49
31804,614706,49
31805,614735,49
31806,614762,49
31807,614779,49
31808,614791,49
31809,614797,49
31810,614826,49
31811,614904,49
31812,614937,49
31813,615131,49
31814,615142,49
31815,615149,49
31816,615155,49
31817,615181,49
31818,615187,49
31819,615212,49
31820,615362,49
31821,615406,49
31822,615489,49
31823,615521,49
31824,615652,49
31825,615752,49
31826,615989,49
31827,616213,49
31828,616256,49
31829,616373,49
31830,616434,49
31831,616435,49
31832,616717,49
31833,616726,49
31834,616755,49
31835,616766,49
31836,616835,49
31837,616852,49
31838,616869,49
31839,616883,49
31840,616937,49
31841,617184,49
31842,617284,49
31843,617323,49
31844,617394,49
31845,617397,49
31846,617419,49
31847,617458,49
31848,617471,49
31849,617499,49
31850,617560,49
31851,617649,49
31852,617736,49
31853,617741,49
31854,617766,49
31855,617878,49
31856,617898,49
31857,617902,49
31858,617945,49
31859,617961,49
31860,618008,49
31861,618051,49
31862,618074,49
31863,618340,49
31864,618363,49
31865,618397,49
31866,618429,49
31867,618455,49
31868,618470,49
31869,618521,49
31870,618596,49
31871,618629,49
31872,618732,49
31873,618789,49
31874,618910,49
31875,618912,49
31876,618963,49
31877,619080,49
31878,619113,49
31879,619141,49
31880,619161,49
31881,619198,49
31882,619234,49
31883,619331,49
31884,619498,49
31885,619510,49
31886,619524,49
31887,619713,49
31888,619874,49
31889,619997,49
31890,620001,49
31891,620449,49
31892,620542,49
31893,620563,49
31894,620597,49
31895,620659,49
31896,620703,49
31897,620992,49
31898,621009,49
31899,621232,49
31900,621276,49
31901,621286,49
31902,621590,49
31903,621661,49
31904,621715,49
31905,621951,49
31906,621990,49
31907,622034,49
31908,622040,49
31909,622190,49
31910,622212,49
31911,622320,49
31912,622352,49
31913,622464,49
31914,622565,49
31915,622705,49
31916,622755,49
31917,623083,49
31918,623144,49
31919,623357,49
31920,623485,49
31921,623665,49
31922,623711,49
31923,623845,49
31924,623869,49
31925,623990,49
31926,624091,49
31927,624161,49
31928,624165,49
31929,624189,49
31930,624216,49
31931,624232,49
31932,624276,49
31933,624299,49
31934,624350,49
31935,624354,49
31936,624406,49
31937,624810,49
31938,624907,49
31939,625298,49
31940,625506,49
31941,625587,49
31942,625626,49
31943,625721,49
31944,625826,49
31945,625898,49
31946,625963,49
31947,626254,49
31948,626286,49
31949,626430,49
31950,626476,49
31951,626484,49
31952,626512,49
31953,626514,49
31954,626541,49
31955,626557,49
31956,626558,49
31957,626584,49
31958,626598,49
31959,626613,49
31960,626644,49
31961,626650,49
31962,626704,49
31963,626816,49
31964,626820,49
31965,626833,49
31966,626844,49
31967,626856,49
31968,626876,49
31969,626893,49
31970,626898,49
31971,626900,49
31972,627020,49
31973,627080,49
31974,627108,49
31975,627134,49
31976,627164,49
31977,627183,49
31978,627212,49
31979,627347,49
31980,627374,49
31981,627389,49
31982,627410,49
31983,627461,49
31984,627502,49
31985,627541,49
31986,627576,49
31987,627756,49
31988,627757,49
31989,627795,49
31990,628007,49
31991,628055,49
31992,628079,49
31993,628153,49
31994,628239,49
31995,628359,49
31996,628394,49
31997,628418,49
31998,628439,49
31999,628522,49
32000,628591,49
32001,628691,49
32002,628705,49
32003,628734,49
32004,628830,49
32005,628872,49
32006,629065,49
32007,629066,49
32008,629133,49
32009,629176,49
32010,629189,49
32011,629211,49
32012,629382,49
32013,629441,49
32014,629471,49
32015,629620,49
32016,629649,49
32017,629728,49
32018,629737,49
32019,629871,49
32020,629903,49
32021,629950,49
32022,629963,49
32023,629968,49
32024,630162,49
32025,630192,49
32026,630451,49
32027,630568,49
32028,630652,49
32029,630680,49
32030,630682,49
32031,630692,49
32032,630844,49
32033,630914,49
32034,630930,49
32035,630951,49
32036,630967,49
32037,631075,49
32038,631077,49
32039,631123,49
32040,631133,49
32041,631161,49
32042,631313,49
32043,631410,49
32044,631443,49
32045,631523,49
32046,631547,49
32047,631590,49
32048,631608,49
32049,631672,49
32050,631685,49
32051,631693,49
32052,631694,49
32053,631763,49
32054,631867,49
32055,631928,49
32056,631975,49
32057,632016,49
32058,632038,49
32059,632069,49
32060,632232,49
32061,632248,49
32062,632264,49
32063,632308,49
32064,632408,49
32065,632446,49
32066,632484,49
32067,632502,49
32068,632541,49
32069,632561,49
32070,632592,49
32071,632617,49
32072,632673,49
32073,632693,49
32074,632753,49
32075,632778,49
32076,632781,49
32077,632916,49
32078,632954,49
32079,633059,49
32080,633092,49
32081,633136,49
32082,633245,49
32083,633345,49
32084,633357,49
32085,633453,49
32086,633479,49
32087,633563,49
32088,633614,49
32089,633728,49
32090,634122,49
32091,634430,49
32092,634570,49
32093,634690,49
32094,634990,49
32095,635356,49
32096,635418,49
32097,635733,49
32098,635819,49
32099,635952,49
32100,636203,49
32101,636268,49
32102,636405,49
32103,636536,49
32104,636541,49
32105,636822,49
32106,636835,49
32107,636949,49
32108,637210,49
32109,637284,49
32110,637357,49
32111,637392,49
32112,637436,49
32113,637500,49
32114,637632,49
32115,637704,49
32116,637932,49
32117,638103,49
32118,638129,49
32119,638131,49
32120,638305,49
32121,638434,49
32122,638538,49
32123,638585,49
32124,638648,49
32125,638844,49
32126,638875,49
32127,639134,49
32128,639188,49
32129,639193,49
32130,639226,49
32131,639538,49
32132,639545,49
32133,639569,49
32134,639608,49
32135,639709,49
32136,639837,49
32137,639880,49
32138,639915,49
32139,639949,49
32140,640057,49
32141,640081,49
32142,640092,49
32143,640127,49
32144,640173,49
32145,640197,49
32146,640233,49
32147,640274,49
32148,640453,49
32149,640518,49
32150,640583,49
32151,640600,49
32152,640663,49
32153,640708,49
32154,640764,49
32155,640856,49
32156,640992,49
32157,641083,49
32158,641204,49
32159,641431,49
32160,641499,49
32161,641600,49
32162,641617,49
32163,641670,49
32164,641889,49
32165,641951,49
32166,642015,49
32167,642077,49
32168,642186,49
32169,642240,49
32170,642307,49
32171,642669,49
32172,642956,49
32173,643177,49
32174,643330,49
32175,643444,49
32176,643490,49
32177,643523,49
32178,643589,49
32179,643634,49
32180,643758,49
32181,643885,49
32182,643938,49
32183,643960,49
32184,643976,49
32185,644019,49
32186,644061,49
32187,644095,49
32188,644125,49
32189,644145,49
32190,644159,49
32191,644367,49
32192,644402,49
32193,644585,49
32194,644642,49
32195,644700,49
32196,644716,49
32197,644783,49
32198,644949,49
32199,645090,49
32200,645162,49
32201,645275,49
32202,645295,49
32203,645407,49
32204,645454,49
32205,645500,49
32206,645536,49
32207,645604,49
32208,645672,49
32209,645711,49
32210,645713,49
32211,645880,49
32212,645925,49
32213,645945,49
32214,646012,49
32215,646243,49
32216,646264,49
32217,646275,49
32218,646288,49
32219,646296,49
32220,646417,49
32221,646435,49
32222,646696,49
32223,646701,49
32224,646770,49
32225,646832,49
32226,646876,49
32227,646930,49
32228,646998,49
32229,647243,49
32230,647307,49
32231,647364,49
32232,647405,49
32233,647439,49
32234,647462,49
32235,647572,49
32236,647658,49
32237,647680,49
32238,647829,49
32239,647906,49
32240,648009,49
32241,648089,49
32242,648206,49
32243,648219,49
32244,648226,49
32245,648243,49
32246,648363,49
32247,648460,49
32248,648551,49
32249,648609,49
32250,648641,49
32251,648649,49
32252,648669,49
32253,648726,49
32254,648727,49
32255,648731,49
32256,648838,49
32257,648858,49
32258,648896,49
32259,648904,49
32260,649156,49
32261,649192,49
32262,649245,49
32263,649251,49
32264,649324,49
32265,649493,49
32266,649666,49
32267,649737,49
32268,649824,49
32269,649989,49
32270,650061,49
32271,650120,49
32272,650220,49
32273,650273,49
32274,650362,49
32275,650639,49
32276,650743,49
32277,650763,49
32278,650825,49
32279,650971,49
32280,650997,49
32281,651205,49
32282,651226,49
32283,651244,49
32284,651350,49
32285,651436,49
32286,651445,49
32287,651453,49
32288,651592,49
32289,651719,49
32290,651842,49
32291,651974,49
32292,651991,49
32293,652104,49
32294,652204,49
32295,652232,49
32296,652538,49
32297,652631,49
32298,652799,49
32299,653016,49
32300,653041,49
32301,653067,49
32302,653131,49
32303,653141,49
32304,653154,49
32305,653163,49
32306,653207,49
32307,653212,49
32308,653254,49
32309,653288,49
32310,653471,49
32311,653626,49
32312,653775,49
32313,653838,49
32314,653913,49
32315,653921,49
32316,654267,49
32317,654274,49
32318,654399,49
32319,654491,49
32320,654641,49
32321,654649,49
32322,654651,49
32323,655317,49
32324,655568,49
32325,655592,49
32326,655816,49
32327,655938,49
32328,656000,49
32329,656150,49
32330,656281,49
32331,656282,49
32332,656288,49
32333,656325,49
32334,656362,49
32335,656472,49
32336,656475,49
32337,656495,49
32338,656599,49
32339,656688,49
32340,656718,49
32341,656757,49
32342,656774,49
32343,656784,49
32344,656791,49
32345,656847,49
32346,656858,49
32347,656866,49
32348,656869,49
32349,656871,49
32350,656874,49
32351,657070,49
32352,657129,49
32353,657148,49
32354,657159,49
32355,657173,49
32356,657212,49
32357,657241,49
32358,657257,49
32359,657280,49
32360,657297,49
32361,657330,49
32362,657333,49
32363,657427,49
32364,657451,49
32365,657499,49
32366,657584,49
32367,657755,49
32368,657804,49
32369,657945,49
32370,658063,49
32371,658086,49
32372,658145,49
32373,658202,49
32374,658254,49
32375,658354,49
32376,658424,49
32377,658478,49
32378,658631,49
32379,658653,49
32380,658829,49
32381,658969,49
32382,659089,49
32383,659141,49
32384,659342,49
32385,659407,49
32386,659488,49
32387,659504,49
32388,659522,49
32389,659649,49
32390,659683,49
32391,659806,49
32392,659882,49
32393,660006,49
32394,660104,49
32395,660138,49
32396,660305,49
32397,660306,49
32398,660320,49
32399,660322,49
32400,660416,49
32401,660482,49
32402,660497,49
32403,660555,49
32404,660592,49
32405,660690,49
32406,660693,49
32407,660721,49
32408,660812,49
32409,660871,49
32410,660884,49
32411,660901,49
32412,660972,49
32413,661068,49
32414,661074,49
32415,661103,49
32416,661134,49
32417,661177,49
32418,661178,49
32419,661198,49
32420,661202,49
32421,661306,49
32422,661379,49
32423,661397,49
32424,661425,49
32425,661432,49
32426,661437,49
32427,661586,49
32428,661594,49
32429,661622,49
32430,661632,49
32431,661657,49
32432,661660,49
32433,661667,49
32434,661669,49
32435,661719,49
32436,661923,49
32437,661963,49
32438,662001,49
32439,662020,49
32440,662089,49
32441,662097,49
32442,662167,49
32443,662186,49
32444,662249,49
32445,662379,49
32446,662509,49
32447,662510,49
32448,662763,49
32449,662845,49
32450,662855,49
32451,662924,49
32452,662983,49
32453,663052,49
32454,663129,49
32455,663137,49
32456,663142,49
32457,663269,49
32458,663274,49
32459,663357,49
32460,663393,49
32461,663394,49
32462,663464,49
32463,663571,49
32464,663653,49
32465,663773,49
32466,664010,49
32467,664013,49
32468,664046,49
32469,664052,49
32470,664082,49
32471,664161,49
32472,664222,49
32473,664378,49
32474,664671,49
32475,664673,49
32476,664677,49
32477,664865,49
32478,665621,49
32479,665806,49
32480,665838,49
32481,665907,49
32482,665908,49
32483,666071,49
32484,666187,49
32485,666200,49
32486,666238,49
32487,666269,49
32488,666466,49
32489,666625,49
32490,666726,49
32491,666963,49
32492,667150,49
32493,667163,49
32494,667518,49
32495,667540,49
32496,667552,49
32497,667819,49
32498,667984,49
32499,668323,49
32500,668341,49
32501,668414,49
32502,668498,49
32503,668551,49
32504,668612,49
32505,668621,49
32506,668725,49
32507,668729,49
32508,668932,49
32509,669054,49
32510,669088,49
32511,669099,49
32512,669140,49
32513,669513,49
32514,669912,49
32515,670026,49
32516,670149,49
32517,670308,49
32518,670373,49
32519,670449,49
32520,670481,49
32521,670486,49
32522,670835,49
32523,670879,49
32524,670923,49
32525,670947,49
32526,670958,49
32527,671027,49
32528,671045,49
32529,671095,49
32530,671135,49
32531,671139,49
32532,671142,49
32533,671205,49
32534,671229,49
32535,671282,49
32536,671466,49
32537,671472,49
32538,671537,49
32539,671677,49
32540,671688,49
32541,671749,49
32542,671784,49
32543,671921,49
32544,671939,49
32545,672136,49
32546,672236,49
32547,672528,49
32548,672877,49
32549,672982,49
32550,673011,49
32551,673210,49
32552,673218,49
32553,673308,49
32554,673436,49
32555,673709,49
32556,673748,49
32557,673872,49
32558,674024,49
32559,674098,49
32560,674147,49
32561,674252,49
32562,674271,49
32563,674290,49
32564,674390,49
32565,674518,49
32566,674636,49
32567,674697,49
32568,674734,49
32569,674827,49
32570,674839,49
32571,674883,49
32572,674960,49
32573,675106,49
32574,675144,49
32575,675157,49
32576,675174,49
32577,675206,49
32578,675224,49
32579,675237,49
32580,675253,49
32581,675281,49
32582,675418,49
32583,675467,49
32584,675495,49
32585,675552,49
32586,675567,49
32587,675596,49
32588,675597,49
32589,675620,49
32590,675644,49
32591,675667,49
32592,675809,49
32593,675919,49
32594,676010,49
32595,676016,49
32596,676075,49
32597,676292,49
32598,676369,49
32599,676547,49
32600,676561,49
32601,676573,49
32602,676696,49
32603,676700,49
32604,676737,49
32605,676751,49
32606,676982,49
32607,677093,49
32608,677143,49
32609,677286,49
32610,677333,49
32611,677382,49
32612,677457,49
32613,677485,49
32614,677547,49
32615,677627,49
32616,677695,49
32617,677835,49
32618,677878,49
32619,677906,49
32620,677957,49
32621,678062,49
32622,678194,49
32623,678197,49
32624,678209,49
32625,678376,49
32626,678436,49
32627,678448,49
32628,678498,49
32629,678506,49
32630,678549,49
32631,678598,49
32632,678635,49
32633,678658,49
32634,678737,49
32635,678870,49
32636,678944,49
32637,679004,49
32638,679014,49
32639,679090,49
32640,679091,49
32641,679191,49
32642,679204,49
32643,679262,49
32644,679283,49
32645,679297,49
32646,679300,49
32647,679374,49
32648,679377,49
32649,679428,49
32650,679512,49
32651,679581,49
32652,679615,49
32653,679824,49
32654,679839,49
32655,679951,49
32656,680025,49
32657,680088,49
32658,680450,49
32659,680476,49
32660,680572,49
32661,680617,49
32662,681020,49
32663,681067,49
32664,681325,49
32665,681388,49
32666,681507,49
32667,681546,49
32668,681662,49
32669,681708,49
32670,681823,49
32671,681870,49
32672,681985,49
32673,682064,49
32674,682197,49
32675,682229,49
32676,682323,49
32677,682380,49
32678,682519,49
32679,682620,49
32680,682820,49
32681,683044,49
32682,683107,49
32683,683173,49
32684,683349,49
32685,683366,49
32686,683412,49
32687,683484,49
32688,683491,49
32689,683626,49
32690,683629,49
32691,683750,49
32692,683753,49
32693,683770,49
32694,683804,49
32695,683837,49
32696,683866,49
32697,683967,49
32698,683987,49
32699,684076,49
32700,684165,49
32701,684176,49
32702,684303,49
32703,684307,49
32704,684414,49
32705,684424,49
32706,684483,49
32707,684559,49
32708,684738,49
32709,684787,49
32710,684936,49
32711,684982,49
32712,685033,49
32713,685362,49
32714,685382,49
32715,685618,49
32716,685628,49
32717,685819,49
32718,686044,49
32719,686197,49
32720,686258,49
32721,686492,49
32722,686497,49
32723,686675,49
32724,686715,49
32725,686747,49
32726,686751,49
32727,686765,49
32728,686805,49
32729,686830,49
32730,686838,49
32731,686862,49
32732,686884,49
32733,686965,49
32734,686976,49
32735,687038,49
32736,687097,49
32737,687169,49
32738,687183,49
32739,687275,49
32740,687303,49
32741,687320,49
32742,687342,49
32743,687359,49
32744,687364,49
32745,687395,49
32746,687446,49
32747,687511,49
32748,687524,49
32749,687551,49
32750,687552,49
32751,687562,49
32752,687579,49
32753,687646,49
32754,687696,49
32755,687703,49
32756,687842,49
32757,687880,49
32758,687962,49
32759,688031,49
32760,688119,49
32761,688133,49
32762,688178,49
32763,688197,49
32764,688319,49
32765,688362,49
32766,688419,49
32767,688431,49
32768,688486,49
32769,688495,49
32770,688524,49
32771,688534,49
32772,688570,49
32773,688575,49
32774,688589,49
32775,688628,49
32776,688629,49
32777,688716,49
32778,688723,49
32779,688741,49
32780,688810,49
32781,688900,49
32782,689013,49
32783,689031,49
32784,689320,49
32785,689342,49
32786,689619,49
32787,689633,49
32788,689808,49
32789,690109,49
32790,690120,49
32791,690316,49
32792,690372,49
32793,690410,49
32794,690561,49
32795,690645,49
32796,690801,49
32797,690809,49
32798,690812,49
32799,690849,49
32800,690867,49
32801,691127,49
32802,691227,49
32803,691256,49
32804,691263,49
32805,691368,49
32806,691444,49
32807,691484,49
32808,691523,49
32809,691549,49
32810,691573,49
32811,691621,49
32812,691623,49
32813,691733,49
32814,691875,49
32815,691879,49
32816,691909,49
32817,691928,49
32818,691962,49
32819,691999,49
32820,692064,49
32821,692121,49
32822,692129,49
32823,692133,49
32824,692159,49
32825,692241,49
32826,692456,49
32827,692507,49
32828,692637,49
32829,692726,49
32830,692739,49
32831,692748,49
32832,692907,49
32833,692934,49
32834,692958,49
32835,692994,49
32836,693109,49
32837,693129,49
32838,693130,49
32839,693168,49
32840,693173,49
32841,693196,49
32842,693289,49
32843,693384,49
32844,693469,49
32845,693549,49
32846,693754,49
32847,693766,49
32848,693785,49
32849,693826,49
32850,693889,49
32851,693900,49
32852,694106,49
32853,694210,49
32854,694233,49
32855,694291,49
32856,694329,49
32857,694337,49
32858,694453,49
32859,694566,49
32860,694573,49
32861,694585,49
32862,694676,49
32863,695312,49
32864,695325,49
32865,695341,49
32866,695574,49
32867,695690,49
32868,695715,49
32869,695762,49
32870,695789,49
32871,695804,49
32872,695962,49
32873,696000,49
32874,696047,49
32875,696351,49
32876,696416,49
32877,696583,49
32878,696619,49
32879,696940,49
32880,697287,49
32881,697374,49
32882,697550,49
32883,697670,49
32884,697711,49
32885,697745,49
32886,697764,49
32887,697969,49
32888,698177,49
32889,698234,49
32890,698334,49
32891,698436,49
32892,698879,49
32893,698883,49
32894,698956,49
32895,699112,49
32896,699142,49
32897,699330,49
32898,699418,49
32899,699484,49
32900,699569,49
32901,699593,49
32902,699601,49
32903,699796,49
32904,699822,49
32905,699882,49
32906,699949,49
32907,700075,49
32908,700320,49
32909,700571,49
32910,700641,49
32911,700729,49
32912,700819,49
32913,700852,49
32914,700905,49
32915,700934,49
32916,700951,49
32917,701062,49
32918,701071,49
32919,701078,49
32920,701103,49
32921,701113,49
32922,701156,49
32923,701157,49
32924,701165,49
32925,701277,49
32926,701313,49
32927,701328,49
32928,701450,49
32929,701496,49
32930,701792,49
32931,701932,49
32932,702029,49
32933,702090,49
32934,702268,49
32935,702400,49
32936,702691,49
32937,702811,49
32938,702825,49
32939,702883,49
32940,703080,49
32941,703137,49
32942,703554,49
32943,703617,49
32944,703714,49
32945,703813,49
32946,703943,49
32947,704057,49
32948,704411,49
32949,704496,49
32950,704502,49
32951,704535,49
32952,704576,49
32953,704675,49
32954,704685,49
32955,704797,49
32956,704936,49
32957,704938,49
32958,704988,49
32959,705063,49
32960,705083,49
32961,705115,49
32962,705150,49
32963,705160,49
32964,705196,49
32965,705212,49
32966,705230,49
32967,705289,49
32968,705412,49
32969,705459,49
32970,705486,49
32971,705488,49
32972,705514,49
32973,705554,49
32974,705561,49
32975,705615,49
32976,705629,49
32977,705632,49
32978,705661,49
32979,705695,49
32980,705754,49
32981,705771,49
32982,705773,49
32983,705788,49
32984,705885,49
32985,705903,49
32986,705905,49
32987,706011,49
32988,706122,49
32989,706194,49
32990,706239,49
32991,706382,49
32992,706409,49
32993,706462,49
32994,706477,49
32995,706491,49
32996,706516,49
32997,706545,49
32998,706561,49
32999,706600,49
33000,706732,49
33001,706759,49
33002,706796,49
33003,706951,49
33004,707059,49
33005,707575,49
33006,707683,49
33007,707765,49
33008,707863,49
33009,707895,49
33010,707975,49
33011,708128,49
33012,708164,49
33013,708336,49
33014,708386,49
33015,708452,49
33016,708493,49
33017,708502,49
33018,708506,49
33019,708617,49
33020,708630,49
33021,708841,49
33022,708881,49
33023,708975,49
33024,709119,49
33025,709132,49
33026,709168,49
33027,709184,49
33028,709317,49
33029,709332,49
33030,709394,49
33031,709411,49
33032,709469,49
33033,709572,49
33034,709683,49
33035,709692,49
33036,709775,49
33037,709783,49
33038,709807,49
33039,709835,49
33040,709915,49
33041,710105,49
33042,710161,49
33043,710192,49
33044,710208,49
33045,710316,49
33046,710454,49
33047,710648,49
33048,710713,49
33049,710751,49
33050,710782,49
33051,710787,49
33052,710865,49
33053,710980,49
33054,711038,49
33055,711293,49
33056,711361,49
33057,711513,49
33058,711618,49
33059,711701,49
33060,711881,49
33061,711891,49
33062,712030,49
33063,712111,49
33064,712129,49
33065,712163,49
33066,712198,49
33067,712334,49
33068,712526,49
33069,712659,49
33070,712701,49
33071,712827,49
33072,712836,49
33073,712945,49
33074,713046,49
33075,713188,49
33076,713193,49
33077,713341,49
33078,713398,49
33079,713448,49
33080,713471,49
33081,713501,49
33082,713574,49
33083,713639,49
33084,713771,49
33085,713999,49
33086,714018,49
33087,714166,49
33088,714257,49
33089,714290,49
33090,714293,49
33091,714295,49
33092,714496,49
33093,714519,49
33094,714534,49
33095,714623,49
33096,714682,49
33097,714693,49
33098,714816,49
33099,714899,49
33100,715029,49
33101,716163,49
33102,716238,49
33103,716419,49
33104,716630,49
33105,716662,49
33106,716790,49
33107,716876,49
33108,716987,49
33109,717039,49
33110,717041,49
33111,717057,49
33112,717074,49
33113,717101,49
33114,717102,49
33115,717105,49
33116,717113,49
33117,717202,49
33118,717206,49
33119,717237,49
33120,717240,49
33121,717257,49
33122,717267,49
33123,717280,49
33124,717283,49
33125,717289,49
33126,717321,49
33127,717330,49
33128,717397,49
33129,717401,49
33130,717406,49
33131,717433,49
33132,717457,49
33133,717460,49
33134,717500,49
33135,717531,49
33136,717551,49
33137,717623,49
33138,717637,49
33139,717708,49
33140,717725,49
33141,717756,49
33142,717803,49
33143,717855,49
33144,717865,49
33145,718241,49
33146,718263,49
33147,718302,49
33148,718358,49
33149,718395,49
33150,718455,49
33151,718461,49
33152,718487,49
33153,718539,49
33154,718552,49
33155,718676,49
33156,718697,49
33157,718808,49
33158,718862,49
33159,719012,49
33160,719120,49
33161,719172,49
33162,719339,49
33163,719417,49
33164,719446,49
33165,719495,49
33166,719508,49
33167,719522,49
33168,719572,49
33169,719605,49
33170,719744,49
33171,719818,49
33172,719996,49
33173,720081,49
33174,720242,49
33175,720333,49
33176,720391,49
33177,720422,49
33178,720461,49
33179,720533,49
33180,720540,49
33181,720631,49
33182,720738,49
33183,720780,49
33184,720828,49
33185,720843,49
33186,720859,49
33187,720875,49
33188,720959,49
33189,720971,49
33190,721044,49
33191,721088,49
33192,721090,49
33193,721160,49
33194,721270,49
33195,721319,49
33196,721439,49
33197,721508,49
33198,721590,49
33199,721645,49
33200,721676,49
33201,721704,49
33202,721816,49
33203,721878,49
33204,721918,49
33205,722063,49
33206,722095,49
33207,722180,49
33208,722182,49
33209,722211,49
33210,722258,49
33211,722321,49
33212,722369,49
33213,722410,49
33214,722470,49
33215,722561,49
33216,722601,49
33217,722609,49
33218,722672,49
33219,722675,49
33220,722746,49
33221,722785,49
33222,722786,49
33223,723052,49
33224,723173,49
33225,723572,49
33226,723595,49
33227,723633,49
33228,723655,49
33229,723688,49
33230,723694,49
33231,723752,49
33232,723869,49
33233,723993,49
33234,724036,49
33235,724116,49
33236,724141,49
33237,724272,49
33238,724303,49
33239,724432,49
33240,724588,49
33241,724618,49
33242,724771,49
33243,724868,49
33244,724872,49
33245,724888,49
33246,724993,49
33247,725273,49
33248,725619,49
33249,725880,49
33250,726213,49
33251,726264,49
33252,726410,49
33253,726491,49
33254,726513,49
33255,726607,49
33256,726698,49
33257,726929,49
33258,727036,49
33259,727282,49
33260,727349,49
33261,727447,49
33262,727588,49
33263,727771,49
33264,727782,49
33265,727965,49
33266,728009,49
33267,728043,49
33268,728135,49
33269,728256,49
33270,728297,49
33271,728537,49
33272,728684,49
33273,728998,49
33274,729010,49
33275,729067,49
33276,729122,49
33277,729146,49
33278,729404,49
33279,729602,49
33280,729870,49
33281,729886,49
33282,730118,49
33283,730407,49
33284,730510,49
33285,730554,49
33286,730603,49
33287,730622,49
33288,730737,49
33289,730823,49
33290,730833,49
33291,730879,49
33292,730902,49
33293,730964,49
33294,731051,49
33295,731076,49
33296,731164,49
33297,731197,49
33298,731401,49
33299,731473,49
33300,731484,49
33301,731513,49
33302,731538,49
33303,731631,49
33304,731732,49
33305,731775,49
33306,731900,49
33307,731912,49
33308,732059,49
33309,732393,49
33310,732417,49
33311,732531,49
33312,732534,49
33313,732621,49
33314,733010,49
33315,733164,49
33316,733210,49
33317,733590,49
33318,733612,49
33319,733674,49
33320,733725,49
33321,733776,49
33322,733832,49
33323,733840,49
33324,734052,49
33325,734355,49
33326,734359,49
33327,734473,49
33328,734504,49
33329,734741,49
33330,734750,49
33331,734774,49
33332,734799,49
33333,734812,49
33334,734934,49
33335,734958,49
33336,734977,49
33337,734980,49
33338,735029,49
33339,735073,49
33340,735140,49
33341,735202,49
33342,735358,49
33343,735359,49
33344,735381,49
33345,735411,49
33346,735509,49
33347,735568,49
33348,735575,49
33349,735594,49
33350,735609,49
33351,735630,49
33352,735759,49
33353,735764,49
33354,736055,49
33355,736317,49
33356,736336,49
33357,736351,49
33358,736409,49
33359,736458,49
33360,736544,49
33361,736574,49
33362,736617,49
33363,736626,49
33364,736770,49
33365,736957,49
33366,737019,49
33367,737097,49
33368,737217,49
33369,737240,49
33370,737342,49
33371,737432,49
33372,737448,49
33373,737672,49
33374,737768,49
33375,737792,49
33376,737838,49
33377,737863,49
33378,737864,49
33379,737944,49
33380,738028,49
33381,738154,49
33382,738213,49
33383,738236,49
33384,738294,49
33385,738312,49
33386,738495,49
33387,738518,49
33388,738634,49
33389,738687,49
33390,738694,49
33391,738752,49
33392,738920,49
33393,738926,49
33394,738942,49
33395,738983,49
33396,739074,49
33397,739128,49
33398,739201,49
33399,739212,49
33400,739228,49
33401,739351,49
33402,739372,49
33403,739477,49
33404,739495,49
33405,739577,49
33406,739858,49
33407,739860,49
33408,740025,49
33409,740183,49
33410,740486,49
33411,740570,49
33412,740738,49
33413,740918,49
33414,741019,49
33415,741127,49
33416,741224,49
33417,741476,49
33418,741493,49
33419,741540,49
33420,741663,49
33421,741701,49
33422,741716,49
33423,741725,49
33424,741806,49
33425,741863,49
33426,741952,49
33427,742199,49
33428,742289,49
33429,742436,49
33430,742454,49
33431,742516,49
33432,742625,49
33433,742628,49
33434,742645,49
33435,742700,49
33436,742720,49
33437,742783,49
33438,742794,49
33439,742845,49
33440,742864,49
33441,743201,49
33442,743302,49
33443,743350,49
33444,743400,49
33445,743421,49
33446,743448,49
33447,743477,49
33448,743594,49
33449,743760,49
33450,743840,49
33451,743884,49
33452,743963,49
33453,743969,49
33454,743985,49
33455,743998,49
33456,744051,49
33457,744071,49
33458,744132,49
33459,744133,49
33460,744168,49
33461,744197,49
33462,744285,49
33463,744299,49
33464,744394,49
33465,744435,49
33466,744459,49
33467,744485,49
33468,744503,49
33469,744598,49
33470,744646,49
33471,744650,49
33472,744654,49
33473,744814,49
33474,744835,49
33475,744916,49
33476,745015,49
33477,745116,49
33478,745191,49
33479,745321,49
33480,745437,49
33481,745932,49
33482,746155,49
33483,746435,49
33484,746624,49
33485,747007,49
33486,747075,49
33487,747192,49
33488,747296,49
33489,747325,49
33490,747395,49
33491,747400,49
33492,747409,49
33493,747439,49
33494,747482,49
33495,747487,49
33496,747492,49
33497,747504,49
33498,747505,49
33499,747604,49
33500,747631,49
33501,747642,49
33502,747754,49
33503,747786,49
33504,747793,49
33505,747852,49
33506,747861,49
33507,747872,49
33508,747876,49
33509,747901,49
33510,747904,49
33511,747914,49
33512,747938,49
33513,747978,49
33514,748073,49
33515,748083,49
33516,748092,49
33517,748107,49
33518,748207,49
33519,748288,49
33520,748337,49
33521,748352,49
33522,748503,49
33523,748509,49
33524,748620,49
33525,748704,49
33526,748788,49
33527,748815,49
33528,748819,49
33529,748889,49
33530,748942,49
33531,749025,49
33532,749092,49
33533,749190,49
33534,749486,49
33535,749494,49
33536,749696,49
33537,749726,49
33538,749785,49
33539,749802,49
33540,749869,49
33541,749900,49
33542,749916,49
33543,749982,49
33544,749984,49
33545,750016,49
33546,750332,49
33547,750470,49
33548,750848,49
33549,751037,49
33550,751062,49
33551,751237,49
33552,751293,49
33553,751305,49
33554,751405,49
33555,751494,49
33556,751580,49
33557,751635,49
33558,751691,49
33559,751911,49
33560,751922,49
33561,751967,49
33562,751981,49
33563,752046,49
33564,752098,49
33565,752233,49
33566,752237,49
33567,752317,49
33568,752354,49
33569,752374,49
33570,752390,49
33571,752431,49
33572,752446,49
33573,752562,49
33574,752564,49
33575,752580,49
33576,752730,49
33577,752774,49
33578,752804,49
33579,752832,49
33580,752835,49
33581,752890,49
33582,752904,49
33583,752984,49
33584,753182,49
33585,753251,49
33586,753282,49
33587,753329,49
33588,753376,49
33589,753639,49
33590,753647,49
33591,753662,49
33592,753738,49
33593,753818,49
33594,753844,49
33595,753870,49
33596,753894,49
33597,754059,49
33598,754212,49
33599,754260,49
33600,754332,49
33601,754428,49
33602,754456,49
33603,754637,49
33604,754723,49
33605,754802,49
33606,755090,49
33607,755114,49
33608,755417,49
33609,755430,49
33610,755436,49
33611,755440,49
33612,755532,49
33613,755621,49
33614,755669,49
33615,755870,49
33616,755925,49
33617,756019,49
33618,756176,49
33619,756178,49
33620,756340,49
33621,756587,49
33622,756800,49
33623,756810,49
33624,756878,49
33625,756971,49
33626,757550,49
33627,757558,49
33628,757605,49
33629,757625,49
33630,757795,49
33631,757828,49
33632,758129,49
33633,758222,49
33634,758571,49
33635,758588,49
33636,758614,49
33637,758768,49
33638,758797,49
33639,758918,49
33640,758919,49
33641,759048,49
33642,759094,49
33643,759157,49
33644,759241,49
33645,759242,49
33646,759289,49
33647,759301,49
33648,759330,49
33649,759406,49
33650,759506,49
33651,759699,49
33652,759753,49
33653,759815,49
33654,760114,49
33655,760123,49
33656,760240,49
33657,760428,49
33658,760431,49
33659,760447,49
33660,760528,49
33661,760568,49
33662,760611,49
33663,760669,49
33664,760698,49
33665,760699,49
33666,760857,49
33667,760879,49
33668,760991,49
33669,761039,49
33670,761060,49
33671,761085,49
33672,761225,49
33673,761315,49
33674,761325,49
33675,761349,49
33676,761375,49
33677,761395,49
33678,761465,49
33679,761506,49
33680,761570,49
33681,761580,49
33682,761779,49
33683,761909,49
33684,762194,49
33685,762285,49
33686,762350,49
33687,762657,49
33688,762670,49
33689,762799,49
33690,762861,49
33691,763272,49
33692,763380,49
33693,763602,49
33694,763879,49
33695,763880,49
33696,763951,49
33697,763970,49
33698,764037,49
33699,764083,49
33700,764328,49
33701,764345,49
33702,764352,49
33703,764666,49
33704,764702,49
33705,764759,49
33706,764785,49
33707,764816,49
33708,764835,49
33709,764864,49
33710,764868,49
33711,764895,49
33712,764922,49
33713,764992,49
33714,765004,49
33715,765183,49
33716,765262,49
33717,765302,49
33718,765348,49
33719,765357,49
33720,765593,49
33721,765691,49
33722,765733,49
33723,765772,49
33724,765887,49
33725,766180,49
33726,766197,49
33727,766230,49
33728,766283,49
33729,766338,49
33730,766345,49
33731,766360,49
33732,766454,49
33733,766532,49
33734,766689,49
33735,766709,49
33736,766803,49
33737,766809,49
33738,766866,49
33739,766924,49
33740,767084,49
33741,767219,49
33742,767289,49
33743,767305,49
33744,767525,49
33745,767587,49
33746,767729,49
33747,767751,49
33748,767768,49
33749,767934,49
33750,768002,49
33751,768038,49
33752,768063,49
33753,768073,49
33754,768100,49
33755,768172,49
33756,768200,49
33757,768224,49
33758,768243,49
33759,768470,49
33760,768640,49
33761,768667,49
33762,768722,49
33763,768875,49
33764,768965,49
33765,768985,49
33766,769149,49
33767,769200,49
33768,769244,49
33769,769345,49
33770,769436,49
33771,769572,49
33772,769596,49
33773,769615,49
33774,769626,49
33775,769674,49
33776,769801,49
33777,769887,49
33778,769973,49
33779,769986,49
33780,769988,49
33781,770008,49
33782,770037,49
33783,770057,49
33784,770114,49
33785,770136,49
33786,770144,49
33787,770172,49
33788,770231,49
33789,770271,49
33790,770405,49
33791,770526,49
33792,770607,49
33793,770776,49
33794,770814,49
33795,771237,49
33796,771315,49
33797,771402,49
33798,771694,49
33799,771866,49
33800,771893,49
33801,771949,49
33802,772150,49
33803,772262,49
33804,772546,49
33805,772551,49
33806,772594,49
33807,772626,49
33808,772657,49
33809,772715,49
33810,772889,49
33811,772921,49
33812,772957,49
33813,773087,49
33814,773153,49
33815,773301,49
33816,773371,49
33817,773398,49
33818,773420,49
33819,773868,49
33820,773948,49
33821,773969,49
33822,773974,49
33823,773991,49
33824,774211,49
33825,774289,49
33826,774311,49
33827,774326,49
33828,774336,49
33829,774396,49
33830,774403,49
33831,774424,49
33832,774460,49
33833,774485,49
33834,774566,49
33835,774610,49
33836,774620,49
33837,774761,49
33838,774842,49
33839,774946,49
33840,774956,49
33841,774972,49
33842,775041,49
33843,775051,49
33844,775196,49
33845,775417,49
33846,775462,49
33847,775538,49
33848,775540,49
33849,775584,49
33850,775636,49
33851,775652,49
33852,775839,49
33853,775885,49
33854,775917,49
33855,775951,49
33856,775988,49
33857,776015,49
33858,776051,49
33859,776118,49
33860,776124,49
33861,776205,49
33862,776345,49
33863,776810,49
33864,777000,49
33865,777053,49
33866,777077,49
33867,777230,49
33868,777254,49
33869,777322,49
33870,777461,49
33871,777586,49
33872,777620,49
33873,777654,49
33874,777799,49
33875,777820,49
33876,777868,49
33877,777989,49
33878,778021,49
33879,778037,49
33880,778094,49
33881,778158,49
33882,778213,49
33883,778501,49
33884,778525,49
33885,778605,49
33886,778722,49
33887,778723,49
33888,778753,49
33889,778760,49
33890,778796,49
33891,778850,49
33892,778873,49
33893,778909,49
33894,778959,49
33895,778963,49
33896,778991,49
33897,779109,49
33898,779121,49
33899,779326,49
33900,779340,49
33901,779355,49
33902,779478,49
33903,779701,49
33904,779895,49
33905,779898,49
33906,779920,49
33907,780008,49
33908,780010,49
33909,780162,49
33910,780199,49
33911,780349,49
33912,780375,49
33913,780443,49
33914,780556,49
33915,780560,49
33916,780704,49
33917,780716,49
33918,780745,49
33919,780782,49
33920,780793,49
33921,780841,49
33922,780975,49
33923,781165,49
33924,781196,49
33925,781219,49
33926,781448,49
33927,781507,49
33928,781811,49
33929,781817,49
33930,781845,49
33931,781914,49
33932,781924,49
33933,782021,49
33934,782087,49
33935,782137,49
33936,782145,49
33937,782214,49
33938,782219,49
33939,782298,49
33940,782465,49
33941,782574,49
33942,782602,49
33943,782621,49
33944,782628,49
33945,782645,49
33946,782662,49
33947,782711,49
33948,782748,49
33949,782795,49
33950,782863,49
33951,783176,49
33952,783295,49
33953,783417,49
33954,783432,49
33955,783514,49
33956,783521,49
33957,783539,49
33958,783733,49
33959,783770,49
33960,783900,49
33961,783910,49
33962,783938,49
33963,783994,49
33964,784032,49
33965,784035,49
33966,784042,49
33967,784068,49
33968,784082,49
33969,784086,49
33970,784132,49
33971,784138,49
33972,784148,49
33973,784156,49
33974,784186,49
33975,784201,49
33976,784217,49
33977,784266,49
33978,784274,49
33979,784761,49
33980,784889,49
33981,784963,49
33982,785008,49
33983,785045,49
33984,785204,49
33985,785310,49
33986,785319,49
33987,785327,49
33988,785451,49
33989,785452,49
33990,785505,49
33991,785692,49
33992,786040,49
33993,786181,49
33994,786333,49
33995,786372,49
33996,786394,49
33997,786486,49
33998,786520,49
33999,786528,49
34000,786529,49
34001,786542,49
34002,786554,49
34003,786646,49
34004,786655,49
34005,786698,49
34006,786699,49
34007,786741,49
34008,786803,49
34009,786807,49
34010,786819,49
34011,786845,49
34012,786852,49
34013,786943,49
34014,787022,49
34015,787072,49
34016,787114,49
34017,787131,49
34018,787168,49
34019,787229,49
34020,787248,49
34021,787280,49
34022,787778,49
34023,787803,49
34024,787842,49
34025,787887,49
34026,787966,49
34027,788018,49
34028,788071,49
34029,788097,49
34030,788380,49
34031,788381,49
34032,788387,49
34033,788392,49
34034,788461,49
34035,788475,49
34036,788478,49
34037,788482,49
34038,788500,49
34039,788503,49
34040,788522,49
34041,788525,49
34042,788539,49
34043,788573,49
34044,788600,49
34045,788621,49
34046,788626,49
34047,790326,49
34048,790327,49
34049,790681,49
34050,790686,49
34051,790687,49
34052,795377,49
34053,795470,49
34054,796175,49
34055,796341,49
34056,796342,49
34057,796343,49
34058,796344,49
34059,796345,49
34060,796346,49
34061,796347,49
34062,796348,49
34063,796349,49
34064,796350,49
34065,796351,49
34066,796352,49
34067,796353,49
34068,796354,49
34069,796355,49
34070,796357,49
34071,796988,49
34072,796989,49
34073,796990,49
34074,796991,49
34075,796992,49
34076,796993,49
34077,796994,49
34078,796995,49
34079,796996,49
34080,796997,49
34081,796998,49
34082,796999,49
34083,797000,49
34084,797001,49
34085,797002,49
34086,797003,49
34087,797004,49
34088,797005,49
34089,797006,49
34090,797007,49
34091,797008,49
34092,797009,49
34093,797010,49
34094,797011,49
34095,797012,49
34096,797013,49
34097,797014,49
34098,797016,49
34099,797017,49
34100,797018,49
34101,797019,49
34102,797020,49
34103,797022,49
34104,797023,49
34105,797026,49
34106,797027,49
34107,797028,49
34108,797030,49
34109,797031,49
34110,800784,49
34111,800785,49
34112,800786,49
34113,800787,49
34114,800788,49
34115,800789,49
34116,800790,49
34117,800791,49
34118,800792,49
34119,800793,49
34120,800794,49
34121,800795,49
34122,800796,49
34123,800797,49
34124,800798,49
34125,800799,49
34126,800800,49
34127,800801,49
34128,800802,49
34129,800803,49
34130,800804,49
34131,800805,49
34132,800806,49
34133,800807,49
34134,800808,49
34135,800809,49
34136,800810,49
34137,800811,49
34138,800812,49
34139,800813,49
34140,800814,49
34141,800815,49
34142,800821,49
34143,800823,49
34144,800829,49
34145,800830,49
34146,800831,49
34147,800835,49
34148,800847,49
34149,800850,49
34150,800869,49
34151,800870,49
34152,800871,49
34153,800872,49
34154,800873,49
34155,800954,49
34156,801087,49
34157,801099,49
34158,801100,49
34159,801114,49
34160,801115,49
34161,801117,49
34162,801118,49
34163,801119,49
34164,801120,49
34165,801121,49
34166,801141,49
34167,801142,49
34168,801146,49
34169,801147,49
34170,801149,49
34171,801153,49
34172,801154,49
34173,801156,49
34174,801158,49
34175,801161,49
34176,801162,49
34177,801165,49
34178,801167,49
34179,801168,49
34180,801170,49
34181,801175,49
34182,801180,49
34183,801182,49
34184,801185,49
34185,801189,49
34186,801191,49
34187,801192,49
34188,801193,49
34189,801194,49
34190,801195,49
34191,801197,49
34192,801199,49
34193,801203,49
34194,801204,49
34195,801205,49
34196,801206,49
34197,801207,49
34198,801208,49
34199,801213,49
34200,801215,49
34201,801217,49
34202,801219,49
34203,801220,49
34204,801221,49
34205,801222,49
34206,801223,49
34207,801224,49
34208,801225,49
34209,801226,49
34210,801227,49
34211,801230,49
34212,801231,49
34213,801232,49
34214,801233,49
34215,801234,49
34216,801235,49
34217,801237,49
34218,801242,49
34219,801244,49
34220,801247,49
34221,801252,49
34222,801253,49
34223,801254,49
34224,801256,49
34225,801259,49
34226,801265,49
34227,801266,49
34228,801269,49
34229,801270,49
34230,801271,49
34231,801272,49
34232,801274,49
34233,801277,49
34234,801280,49
34235,801281,49
34236,801282,49
34237,801288,49
34238,801296,49
34239,801302,49
34240,801303,49
34241,801314,49
34242,801324,49
34243,801327,49
34244,801333,49
34245,801338,49
34246,801339,49
34247,801341,49
34248,801344,49
34249,801348,49
34250,801349,49
34251,801354,49
34252,801355,49
34253,801356,49
34254,801357,49
34255,801360,49
34256,801363,49
34257,801365,49
34258,801368,49
34259,801371,49
34260,801373,49
34261,801375,49
34262,801378,49
34263,801379,49
34264,801382,49
34265,801387,49
34266,801388,49
34267,801389,49
34268,801390,49
34269,801391,49
34270,801392,49
34271,801396,49
34272,801398,49
34273,801400,49
34274,801401,49
34275,801402,49
34276,801410,49
34277,801412,49
34278,801422,49
34279,801425,49
34280,801428,49
34281,801438,49
34282,801440,49
34283,801445,49
34284,801449,49
34285,801450,49
34286,801453,49
34287,801454,49
34288,801455,49
34289,801457,49
34290,801461,49
34291,801463,49
34292,801465,49
34293,801466,49
34294,801468,49
34295,801473,49
34296,801475,49
34297,801476,49
34298,801478,49
34299,801479,49
34300,801481,49
34301,801483,49
34302,801489,49
34303,801490,49
34304,801495,49
34305,801497,49
34306,801498,49
34307,801499,49
34308,801500,49
34309,801501,49
34310,801502,49
34311,801504,49
34312,801505,49
34313,801506,49
34314,801507,49
34315,801508,49
34316,801509,49
34317,801510,49
34318,801511,49
34319,801512,49
34320,801514,49
34321,801515,49
34322,801516,49
34323,801517,49
34324,801518,49
34325,801519,49
34326,801520,49
34327,801521,49
34328,801522,49
34329,801523,49
34330,801524,49
34331,801525,49
34332,801526,49
34333,801527,49
34334,801528,49
34335,801529,49
34336,801531,49
34337,801532,49
34338,801533,49
34339,801534,49
34340,801535,49
34341,801536,49
34342,801537,49
34343,801538,49
34344,801539,49
34345,801540,49
34346,801541,49
34347,801542,49
34348,801548,49
34349,801550,49
34350,801551,49
34351,801552,49
34352,801553,49
34353,801555,49
34354,801556,49
34355,801558,49
34356,801559,49
34357,801561,49
34358,801562,49
34359,801563,49
34360,801565,49
34361,801573,49
34362,801574,49
34363,801577,49
34364,801578,49
34365,801579,49
34366,801611,49
