parcel_id,Agriculture
8,1
9,1
10,1
14,1
15,1
18,1
19,1
104,1
106,1
112,1
113,1
114,1
115,1
116,1
954,1
955,1
956,1
957,1
958,1
981,1
982,1
1621,1
1624,1
1625,1
1626,1
1627,1
1628,1
1629,1
1630,1
1631,1
1632,1
1633,1
1634,1
1635,1
1636,1
1637,1
1638,1
1639,1
1656,1
1657,1
1659,1
1660,1
1661,1
1662,1
1664,1
1665,1
1666,1
1667,1
1668,1
1669,1
1719,1
1721,1
1722,1
1723,1
1724,1
1725,1
1726,1
1727,1
1728,1
1729,1
1737,1
1738,1
1740,1
1742,1
1743,1
1744,1
1745,1
1746,1
1747,1
1748,1
1749,1
1750,1
1751,1
1752,1
1753,1
1754,1
1755,1
1756,1
1757,1
1758,1
1759,1
1760,1
1761,1
1762,1
1763,1
1764,1
1765,1
1766,1
1767,1
1770,1
1771,1
1773,1
1775,1
1776,1
1777,1
1778,1
1779,1
1780,1
1781,1
1782,1
1783,1
1784,1
1785,1
1786,1
1787,1
1788,1
1789,1
1793,1
1794,1
1795,1
1796,1
1797,1
1798,1
1799,1
1800,1
1801,1
1802,1
1803,1
1804,1
1805,1
1806,1
1807,1
1808,1
1809,1
1810,1
1811,1
1812,1
1813,1
1814,1
1815,1
1816,1
1817,1
1818,1
1819,1
1820,1
1821,1
1822,1
1823,1
1824,1
1825,1
1826,1
1827,1
1828,1
1829,1
1830,1
1831,1
1832,1
1833,1
1834,1
1835,1
1836,1
1837,1
1838,1
1839,1
1840,1
1841,1
1842,1
1843,1
1844,1
1845,1
1846,1
1847,1
1849,1
1850,1
1852,1
1853,1
1858,1
1860,1
1895,1
1978,1
1979,1
1980,1
2009,1
2012,1
2013,1
2014,1
2015,1
2016,1
2017,1
2018,1
2019,1
2020,1
2021,1
2022,1
2023,1
2024,1
2025,1
2026,1
2027,1
2028,1
2029,1
2030,1
2031,1
2032,1
2033,1
2034,1
2035,1
2036,1
2037,1
2038,1
2039,1
2040,1
2041,1
2042,1
2043,1
2044,1
2045,1
2046,1
2047,1
2048,1
2049,1
2098,1
2099,1
2100,1
2101,1
2102,1
2104,1
2108,1
2118,1
2157,1
2158,1
2159,1
2160,1
2161,1
2162,1
2163,1
2187,1
2189,1
2190,1
2191,1
2235,1
2236,1
2242,1
2243,1
2244,1
2245,1
2246,1
2247,1
2248,1
2249,1
2250,1
2251,1
2253,1
2254,1
2255,1
2256,1
2257,1
2258,1
2259,1
2261,1
2262,1
2263,1
2324,1
2325,1
2326,1
2327,1
2328,1
2329,1
2330,1
2331,1
2332,1
2336,1
2339,1
2340,1
2341,1
2342,1
2343,1
2344,1
2345,1
2346,1
2347,1
2348,1
2349,1
2350,1
2351,1
2352,1
2354,1
2355,1
2356,1
2357,1
2358,1
2359,1
2360,1
2361,1
2363,1
2364,1
2365,1
2374,1
2375,1
2376,1
2377,1
2378,1
2379,1
2380,1
2381,1
2414,1
2415,1
2416,1
2417,1
2418,1
2419,1
2420,1
2421,1
2422,1
2423,1
2424,1
2425,1
2427,1
2428,1
2429,1
2430,1
2431,1
2432,1
2433,1
2434,1
2435,1
2436,1
2437,1
2438,1
2439,1
2440,1
2460,1
2461,1
2462,1
2463,1
2464,1
2465,1
2466,1
2468,1
2469,1
2470,1
2471,1
2472,1
2473,1
2474,1
2475,1
2476,1
2477,1
2478,1
2479,1
2480,1
2481,1
2482,1
2483,1
2484,1
2485,1
2486,1
2487,1
2488,1
2489,1
2490,1
2491,1
2492,1
2493,1
2494,1
2495,1
2496,1
2497,1
2498,1
2500,1
2501,1
2502,1
2503,1
2513,1
2520,1
2522,1
2523,1
2975,1
2976,1
3009,1
3010,1
3011,1
3012,1
3030,1
3031,1
3032,1
3034,1
3035,1
3036,1
3037,1
3041,1
3042,1
3043,1
3044,1
3047,1
3050,1
3051,1
3061,1
3064,1
3065,1
3067,1
3068,1
3070,1
3071,1
3072,1
3074,1
3075,1
3077,1
3078,1
3079,1
3080,1
3081,1
3082,1
3083,1
3084,1
3088,1
3089,1
3090,1
3102,1
3104,1
3105,1
3108,1
3109,1
3110,1
3111,1
3112,1
3113,1
3114,1
3116,1
3117,1
3118,1
3119,1
3120,1
3121,1
3122,1
3123,1
3124,1
3125,1
3126,1
3127,1
3129,1
3130,1
3131,1
3132,1
3133,1
3134,1
3135,1
3136,1
3137,1
3138,1
3139,1
3141,1
3142,1
3143,1
3144,1
3145,1
3147,1
3148,1
3151,1
3152,1
3153,1
3154,1
3155,1
3157,1
3158,1
3159,1
3160,1
3161,1
3162,1
3164,1
3165,1
3168,1
3169,1
3171,1
3172,1
3173,1
3174,1
3175,1
3176,1
3179,1
3181,1
3182,1
3183,1
3184,1
3185,1
3186,1
3187,1
3188,1
3189,1
3190,1
3191,1
3192,1
3194,1
3195,1
3197,1
3198,1
3199,1
3200,1
3201,1
3202,1
3203,1
3204,1
3205,1
3207,1
3208,1
3209,1
3210,1
3212,1
3213,1
3214,1
3216,1
3217,1
3218,1
3219,1
3220,1
3221,1
3222,1
3223,1
3224,1
3225,1
3226,1
3227,1
3228,1
3229,1
3230,1
3231,1
3232,1
3233,1
3234,1
3235,1
3236,1
3237,1
3238,1
3239,1
3240,1
3241,1
3242,1
3243,1
3244,1
3245,1
3246,1
3247,1
3248,1
3251,1
3252,1
3254,1
3255,1
3256,1
3257,1
3258,1
3259,1
3260,1
3262,1
3264,1
3267,1
3269,1
3270,1
3271,1
3273,1
3276,1
3277,1
3278,1
3280,1
3283,1
3285,1
3286,1
3287,1
3288,1
3289,1
3290,1
3291,1
3292,1
3293,1
3294,1
3295,1
3296,1
3300,1
3302,1
3303,1
3304,1
3305,1
3306,1
3307,1
3308,1
3310,1
3311,1
3312,1
3313,1
3316,1
3317,1
3318,1
3319,1
3320,1
3321,1
3322,1
3323,1
3324,1
3325,1
3326,1
3327,1
3328,1
3332,1
3333,1
3334,1
3335,1
3336,1
3337,1
3338,1
3339,1
3340,1
3341,1
3342,1
3343,1
3344,1
3346,1
3347,1
3348,1
3349,1
3350,1
3351,1
3352,1
3353,1
3355,1
3356,1
3359,1
3360,1
3365,1
3366,1
3367,1
3369,1
3370,1
3371,1
3372,1
3373,1
3374,1
3375,1
3376,1
3379,1
3380,1
3381,1
3382,1
3383,1
3384,1
3385,1
3386,1
3387,1
3388,1
3389,1
3391,1
3393,1
3394,1
3395,1
3396,1
3397,1
3398,1
3399,1
3400,1
3401,1
3402,1
3403,1
3404,1
3405,1
3406,1
3407,1
3408,1
3409,1
3410,1
3412,1
3413,1
3414,1
3415,1
3416,1
3417,1
3418,1
3419,1
3420,1
3421,1
3422,1
3423,1
3424,1
3425,1
3427,1
3430,1
3431,1
3433,1
3435,1
3436,1
3437,1
3438,1
3439,1
3440,1
3441,1
3442,1
3443,1
3473,1
3474,1
3475,1
3477,1
3478,1
3479,1
3480,1
3481,1
3483,1
3527,1
3530,1
3538,1
3539,1
3540,1
3542,1
3543,1
3544,1
3545,1
3549,1
3551,1
3552,1
3553,1
3556,1
3557,1
3558,1
3559,1
3563,1
3567,1
3568,1
3569,1
3570,1
3571,1
3573,1
3576,1
3580,1
3636,1
3638,1
3639,1
3640,1
3641,1
3642,1
3643,1
3645,1
3646,1
3647,1
3648,1
3650,1
3651,1
3652,1
3653,1
3656,1
3657,1
3664,1
3665,1
3666,1
3668,1
3669,1
3670,1
3671,1
3672,1
3673,1
3674,1
3675,1
3676,1
3677,1
3678,1
3679,1
3680,1
3681,1
3682,1
3683,1
3684,1
3685,1
3686,1
3687,1
3688,1
3693,1
3695,1
3696,1
3697,1
3698,1
3700,1
3701,1
3706,1
3707,1
3708,1
3709,1
3710,1
3711,1
3712,1
3714,1
3715,1
3716,1
3718,1
3719,1
3720,1
3721,1
3722,1
3723,1
3724,1
3725,1
3726,1
3727,1
3728,1
3731,1
3732,1
3733,1
3734,1
3735,1
3736,1
3737,1
3738,1
3739,1
3740,1
3741,1
3742,1
3743,1
3744,1
3745,1
3747,1
3756,1
3758,1
3759,1
3760,1
3761,1
3762,1
3764,1
3765,1
3769,1
3770,1
3771,1
3772,1
3773,1
3774,1
3775,1
3776,1
3777,1
3792,1
3793,1
3794,1
3795,1
3796,1
3797,1
3798,1
3807,1
3808,1
3811,1
3812,1
3813,1
3814,1
3817,1
3818,1
3822,1
3823,1
3824,1
3825,1
3831,1
3832,1
3833,1
3834,1
3835,1
3836,1
3837,1
3838,1
3839,1
3840,1
3846,1
3847,1
3848,1
3849,1
3850,1
3851,1
3853,1
3854,1
3855,1
3856,1
3857,1
3858,1
3859,1
3860,1
3861,1
3862,1
3863,1
3864,1
3865,1
3866,1
3867,1
3868,1
3869,1
3870,1
3871,1
3872,1
3873,1
3874,1
3875,1
3876,1
3878,1
3879,1
3880,1
3881,1
3882,1
3884,1
3885,1
3888,1
3890,1
3892,1
3897,1
3899,1
3903,1
3904,1
3905,1
3906,1
3907,1
3908,1
3909,1
3910,1
3911,1
3912,1
3913,1
3914,1
3915,1
3916,1
3917,1
3918,1
3919,1
3920,1
3921,1
3922,1
3923,1
3924,1
3925,1
3929,1
3930,1
3931,1
3932,1
3933,1
3934,1
3935,1
3936,1
3937,1
3939,1
3940,1
3942,1
3943,1
3944,1
3945,1
3946,1
3947,1
3948,1
3949,1
3950,1
3952,1
3953,1
3958,1
3959,1
3960,1
3962,1
3964,1
3965,1
3966,1
3967,1
3968,1
3973,1
3974,1
3975,1
3976,1
3977,1
3978,1
3979,1
3982,1
3983,1
3984,1
3985,1
3986,1
3987,1
3988,1
3989,1
3990,1
3991,1
3992,1
3993,1
3994,1
3995,1
3996,1
3997,1
3998,1
3999,1
4000,1
4001,1
4002,1
4003,1
4004,1
4005,1
4006,1
4007,1
4008,1
4009,1
4010,1
4011,1
4012,1
4013,1
4014,1
4015,1
4017,1
4018,1
4019,1
4021,1
4022,1
4023,1
4025,1
4026,1
4027,1
4028,1
4029,1
4030,1
4031,1
4032,1
4033,1
4034,1
4035,1
4046,1
4049,1
4050,1
4052,1
4053,1
4054,1
4055,1
4056,1
4057,1
4058,1
4059,1
4060,1
4061,1
4063,1
4064,1
4065,1
4066,1
4067,1
4068,1
4069,1
4070,1
4071,1
4072,1
4073,1
4074,1
4075,1
4076,1
4077,1
4078,1
4079,1
4080,1
4081,1
4082,1
4083,1
4084,1
4085,1
4086,1
4087,1
4088,1
4089,1
4090,1
4091,1
4092,1
4093,1
4094,1
4095,1
4096,1
4097,1
4098,1
4099,1
4100,1
4101,1
4102,1
4103,1
4104,1
4105,1
4106,1
4107,1
4108,1
4111,1
4112,1
4113,1
4114,1
4116,1
4117,1
4118,1
4119,1
4121,1
4122,1
4123,1
4124,1
4125,1
4126,1
4127,1
4129,1
4131,1
4140,1
4142,1
4150,1
4151,1
4152,1
4153,1
4155,1
4156,1
4162,1
4163,1
4164,1
4165,1
4166,1
4168,1
4169,1
4170,1
4171,1
4172,1
4173,1
4174,1
4175,1
4176,1
4177,1
4178,1
4179,1
4180,1
4182,1
4183,1
4184,1
4185,1
4186,1
4187,1
4188,1
4189,1
4191,1
4192,1
4193,1
4194,1
4195,1
4196,1
4197,1
4293,1
4294,1
4295,1
4296,1
4297,1
4298,1
4299,1
4304,1
4305,1
4306,1
4307,1
4308,1
4309,1
4310,1
4311,1
4312,1
4313,1
4318,1
4319,1
4320,1
4322,1
4323,1
4324,1
4325,1
4326,1
4327,1
4328,1
4329,1
4330,1
4331,1
4332,1
4333,1
4334,1
4335,1
4336,1
4337,1
4338,1
4339,1
4340,1
4341,1
4342,1
4343,1
4344,1
4345,1
4346,1
4347,1
4348,1
4349,1
4350,1
4351,1
4352,1
4353,1
4354,1
4355,1
4356,1
4357,1
4358,1
4368,1
4369,1
4370,1
4371,1
4372,1
4373,1
4374,1
4375,1
4378,1
4379,1
4381,1
4382,1
4388,1
4389,1
4390,1
4391,1
4392,1
4393,1
4394,1
4402,1
4403,1
4404,1
4405,1
4406,1
4407,1
4408,1
4409,1
4410,1
4411,1
4412,1
4413,1
4414,1
4415,1
4416,1
4417,1
4418,1
4419,1
4420,1
4421,1
4422,1
4423,1
4424,1
4425,1
4426,1
4427,1
4428,1
4429,1
4430,1
4432,1
4433,1
4436,1
4437,1
4438,1
4439,1
4440,1
4441,1
4442,1
4466,1
4467,1
4468,1
4469,1
4470,1
4471,1
4472,1
4473,1
4474,1
4475,1
4476,1
4477,1
4478,1
4479,1
4480,1
4481,1
4482,1
4483,1
4484,1
4487,1
4497,1
4498,1
4584,1
4586,1
4587,1
4602,1
4603,1
4604,1
4605,1
4606,1
4607,1
4608,1
4609,1
4610,1
4611,1
4612,1
4613,1
4614,1
4615,1
4617,1
4618,1
4619,1
4620,1
4621,1
4622,1
4623,1
4624,1
4625,1
4626,1
4627,1
4628,1
4629,1
4630,1
4631,1
4632,1
4633,1
4634,1
4635,1
4636,1
4691,1
4692,1
4694,1
4695,1
4696,1
4697,1
4698,1
4715,1
4716,1
4717,1
4733,1
4734,1
4735,1
4736,1
4737,1
4738,1
4739,1
4740,1
4741,1
4742,1
4743,1
4744,1
4745,1
4746,1
4747,1
4748,1
4749,1
4750,1
4751,1
4752,1
4753,1
4754,1
4755,1
4756,1
4757,1
4758,1
4759,1
4760,1
4761,1
4763,1
4764,1
4765,1
4766,1
4768,1
4769,1
4771,1
4773,1
4774,1
4775,1
4776,1
4777,1
4778,1
4779,1
4780,1
4781,1
4782,1
4783,1
4784,1
4785,1
4786,1
4787,1
4788,1
4789,1
4790,1
4791,1
4792,1
4793,1
4794,1
4795,1
4796,1
4797,1
4798,1
4799,1
4800,1
4802,1
4803,1
4804,1
4805,1
4806,1
4808,1
4809,1
4810,1
4815,1
4819,1
4820,1
4821,1
4822,1
4823,1
4824,1
4825,1
4826,1
4827,1
4828,1
4829,1
4830,1
4831,1
4832,1
4833,1
4834,1
4835,1
4836,1
4837,1
4838,1
4839,1
4840,1
4841,1
4842,1
4843,1
4844,1
4845,1
4846,1
4848,1
4849,1
4850,1
4851,1
4852,1
4853,1
4854,1
4855,1
4856,1
4857,1
4858,1
4859,1
4860,1
4861,1
4862,1
4864,1
4865,1
4866,1
4867,1
4868,1
4869,1
4870,1
4871,1
4872,1
4873,1
4874,1
4875,1
4877,1
4878,1
4879,1
4880,1
4881,1
4882,1
4883,1
4884,1
4885,1
4886,1
4893,1
4894,1
4895,1
4896,1
4897,1
4898,1
4899,1
4900,1
4901,1
4902,1
4903,1
4904,1
4905,1
4906,1
4907,1
4908,1
4909,1
4910,1
4911,1
4912,1
4913,1
4914,1
4915,1
4916,1
4917,1
4918,1
4919,1
4920,1
4921,1
4922,1
4923,1
4924,1
4925,1
4934,1
4935,1
4936,1
4937,1
4938,1
4939,1
4942,1
4943,1
4944,1
4945,1
4947,1
4948,1
4949,1
4950,1
4951,1
4952,1
4953,1
4954,1
4956,1
4959,1
4960,1
4961,1
4962,1
4963,1
4964,1
4965,1
4966,1
4967,1
4968,1
4969,1
4970,1
4971,1
4972,1
4973,1
4975,1
4976,1
4977,1
4978,1
4980,1
4994,1
5015,1
5016,1
5026,1
5038,1
5039,1
5040,1
5041,1
5042,1
5043,1
5051,1
5052,1
5053,1
5368,1
5374,1
5380,1
5382,1
5386,1
5387,1
5388,1
5389,1
5398,1
5401,1
5404,1
5406,1
5407,1
5408,1
5410,1
5412,1
5415,1
5416,1
5418,1
5420,1
5423,1
5424,1
5425,1
5430,1
5437,1
5438,1
5440,1
5441,1
5445,1
5446,1
5452,1
5456,1
5457,1
5459,1
5460,1
5467,1
5471,1
5472,1
5475,1
5481,1
5483,1
5484,1
5486,1
5489,1
5490,1
5493,1
5494,1
5498,1
5499,1
5500,1
5502,1
5503,1
5506,1
5507,1
5508,1
5511,1
5512,1
5515,1
5517,1
5518,1
5519,1
5520,1
5521,1
5522,1
5526,1
5527,1
5529,1
5530,1
5532,1
5533,1
5534,1
5537,1
5582,1
5698,1
5699,1
5703,1
5716,1
5717,1
5718,1
5719,1
5720,1
5721,1
5722,1
5724,1
5726,1
5750,1
5818,1
5820,1
5845,1
5846,1
5849,1
5850,1
5851,1
5852,1
5853,1
5858,1
5867,1
5884,1
5938,1
5957,1
5997,1
5998,1
5999,1
6023,1
6040,1
6041,1
6043,1
6050,1
6051,1
6056,1
6063,1
6064,1
6082,1
6087,1
6120,1
6121,1
6123,1
6125,1
6132,1
6133,1
6135,1
6136,1
6138,1
6139,1
6140,1
6141,1
6142,1
6143,1
6144,1
6145,1
6146,1
6149,1
6151,1
6152,1
6153,1
6154,1
6155,1
6156,1
6213,1
6214,1
6234,1
6239,1
6240,1
6241,1
6242,1
6243,1
6244,1
6245,1
6246,1
6264,1
6265,1
6912,1
7047,1
7174,1
7245,1
7944,1
8006,1
8011,1
8365,1
8368,1
8372,1
8428,1
8429,1
8718,1
8765,1
8819,1
8944,1
9067,1
9084,1
9134,1
9135,1
9199,1
9216,1
9233,1
9279,1
9291,1
9296,1
9297,1
9310,1
9371,1
9376,1
9409,1
9410,1
9412,1
9415,1
9417,1
9418,1
9419,1
9423,1
9424,1
9425,1
9431,1
9432,1
9433,1
9435,1
9438,1
9439,1
9440,1
9441,1
9442,1
9447,1
9449,1
9450,1
9452,1
9453,1
9493,1
9506,1
9551,1
9583,1
9586,1
9587,1
9590,1
9593,1
9597,1
9599,1
9600,1
9601,1
9605,1
9612,1
9617,1
9618,1
9621,1
9624,1
9646,1
9647,1
9648,1
9649,1
9653,1
9656,1
9657,1
9658,1
9662,1
9663,1
9667,1
9670,1
9672,1
9673,1
9674,1
9676,1
9677,1
9679,1
9683,1
9685,1
9691,1
9695,1
9697,1
9699,1
9701,1
9712,1
9714,1
9715,1
9721,1
9731,1
9735,1
9736,1
9741,1
9744,1
9745,1
9754,1
9755,1
9763,1
9764,1
9767,1
9768,1
9771,1
9773,1
9776,1
9777,1
9782,1
9787,1
9790,1
9803,1
9804,1
9806,1
9808,1
9809,1
9810,1
9811,1
9812,1
9813,1
9815,1
9816,1
9817,1
9820,1
9821,1
9824,1
9827,1
9830,1
9831,1
9833,1
9834,1
9835,1
9837,1
9841,1
9845,1
9846,1
9848,1
9851,1
9852,1
9853,1
9855,1
9856,1
9866,1
9872,1
9879,1
9880,1
9881,1
9892,1
9893,1
9894,1
9896,1
9897,1
9898,1
9899,1
9900,1
9901,1
9902,1
9904,1
9905,1
9906,1
9907,1
9908,1
9909,1
9910,1
9911,1
9912,1
9913,1
9914,1
9915,1
9916,1
9917,1
9918,1
9922,1
9928,1
9929,1
9930,1
9932,1
9933,1
9934,1
9936,1
9937,1
9940,1
10029,1
10051,1
10220,1
10223,1
10227,1
10238,1
10240,1
10242,1
10253,1
10254,1
10255,1
10261,1
10292,1
10302,1
10307,1
10367,1
10368,1
10369,1
10370,1
10371,1
10372,1
10397,1
10398,1
10404,1
10418,1
10423,1
10451,1
10452,1
10457,1
10460,1
10470,1
10474,1
10475,1
10481,1
10483,1
10488,1
10491,1
10558,1
10559,1
10560,1
10561,1
10562,1
10583,1
10590,1
10610,1
10612,1
10624,1
10625,1
10626,1
10639,1
10643,1
10645,1
10708,1
10714,1
10722,1
10750,1
10763,1
10768,1
10769,1
10770,1
10775,1
10837,1
10838,1
10853,1
10872,1
10881,1
10882,1
10883,1
10884,1
10885,1
10903,1
10906,1
10907,1
10908,1
10913,1
10914,1
10915,1
10916,1
10951,1
10970,1
10971,1
10972,1
10973,1
10974,1
10975,1
10976,1
10977,1
10978,1
10979,1
10980,1
10981,1
10982,1
10983,1
10984,1
10986,1
10987,1
10988,1
10989,1
10990,1
10991,1
10992,1
10993,1
10999,1
11006,1
11017,1
11040,1
11041,1
11052,1
11053,1
11054,1
11055,1
11056,1
11060,1
11062,1
11063,1
11094,1
11112,1
11122,1
11123,1
11136,1
11137,1
11141,1
11142,1
11144,1
11164,1
11165,1
11169,1
11170,1
11171,1
11175,1
11177,1
11179,1
11180,1
11229,1
11234,1
11243,1
11255,1
11266,1
11268,1
11288,1
11306,1
11341,1
11344,1
11367,1
11375,1
11377,1
11388,1
11391,1
11392,1
11393,1
11397,1
11398,1
11399,1
11400,1
11401,1
11402,1
11404,1
11405,1
11419,1
11420,1
11434,1
11436,1
11437,1
11441,1
11454,1
11455,1
11456,1
11458,1
11465,1
11502,1
11719,1
11720,1
11722,1
11723,1
11724,1
11725,1
11761,1
11780,1
11781,1
11782,1
11785,1
11814,1
11877,1
11878,1
11879,1
11983,1
11986,1
12006,1
12007,1
12014,1
12032,1
12033,1
12042,1
12130,1
12139,1
12145,1
12153,1
12156,1
12159,1
12160,1
12166,1
12168,1
12172,1
12173,1
12174,1
12176,1
12180,1
12182,1
12183,1
12185,1
12187,1
12190,1
12191,1
12192,1
12193,1
12194,1
12195,1
12196,1
12197,1
12198,1
12199,1
12200,1
12201,1
12202,1
12203,1
12212,1
12215,1
12229,1
12249,1
12279,1
12280,1
12281,1
12282,1
12287,1
12288,1
12293,1
12294,1
12328,1
12366,1
12367,1
12384,1
12388,1
12389,1
12390,1
12412,1
12413,1
12415,1
12416,1
12417,1
12418,1
12419,1
12420,1
12421,1
12422,1
12444,1
12447,1
12456,1
12461,1
12494,1
12495,1
12496,1
12503,1
12506,1
12507,1
12508,1
12509,1
12516,1
12520,1
12522,1
12523,1
12529,1
12531,1
12535,1
12540,1
12543,1
12581,1
12584,1
12585,1
12596,1
12601,1
12603,1
12604,1
12605,1
12606,1
12611,1
12612,1
12614,1
12615,1
12617,1
12618,1
12619,1
12620,1
12621,1
12622,1
12626,1
12629,1
12630,1
12631,1
12638,1
12640,1
12665,1
12667,1
12669,1
12674,1
12675,1
12677,1
12691,1
12693,1
12697,1
12698,1
12700,1
12702,1
12703,1
12704,1
12710,1
12711,1
12712,1
12713,1
12714,1
12716,1
12717,1
12718,1
12722,1
12725,1
12726,1
12728,1
12729,1
12730,1
12731,1
12733,1
12735,1
12736,1
12738,1
12741,1
12744,1
12745,1
12748,1
12752,1
12762,1
12790,1
12795,1
12796,1
12797,1
12798,1
12804,1
12805,1
12811,1
12812,1
12816,1
12822,1
12837,1
12839,1
12840,1
12847,1
12863,1
12875,1
12877,1
12884,1
12889,1
12893,1
12894,1
12895,1
12897,1
12900,1
12903,1
12904,1
12905,1
12906,1
12907,1
12908,1
12909,1
12911,1
12912,1
12913,1
12914,1
12915,1
12916,1
12917,1
12918,1
12921,1
12922,1
12954,1
12955,1
12957,1
12965,1
12991,1
12995,1
12996,1
13003,1
13005,1
13007,1
13058,1
13060,1
13076,1
13079,1
13080,1
13081,1
13083,1
13084,1
13085,1
13086,1
13089,1
13090,1
13091,1
13093,1
13097,1
13100,1
13101,1
13103,1
13104,1
13105,1
13114,1
13123,1
13125,1
13126,1
13127,1
13128,1
13133,1
13139,1
13168,1
13169,1
13172,1
13173,1
13174,1
13209,1
13239,1
13240,1
13242,1
13245,1
13246,1
13247,1
13248,1
13252,1
13253,1
13262,1
13263,1
13264,1
13268,1
13277,1
13285,1
13303,1
13310,1
13321,1
13322,1
13331,1
13336,1
13339,1
13340,1
13341,1
13342,1
13343,1
13344,1
13345,1
13347,1
13349,1
13350,1
13351,1
13352,1
13353,1
13354,1
13355,1
13356,1
13357,1
13358,1
13360,1
13361,1
13362,1
13363,1
13364,1
13366,1
13371,1
13372,1
13375,1
13379,1
13381,1
13383,1
13395,1
13418,1
13419,1
13440,1
13442,1
13444,1
13445,1
13446,1
13470,1
13484,1
13489,1
13491,1
13511,1
13520,1
13522,1
13523,1
13525,1
13526,1
13530,1
13531,1
13541,1
13545,1
13546,1
13589,1
13594,1
13595,1
13598,1
13599,1
13600,1
13604,1
13605,1
13606,1
13607,1
13609,1
13610,1
13611,1
13612,1
13613,1
13614,1
13616,1
13617,1
13618,1
13619,1
13620,1
13621,1
13622,1
13624,1
13625,1
13626,1
13627,1
13628,1
13629,1
13635,1
13637,1
13638,1
13639,1
13646,1
13668,1
13669,1
13674,1
13675,1
13676,1
13677,1
13678,1
13680,1
13681,1
13682,1
13685,1
13686,1
13688,1
13691,1
13692,1
13704,1
13705,1
13706,1
13707,1
13708,1
13710,1
13713,1
13714,1
13715,1
13716,1
13719,1
13720,1
13721,1
13722,1
13723,1
13725,1
13726,1
13727,1
13728,1
13730,1
13737,1
13738,1
13739,1
13743,1
13744,1
13745,1
13746,1
13747,1
13748,1
13749,1
13750,1
13751,1
13752,1
13754,1
13758,1
13760,1
13761,1
13762,1
13764,1
13765,1
13767,1
13768,1
13769,1
13773,1
13774,1
13778,1
13779,1
13780,1
13781,1
13784,1
13785,1
13786,1
13787,1
13788,1
13789,1
13794,1
13796,1
13799,1
13802,1
13803,1
13804,1
13806,1
13808,1
13809,1
13813,1
13819,1
13820,1
13823,1
13862,1
13863,1
13864,1
13909,1
13916,1
13917,1
13920,1
13921,1
13922,1
13924,1
13945,1
13946,1
13947,1
13948,1
13949,1
13950,1
13954,1
13956,1
13958,1
13959,1
13960,1
13961,1
13962,1
13964,1
13965,1
13966,1
13968,1
13971,1
13974,1
13976,1
13977,1
13978,1
13979,1
13980,1
13984,1
13985,1
13986,1
14007,1
14009,1
14010,1
14011,1
14012,1
14013,1
14016,1
14017,1
14018,1
14019,1
14030,1
14055,1
14059,1
14069,1
14073,1
14074,1
14075,1
14076,1
14077,1
14078,1
14079,1
14080,1
14081,1
14084,1
14085,1
14088,1
14089,1
14090,1
14091,1
14092,1
14093,1
14094,1
14095,1
14096,1
14097,1
14098,1
14101,1
14102,1
14104,1
14107,1
14108,1
14109,1
14110,1
14114,1
14116,1
14117,1
14119,1
14121,1
14122,1
14123,1
14124,1
14128,1
14131,1
14132,1
14133,1
14135,1
14136,1
14137,1
14145,1
14149,1
14165,1
14166,1
14168,1
14170,1
14171,1
14172,1
14173,1
14174,1
14177,1
14179,1
14180,1
14181,1
14182,1
14183,1
14184,1
14185,1
14187,1
14188,1
14189,1
14193,1
14196,1
14212,1
14219,1
14238,1
14496,1
14557,1
14564,1
14586,1
14587,1
14608,1
14609,1
14610,1
14613,1
14614,1
14617,1
14622,1
14623,1
14625,1
14626,1
14628,1
14629,1
14630,1
14633,1
14635,1
14636,1
14637,1
14640,1
14643,1
14644,1
14645,1
14646,1
14648,1
14649,1
14650,1
14652,1
14655,1
14656,1
14657,1
14658,1
14659,1
14660,1
14662,1
14663,1
14664,1
14665,1
14666,1
14669,1
14670,1
14671,1
14672,1
14673,1
14674,1
14675,1
14676,1
14677,1
14679,1
14680,1
14681,1
14682,1
14684,1
14687,1
14688,1
14692,1
14694,1
14695,1
14696,1
14697,1
14699,1
14700,1
14702,1
14705,1
14707,1
14708,1
14709,1
14710,1
14715,1
14720,1
14721,1
14723,1
14725,1
14728,1
14729,1
14730,1
14731,1
14732,1
14737,1
14738,1
14739,1
14741,1
14744,1
14745,1
14747,1
14748,1
14754,1
14755,1
14756,1
14757,1
14758,1
14759,1
14762,1
14764,1
14766,1
14888,1
14889,1
14890,1
14891,1
14892,1
14913,1
14923,1
14927,1
14937,1
14948,1
14949,1
15606,1
15608,1
15609,1
15615,1
15697,1
15699,1
15700,1
15701,1
15709,1
15710,1
15725,1
15728,1
15737,1
15790,1
15796,1
15804,1
15828,1
15844,1
15880,1
15938,1
15954,1
15955,1
15956,1
15958,1
15962,1
15966,1
15970,1
15972,1
15973,1
15974,1
15975,1
15980,1
15981,1
15989,1
15990,1
15991,1
15997,1
16001,1
16008,1
16009,1
16013,1
16016,1
16065,1
16095,1
16129,1
16172,1
16187,1
16191,1
16229,1
16235,1
16252,1
16287,1
16412,1
16495,1
16499,1
16500,1
16511,1
16512,1
16515,1
16516,1
16518,1
16519,1
16520,1
16521,1
16540,1
16541,1
16542,1
16544,1
16546,1
16565,1
16576,1
16584,1
16618,1
16620,1
16622,1
16623,1
16626,1
16633,1
16644,1
16649,1
16650,1
16654,1
16659,1
16745,1
16749,1
16759,1
16760,1
16769,1
16774,1
16775,1
16788,1
16791,1
16796,1
16841,1
16842,1
16843,1
16845,1
16863,1
16881,1
16882,1
16886,1
16889,1
16891,1
16894,1
16895,1
16896,1
16904,1
16908,1
16952,1
16966,1
17208,1
17275,1
17299,1
17722,1
18873,1
19132,1
19248,1
19250,1
19261,1
19272,1
19671,1
19693,1
19714,1
19792,1
20092,1
20135,1
20138,1
20156,1
20157,1
20180,1
20189,1
20190,1
20227,1
20398,1
20406,1
20409,1
20413,1
20414,1
20419,1
20429,1
20430,1
20471,1
20477,1
20482,1
20531,1
20537,1
20538,1
20570,1
20572,1
20574,1
20698,1
20699,1
20704,1
20706,1
20711,1
20732,1
20733,1
20740,1
20762,1
20764,1
20765,1
20770,1
20772,1
20773,1
20775,1
20776,1
20777,1
20778,1
20801,1
20802,1
20808,1
20810,1
20811,1
20879,1
20880,1
20884,1
20885,1
20886,1
20888,1
20892,1
20893,1
20896,1
20903,1
20929,1
20931,1
20936,1
20937,1
20939,1
20940,1
20946,1
20958,1
20960,1
20961,1
20963,1
20966,1
20967,1
20968,1
20969,1
20972,1
20974,1
20976,1
20979,1
20982,1
20983,1
20985,1
21240,1
21241,1
21242,1
21244,1
21245,1
21246,1
21247,1
21248,1
21249,1
21250,1
21257,1
21552,1
21609,1
21620,1
21691,1
21693,1
21696,1
21697,1
21700,1
21702,1
21705,1
21708,1
21710,1
21711,1
21713,1
21714,1
21715,1
21716,1
21724,1
21737,1
21738,1
21797,1
21798,1
21799,1
21800,1
21802,1
21806,1
21814,1
21819,1
21820,1
21822,1
21824,1
21825,1
21828,1
21830,1
21915,1
21925,1
21931,1
21932,1
21956,1
21957,1
21970,1
21974,1
21980,1
21981,1
21982,1
21983,1
21989,1
21990,1
21991,1
21992,1
21993,1
21994,1
21995,1
21996,1
21997,1
21998,1
21999,1
22000,1
22001,1
22005,1
22006,1
22007,1
22011,1
22013,1
22014,1
22015,1
22016,1
22017,1
22021,1
22023,1
22024,1
22031,1
22036,1
22037,1
22044,1
22046,1
22047,1
22048,1
22055,1
22056,1
22062,1
22065,1
22069,1
22070,1
22071,1
22072,1
22073,1
22076,1
22077,1
22078,1
22079,1
22081,1
22082,1
22083,1
22084,1
22085,1
22086,1
22087,1
22089,1
22090,1
22091,1
22092,1
22093,1
22094,1
22095,1
22096,1
22097,1
22098,1
22099,1
22100,1
22106,1
22110,1
22118,1
22119,1
22120,1
22121,1
22126,1
22128,1
22130,1
22131,1
22132,1
22134,1
22135,1
22137,1
22138,1
22139,1
22140,1
22141,1
22142,1
22174,1
22186,1
22204,1
22205,1
22212,1
22214,1
22249,1
22253,1
22255,1
22258,1
22259,1
22262,1
22263,1
22274,1
22292,1
22297,1
22298,1
22307,1
22308,1
22326,1
22338,1
22339,1
22341,1
22353,1
22355,1
22356,1
22357,1
22358,1
22359,1
22360,1
22361,1
22362,1
22363,1
22364,1
22365,1
22366,1
22367,1
22368,1
22369,1
22370,1
22372,1
22377,1
22378,1
22379,1
22380,1
22381,1
22382,1
22383,1
22384,1
22385,1
22386,1
22387,1
22388,1
22389,1
22391,1
22394,1
22395,1
22396,1
22399,1
22401,1
22402,1
22403,1
22404,1
22406,1
22407,1
22416,1
22418,1
22419,1
22420,1
22421,1
22422,1
22423,1
22424,1
22425,1
22428,1
22430,1
22434,1
22464,1
22465,1
22485,1
22489,1
22491,1
22506,1
22507,1
22509,1
22521,1
22522,1
22524,1
22525,1
22526,1
22529,1
22530,1
22531,1
22532,1
22533,1
22534,1
22535,1
22536,1
22537,1
22538,1
22540,1
22541,1
22542,1
22543,1
22544,1
22545,1
22546,1
22547,1
22548,1
22550,1
22551,1
22552,1
22554,1
22556,1
22557,1
22559,1
22560,1
22561,1
22562,1
22563,1
22564,1
22565,1
22566,1
22567,1
22569,1
22570,1
22571,1
22572,1
22573,1
22574,1
22575,1
22576,1
22578,1
22580,1
22581,1
22582,1
22584,1
22585,1
22586,1
22587,1
22588,1
22589,1
22590,1
22591,1
22592,1
22593,1
22595,1
22596,1
22597,1
22598,1
22599,1
22600,1
22602,1
22603,1
22605,1
22608,1
22609,1
22610,1
22611,1
22612,1
22613,1
22614,1
22615,1
22616,1
22617,1
22618,1
22619,1
22620,1
22622,1
22623,1
22625,1
22626,1
22627,1
22628,1
22632,1
22638,1
22639,1
22640,1
22641,1
22643,1
22645,1
22658,1
22659,1
22660,1
22665,1
22671,1
22672,1
22683,1
22684,1
22693,1
22695,1
22696,1
22697,1
22698,1
22699,1
22700,1
22701,1
22702,1
22705,1
22708,1
22709,1
22710,1
22711,1
22712,1
22715,1
22717,1
22721,1
22723,1
22724,1
22728,1
22729,1
22733,1
22734,1
22742,1
22746,1
22748,1
22749,1
22750,1
22751,1
22756,1
22758,1
22759,1
22764,1
22765,1
22768,1
22769,1
22773,1
22774,1
22778,1
22779,1
22780,1
22781,1
22784,1
22786,1
22788,1
22789,1
22790,1
22791,1
22794,1
22796,1
22797,1
22800,1
22803,1
22807,1
22816,1
22820,1
22840,1
22846,1
22851,1
22941,1
22945,1
22954,1
22958,1
22959,1
22964,1
22968,1
22969,1
22974,1
22976,1
23067,1
23126,1
23258,1
23259,1
23260,1
23261,1
23264,1
23266,1
23267,1
23270,1
23271,1
23272,1
23274,1
23276,1
23278,1
23279,1
23280,1
23281,1
23282,1
23283,1
23284,1
23286,1
23287,1
23288,1
23289,1
23290,1
23291,1
23292,1
23294,1
23298,1
23305,1
23306,1
23307,1
23308,1
23309,1
23310,1
23311,1
23312,1
23315,1
23316,1
23317,1
23318,1
23319,1
23320,1
23321,1
23322,1
23323,1
23324,1
23325,1
23326,1
23327,1
23328,1
23329,1
23332,1
23333,1
23334,1
23335,1
23336,1
23337,1
23338,1
23339,1
23340,1
23341,1
23342,1
23343,1
23345,1
23346,1
23347,1
23351,1
23352,1
23354,1
23356,1
23358,1
23362,1
23365,1
23366,1
23368,1
23371,1
23372,1
23374,1
23379,1
23380,1
23381,1
23383,1
23385,1
23386,1
23387,1
23388,1
23389,1
23393,1
23395,1
23396,1
23397,1
23398,1
23399,1
23400,1
23401,1
23402,1
23403,1
23404,1
23405,1
23406,1
23408,1
23409,1
23412,1
23413,1
23414,1
23415,1
23416,1
23417,1
23418,1
23419,1
23420,1
23421,1
23422,1
23423,1
23427,1
23428,1
23429,1
23430,1
23431,1
23433,1
23436,1
23437,1
23438,1
23440,1
23441,1
23444,1
23445,1
23446,1
23447,1
23450,1
23452,1
23454,1
23455,1
23457,1
23458,1
23461,1
23463,1
23464,1
23465,1
23466,1
23469,1
23470,1
23471,1
23475,1
23476,1
23478,1
23479,1
23480,1
23481,1
23482,1
23483,1
23484,1
23487,1
23488,1
23493,1
23494,1
23496,1
23498,1
23499,1
23500,1
23501,1
23502,1
23503,1
23504,1
23505,1
23506,1
23507,1
23508,1
23509,1
23511,1
23512,1
23513,1
23514,1
23515,1
23516,1
23517,1
23520,1
23521,1
23522,1
23524,1
23525,1
23528,1
23529,1
23530,1
23535,1
23537,1
23538,1
23539,1
23540,1
23541,1
23542,1
23543,1
23544,1
23545,1
23546,1
23547,1
23548,1
23549,1
23551,1
23552,1
23553,1
23554,1
23556,1
23557,1
23558,1
23560,1
23564,1
23567,1
23569,1
23570,1
23571,1
23572,1
23575,1
23577,1
23578,1
23579,1
23580,1
23581,1
23582,1
23583,1
23584,1
23586,1
23587,1
23588,1
23589,1
23590,1
23591,1
23592,1
23593,1
23594,1
23595,1
23596,1
23597,1
23598,1
23599,1
23601,1
23602,1
23604,1
23605,1
23606,1
23607,1
23610,1
23612,1
23614,1
23616,1
23617,1
23619,1
23620,1
23621,1
23622,1
23623,1
23624,1
23625,1
23628,1
23629,1
23630,1
23631,1
23632,1
23633,1
23634,1
23638,1
23642,1
23643,1
23644,1
23649,1
23650,1
23651,1
23656,1
23658,1
23659,1
23660,1
23662,1
23663,1
23665,1
23666,1
23667,1
23670,1
23673,1
23674,1
23675,1
23677,1
23678,1
23680,1
23681,1
23682,1
23685,1
23687,1
23689,1
23690,1
23691,1
23692,1
23693,1
23694,1
23695,1
23697,1
23698,1
23699,1
23701,1
23702,1
23703,1
23705,1
23707,1
23708,1
23709,1
23710,1
23711,1
23712,1
23714,1
23716,1
23720,1
23721,1
23725,1
23726,1
23727,1
23728,1
23729,1
23730,1
23731,1
23732,1
23733,1
23734,1
23735,1
23736,1
23737,1
23740,1
23741,1
23742,1
23745,1
23748,1
23749,1
23750,1
23751,1
23753,1
23754,1
23755,1
23756,1
23757,1
23758,1
23760,1
23762,1
23763,1
23764,1
23765,1
23766,1
23767,1
23768,1
23769,1
23770,1
23771,1
23772,1
23773,1
23774,1
23775,1
23777,1
23778,1
23779,1
23780,1
23781,1
23783,1
23790,1
23795,1
23796,1
23799,1
23801,1
23805,1
23812,1
23822,1
23824,1
23825,1
23827,1
23829,1
23852,1
23853,1
23857,1
23858,1
23859,1
23861,1
23862,1
23866,1
23867,1
23868,1
23870,1
23875,1
23876,1
23878,1
23879,1
23887,1
23888,1
23889,1
23891,1
23894,1
23895,1
23896,1
23897,1
23900,1
23901,1
23904,1
23905,1
23907,1
23909,1
23911,1
23912,1
23913,1
23914,1
23915,1
23916,1
23917,1
23918,1
23920,1
23921,1
23922,1
23924,1
23925,1
23926,1
23927,1
23928,1
23930,1
23931,1
23932,1
23934,1
23938,1
23940,1
23941,1
23942,1
23943,1
23944,1
23946,1
23947,1
23949,1
23952,1
23953,1
23955,1
23956,1
23957,1
23958,1
23959,1
23960,1
23962,1
23963,1
23966,1
23967,1
23968,1
23969,1
23970,1
23971,1
23976,1
23977,1
23978,1
23979,1
23980,1
23981,1
24004,1
24005,1
24006,1
24032,1
24033,1
24034,1
24035,1
24036,1
24040,1
24046,1
24047,1
24049,1
24055,1
24057,1
24075,1
24079,1
24083,1
24084,1
24091,1
24092,1
24093,1
24097,1
24102,1
24103,1
24104,1
24109,1
24112,1
24115,1
24116,1
24121,1
24126,1
24134,1
24135,1
24137,1
24138,1
24139,1
24140,1
24141,1
24142,1
24143,1
24150,1
24151,1
24153,1
24154,1
24158,1
24159,1
24161,1
24162,1
24163,1
24164,1
24165,1
24166,1
24167,1
24168,1
24169,1
24170,1
24171,1
24173,1
24187,1
24192,1
24193,1
24195,1
24197,1
24230,1
24237,1
24242,1
24243,1
24245,1
24249,1
24253,1
24255,1
24258,1
24259,1
24263,1
24266,1
24269,1
24270,1
24272,1
24487,1
24488,1
24490,1
24495,1
24496,1
24497,1
24498,1
24499,1
24500,1
24501,1
24502,1
24503,1
24504,1
24507,1
24508,1
24517,1
24521,1
24522,1
24523,1
24529,1
24531,1
24532,1
24533,1
24535,1
24536,1
24541,1
24542,1
24543,1
24544,1
24546,1
24548,1
24552,1
24553,1
24555,1
24556,1
24557,1
24558,1
24559,1
24562,1
24563,1
24564,1
24572,1
24573,1
24574,1
24575,1
24578,1
24580,1
24582,1
24584,1
24585,1
24591,1
24594,1
24598,1
24599,1
24600,1
24602,1
24603,1
24605,1
24606,1
24607,1
24623,1
24635,1
24639,1
24670,1
24673,1
24675,1
24676,1
24677,1
24679,1
24683,1
24693,1
24709,1
24711,1
24712,1
24717,1
24718,1
24719,1
24720,1
24722,1
24723,1
24724,1
24725,1
24726,1
24727,1
24728,1
24729,1
24730,1
24731,1
24732,1
24733,1
24734,1
24735,1
24736,1
24737,1
24740,1
24741,1
24750,1
24756,1
24759,1
24763,1
24764,1
24765,1
24770,1
24771,1
24772,1
24773,1
24774,1
24778,1
24788,1
24791,1
24793,1
24794,1
24795,1
24798,1
24800,1
24802,1
24807,1
24809,1
24811,1
24812,1
24813,1
24814,1
24815,1
24817,1
24819,1
24820,1
24821,1
24822,1
24823,1
24824,1
24825,1
24826,1
24827,1
24828,1
24829,1
24830,1
24831,1
24832,1
24833,1
24834,1
24835,1
24836,1
24837,1
24838,1
24839,1
24840,1
24843,1
24844,1
24845,1
24846,1
24847,1
24848,1
24849,1
24850,1
24851,1
24852,1
24853,1
24854,1
24855,1
24856,1
24857,1
24858,1
24859,1
24860,1
24861,1
24862,1
24863,1
24864,1
24865,1
24867,1
24868,1
24869,1
24870,1
24871,1
24872,1
24873,1
24874,1
24875,1
24876,1
24877,1
24878,1
24879,1
24880,1
24881,1
24882,1
24883,1
24884,1
24885,1
24886,1
24888,1
24889,1
24890,1
24891,1
24892,1
24893,1
24894,1
24895,1
24896,1
24897,1
24898,1
24899,1
24902,1
24904,1
24905,1
24906,1
24907,1
24909,1
24910,1
24911,1
24913,1
24914,1
24915,1
24916,1
24917,1
24919,1
24920,1
24921,1
24922,1
24925,1
24926,1
24928,1
24930,1
24931,1
24932,1
24933,1
24934,1
24937,1
24939,1
24941,1
24942,1
24943,1
24946,1
24960,1
24961,1
24962,1
24964,1
24965,1
24966,1
24968,1
24969,1
24970,1
24971,1
24973,1
24974,1
24975,1
24976,1
24977,1
24978,1
24980,1
24984,1
24986,1
24987,1
24988,1
24989,1
24990,1
24991,1
24992,1
24993,1
24994,1
24995,1
24996,1
24997,1
24998,1
25003,1
25004,1
25005,1
25006,1
25007,1
25009,1
25012,1
25015,1
25016,1
25017,1
25019,1
25021,1
25022,1
25023,1
25025,1
25027,1
25028,1
25029,1
25030,1
25031,1
25033,1
25035,1
25036,1
25038,1
25039,1
25040,1
25041,1
25042,1
25043,1
25044,1
25045,1
25046,1
25047,1
25049,1
25051,1
25052,1
25053,1
25054,1
25055,1
25056,1
25057,1
25058,1
25059,1
25060,1
25061,1
25062,1
25063,1
25071,1
25073,1
25074,1
25075,1
25076,1
25077,1
25078,1
25080,1
25081,1
25082,1
25083,1
25084,1
25085,1
25086,1
25087,1
25088,1
25089,1
25091,1
25093,1
25094,1
25096,1
25097,1
25098,1
25099,1
25100,1
25104,1
25107,1
25108,1
25109,1
25113,1
25114,1
25115,1
25117,1
25118,1
25119,1
25151,1
25152,1
25153,1
25154,1
25155,1
25167,1
25168,1
25169,1
25170,1
25171,1
25180,1
25181,1
25184,1
25189,1
25193,1
25195,1
25196,1
25197,1
25198,1
25219,1
25221,1
25222,1
25228,1
25229,1
25234,1
25236,1
25237,1
25239,1
25241,1
25244,1
25249,1
25250,1
25252,1
25254,1
25257,1
25258,1
25260,1
25261,1
25262,1
25265,1
25266,1
25268,1
25269,1
25270,1
25271,1
25272,1
25273,1
25274,1
25275,1
25276,1
25277,1
25281,1
25282,1
25283,1
25284,1
25285,1
25286,1
25287,1
25289,1
25292,1
25293,1
25294,1
25295,1
25296,1
25298,1
25299,1
25300,1
25301,1
25302,1
25303,1
25304,1
25305,1
25306,1
25307,1
25308,1
25309,1
25310,1
25313,1
25315,1
25317,1
25319,1
25320,1
25321,1
25322,1
25323,1
25324,1
25325,1
25326,1
25327,1
25331,1
25334,1
25335,1
25336,1
25767,1
25838,1
25839,1
25841,1
25842,1
26067,1
26068,1
26345,1
26471,1
26472,1
26514,1
26591,1
26677,1
26678,1
26686,1
26687,1
26709,1
26710,1
26768,1
26769,1
26771,1
26772,1
26773,1
26774,1
26776,1
26777,1
26779,1
26780,1
26785,1
26800,1
26801,1
26802,1
26803,1
26805,1
801640,1
26821,1
26828,1
26829,1
26833,1
26850,1
26854,1
26855,1
26858,1
26862,1
26873,1
26874,1
26875,1
26878,1
26883,1
26900,1
26902,1
26942,1
26993,1
26994,1
26995,1
26996,1
27000,1
27001,1
27003,1
27004,1
27008,1
27010,1
27011,1
27012,1
27014,1
27015,1
27016,1
27017,1
27018,1
27019,1
27020,1
27021,1
27022,1
27023,1
27024,1
27026,1
27030,1
27031,1
27032,1
27034,1
27035,1
27037,1
27040,1
27042,1
27043,1
27044,1
27045,1
27046,1
27078,1
27080,1
27083,1
27084,1
27085,1
27086,1
27088,1
27090,1
27092,1
27094,1
27095,1
27098,1
27100,1
27102,1
27119,1
27124,1
27126,1
27127,1
27129,1
27130,1
27132,1
27133,1
27136,1
27142,1
27143,1
27148,1
27158,1
27159,1
27163,1
27178,1
27186,1
27189,1
27190,1
27198,1
27202,1
27203,1
27204,1
27205,1
27212,1
27213,1
27215,1
27216,1
27217,1
27218,1
27224,1
27225,1
27228,1
27229,1
27234,1
27235,1
27236,1
27239,1
27242,1
27243,1
27244,1
27246,1
27247,1
27253,1
27257,1
27258,1
27259,1
27260,1
27261,1
27263,1
27264,1
27267,1
27285,1
27287,1
27288,1
27296,1
27297,1
27298,1
27299,1
27300,1
27301,1
27303,1
27304,1
27312,1
27314,1
27320,1
27321,1
27323,1
27324,1
27328,1
27330,1
27332,1
27334,1
27335,1
27336,1
27337,1
27338,1
27339,1
27340,1
27341,1
27356,1
27357,1
27358,1
27371,1
27374,1
27386,1
27387,1
27389,1
27390,1
27392,1
27394,1
27397,1
27398,1
27400,1
27401,1
27403,1
27406,1
27407,1
27416,1
27418,1
27421,1
27424,1
27425,1
27426,1
27430,1
27431,1
27461,1
27466,1
27467,1
27468,1
27470,1
27476,1
27481,1
27483,1
27486,1
27487,1
27492,1
27501,1
27503,1
27504,1
27505,1
27507,1
27508,1
27512,1
27516,1
27517,1
27519,1
27520,1
27521,1
27524,1
28242,1
28243,1
28244,1
28527,1
28807,1
28827,1
28828,1
28829,1
29243,1
29246,1
29254,1
29255,1
29627,1
29628,1
29629,1
29630,1
29632,1
29833,1
29834,1
29877,1
29881,1
30115,1
30126,1
30127,1
30128,1
30129,1
30130,1
30153,1
30154,1
30178,1
30180,1
30197,1
30347,1
30357,1
30368,1
30369,1
30376,1
30407,1
30449,1
30450,1
30535,1
30537,1
30558,1
30559,1
30560,1
30593,1
30606,1
30753,1
30785,1
30786,1
30818,1
30905,1
30906,1
30943,1
30944,1
30970,1
30981,1
31025,1
31030,1
31259,1
31261,1
31267,1
31268,1
31287,1
31371,1
31372,1
31540,1
31544,1
31573,1
31656,1
31664,1
31686,1
31690,1
31706,1
31803,1
31804,1
31839,1
31852,1
31864,1
31915,1
31920,1
31922,1
31923,1
31927,1
31962,1
32045,1
32106,1
32201,1
32230,1
41574,1
41714,1
42288,1
42289,1
43366,1
44224,1
44255,1
44358,1
44365,1
44772,1
44815,1
44942,1
44956,1
46274,1
46675,1
46681,1
49140,1
49217,1
49274,1
49334,1
49341,1
49365,1
49394,1
49433,1
49438,1
49517,1
49773,1
49785,1
49869,1
49891,1
49982,1
50018,1
50035,1
50128,1
50175,1
50195,1
50228,1
50270,1
50298,1
50486,1
50518,1
50625,1
51137,1
51215,1
51664,1
51781,1
51782,1
51783,1
51784,1
51785,1
51788,1
51789,1
51790,1
51791,1
51792,1
51793,1
51804,1
51805,1
51806,1
51808,1
51856,1
51863,1
51890,1
51911,1
51912,1
51913,1
51914,1
51915,1
51926,1
51935,1
51936,1
51937,1
51960,1
51985,1
51991,1
51997,1
51998,1
52001,1
52002,1
52005,1
52006,1
52007,1
52011,1
52012,1
52013,1
52014,1
52017,1
52032,1
52033,1
52043,1
52120,1
52136,1
52164,1
52165,1
52166,1
52167,1
52168,1
52169,1
52170,1
52171,1
52172,1
52173,1
52176,1
52181,1
52191,1
52272,1
52371,1
52372,1
52373,1
52374,1
52376,1
52732,1
52954,1
52973,1
53007,1
53012,1
53182,1
53183,1
53187,1
53271,1
53272,1
53329,1
53330,1
53331,1
53332,1
53333,1
53334,1
53335,1
53336,1
53338,1
53349,1
53455,1
53459,1
53497,1
53498,1
53499,1
53535,1
53572,1
53609,1
53616,1
53617,1
53635,1
53637,1
53638,1
53764,1
53765,1
53770,1
53854,1
53921,1
53923,1
53941,1
53982,1
53986,1
54055,1
54064,1
54070,1
54124,1
54155,1
54156,1
54209,1
54230,1
54298,1
54323,1
54370,1
54371,1
54494,1
54532,1
54533,1
54547,1
54548,1
54566,1
54567,1
54570,1
54592,1
54709,1
54728,1
54788,1
54789,1
54790,1
54797,1
54820,1
54821,1
54840,1
54864,1
54865,1
54866,1
54888,1
54889,1
54909,1
54940,1
54977,1
55051,1
55052,1
55102,1
55130,1
55148,1
55175,1
55176,1
55177,1
55208,1
55210,1
55238,1
55246,1
55248,1
55251,1
55269,1
55270,1
55271,1
55282,1
55283,1
55284,1
55321,1
55322,1
55339,1
55340,1
55347,1
55368,1
55394,1
55424,1
55425,1
55426,1
55433,1
55459,1
55526,1
55562,1
55563,1
55567,1
55571,1
55572,1
55586,1
55596,1
55612,1
55630,1
55637,1
55656,1
55661,1
55680,1
55811,1
55840,1
56026,1
56027,1
56153,1
56183,1
56466,1
56488,1
56714,1
56790,1
56792,1
56793,1
56794,1
56949,1
57048,1
57061,1
57063,1
57067,1
57080,1
57082,1
57087,1
57099,1
57119,1
57161,1
57197,1
57198,1
57199,1
57226,1
57227,1
57228,1
57231,1
57241,1
57246,1
57247,1
57248,1
57251,1
57257,1
57306,1
57330,1
57358,1
57367,1
57371,1
57380,1
57390,1
57448,1
57458,1
57489,1
57490,1
57491,1
57492,1
57517,1
57519,1
57526,1
57536,1
57568,1
57695,1
57756,1
57818,1
57834,1
57850,1
57882,1
57943,1
57995,1
58023,1
58072,1
58095,1
58115,1
58124,1
58169,1
58170,1
58248,1
58254,1
58258,1
58270,1
58274,1
58278,1
58286,1
58339,1
58344,1
58349,1
58373,1
58415,1
58455,1
58486,1
58519,1
58524,1
58577,1
58580,1
58614,1
58634,1
58692,1
58707,1
58710,1
58730,1
58751,1
58752,1
58824,1
58825,1
58863,1
58864,1
58875,1
58881,1
58887,1
58895,1
58896,1
58897,1
58900,1
58937,1
58939,1
58940,1
58941,1
58942,1
58943,1
58944,1
58947,1
59002,1
59006,1
59007,1
59024,1
59025,1
59030,1
59049,1
59054,1
59055,1
59057,1
59081,1
59086,1
59100,1
59101,1
59105,1
59107,1
59120,1
59124,1
59125,1
59126,1
59129,1
59149,1
59153,1
59182,1
59220,1
59221,1
59222,1
59226,1
59231,1
59239,1
59309,1
59370,1
59409,1
59443,1
59447,1
59449,1
59454,1
59455,1
59456,1
59457,1
59458,1
59461,1
59462,1
59464,1
59465,1
59466,1
59469,1
59478,1
59479,1
59482,1
59483,1
59485,1
59488,1
59490,1
59491,1
59493,1
59494,1
59497,1
59501,1
59505,1
59506,1
59508,1
59509,1
59510,1
59511,1
59512,1
59514,1
59515,1
59516,1
59518,1
59519,1
59520,1
59521,1
59522,1
59523,1
59524,1
59525,1
59526,1
59527,1
59528,1
59529,1
59530,1
59531,1
59532,1
59533,1
59534,1
59536,1
59537,1
59538,1
59543,1
59553,1
59555,1
59556,1
59558,1
59559,1
59560,1
59561,1
59565,1
59570,1
59573,1
59574,1
59575,1
59576,1
59582,1
59587,1
59591,1
59592,1
59594,1
59596,1
59599,1
59600,1
59603,1
59604,1
59605,1
59625,1
59629,1
59634,1
59635,1
59644,1
59663,1
59667,1
59668,1
59669,1
59670,1
59671,1
59672,1
59673,1
59674,1
59675,1
59676,1
59677,1
59679,1
59680,1
59681,1
59682,1
59683,1
59684,1
59685,1
59686,1
59687,1
59688,1
59689,1
59690,1
59691,1
59694,1
59695,1
59696,1
59697,1
59698,1
59699,1
59700,1
59702,1
59703,1
59704,1
59705,1
59706,1
59707,1
59708,1
59709,1
59710,1
59711,1
59712,1
59714,1
59715,1
59716,1
59717,1
59719,1
59721,1
59722,1
59723,1
59724,1
59725,1
59726,1
59727,1
59729,1
59730,1
59731,1
59732,1
59733,1
59734,1
59735,1
59738,1
59739,1
59740,1
59741,1
59742,1
59743,1
59744,1
59745,1
59746,1
59747,1
59748,1
59749,1
59750,1
59751,1
59752,1
59754,1
59755,1
59756,1
59758,1
59759,1
59760,1
59761,1
59762,1
59763,1
59764,1
59765,1
59766,1
59767,1
59768,1
59769,1
59771,1
59772,1
59773,1
59774,1
59775,1
59776,1
59779,1
59780,1
59781,1
59782,1
59783,1
59784,1
59785,1
59786,1
59787,1
59788,1
59789,1
59790,1
59791,1
59792,1
59793,1
59794,1
59795,1
59796,1
59797,1
59798,1
59799,1
59800,1
59801,1
59803,1
59804,1
59806,1
59807,1
59808,1
59809,1
59810,1
59811,1
59812,1
59813,1
59814,1
59815,1
59816,1
59817,1
59818,1
59819,1
59820,1
59821,1
59822,1
59824,1
59825,1
59836,1
59837,1
59839,1
59840,1
59842,1
59844,1
59845,1
59849,1
59853,1
59854,1
59855,1
59857,1
59858,1
59859,1
59860,1
59862,1
59863,1
59864,1
59865,1
59866,1
59867,1
59868,1
59869,1
59870,1
59871,1
59872,1
59873,1
59874,1
59875,1
59876,1
59877,1
59878,1
59879,1
59880,1
59881,1
59882,1
59883,1
59884,1
59885,1
59887,1
59888,1
59889,1
59890,1
59891,1
59892,1
59893,1
59895,1
59896,1
59899,1
59900,1
59901,1
59904,1
59905,1
59906,1
59907,1
59908,1
59910,1
59912,1
59913,1
59914,1
59915,1
59916,1
59917,1
59918,1
59919,1
59920,1
59921,1
59922,1
59923,1
59924,1
59925,1
59926,1
59927,1
59928,1
59931,1
59932,1
59933,1
59934,1
59935,1
59940,1
59942,1
59943,1
59945,1
59946,1
59947,1
59948,1
59949,1
59952,1
59953,1
59954,1
59955,1
59956,1
59959,1
59960,1
59962,1
59964,1
59965,1
59966,1
59967,1
59968,1
59969,1
59972,1
59973,1
59976,1
59977,1
59979,1
59980,1
59981,1
59982,1
59983,1
59984,1
59985,1
59986,1
59987,1
59989,1
59990,1
59991,1
59993,1
59996,1
59998,1
60000,1
60001,1
60002,1
60003,1
60004,1
60005,1
60006,1
60007,1
60008,1
60009,1
60010,1
60011,1
60012,1
60013,1
60015,1
60016,1
60017,1
60019,1
60020,1
60021,1
60022,1
60023,1
60024,1
60025,1
60026,1
60027,1
60028,1
60029,1
60030,1
60031,1
60032,1
60033,1
60034,1
60035,1
60036,1
60037,1
60038,1
60039,1
60040,1
60041,1
60042,1
60043,1
60049,1
60050,1
60051,1
60052,1
60053,1
60054,1
60055,1
60056,1
60057,1
60058,1
60059,1
60060,1
60061,1
60062,1
60063,1
60064,1
60065,1
60066,1
60067,1
60068,1
60069,1
60070,1
60071,1
60072,1
60074,1
60075,1
60076,1
60077,1
60078,1
60079,1
60080,1
60081,1
60082,1
60083,1
60084,1
60085,1
60086,1
60087,1
60088,1
60089,1
60090,1
60091,1
60093,1
60094,1
60095,1
60097,1
60098,1
60099,1
60100,1
60101,1
60102,1
60103,1
60104,1
60105,1
60106,1
60107,1
60110,1
60111,1
60112,1
60113,1
60114,1
60115,1
60116,1
60117,1
60120,1
60121,1
60123,1
60126,1
60129,1
60130,1
60131,1
60132,1
60135,1
60136,1
60138,1
60139,1
60140,1
60141,1
60142,1
60143,1
60144,1
60145,1
60146,1
60147,1
60148,1
60149,1
60150,1
60151,1
60152,1
60155,1
60156,1
60157,1
60158,1
60159,1
60160,1
60161,1
60162,1
60163,1
60164,1
60166,1
60167,1
60168,1
60169,1
60171,1
60172,1
60173,1
60174,1
60175,1
60176,1
60177,1
60178,1
60184,1
60186,1
60187,1
60189,1
60190,1
60192,1
60193,1
60194,1
60195,1
60196,1
60197,1
60198,1
60200,1
60201,1
60202,1
60203,1
60204,1
60205,1
60206,1
60207,1
60210,1
60212,1
60213,1
60214,1
60215,1
60216,1
60217,1
60218,1
60219,1
60220,1
60221,1
60222,1
60223,1
60224,1
60225,1
60226,1
60227,1
60228,1
60229,1
60230,1
60231,1
60232,1
60233,1
60234,1
60235,1
60236,1
60237,1
60238,1
60239,1
60240,1
60241,1
60242,1
60243,1
60244,1
60245,1
60246,1
60247,1
60248,1
60249,1
60250,1
60251,1
60252,1
60253,1
60254,1
60255,1
60256,1
60257,1
60258,1
60259,1
60260,1
60261,1
60262,1
60263,1
60264,1
60265,1
60266,1
60267,1
60268,1
60269,1
60270,1
60271,1
60272,1
60273,1
60274,1
60275,1
60276,1
60277,1
60278,1
60279,1
60280,1
60281,1
60282,1
60283,1
60284,1
60285,1
60286,1
60287,1
60288,1
60289,1
60291,1
60292,1
60293,1
60294,1
60295,1
60296,1
60297,1
60298,1
60299,1
60300,1
60301,1
60302,1
60303,1
60304,1
60305,1
60306,1
60307,1
60308,1
60309,1
60310,1
60311,1
60312,1
60313,1
60314,1
60315,1
60318,1
60319,1
60320,1
60321,1
60324,1
60325,1
60326,1
60327,1
60328,1
60329,1
60330,1
60331,1
60332,1
60333,1
60334,1
60335,1
60336,1
60337,1
60338,1
60339,1
60340,1
60341,1
60342,1
60343,1
60344,1
60346,1
60347,1
60349,1
60350,1
60353,1
60354,1
60355,1
60356,1
60357,1
60358,1
60359,1
60360,1
60361,1
60362,1
60363,1
60364,1
60365,1
60366,1
60367,1
60368,1
60369,1
60370,1
60371,1
60372,1
60373,1
60374,1
60375,1
60376,1
60377,1
60378,1
60379,1
60382,1
60385,1
60386,1
60387,1
60388,1
60389,1
60390,1
60391,1
60392,1
60393,1
60394,1
60395,1
60396,1
60397,1
60398,1
60399,1
60400,1
60401,1
60402,1
60403,1
60404,1
60405,1
60406,1
60407,1
60408,1
60409,1
60410,1
60411,1
60412,1
60413,1
60414,1
60415,1
60416,1
60417,1
60418,1
60419,1
60420,1
60421,1
60422,1
60423,1
60424,1
60425,1
60427,1
60428,1
60429,1
60430,1
60431,1
60432,1
60433,1
60434,1
60435,1
60436,1
60440,1
60441,1
60442,1
60443,1
60444,1
60445,1
60446,1
60448,1
60449,1
60450,1
60451,1
60452,1
60453,1
60454,1
60455,1
60456,1
60458,1
60460,1
60461,1
60462,1
60463,1
60464,1
60465,1
60466,1
60467,1
60468,1
60469,1
60470,1
60471,1
60472,1
60474,1
60477,1
60478,1
60479,1
60481,1
60483,1
60485,1
60487,1
60488,1
60489,1
60490,1
60492,1
60495,1
60496,1
60497,1
60500,1
60501,1
60503,1
60505,1
60506,1
60507,1
60508,1
60509,1
60510,1
60511,1
60512,1
60513,1
60514,1
60515,1
60516,1
60518,1
60519,1
60520,1
60524,1
60526,1
60527,1
60528,1
60529,1
60530,1
60531,1
60532,1
60533,1
60534,1
60535,1
60536,1
60537,1
60538,1
60539,1
60540,1
60542,1
60544,1
60546,1
60547,1
60550,1
60551,1
60554,1
60555,1
60556,1
60557,1
60558,1
60559,1
60561,1
60562,1
60563,1
60564,1
60565,1
60566,1
60567,1
60568,1
60569,1
60570,1
60571,1
60572,1
60574,1
60575,1
60576,1
60577,1
60579,1
60580,1
60581,1
60582,1
60583,1
60584,1
60585,1
60586,1
60587,1
60589,1
60590,1
60591,1
60592,1
60593,1
60594,1
60595,1
60596,1
60597,1
60598,1
60599,1
60600,1
60601,1
60602,1
60603,1
60604,1
60605,1
60606,1
60607,1
60608,1
60609,1
60610,1
60611,1
60612,1
60613,1
60614,1
60615,1
60616,1
60617,1
60618,1
60619,1
60620,1
60621,1
60623,1
60624,1
60625,1
60626,1
60627,1
60628,1
60629,1
60630,1
60631,1
60632,1
60633,1
60634,1
60635,1
60636,1
60637,1
60638,1
60639,1
60640,1
60641,1
60642,1
60643,1
60644,1
60645,1
60647,1
60650,1
60651,1
60652,1
60653,1
60654,1
60655,1
60656,1
60657,1
60658,1
60659,1
60661,1
60662,1
60663,1
60664,1
60665,1
60666,1
60667,1
60668,1
60669,1
60670,1
60671,1
60672,1
60674,1
60675,1
60676,1
60677,1
60678,1
60679,1
60680,1
60681,1
60682,1
60683,1
60684,1
60685,1
60686,1
60687,1
60688,1
60689,1
60690,1
60691,1
60692,1
60693,1
60694,1
60695,1
60696,1
60697,1
60698,1
60699,1
60700,1
60701,1
60703,1
60705,1
60706,1
60707,1
60708,1
60709,1
60710,1
60711,1
60712,1
60713,1
60714,1
60716,1
60717,1
60718,1
60719,1
60720,1
60721,1
60722,1
60724,1
60725,1
60726,1
60727,1
60728,1
60729,1
60734,1
60735,1
60736,1
60737,1
60739,1
60741,1
60742,1
60743,1
60744,1
60745,1
60746,1
60747,1
60748,1
60749,1
60750,1
60751,1
60752,1
60753,1
60754,1
60755,1
60756,1
60758,1
60759,1
60760,1
60761,1
60762,1
60763,1
60764,1
60765,1
60766,1
60767,1
60768,1
60769,1
60770,1
60771,1
60772,1
60773,1
60774,1
60775,1
60776,1
60777,1
60778,1
60779,1
60780,1
60781,1
60782,1
60783,1
60784,1
60785,1
60787,1
60789,1
60790,1
60791,1
60792,1
60793,1
60794,1
60795,1
60796,1
60797,1
60799,1
60800,1
60801,1
60802,1
60803,1
60804,1
60805,1
60806,1
60807,1
60808,1
60809,1
60810,1
60811,1
60814,1
60816,1
60817,1
60818,1
60819,1
60820,1
60821,1
60822,1
60823,1
60824,1
60825,1
60826,1
60827,1
60828,1
60829,1
60830,1
60831,1
60832,1
60834,1
60835,1
60836,1
60837,1
60838,1
60839,1
60840,1
60841,1
60842,1
60843,1
60844,1
60845,1
60846,1
60847,1
60848,1
60849,1
60852,1
60854,1
60855,1
60856,1
60857,1
60858,1
60859,1
60860,1
60861,1
60862,1
60863,1
60864,1
60865,1
60867,1
60868,1
60869,1
60870,1
60871,1
60872,1
60873,1
60874,1
60876,1
60877,1
60878,1
60879,1
60880,1
60881,1
60882,1
60883,1
60884,1
60885,1
60886,1
60887,1
60888,1
60889,1
60890,1
60891,1
60892,1
60893,1
60894,1
60895,1
60897,1
60898,1
60900,1
60901,1
60902,1
60903,1
60905,1
60906,1
60907,1
60908,1
60909,1
60910,1
60912,1
60913,1
60914,1
60915,1
60916,1
60917,1
60918,1
60919,1
60920,1
60921,1
60925,1
60926,1
60927,1
60929,1
60930,1
60932,1
60933,1
60934,1
60935,1
60936,1
60937,1
60938,1
60939,1
60940,1
60941,1
60943,1
60944,1
60945,1
60946,1
60947,1
60948,1
60949,1
60950,1
60951,1
60952,1
60953,1
60954,1
60955,1
60956,1
60957,1
60958,1
60959,1
60960,1
60961,1
60962,1
60963,1
60964,1
60966,1
60967,1
60968,1
60969,1
60970,1
60971,1
60972,1
60973,1
60974,1
60976,1
60978,1
60979,1
60980,1
60981,1
60982,1
60983,1
60984,1
60985,1
60986,1
60987,1
60988,1
60989,1
60990,1
60992,1
60993,1
60994,1
60995,1
60996,1
60997,1
60998,1
60999,1
61000,1
61001,1
61002,1
61003,1
61005,1
61006,1
61007,1
61008,1
61009,1
61010,1
61011,1
61012,1
61013,1
61014,1
61015,1
61016,1
61017,1
61018,1
61019,1
61020,1
61021,1
61022,1
61023,1
61024,1
61025,1
61026,1
61027,1
61028,1
61030,1
61031,1
61032,1
61033,1
61034,1
61035,1
61036,1
61037,1
61038,1
61039,1
61040,1
61043,1
61044,1
61045,1
61046,1
61047,1
61048,1
61050,1
61051,1
61052,1
61053,1
61054,1
61055,1
61056,1
61057,1
61058,1
61059,1
61060,1
61062,1
61063,1
61064,1
61065,1
61066,1
61067,1
61068,1
61069,1
61070,1
61072,1
61073,1
61074,1
61075,1
61076,1
61077,1
61078,1
61079,1
61080,1
61081,1
61082,1
61083,1
61084,1
61085,1
61086,1
61087,1
61088,1
61089,1
61090,1
61098,1
61099,1
61102,1
61103,1
61104,1
61105,1
61106,1
61108,1
61109,1
61110,1
61111,1
61112,1
61113,1
61114,1
61115,1
61116,1
61117,1
61118,1
61119,1
61120,1
61122,1
61125,1
61126,1
61129,1
61130,1
61132,1
61133,1
61134,1
61135,1
61136,1
61138,1
61139,1
61140,1
61141,1
61142,1
61143,1
61144,1
61145,1
61146,1
61147,1
61148,1
61149,1
61150,1
61151,1
61152,1
61153,1
61154,1
61155,1
61156,1
61157,1
61158,1
61159,1
61161,1
61162,1
61163,1
61164,1
61165,1
61166,1
61167,1
61168,1
61169,1
61170,1
61172,1
61173,1
61174,1
61175,1
61176,1
61177,1
61178,1
61179,1
61180,1
61181,1
61182,1
61183,1
61184,1
61186,1
61187,1
61188,1
61189,1
61190,1
61191,1
61192,1
61193,1
61194,1
61195,1
61196,1
61197,1
61199,1
61201,1
61203,1
61204,1
61205,1
61206,1
61207,1
61208,1
61210,1
61211,1
61212,1
61213,1
61214,1
61215,1
61216,1
61218,1
61219,1
61220,1
61221,1
61222,1
61223,1
61224,1
61225,1
61227,1
61228,1
61229,1
61230,1
61232,1
61233,1
61235,1
61236,1
61237,1
61238,1
61240,1
61241,1
61242,1
61243,1
61244,1
61245,1
61246,1
61247,1
61248,1
61249,1
61250,1
61251,1
61252,1
61253,1
61254,1
61255,1
61256,1
61257,1
61258,1
61259,1
61260,1
61261,1
61262,1
61263,1
61264,1
61265,1
61266,1
61267,1
61268,1
61271,1
61272,1
61273,1
61274,1
61275,1
61276,1
61277,1
61278,1
61279,1
61280,1
61281,1
61282,1
61283,1
61284,1
61285,1
61286,1
61287,1
61288,1
61289,1
61290,1
61291,1
61294,1
61295,1
61296,1
61297,1
61298,1
61299,1
61300,1
61301,1
61302,1
61303,1
61304,1
61305,1
61306,1
61307,1
61308,1
61309,1
61311,1
61312,1
61314,1
61315,1
61316,1
61318,1
61319,1
61320,1
61321,1
61322,1
61323,1
61324,1
61326,1
61327,1
61328,1
61330,1
61331,1
61332,1
61333,1
61334,1
61335,1
61336,1
61337,1
61338,1
61339,1
61340,1
61341,1
61342,1
61343,1
61344,1
61346,1
61347,1
61348,1
61350,1
61351,1
61352,1
61353,1
61354,1
61355,1
61356,1
61357,1
61358,1
61359,1
61360,1
61361,1
61362,1
61363,1
61364,1
61365,1
61366,1
61367,1
61368,1
61369,1
61370,1
61371,1
61372,1
61373,1
61375,1
61376,1
61377,1
61378,1
61379,1
61380,1
61381,1
61382,1
61383,1
61384,1
61385,1
61386,1
61387,1
61388,1
61389,1
61390,1
61391,1
61392,1
61393,1
61394,1
61395,1
61396,1
61397,1
61398,1
61399,1
61400,1
61401,1
61402,1
61403,1
61404,1
61405,1
61406,1
61409,1
61410,1
61411,1
61412,1
61413,1
61414,1
61415,1
61416,1
61417,1
61418,1
61419,1
61420,1
61421,1
61422,1
61423,1
61424,1
61425,1
61426,1
61427,1
61428,1
61429,1
61430,1
61436,1
61439,1
61440,1
61441,1
61442,1
61443,1
61446,1
61447,1
61448,1
61449,1
61450,1
61451,1
61452,1
61453,1
61454,1
61455,1
61456,1
61457,1
61459,1
61460,1
61461,1
61462,1
61464,1
61465,1
61466,1
61467,1
61468,1
61471,1
61472,1
61473,1
61474,1
61475,1
61476,1
61477,1
61478,1
61479,1
61480,1
61481,1
61482,1
61483,1
61484,1
61487,1
61488,1
61489,1
61490,1
61491,1
61492,1
61493,1
61494,1
61495,1
61496,1
61497,1
61498,1
61499,1
61500,1
61501,1
61502,1
61503,1
61505,1
61506,1
61507,1
61512,1
61513,1
61514,1
61515,1
61516,1
61517,1
61518,1
61519,1
61521,1
61522,1
61523,1
61524,1
61525,1
61526,1
61528,1
61529,1
61530,1
61531,1
61532,1
61533,1
61534,1
61535,1
61537,1
61538,1
61539,1
61540,1
61541,1
61542,1
61543,1
61544,1
61545,1
61547,1
61548,1
61549,1
61551,1
61552,1
61554,1
61555,1
61556,1
61557,1
61558,1
61561,1
61562,1
61563,1
61564,1
61565,1
61566,1
61567,1
61568,1
61569,1
61572,1
61574,1
61575,1
61577,1
61578,1
61579,1
61583,1
61584,1
61585,1
61586,1
61589,1
61590,1
61591,1
61592,1
61593,1
61594,1
61595,1
61599,1
61600,1
61602,1
61603,1
61604,1
61605,1
61606,1
61607,1
61610,1
61611,1
61612,1
61613,1
61614,1
61615,1
61616,1
61617,1
61618,1
61619,1
61620,1
61621,1
61622,1
61623,1
61624,1
61625,1
61629,1
61631,1
61632,1
61633,1
61637,1
61638,1
61639,1
61640,1
61641,1
61642,1
61643,1
61644,1
61645,1
61646,1
61647,1
61648,1
61649,1
61651,1
61652,1
61653,1
61658,1
61659,1
61661,1
61662,1
61663,1
61664,1
61665,1
61666,1
61670,1
61671,1
61672,1
61673,1
61674,1
61675,1
61676,1
61677,1
61679,1
61681,1
61682,1
61683,1
61686,1
61687,1
61688,1
61689,1
61690,1
61691,1
61694,1
61695,1
61696,1
61697,1
61698,1
61699,1
61704,1
61705,1
61707,1
61708,1
61709,1
61710,1
61711,1
61712,1
61713,1
61717,1
61718,1
61719,1
61720,1
61722,1
61724,1
61725,1
61727,1
61736,1
61737,1
61739,1
61740,1
61741,1
61742,1
61743,1
61744,1
61745,1
61747,1
61748,1
61749,1
61750,1
61751,1
61752,1
61753,1
61754,1
61755,1
61756,1
61757,1
61758,1
61759,1
61760,1
61761,1
61762,1
61763,1
61764,1
61765,1
61766,1
61767,1
61768,1
61769,1
61770,1
61771,1
61772,1
61785,1
61786,1
61789,1
61792,1
61801,1
61802,1
61803,1
61804,1
61805,1
61806,1
61807,1
61808,1
61809,1
61810,1
61811,1
61812,1
61813,1
61814,1
61815,1
61816,1
61817,1
61818,1
61819,1
61820,1
61823,1
61824,1
61825,1
61826,1
61827,1
61828,1
61829,1
61830,1
61831,1
61832,1
61833,1
61834,1
61835,1
61836,1
61837,1
61838,1
61839,1
61840,1
61841,1
61842,1
61843,1
61844,1
61845,1
61846,1
61847,1
61848,1
61849,1
61850,1
61851,1
61852,1
61853,1
61854,1
61855,1
61856,1
61857,1
61858,1
61859,1
61860,1
61861,1
61862,1
61863,1
61864,1
61865,1
61866,1
61868,1
61869,1
61870,1
61871,1
61872,1
61873,1
61874,1
61875,1
61876,1
61877,1
61878,1
61879,1
61880,1
61881,1
61882,1
61883,1
61884,1
61885,1
61886,1
61887,1
61888,1
61889,1
61890,1
61891,1
61892,1
61893,1
61894,1
61895,1
61896,1
61897,1
61899,1
61900,1
61901,1
61902,1
61903,1
61905,1
61906,1
61907,1
61908,1
61909,1
61910,1
61911,1
61912,1
61913,1
61925,1
61926,1
61988,1
61989,1
61991,1
61992,1
61995,1
61996,1
61997,1
61998,1
61999,1
62000,1
62001,1
62002,1
62003,1
62004,1
62005,1
62006,1
62007,1
62008,1
62009,1
62010,1
62011,1
62012,1
62013,1
62014,1
62015,1
62016,1
62017,1
62018,1
62019,1
62020,1
62021,1
62022,1
62023,1
62024,1
62025,1
62029,1
62030,1
62031,1
62032,1
62053,1
62054,1
62055,1
62056,1
62057,1
62058,1
62059,1
62060,1
62061,1
62062,1
62063,1
62064,1
62065,1
62066,1
62067,1
62068,1
62069,1
62070,1
62071,1
62072,1
62073,1
62074,1
62075,1
62076,1
62077,1
62078,1
62079,1
62080,1
62081,1
62082,1
62083,1
62084,1
62085,1
62086,1
62087,1
62088,1
62089,1
62090,1
62091,1
62092,1
62093,1
62094,1
62095,1
62096,1
62097,1
62098,1
62099,1
62100,1
62101,1
62105,1
62109,1
62110,1
62111,1
62113,1
62114,1
62115,1
62145,1
62146,1
62147,1
62148,1
62149,1
62150,1
62151,1
62153,1
62154,1
62155,1
62156,1
62158,1
62159,1
62160,1
62161,1
62162,1
62163,1
62164,1
62166,1
62167,1
62168,1
62169,1
62170,1
62171,1
62172,1
62173,1
62174,1
62175,1
62176,1
62177,1
62178,1
62179,1
62180,1
62181,1
62182,1
62184,1
62185,1
62186,1
62187,1
62188,1
62189,1
62190,1
62191,1
62192,1
62193,1
62194,1
62195,1
62197,1
62198,1
62199,1
62200,1
62202,1
62203,1
62204,1
62205,1
62206,1
62208,1
62209,1
62210,1
62211,1
62212,1
62213,1
62214,1
62215,1
62216,1
62217,1
62218,1
62219,1
62221,1
62222,1
62223,1
62224,1
62225,1
62226,1
62227,1
62228,1
62229,1
62230,1
62231,1
62232,1
62233,1
62234,1
62235,1
62236,1
62237,1
62238,1
62239,1
62240,1
62242,1
62243,1
62244,1
62245,1
62246,1
62247,1
62249,1
62251,1
62252,1
62253,1
62255,1
62256,1
62257,1
62258,1
62259,1
62260,1
62261,1
62262,1
62263,1
62264,1
62265,1
62266,1
62267,1
62268,1
62269,1
62270,1
62271,1
62272,1
62273,1
62274,1
62275,1
62276,1
62277,1
62278,1
62279,1
62280,1
62281,1
62282,1
62283,1
62284,1
62285,1
62286,1
62287,1
62288,1
62289,1
62290,1
62291,1
62292,1
62293,1
62294,1
62295,1
62296,1
62297,1
62298,1
62299,1
62300,1
62301,1
62302,1
62303,1
62304,1
62305,1
62306,1
62307,1
62308,1
62309,1
62310,1
62311,1
62312,1
62313,1
62315,1
62316,1
62317,1
62318,1
62319,1
62320,1
62321,1
62322,1
62323,1
62324,1
62325,1
62326,1
62327,1
62328,1
62329,1
62330,1
62331,1
62332,1
62333,1
62334,1
62336,1
62337,1
62338,1
62339,1
62341,1
62342,1
62344,1
62345,1
62346,1
62347,1
62348,1
62349,1
62350,1
62353,1
62354,1
62355,1
62356,1
62357,1
62358,1
62359,1
62360,1
62361,1
62362,1
62363,1
62364,1
62365,1
62366,1
62367,1
62368,1
62369,1
62370,1
62371,1
62372,1
62373,1
62374,1
62375,1
62376,1
62377,1
62378,1
62379,1
62380,1
62381,1
62382,1
62383,1
62384,1
62385,1
62386,1
62387,1
62388,1
62389,1
62390,1
62391,1
62392,1
62393,1
62394,1
62395,1
62396,1
62397,1
62398,1
62399,1
62400,1
62401,1
62402,1
62403,1
62404,1
62405,1
62406,1
62407,1
62408,1
62409,1
62410,1
62411,1
62412,1
62413,1
62414,1
62415,1
62416,1
62417,1
62418,1
62419,1
62420,1
62421,1
62422,1
62423,1
62424,1
62425,1
62426,1
62427,1
62428,1
62429,1
62430,1
62431,1
62432,1
62433,1
62434,1
62435,1
62436,1
62437,1
62438,1
62439,1
62440,1
62441,1
62442,1
62443,1
62444,1
62445,1
62447,1
62448,1
62451,1
62452,1
62453,1
62454,1
62455,1
62456,1
62457,1
62458,1
62459,1
62460,1
62461,1
62462,1
62463,1
62464,1
62465,1
62466,1
62467,1
62468,1
62469,1
62470,1
62471,1
62472,1
62473,1
62474,1
62475,1
62476,1
62477,1
62478,1
62479,1
62480,1
62481,1
62482,1
62483,1
62484,1
62485,1
62486,1
62487,1
62488,1
62489,1
62490,1
62491,1
62492,1
62493,1
62494,1
62495,1
62496,1
62497,1
62498,1
62499,1
62500,1
62501,1
62502,1
62503,1
62504,1
62505,1
62506,1
62507,1
62508,1
62509,1
62510,1
62511,1
62512,1
62513,1
62514,1
62515,1
62516,1
62517,1
62518,1
62519,1
62520,1
62521,1
62522,1
62523,1
62524,1
62525,1
62526,1
62527,1
62528,1
62529,1
62530,1
62531,1
62532,1
62533,1
62534,1
62535,1
62536,1
62537,1
62538,1
62539,1
62540,1
62541,1
62542,1
62543,1
62544,1
62545,1
62547,1
62548,1
62549,1
62550,1
62552,1
62553,1
62554,1
62555,1
62556,1
62557,1
62558,1
62561,1
62562,1
62564,1
62565,1
62566,1
62567,1
62568,1
62569,1
62570,1
62571,1
62572,1
62573,1
62574,1
62575,1
62576,1
62577,1
62578,1
62579,1
62580,1
62582,1
62584,1
62585,1
62586,1
62587,1
62588,1
62589,1
62590,1
62591,1
62592,1
62593,1
62594,1
62595,1
62596,1
62597,1
62598,1
62599,1
62600,1
62601,1
62602,1
62603,1
62604,1
62605,1
62606,1
62607,1
62608,1
62609,1
62610,1
62611,1
62612,1
62613,1
62614,1
62615,1
62616,1
62617,1
62618,1
62619,1
62620,1
62621,1
62622,1
62623,1
62624,1
62625,1
62626,1
62627,1
62628,1
62629,1
62630,1
62631,1
62632,1
62633,1
62634,1
62635,1
62636,1
62637,1
62638,1
62639,1
62640,1
62641,1
62642,1
62643,1
62644,1
62645,1
62646,1
62647,1
62648,1
62649,1
62650,1
62651,1
62652,1
62653,1
62654,1
62655,1
62656,1
62657,1
62658,1
62659,1
62660,1
62661,1
62682,1
62683,1
62686,1
62687,1
62697,1
62698,1
62701,1
62702,1
62703,1
62704,1
62705,1
62706,1
62707,1
62708,1
62709,1
62710,1
62711,1
62712,1
62713,1
62714,1
62715,1
62716,1
62717,1
62718,1
62719,1
62720,1
62721,1
62722,1
62723,1
62724,1
62725,1
62726,1
62727,1
62728,1
62729,1
62730,1
62731,1
62732,1
62740,1
62741,1
62751,1
62752,1
62753,1
62754,1
62757,1
62758,1
62761,1
62762,1
62763,1
62764,1
62765,1
62766,1
62767,1
62768,1
62769,1
62770,1
62771,1
62772,1
62773,1
62774,1
62775,1
62776,1
62777,1
62778,1
62779,1
62780,1
62781,1
62782,1
62783,1
62784,1
62785,1
62786,1
62787,1
62788,1
62789,1
62790,1
62791,1
62792,1
62793,1
62794,1
62795,1
62796,1
62797,1
62798,1
62799,1
62800,1
62801,1
62802,1
62803,1
62804,1
62805,1
62806,1
62807,1
62808,1
62809,1
62810,1
62811,1
62812,1
62813,1
62814,1
62815,1
62817,1
62818,1
62819,1
62820,1
62821,1
62822,1
62823,1
62824,1
62825,1
62826,1
62827,1
62828,1
62829,1
62830,1
62831,1
62833,1
62834,1
62835,1
62836,1
62837,1
62838,1
62839,1
62840,1
62841,1
62842,1
62843,1
62844,1
62845,1
62846,1
62847,1
62848,1
62849,1
62850,1
62851,1
62852,1
62853,1
62854,1
62855,1
62856,1
62857,1
62858,1
62859,1
62860,1
62861,1
62862,1
62863,1
62864,1
62865,1
62866,1
62867,1
62868,1
62869,1
62870,1
62871,1
62872,1
62873,1
62874,1
62875,1
62876,1
62877,1
62878,1
62879,1
62880,1
62881,1
62882,1
62883,1
62884,1
62885,1
62886,1
62887,1
62888,1
62889,1
62890,1
62891,1
62892,1
62893,1
62894,1
62895,1
62896,1
62897,1
62898,1
62899,1
62900,1
62901,1
62902,1
62903,1
62904,1
62905,1
62906,1
62907,1
62908,1
62909,1
62911,1
62912,1
62913,1
62914,1
62915,1
62916,1
62917,1
62918,1
62919,1
62920,1
62921,1
62922,1
62923,1
62924,1
62925,1
62926,1
62927,1
62928,1
62929,1
62930,1
62931,1
62932,1
62933,1
62934,1
62935,1
62937,1
62938,1
62939,1
62940,1
62941,1
62942,1
62943,1
62944,1
62945,1
62946,1
62947,1
62948,1
62949,1
62950,1
62951,1
62954,1
62955,1
62956,1
62958,1
62959,1
62960,1
62961,1
62962,1
62963,1
62964,1
62965,1
62966,1
62967,1
62968,1
62969,1
62970,1
62971,1
62972,1
62973,1
62974,1
62975,1
62977,1
62978,1
62979,1
62980,1
62981,1
62982,1
62983,1
62984,1
62985,1
62986,1
62987,1
62988,1
62989,1
62990,1
62991,1
62993,1
62994,1
62996,1
62997,1
62998,1
62999,1
63000,1
63001,1
63002,1
63003,1
63004,1
63005,1
63006,1
63009,1
63010,1
63011,1
63012,1
63013,1
63014,1
63015,1
63016,1
63017,1
63018,1
63021,1
63022,1
63023,1
63024,1
63025,1
63026,1
63027,1
63028,1
63029,1
63030,1
63031,1
63032,1
63033,1
63034,1
63035,1
63036,1
63037,1
63038,1
63039,1
63040,1
63041,1
63045,1
63046,1
63047,1
63048,1
63049,1
63050,1
63051,1
63052,1
63053,1
63056,1
63057,1
63058,1
63059,1
63060,1
63062,1
63063,1
63064,1
63065,1
63066,1
63067,1
63068,1
63069,1
63070,1
63071,1
63072,1
63073,1
63075,1
63076,1
63077,1
63078,1
63079,1
63081,1
63082,1
63083,1
63087,1
63088,1
63089,1
63094,1
63095,1
63096,1
63097,1
63098,1
63099,1
63100,1
63101,1
63102,1
63103,1
63104,1
63105,1
63106,1
63107,1
63108,1
63109,1
63110,1
63111,1
63112,1
63113,1
63114,1
63115,1
63116,1
63117,1
63118,1
63119,1
63120,1
63121,1
63122,1
63124,1
63125,1
63126,1
63127,1
63129,1
63130,1
63131,1
63132,1
63133,1
63134,1
63135,1
63136,1
63137,1
63138,1
63139,1
63140,1
63141,1
63142,1
63143,1
63144,1
63145,1
63146,1
63147,1
63148,1
63149,1
63150,1
63151,1
63152,1
63153,1
63154,1
63155,1
63156,1
63158,1
63159,1
63160,1
63161,1
63162,1
63163,1
63164,1
63165,1
63166,1
63167,1
63168,1
63169,1
63170,1
63171,1
63172,1
63173,1
63174,1
63175,1
63176,1
63177,1
63178,1
63179,1
63180,1
63182,1
63183,1
63184,1
63185,1
63187,1
63188,1
63189,1
63190,1
63191,1
63193,1
63194,1
63195,1
63196,1
63197,1
63198,1
63199,1
63200,1
63201,1
63202,1
63203,1
63204,1
63205,1
63206,1
63207,1
63208,1
63209,1
63210,1
63211,1
63212,1
63213,1
63214,1
63215,1
63216,1
63217,1
63218,1
63219,1
63220,1
63221,1
63222,1
63223,1
63224,1
63225,1
63226,1
63227,1
63228,1
63229,1
63230,1
63231,1
63232,1
63233,1
63234,1
63235,1
63236,1
63237,1
63238,1
63239,1
63240,1
63241,1
63242,1
63243,1
63244,1
63245,1
63246,1
63247,1
63248,1
63249,1
63250,1
63251,1
63252,1
63253,1
63254,1
63255,1
63256,1
63258,1
63259,1
63260,1
63261,1
63262,1
63263,1
63264,1
63265,1
63266,1
63267,1
63268,1
63269,1
63270,1
63271,1
63272,1
63273,1
63274,1
63275,1
63277,1
63278,1
63279,1
63280,1
63281,1
63282,1
63283,1
63284,1
63285,1
63286,1
63287,1
63288,1
63289,1
63290,1
63291,1
63292,1
63293,1
63294,1
63295,1
63296,1
63297,1
63298,1
63299,1
63300,1
63301,1
63302,1
63303,1
63304,1
63305,1
63306,1
63307,1
63308,1
63311,1
63312,1
63313,1
63314,1
63315,1
63316,1
63319,1
63320,1
63321,1
63322,1
63323,1
63324,1
63325,1
63326,1
63327,1
63328,1
63329,1
63330,1
63331,1
63332,1
63333,1
63334,1
63335,1
63336,1
63337,1
63338,1
63339,1
63340,1
63341,1
63342,1
63344,1
63345,1
63346,1
63347,1
63348,1
63349,1
63350,1
63351,1
63352,1
63353,1
63354,1
63355,1
63356,1
63357,1
63358,1
63359,1
63360,1
63361,1
63362,1
63363,1
63364,1
63365,1
63366,1
63367,1
63368,1
63369,1
63370,1
63371,1
63372,1
63373,1
63374,1
63375,1
63376,1
63377,1
63378,1
63379,1
63380,1
63381,1
63382,1
63383,1
63384,1
63385,1
63386,1
63387,1
63388,1
63389,1
63390,1
63391,1
63392,1
63393,1
63395,1
63396,1
63398,1
63399,1
63400,1
63401,1
63402,1
63403,1
63404,1
63405,1
63406,1
63408,1
63409,1
63410,1
63411,1
63412,1
63413,1
63414,1
63415,1
63416,1
63417,1
63418,1
63419,1
63420,1
63421,1
63422,1
63423,1
63424,1
63425,1
63426,1
63427,1
63428,1
63429,1
63430,1
63431,1
63432,1
63433,1
63434,1
63435,1
63436,1
63437,1
63438,1
63439,1
63440,1
63441,1
63442,1
63443,1
63444,1
63445,1
63446,1
63448,1
63449,1
63450,1
63451,1
63452,1
63453,1
63454,1
63455,1
63456,1
63457,1
63458,1
63459,1
63460,1
63461,1
63462,1
63463,1
63464,1
63465,1
63466,1
63467,1
63468,1
63469,1
63470,1
63471,1
63474,1
63475,1
63477,1
63478,1
63479,1
63480,1
63481,1
63482,1
63483,1
63484,1
63485,1
63486,1
63487,1
63488,1
63491,1
63492,1
63493,1
63494,1
63495,1
63496,1
63497,1
63498,1
63499,1
63500,1
63502,1
63503,1
63504,1
63505,1
63506,1
63507,1
63508,1
63509,1
63510,1
63511,1
63512,1
63513,1
63514,1
63515,1
63516,1
63517,1
63518,1
63519,1
63520,1
63521,1
63522,1
63523,1
63524,1
63525,1
63526,1
63527,1
63528,1
63529,1
63530,1
63531,1
63532,1
63533,1
63534,1
63535,1
63536,1
63537,1
63538,1
63539,1
63540,1
63541,1
63542,1
63543,1
63544,1
63545,1
63546,1
63547,1
63548,1
63549,1
63550,1
63551,1
63552,1
63554,1
63555,1
63556,1
63557,1
63558,1
63559,1
63560,1
63561,1
63563,1
63565,1
63566,1
63567,1
63569,1
63570,1
63572,1
63573,1
63574,1
63575,1
63576,1
63577,1
63578,1
63581,1
63582,1
63583,1
63584,1
63585,1
63586,1
63587,1
63590,1
63591,1
63592,1
63593,1
63594,1
63595,1
63597,1
63598,1
63599,1
63600,1
63601,1
63602,1
63603,1
63604,1
63605,1
63606,1
63607,1
63608,1
63609,1
63610,1
63611,1
63612,1
63613,1
63614,1
63615,1
63616,1
63617,1
63618,1
63619,1
63620,1
63624,1
63625,1
63626,1
63627,1
63628,1
63629,1
63631,1
63632,1
63633,1
63634,1
63635,1
63636,1
63637,1
63638,1
63639,1
63640,1
63641,1
63642,1
63643,1
63644,1
63645,1
63646,1
63647,1
63648,1
63650,1
63651,1
63652,1
63653,1
63654,1
63655,1
63656,1
63657,1
63658,1
63659,1
63660,1
63661,1
63662,1
63663,1
63664,1
63665,1
63666,1
63667,1
63668,1
63669,1
63670,1
63671,1
63672,1
63673,1
63674,1
63675,1
63681,1
63682,1
63683,1
63684,1
63685,1
63686,1
63687,1
63688,1
63689,1
63693,1
63694,1
63695,1
63696,1
63697,1
63699,1
63700,1
63702,1
63703,1
63704,1
63706,1
63707,1
63712,1
63718,1
63721,1
63722,1
63723,1
63724,1
63726,1
63727,1
63728,1
63729,1
63730,1
63732,1
63733,1
63735,1
63736,1
63737,1
63738,1
63739,1
63740,1
63741,1
63742,1
63743,1
63744,1
63745,1
63746,1
63747,1
63748,1
63749,1
63750,1
63751,1
63752,1
63753,1
63754,1
63755,1
63757,1
63758,1
63759,1
63760,1
63761,1
63762,1
63763,1
63764,1
63765,1
63766,1
63767,1
63768,1
63769,1
63770,1
63771,1
63772,1
63773,1
63774,1
63775,1
63776,1
63778,1
63779,1
63780,1
63781,1
63782,1
63783,1
63784,1
63785,1
63786,1
63787,1
63788,1
63789,1
63790,1
63791,1
63792,1
63793,1
63794,1
63796,1
63797,1
63798,1
63799,1
63800,1
63801,1
63802,1
63803,1
63804,1
63805,1
63806,1
63807,1
63808,1
63809,1
63810,1
63811,1
63812,1
63813,1
63814,1
63815,1
63816,1
63817,1
63818,1
63819,1
63820,1
63822,1
63823,1
63824,1
63825,1
63826,1
63827,1
63828,1
63830,1
63831,1
63832,1
63833,1
63834,1
63835,1
63838,1
63839,1
63840,1
63841,1
63842,1
63843,1
63844,1
63846,1
63847,1
63848,1
63849,1
63850,1
63851,1
63852,1
63853,1
63854,1
63855,1
63856,1
63857,1
63858,1
63859,1
63860,1
63862,1
63863,1
63864,1
63865,1
63866,1
63867,1
63869,1
63870,1
63871,1
63872,1
63873,1
63874,1
63875,1
63876,1
63877,1
63878,1
63879,1
63880,1
63881,1
63882,1
63883,1
63884,1
63885,1
63886,1
63887,1
63888,1
63889,1
63890,1
63891,1
63892,1
63893,1
63896,1
63897,1
63898,1
63899,1
63900,1
63901,1
63902,1
63903,1
63904,1
63905,1
63906,1
63907,1
63908,1
63909,1
63911,1
63912,1
63913,1
63914,1
63915,1
63916,1
63917,1
63918,1
63919,1
63920,1
63921,1
63922,1
63923,1
63924,1
63925,1
63926,1
63927,1
63928,1
63929,1
63930,1
63931,1
63932,1
63933,1
63934,1
63935,1
63936,1
63937,1
63938,1
63939,1
63941,1
63942,1
63943,1
63944,1
63945,1
63947,1
63948,1
63949,1
63950,1
63951,1
63952,1
63953,1
63954,1
63955,1
63956,1
63957,1
63958,1
63959,1
63960,1
63961,1
63962,1
63963,1
63964,1
63965,1
63966,1
63967,1
63968,1
63969,1
63970,1
63971,1
63972,1
63973,1
63974,1
63975,1
63976,1
63977,1
63978,1
63979,1
63980,1
63981,1
63982,1
63983,1
63984,1
63985,1
63986,1
63987,1
63988,1
63989,1
63990,1
63991,1
63992,1
63993,1
63994,1
63995,1
63996,1
63997,1
63998,1
63999,1
64000,1
64001,1
64002,1
64004,1
64005,1
64006,1
64007,1
64008,1
64009,1
64010,1
64011,1
64012,1
64013,1
64014,1
64015,1
64016,1
64017,1
64018,1
64020,1
64021,1
64022,1
64023,1
64024,1
64025,1
64026,1
64027,1
64028,1
64029,1
64030,1
64031,1
64032,1
64033,1
64034,1
64035,1
64037,1
64038,1
64039,1
64040,1
64041,1
64042,1
64043,1
64045,1
64046,1
64047,1
64048,1
64049,1
64050,1
64051,1
64052,1
64053,1
64054,1
64055,1
64057,1
64058,1
64059,1
64060,1
64061,1
64062,1
64063,1
64064,1
64065,1
64066,1
64067,1
64068,1
64069,1
64070,1
64071,1
64072,1
64073,1
64074,1
64075,1
64076,1
64077,1
64079,1
64080,1
64081,1
64082,1
64083,1
64084,1
64085,1
64086,1
64087,1
64088,1
64089,1
64090,1
64091,1
64092,1
64093,1
64094,1
64095,1
64096,1
64097,1
64098,1
64099,1
64100,1
64101,1
64102,1
64103,1
64104,1
64105,1
64106,1
64107,1
64108,1
64109,1
64110,1
64111,1
64112,1
64113,1
64115,1
64116,1
64117,1
64120,1
64121,1
64122,1
64123,1
64124,1
64125,1
64126,1
64127,1
64128,1
64129,1
64131,1
64132,1
64133,1
64134,1
64135,1
64136,1
64137,1
64138,1
64139,1
64140,1
64141,1
64142,1
64143,1
64146,1
64147,1
64148,1
64149,1
64150,1
64151,1
64152,1
64153,1
64156,1
64157,1
64160,1
64161,1
64162,1
64163,1
64164,1
64166,1
64168,1
64169,1
64170,1
64171,1
64172,1
64173,1
64174,1
64175,1
64176,1
64177,1
64178,1
64179,1
64180,1
64181,1
64184,1
64185,1
64186,1
64187,1
64188,1
64189,1
64190,1
64191,1
64192,1
64193,1
64194,1
64195,1
64196,1
64197,1
64198,1
64199,1
64200,1
64201,1
64202,1
64203,1
64204,1
64205,1
64206,1
64207,1
64208,1
64209,1
64210,1
64211,1
64212,1
64213,1
64214,1
64215,1
64216,1
64217,1
64218,1
64219,1
64220,1
64221,1
64222,1
64223,1
64224,1
64225,1
64226,1
64227,1
64228,1
64229,1
64230,1
64231,1
64232,1
64233,1
64234,1
64235,1
64236,1
64237,1
64238,1
64239,1
64240,1
64241,1
64242,1
64244,1
64245,1
64246,1
64247,1
64248,1
64249,1
64250,1
64251,1
64252,1
64253,1
64254,1
64255,1
64256,1
64257,1
64258,1
64259,1
64260,1
64261,1
64262,1
64264,1
64265,1
64266,1
64267,1
64268,1
64269,1
64270,1
64271,1
64272,1
64273,1
64274,1
64275,1
64276,1
64277,1
64278,1
64279,1
64280,1
64281,1
64283,1
64285,1
64286,1
64287,1
64288,1
64289,1
64290,1
64291,1
64292,1
64294,1
64295,1
64296,1
64297,1
64298,1
64299,1
64300,1
64301,1
64302,1
64303,1
64304,1
64305,1
64306,1
64307,1
64308,1
64309,1
64310,1
64311,1
64312,1
64313,1
64314,1
64315,1
64316,1
64317,1
64318,1
64323,1
64324,1
64325,1
64326,1
64327,1
64328,1
64329,1
64330,1
64331,1
64332,1
64333,1
64334,1
64335,1
64336,1
64337,1
64338,1
64339,1
64340,1
64341,1
64342,1
64343,1
64344,1
64345,1
64346,1
64347,1
64348,1
64349,1
64350,1
64351,1
64352,1
64353,1
64354,1
64355,1
64356,1
64357,1
64358,1
64359,1
64360,1
64361,1
64362,1
64363,1
64364,1
64365,1
64366,1
64367,1
64368,1
64369,1
64370,1
64371,1
64372,1
64373,1
64374,1
64375,1
64376,1
64377,1
64378,1
64379,1
64380,1
64381,1
64382,1
64383,1
64384,1
64385,1
64386,1
64387,1
64388,1
64389,1
64390,1
64391,1
64392,1
64393,1
64394,1
64395,1
64396,1
64397,1
64398,1
64399,1
64400,1
64401,1
64402,1
64403,1
64404,1
64405,1
64406,1
64407,1
64408,1
64409,1
64410,1
64411,1
64412,1
64413,1
64414,1
64415,1
64416,1
64417,1
64418,1
64419,1
64421,1
64422,1
64424,1
64425,1
64426,1
64427,1
64428,1
64429,1
64430,1
64431,1
64432,1
64433,1
64434,1
64435,1
64436,1
64437,1
64438,1
64439,1
64440,1
64441,1
64442,1
64443,1
64444,1
64445,1
64446,1
64447,1
64448,1
64449,1
64450,1
64451,1
64452,1
64454,1
64455,1
64456,1
64457,1
64458,1
64459,1
64460,1
64461,1
64462,1
64463,1
64464,1
64465,1
64466,1
64467,1
64468,1
64469,1
64470,1
64471,1
64472,1
64473,1
64474,1
64475,1
64476,1
64477,1
64478,1
64479,1
64480,1
64481,1
64482,1
64483,1
64484,1
64485,1
64486,1
64487,1
64488,1
64489,1
64490,1
64491,1
64492,1
64493,1
64494,1
64495,1
64496,1
64497,1
64498,1
64499,1
64500,1
64501,1
64503,1
64504,1
64505,1
64506,1
64507,1
64508,1
64509,1
64510,1
64511,1
64512,1
64513,1
64514,1
64515,1
64516,1
64517,1
64518,1
64519,1
64520,1
64521,1
64522,1
64523,1
64524,1
64525,1
64526,1
64527,1
64528,1
64529,1
64530,1
64531,1
64532,1
64533,1
64534,1
64535,1
64536,1
64537,1
64538,1
64539,1
64540,1
64541,1
64542,1
64543,1
64544,1
64545,1
64546,1
64547,1
64548,1
64549,1
64550,1
64551,1
64552,1
64553,1
64554,1
64555,1
64556,1
64557,1
64558,1
64559,1
64560,1
64561,1
64562,1
64563,1
64564,1
64565,1
64566,1
64567,1
64568,1
64569,1
64572,1
64573,1
64574,1
64576,1
64577,1
64578,1
64579,1
64580,1
64581,1
64582,1
64583,1
64584,1
64585,1
64586,1
64587,1
64588,1
64589,1
64590,1
64591,1
64592,1
64593,1
64594,1
64595,1
64596,1
64597,1
64598,1
64599,1
64600,1
64601,1
64602,1
64603,1
64604,1
64605,1
64606,1
64607,1
64608,1
64609,1
64610,1
64611,1
64612,1
64613,1
64614,1
64615,1
64616,1
64617,1
64618,1
64619,1
64620,1
64621,1
64623,1
64624,1
64625,1
64626,1
64627,1
64628,1
64629,1
64630,1
64631,1
64632,1
64633,1
64634,1
64635,1
64636,1
64637,1
64638,1
64639,1
64640,1
64641,1
64642,1
64643,1
64644,1
64645,1
64646,1
64647,1
64649,1
64650,1
64651,1
64652,1
64653,1
64654,1
64655,1
64656,1
64657,1
64658,1
64660,1
64661,1
64662,1
64663,1
64664,1
64665,1
64666,1
64668,1
64669,1
64670,1
64671,1
64672,1
64673,1
64674,1
64675,1
64676,1
64677,1
64678,1
64679,1
64680,1
64681,1
64682,1
64683,1
64684,1
64685,1
64686,1
64687,1
64688,1
64689,1
64690,1
64691,1
64692,1
64693,1
64694,1
64695,1
64696,1
64697,1
64698,1
64699,1
64700,1
64701,1
64703,1
64704,1
64705,1
64706,1
64707,1
64708,1
64709,1
64710,1
64711,1
64712,1
64713,1
64714,1
64715,1
64717,1
64718,1
64720,1
64721,1
64724,1
64725,1
64726,1
64727,1
64728,1
64729,1
64731,1
64732,1
64733,1
64734,1
64735,1
64736,1
64737,1
64738,1
64739,1
64740,1
64741,1
64742,1
64744,1
64745,1
64746,1
64748,1
64749,1
64750,1
64751,1
64757,1
64760,1
64761,1
64763,1
64764,1
64765,1
64766,1
64767,1
64768,1
64769,1
64770,1
64772,1
64773,1
64774,1
64775,1
64776,1
64778,1
64780,1
64781,1
64782,1
64784,1
64785,1
64786,1
64787,1
64788,1
64789,1
64790,1
64791,1
64792,1
64793,1
64794,1
64795,1
64796,1
64798,1
64799,1
64800,1
64804,1
64805,1
64808,1
64809,1
64810,1
64811,1
64812,1
64813,1
64814,1
64815,1
64816,1
64817,1
64818,1
64819,1
64820,1
64821,1
64822,1
64824,1
64825,1
64826,1
64827,1
64828,1
64830,1
64832,1
64833,1
64834,1
64835,1
64836,1
64837,1
64838,1
64839,1
64840,1
64841,1
64842,1
64843,1
64844,1
64845,1
64846,1
64847,1
64848,1
64849,1
64850,1
64851,1
64852,1
64853,1
64854,1
64855,1
64856,1
64857,1
64858,1
64901,1
64902,1
64903,1
64904,1
64937,1
64938,1
64939,1
64940,1
64941,1
64944,1
65074,1
65134,1
65135,1
65202,1
65203,1
65204,1
65205,1
65206,1
65207,1
65214,1
65215,1
65216,1
65348,1
65349,1
65352,1
65353,1
65355,1
65357,1
65358,1
65361,1
65362,1
65366,1
65368,1
65370,1
65371,1
65372,1
65373,1
65377,1
65378,1
65381,1
65382,1
65383,1
65385,1
65387,1
65388,1
65389,1
65390,1
65391,1
65392,1
65393,1
65394,1
65395,1
65396,1
65397,1
65398,1
65399,1
65400,1
65401,1
65402,1
65403,1
65404,1
65405,1
65406,1
65407,1
65408,1
65409,1
65410,1
65411,1
65412,1
65413,1
65414,1
65415,1
65416,1
65417,1
65418,1
65419,1
65420,1
65421,1
65422,1
65425,1
65426,1
65427,1
65428,1
65429,1
65430,1
65431,1
65432,1
65433,1
65434,1
65435,1
65436,1
65437,1
65438,1
65439,1
65441,1
65442,1
65443,1
65444,1
65445,1
65446,1
65447,1
65448,1
65449,1
65450,1
65451,1
65452,1
65453,1
65454,1
65455,1
65456,1
65457,1
65458,1
65459,1
65460,1
65461,1
65462,1
65463,1
65464,1
65471,1
65472,1
65473,1
65475,1
65476,1
65479,1
65480,1
65481,1
65482,1
65483,1
65484,1
65485,1
65486,1
65487,1
65488,1
65489,1
65490,1
65491,1
65492,1
65493,1
65494,1
65495,1
65496,1
65497,1
65498,1
65499,1
65500,1
65501,1
65502,1
65503,1
65638,1
65639,1
65640,1
65641,1
65642,1
65744,1
65745,1
65746,1
65752,1
65764,1
65765,1
65766,1
65767,1
65768,1
65769,1
65776,1
65778,1
65779,1
65780,1
65781,1
65782,1
65783,1
65784,1
65785,1
65786,1
65787,1
65790,1
65791,1
65793,1
65799,1
65811,1
65835,1
65836,1
65837,1
65838,1
65839,1
65841,1
65858,1
65860,1
65861,1
65862,1
65863,1
65864,1
65865,1
65869,1
65871,1
65872,1
65874,1
65875,1
65876,1
65878,1
65879,1
65880,1
65881,1
65882,1
65883,1
65884,1
65885,1
65886,1
65887,1
65888,1
65889,1
65890,1
65901,1
65902,1
65903,1
65904,1
65905,1
65906,1
65908,1
65909,1
65911,1
65912,1
65913,1
65914,1
65944,1
65945,1
65946,1
65947,1
65948,1
65949,1
65950,1
65951,1
65954,1
65956,1
65960,1
65961,1
65964,1
65965,1
65966,1
65967,1
65968,1
65969,1
65970,1
65971,1
65972,1
65973,1
65974,1
65975,1
65976,1
65977,1
65978,1
65979,1
65980,1
65981,1
65982,1
65983,1
65984,1
65985,1
65986,1
65987,1
65988,1
65989,1
65990,1
65991,1
65992,1
65993,1
65994,1
65995,1
65996,1
65997,1
65998,1
66058,1
66059,1
66060,1
66062,1
66063,1
66064,1
66065,1
66089,1
66090,1
66091,1
66092,1
66093,1
66094,1
66095,1
66096,1
66097,1
66101,1
66102,1
66103,1
66106,1
66107,1
66108,1
66109,1
66110,1
66111,1
66112,1
66116,1
66118,1
66119,1
66120,1
66121,1
66122,1
66123,1
66126,1
66130,1
66131,1
66132,1
66133,1
66134,1
66135,1
66139,1
66140,1
66141,1
66142,1
66143,1
66144,1
66145,1
66146,1
66147,1
66148,1
66149,1
66150,1
66151,1
66152,1
66153,1
66154,1
66155,1
66156,1
66157,1
66158,1
66192,1
66193,1
66195,1
66196,1
66198,1
66199,1
66200,1
66201,1
66203,1
66204,1
66205,1
66206,1
66207,1
66208,1
66209,1
66210,1
66211,1
66212,1
66213,1
66215,1
66216,1
66217,1
66218,1
66225,1
66226,1
66227,1
66228,1
66229,1
66230,1
66241,1
66243,1
66244,1
66252,1
66253,1
66254,1
66255,1
66256,1
66257,1
66260,1
66261,1
66262,1
66263,1
66264,1
66265,1
66266,1
66267,1
66268,1
66269,1
66270,1
66271,1
66273,1
66274,1
66275,1
66276,1
66290,1
66291,1
66292,1
66294,1
66295,1
66296,1
66297,1
66298,1
66299,1
66301,1
66336,1
66337,1
66361,1
66362,1
66363,1
66364,1
66365,1
66366,1
66367,1
66456,1
66457,1
66458,1
66460,1
66461,1
66462,1
66465,1
66466,1
66468,1
66469,1
66472,1
66473,1
66474,1
66475,1
66476,1
66477,1
66478,1
66479,1
66480,1
66481,1
66482,1
66483,1
66484,1
66485,1
66486,1
66487,1
66488,1
66489,1
66490,1
66491,1
66492,1
66493,1
66494,1
66495,1
66496,1
66498,1
66523,1
66524,1
66566,1
66567,1
66568,1
66569,1
66572,1
66574,1
66575,1
66576,1
66586,1
66587,1
66588,1
66589,1
66590,1
66591,1
66592,1
66593,1
66594,1
66603,1
66640,1
66641,1
66642,1
66643,1
66644,1
66645,1
66646,1
66647,1
66648,1
66649,1
66650,1
66653,1
66658,1
66666,1
66667,1
66668,1
66669,1
66670,1
66671,1
66672,1
66673,1
66674,1
66675,1
66688,1
66691,1
66692,1
66693,1
66696,1
66697,1
66698,1
66699,1
66700,1
66701,1
66702,1
66704,1
66705,1
66706,1
66707,1
66708,1
66709,1
66710,1
66712,1
66713,1
66714,1
66715,1
66716,1
66717,1
66718,1
66719,1
66720,1
66780,1
66781,1
66804,1
66805,1
66806,1
66807,1
66808,1
66809,1
66810,1
66811,1
66812,1
66813,1
66814,1
66815,1
66816,1
66817,1
66818,1
66819,1
66820,1
66821,1
66822,1
66823,1
66824,1
66825,1
66826,1
66827,1
66828,1
66829,1
66830,1
66831,1
66832,1
66833,1
66834,1
66835,1
66836,1
66837,1
66838,1
66839,1
66852,1
66853,1
66858,1
66859,1
66860,1
66861,1
66862,1
66863,1
66864,1
66865,1
66875,1
66876,1
66877,1
66878,1
66879,1
66880,1
66881,1
66882,1
66885,1
66886,1
66889,1
66895,1
66899,1
66902,1
66903,1
66904,1
66905,1
66906,1
66907,1
66908,1
66911,1
66912,1
66913,1
66923,1
66924,1
66925,1
66926,1
66927,1
66928,1
66929,1
66930,1
66932,1
66933,1
66934,1
66935,1
66936,1
66937,1
66938,1
66939,1
66940,1
66941,1
66942,1
66943,1
66944,1
66945,1
66946,1
66947,1
66948,1
66950,1
66951,1
66953,1
66954,1
66955,1
66956,1
66957,1
66958,1
66959,1
66960,1
66961,1
66962,1
66965,1
66966,1
66968,1
66969,1
66970,1
66971,1
66972,1
66973,1
66974,1
66975,1
66976,1
66977,1
66978,1
66979,1
66980,1
66981,1
66982,1
66983,1
66984,1
66985,1
66986,1
66987,1
66989,1
66990,1
66992,1
66993,1
66994,1
66995,1
66996,1
67000,1
67001,1
67002,1
67003,1
67004,1
67005,1
67006,1
67007,1
67008,1
67009,1
67010,1
67011,1
67012,1
67013,1
67014,1
67015,1
67016,1
67017,1
67018,1
67019,1
67020,1
67021,1
67023,1
67024,1
67025,1
67026,1
67027,1
67031,1
67032,1
67033,1
67034,1
67035,1
67036,1
67038,1
67040,1
67041,1
67042,1
67043,1
67048,1
67049,1
67050,1
67051,1
67052,1
67054,1
67055,1
67056,1
67057,1
67059,1
67060,1
67061,1
67062,1
67164,1
67165,1
67166,1
67167,1
67168,1
67169,1
67170,1
67172,1
67173,1
67174,1
67175,1
67176,1
67177,1
67178,1
67181,1
67182,1
67183,1
67184,1
67187,1
67207,1
67324,1
67325,1
67441,1
67442,1
67443,1
67444,1
67454,1
67458,1
67459,1
67460,1
67462,1
67465,1
67466,1
67467,1
67484,1
67485,1
67486,1
67487,1
67488,1
67495,1
67496,1
67506,1
67507,1
67508,1
67509,1
67510,1
67511,1
67512,1
67514,1
67515,1
67516,1
67517,1
67518,1
67519,1
67520,1
67521,1
67522,1
67523,1
67524,1
67525,1
67526,1
67527,1
67528,1
67529,1
67530,1
67531,1
67532,1
67533,1
67535,1
67536,1
67538,1
67539,1
67540,1
67541,1
67542,1
67545,1
67546,1
67547,1
67548,1
67549,1
67558,1
67559,1
67560,1
67561,1
67562,1
67563,1
67564,1
67565,1
67566,1
67567,1
67569,1
67570,1
67571,1
67572,1
67573,1
67574,1
67575,1
67576,1
67577,1
67578,1
67579,1
67580,1
67581,1
67586,1
67587,1
67588,1
67589,1
67590,1
67591,1
67592,1
67593,1
67594,1
67595,1
67596,1
67597,1
67598,1
67599,1
67600,1
67601,1
67603,1
67605,1
67606,1
67608,1
67609,1
67610,1
67611,1
67612,1
67613,1
67614,1
67615,1
67616,1
67617,1
67618,1
67619,1
67620,1
67621,1
67622,1
67626,1
67627,1
67628,1
67629,1
67631,1
67632,1
67636,1
67637,1
67638,1
67640,1
67641,1
67642,1
67643,1
67647,1
67648,1
67650,1
67651,1
67653,1
67656,1
67657,1
67658,1
67659,1
67660,1
67661,1
67662,1
67663,1
67664,1
67665,1
67666,1
67667,1
67668,1
67670,1
67671,1
67672,1
67673,1
67674,1
67675,1
67676,1
67678,1
67679,1
67680,1
67681,1
67682,1
67683,1
67686,1
67687,1
67688,1
67689,1
67690,1
67691,1
67692,1
67695,1
67696,1
67697,1
67698,1
67699,1
67700,1
67701,1
67703,1
67704,1
67705,1
67706,1
67710,1
67712,1
67713,1
67714,1
67715,1
67716,1
67717,1
67718,1
67719,1
67720,1
67721,1
67722,1
67723,1
67725,1
67726,1
67729,1
67731,1
67732,1
67733,1
67734,1
67735,1
67736,1
67737,1
67738,1
67741,1
67744,1
67745,1
67746,1
67747,1
67748,1
67749,1
67750,1
67752,1
67753,1
67754,1
67756,1
67757,1
67758,1
67759,1
67760,1
67761,1
67763,1
67764,1
67765,1
67766,1
67767,1
67769,1
67770,1
67772,1
67773,1
67774,1
67775,1
67776,1
67777,1
67778,1
67779,1
67780,1
67781,1
67782,1
67783,1
67784,1
67785,1
67786,1
67787,1
67789,1
67790,1
67791,1
67792,1
67793,1
67794,1
67795,1
67796,1
67797,1
67798,1
67799,1
67800,1
67801,1
67802,1
67803,1
67804,1
67805,1
67806,1
67807,1
67808,1
67809,1
67810,1
67811,1
67812,1
67813,1
67814,1
67815,1
67816,1
67817,1
67818,1
67819,1
67820,1
67821,1
67826,1
67827,1
67828,1
67829,1
67830,1
67831,1
67832,1
67833,1
67835,1
67836,1
67837,1
67838,1
67839,1
67840,1
67841,1
67842,1
67843,1
67844,1
67845,1
67846,1
67847,1
67848,1
67849,1
67851,1
67852,1
67853,1
67854,1
67855,1
67856,1
67857,1
67858,1
67859,1
67860,1
67863,1
67864,1
67865,1
67866,1
67867,1
67868,1
67869,1
67870,1
67871,1
67872,1
67873,1
67874,1
67875,1
67877,1
67878,1
67879,1
67880,1
67881,1
67882,1
67884,1
67885,1
67886,1
67887,1
68004,1
68005,1
68024,1
68025,1
68027,1
68028,1
68029,1
68030,1
68037,1
68038,1
68039,1
68040,1
68041,1
68044,1
68045,1
68046,1
68047,1
68048,1
68049,1
68050,1
68051,1
68052,1
68053,1
68057,1
68058,1
68064,1
68065,1
68067,1
68068,1
68069,1
68071,1
68072,1
68078,1
68079,1
68084,1
68085,1
68086,1
68087,1
68088,1
68090,1
68091,1
68092,1
68093,1
68094,1
68095,1
68096,1
68098,1
68099,1
68100,1
68101,1
68122,1
68123,1
68124,1
68127,1
68128,1
68129,1
68130,1
68131,1
68132,1
68133,1
68134,1
68135,1
68136,1
68163,1
68168,1
68169,1
68170,1
68171,1
68172,1
68173,1
68174,1
68182,1
68183,1
68188,1
68189,1
68190,1
68191,1
68192,1
68193,1
68194,1
68195,1
68196,1
68197,1
68198,1
68199,1
68200,1
68201,1
68202,1
68203,1
68204,1
68205,1
68207,1
68208,1
68209,1
68210,1
68211,1
68212,1
68213,1
68214,1
68215,1
68216,1
68217,1
68218,1
68219,1
68220,1
68224,1
68225,1
68226,1
68227,1
68228,1
68229,1
68230,1
68231,1
68232,1
68233,1
68234,1
68235,1
68236,1
68237,1
68238,1
68239,1
68240,1
68241,1
68242,1
68243,1
68244,1
68245,1
68246,1
68247,1
68248,1
68259,1
68271,1
68287,1
68311,1
68312,1
68313,1
68314,1
68315,1
68316,1
68317,1
68318,1
68319,1
68320,1
68321,1
68322,1
68323,1
68324,1
68325,1
68326,1
68327,1
68328,1
68329,1
68330,1
68331,1
68332,1
68333,1
68334,1
68335,1
68336,1
68337,1
68338,1
68339,1
68340,1
68341,1
68342,1
68343,1
68344,1
68345,1
68346,1
68347,1
68348,1
68349,1
68350,1
68351,1
68352,1
68353,1
68354,1
68355,1
68356,1
68358,1
68359,1
68360,1
68364,1
68365,1
68369,1
68370,1
68371,1
68372,1
68373,1
68374,1
68375,1
68376,1
68377,1
68378,1
68379,1
68380,1
68383,1
68384,1
68385,1
68386,1
68387,1
68388,1
68420,1
68421,1
68422,1
68423,1
68424,1
68425,1
68426,1
68427,1
68429,1
68430,1
68431,1
68432,1
68434,1
68436,1
68437,1
68438,1
68439,1
68440,1
68441,1
68442,1
68443,1
68444,1
68445,1
68446,1
68447,1
68448,1
68449,1
68450,1
68451,1
68452,1
68453,1
68454,1
68455,1
68458,1
68459,1
68460,1
68461,1
68463,1
68464,1
68465,1
68466,1
68468,1
68470,1
68478,1
68479,1
68480,1
68489,1
68493,1
68577,1
68578,1
68579,1
68582,1
68583,1
68584,1
68589,1
68590,1
68591,1
68596,1
68598,1
68599,1
68600,1
68601,1
68602,1
68603,1
68604,1
68606,1
68607,1
68608,1
68609,1
68610,1
68611,1
68612,1
68613,1
68614,1
68615,1
68616,1
68617,1
68618,1
68619,1
68620,1
68621,1
68622,1
68623,1
68624,1
68625,1
68626,1
68627,1
68628,1
68629,1
68630,1
68631,1
68632,1
68633,1
68634,1
68639,1
68640,1
68649,1
68651,1
68652,1
68654,1
68656,1
68657,1
68658,1
68659,1
68660,1
68661,1
68662,1
68663,1
68666,1
68667,1
68675,1
68676,1
68677,1
68678,1
68679,1
68680,1
68681,1
68683,1
68684,1
68685,1
68686,1
68687,1
68688,1
68696,1
68698,1
68703,1
68704,1
68726,1
68728,1
68729,1
68730,1
68731,1
68732,1
68733,1
68734,1
68735,1
68755,1
68759,1
68760,1
68780,1
68792,1
68793,1
68794,1
68795,1
68796,1
68810,1
68811,1
68812,1
68813,1
68814,1
68815,1
68816,1
68817,1
68818,1
68819,1
68820,1
68821,1
68822,1
68835,1
68839,1
68840,1
68842,1
68843,1
68844,1
68846,1
68847,1
69060,1
69063,1
69120,1
69123,1
69125,1
69126,1
69127,1
69128,1
69129,1
69132,1
69134,1
69135,1
69136,1
69138,1
69208,1
69210,1
69211,1
69214,1
69215,1
69216,1
69217,1
69218,1
69219,1
69220,1
69221,1
69222,1
69223,1
69224,1
69225,1
69226,1
69227,1
69228,1
69229,1
69230,1
69231,1
69232,1
69233,1
69234,1
69251,1
69252,1
69253,1
69254,1
69258,1
69539,1
69796,1
70259,1
70745,1
71193,1
71194,1
71231,1
71518,1
72105,1
72108,1
72152,1
72220,1
72289,1
72291,1
72295,1
72381,1
72395,1
72403,1
73231,1
73309,1
73540,1
73996,1
74268,1
74330,1
74415,1
74637,1
74646,1
75066,1
75191,1
75229,1
75248,1
75279,1
75719,1
75829,1
75842,1
75875,1
75903,1
75927,1
75945,1
75996,1
76111,1
76210,1
76235,1
76350,1
77236,1
77565,1
77715,1
78617,1
79076,1
79159,1
79402,1
79410,1
79495,1
79510,1
79573,1
79638,1
79786,1
79804,1
79826,1
79852,1
80184,1
80784,1
80918,1
80966,1
81608,1
81815,1
82263,1
82949,1
83160,1
83201,1
83305,1
83527,1
83532,1
83587,1
83658,1
84029,1
84327,1
84408,1
84419,1
85635,1
85837,1
85998,1
86360,1
86440,1
86460,1
86534,1
87454,1
87539,1
87624,1
87838,1
87903,1
88118,1
88323,1
88341,1
88389,1
88429,1
88472,1
88575,1
88753,1
88758,1
88759,1
88920,1
89797,1
90047,1
90090,1
90159,1
90322,1
90345,1
90391,1
90535,1
91843,1
92141,1
92670,1
92773,1
92914,1
93271,1
93497,1
93509,1
93668,1
93824,1
93865,1
94129,1
94288,1
94340,1
94872,1
95032,1
95191,1
95251,1
95479,1
96706,1
96952,1
97102,1
97535,1
97903,1
98005,1
98029,1
98234,1
99112,1
99130,1
99406,1
99621,1
100625,1
100663,1
100971,1
101017,1
101170,1
101420,1
101869,1
101870,1
102001,1
102014,1
102113,1
102150,1
102484,1
102738,1
103051,1
103177,1
103289,1
103695,1
103816,1
104082,1
104095,1
104149,1
104154,1
104194,1
104197,1
104232,1
105166,1
105768,1
105788,1
105907,1
106124,1
106182,1
106240,1
106438,1
106728,1
106744,1
106764,1
106835,1
107011,1
107441,1
107581,1
107694,1
107840,1
107934,1
108054,1
108092,1
108347,1
108386,1
108434,1
108444,1
108508,1
108514,1
108549,1
108576,1
109919,1
110063,1
110124,1
110166,1
110306,1
110618,1
110720,1
110993,1
111062,1
111255,1
111329,1
111368,1
111799,1
112063,1
112140,1
112358,1
112737,1
112910,1
112958,1
113384,1
114020,1
114052,1
114259,1
114427,1
114462,1
114799,1
115002,1
115087,1
115271,1
115896,1
116052,1
116108,1
116205,1
116443,1
117428,1
117470,1
118621,1
118810,1
118851,1
118922,1
119262,1
120055,1
120473,1
120676,1
120679,1
120900,1
120969,1
121107,1
121222,1
121707,1
122035,1
122088,1
122138,1
122985,1
123092,1
123367,1
123380,1
123458,1
123483,1
123763,1
123807,1
124020,1
124033,1
124336,1
124400,1
124542,1
124706,1
124749,1
125250,1
125282,1
125308,1
125457,1
125605,1
125928,1
126191,1
126533,1
126910,1
127078,1
127448,1
127641,1
127901,1
127926,1
127932,1
128061,1
128475,1
128584,1
128934,1
129047,1
129062,1
129813,1
130347,1
130476,1
130666,1
130727,1
130833,1
131781,1
131873,1
132020,1
132031,1
132190,1
132888,1
132936,1
132954,1
133017,1
133160,1
133171,1
133318,1
133670,1
133746,1
134236,1
134544,1
134954,1
136145,1
136207,1
136592,1
136732,1
136756,1
136885,1
137284,1
137425,1
137504,1
137550,1
137852,1
137911,1
138149,1
138152,1
138303,1
138351,1
138968,1
139092,1
139171,1
139679,1
140238,1
140545,1
140896,1
141009,1
141160,1
141524,1
141614,1
141800,1
141826,1
142086,1
142208,1
142504,1
142629,1
143999,1
144063,1
144261,1
144616,1
145422,1
145724,1
145763,1
145994,1
146294,1
146447,1
146500,1
146516,1
146521,1
147907,1
148051,1
148175,1
148426,1
148519,1
149529,1
149549,1
149868,1
149980,1
150138,1
150211,1
150400,1
150401,1
150429,1
150430,1
150439,1
150440,1
150458,1
151821,1
151941,1
152345,1
152837,1
152846,1
152847,1
152970,1
154623,1
155227,1
155294,1
155709,1
156103,1
156126,1
156170,1
156453,1
156745,1
157000,1
157002,1
157004,1
157333,1
157354,1
157987,1
158130,1
158196,1
158286,1
158384,1
158413,1
158672,1
158825,1
159243,1
159313,1
159473,1
160012,1
160090,1
160138,1
160360,1
160590,1
161245,1
161672,1
161784,1
162285,1
162317,1
163104,1
163228,1
163669,1
163680,1
163965,1
163976,1
164244,1
164270,1
164334,1
164361,1
164400,1
164493,1
164514,1
164665,1
164905,1
164984,1
164997,1
165184,1
165221,1
165530,1
165539,1
165971,1
166274,1
166982,1
167309,1
167632,1
168129,1
168644,1
168747,1
168856,1
168868,1
168910,1
168926,1
169176,1
169220,1
169324,1
169386,1
169671,1
169703,1
170333,1
170613,1
170620,1
170725,1
170824,1
170892,1
170997,1
171022,1
171230,1
172022,1
172248,1
172288,1
172375,1
172569,1
172582,1
172772,1
172848,1
172872,1
172963,1
173002,1
173071,1
173082,1
173248,1
173268,1
173449,1
173610,1
173617,1
174333,1
174578,1
174693,1
174954,1
175266,1
175291,1
175295,1
175578,1
175613,1
175893,1
176124,1
176234,1
176741,1
176759,1
176824,1
176894,1
176994,1
177224,1
177290,1
177293,1
177489,1
177492,1
177518,1
177602,1
177680,1
178255,1
178285,1
178639,1
178754,1
178919,1
179207,1
179330,1
179542,1
179698,1
180124,1
180179,1
180203,1
180210,1
180564,1
180639,1
181038,1
181495,1
181742,1
182053,1
182428,1
183173,1
183296,1
183409,1
183730,1
183858,1
184012,1
184109,1
184155,1
184867,1
184924,1
185000,1
185055,1
185237,1
185297,1
186077,1
186316,1
186362,1
186402,1
186411,1
186551,1
186692,1
186934,1
187174,1
187240,1
187421,1
187710,1
187745,1
187985,1
188005,1
188472,1
188719,1
189218,1
189226,1
189275,1
189377,1
189448,1
189617,1
189970,1
190125,1
190335,1
190363,1
190451,1
190582,1
190607,1
190938,1
191159,1
191273,1
191311,1
192082,1
192226,1
192390,1
192595,1
192869,1
193048,1
193131,1
193153,1
193199,1
193498,1
193635,1
193928,1
194233,1
194370,1
194456,1
194615,1
194786,1
195615,1
196185,1
196414,1
196544,1
196603,1
196730,1
196964,1
197087,1
197170,1
197188,1
197568,1
197598,1
197693,1
197786,1
197807,1
197839,1
198056,1
198131,1
198269,1
198669,1
199048,1
199284,1
199324,1
199356,1
199914,1
200103,1
200227,1
200459,1
200825,1
201682,1
201789,1
201827,1
202938,1
203032,1
203062,1
203210,1
203405,1
203533,1
203591,1
204002,1
204625,1
204642,1
204760,1
204805,1
204931,1
204998,1
205382,1
205760,1
205809,1
206338,1
206405,1
206435,1
206638,1
206891,1
207690,1
208111,1
208112,1
208293,1
208375,1
208859,1
208980,1
209449,1
209458,1
209647,1
209674,1
209764,1
209781,1
210023,1
210155,1
210956,1
211033,1
211457,1
211543,1
211872,1
212028,1
212158,1
212794,1
212896,1
213223,1
213262,1
213591,1
213789,1
213813,1
213956,1
214122,1
214338,1
215260,1
215480,1
215658,1
215896,1
216059,1
216102,1
216108,1
216219,1
216426,1
216553,1
216631,1
216730,1
216759,1
216998,1
217541,1
217624,1
217831,1
217905,1
217915,1
218036,1
218253,1
218669,1
219407,1
219508,1
219568,1
220004,1
220666,1
220766,1
220913,1
221055,1
221137,1
221191,1
221202,1
221204,1
221393,1
221553,1
221571,1
221586,1
221641,1
221696,1
221725,1
221726,1
221743,1
221802,1
221836,1
221853,1
222077,1
222117,1
222783,1
222795,1
222896,1
223384,1
223438,1
224109,1
224315,1
225148,1
225179,1
225453,1
226169,1
226838,1
226874,1
226933,1
227025,1
227092,1
227135,1
227307,1
227388,1
227687,1
228258,1
228484,1
228793,1
229431,1
229997,1
230109,1
230242,1
230350,1
230652,1
230661,1
231051,1
231137,1
231217,1
231620,1
231813,1
232009,1
232151,1
232173,1
232207,1
232331,1
232587,1
232743,1
232778,1
233026,1
233067,1
233125,1
233266,1
233459,1
233526,1
233556,1
233747,1
233770,1
233828,1
234016,1
234468,1
234483,1
234532,1
234698,1
234939,1
235016,1
235025,1
235088,1
235187,1
235394,1
235643,1
235862,1
236507,1
236778,1
236901,1
237015,1
237249,1
237285,1
237289,1
237428,1
237560,1
237708,1
237804,1
237821,1
237972,1
238005,1
238233,1
238459,1
238466,1
238560,1
238708,1
238757,1
238759,1
239268,1
239486,1
239496,1
240538,1
241121,1
241243,1
241387,1
242310,1
242491,1
242564,1
242578,1
242861,1
242979,1
243060,1
243431,1
243512,1
243701,1
243869,1
243939,1
244010,1
244085,1
244421,1
244637,1
244714,1
245157,1
245163,1
245197,1
245606,1
245677,1
246129,1
246210,1
246439,1
246448,1
246680,1
246769,1
246910,1
247064,1
247186,1
247232,1
247663,1
247850,1
247859,1
248109,1
248411,1
248459,1
248474,1
249047,1
249072,1
250075,1
250162,1
250949,1
251098,1
251103,1
251172,1
251206,1
251212,1
251307,1
251412,1
251423,1
251500,1
251844,1
251910,1
252046,1
252081,1
252371,1
252404,1
252633,1
252890,1
252964,1
253521,1
253657,1
253723,1
253859,1
254379,1
254663,1
254956,1
255191,1
255314,1
255899,1
256243,1
256546,1
256736,1
256774,1
256844,1
257004,1
257222,1
257878,1
258039,1
259004,1
259229,1
259452,1
259905,1
260215,1
260236,1
260691,1
260874,1
261026,1
261171,1
261678,1
261780,1
261796,1
262086,1
262445,1
262485,1
262991,1
263840,1
264212,1
264586,1
264786,1
264891,1
264930,1
265356,1
265400,1
265564,1
265726,1
265807,1
265835,1
266142,1
266177,1
266462,1
266466,1
266476,1
266490,1
266504,1
266717,1
267140,1
267263,1
267537,1
267651,1
267702,1
267728,1
267756,1
267924,1
268342,1
268511,1
268808,1
268957,1
268969,1
269018,1
269307,1
269319,1
269671,1
269811,1
269816,1
269869,1
270057,1
270158,1
270161,1
270271,1
270440,1
270442,1
270711,1
270763,1
271318,1
271337,1
271369,1
271676,1
271852,1
272778,1
273116,1
273685,1
273951,1
274340,1
274740,1
274899,1
274957,1
275035,1
275413,1
275597,1
275853,1
275962,1
276058,1
276089,1
276105,1
276542,1
276776,1
277093,1
277434,1
277637,1
277650,1
277798,1
277865,1
277867,1
277876,1
278024,1
278062,1
278327,1
278540,1
279115,1
279153,1
279263,1
279821,1
279918,1
280409,1
280459,1
280708,1
281440,1
281712,1
281784,1
281832,1
282109,1
282261,1
282381,1
282539,1
282641,1
282930,1
283433,1
283488,1
283536,1
283724,1
283835,1
283860,1
283906,1
283917,1
284339,1
284984,1
285269,1
285773,1
285774,1
285879,1
285983,1
286058,1
286467,1
286493,1
286824,1
286878,1
286971,1
286993,1
287004,1
287080,1
287219,1
287528,1
287741,1
288439,1
288459,1
288461,1
288605,1
289063,1
289350,1
289419,1
289570,1
290414,1
290529,1
290692,1
290790,1
291057,1
291096,1
291237,1
291268,1
291406,1
291425,1
291437,1
291438,1
291498,1
291592,1
291810,1
292035,1
293255,1
293364,1
293517,1
293625,1
293806,1
294015,1
294242,1
294369,1
295144,1
295148,1
295204,1
295354,1
295368,1
295425,1
295500,1
295543,1
295672,1
295713,1
296845,1
297008,1
297026,1
297138,1
297983,1
298194,1
298367,1
298659,1
298881,1
298971,1
299627,1
300549,1
300551,1
300753,1
301146,1
303054,1
303056,1
303157,1
303280,1
303315,1
303335,1
303360,1
303364,1
303365,1
303368,1
303537,1
303546,1
303548,1
303615,1
303643,1
303673,1
304624,1
304663,1
305219,1
305229,1
305266,1
305321,1
305435,1
305437,1
305658,1
305755,1
306208,1
306625,1
306679,1
306913,1
307008,1
307112,1
307208,1
307331,1
307332,1
307597,1
307730,1
307866,1
307913,1
308123,1
308584,1
308633,1
308724,1
308910,1
308990,1
309177,1
309330,1
309631,1
310365,1
310399,1
310475,1
310491,1
310542,1
310735,1
310784,1
311105,1
311263,1
311582,1
312649,1
312951,1
314200,1
314348,1
314435,1
314577,1
314588,1
314624,1
314627,1
314912,1
315139,1
315434,1
315632,1
315634,1
315654,1
315812,1
315942,1
316023,1
316298,1
316352,1
316378,1
316556,1
316583,1
316845,1
317038,1
317270,1
317314,1
317346,1
317437,1
317528,1
317657,1
317860,1
318021,1
318518,1
318612,1
318891,1
319092,1
319120,1
319476,1
319972,1
320281,1
320496,1
320765,1
321037,1
321081,1
321147,1
321287,1
321435,1
321618,1
321619,1
321707,1
322049,1
322116,1
322300,1
322310,1
322396,1
322412,1
322828,1
322923,1
323062,1
323249,1
323398,1
323560,1
323761,1
323771,1
323784,1
323880,1
323945,1
324138,1
324186,1
324385,1
325228,1
325419,1
325551,1
325560,1
325572,1
325932,1
326138,1
326174,1
326223,1
326226,1
326429,1
326464,1
326699,1
326756,1
327040,1
327221,1
327864,1
327982,1
328650,1
328677,1
328880,1
328931,1
328944,1
329058,1
329345,1
329439,1
329779,1
329847,1
329871,1
329904,1
330006,1
330209,1
330387,1
330775,1
331323,1
331484,1
331559,1
331850,1
331878,1
331998,1
332088,1
332090,1
332154,1
332171,1
332979,1
333225,1
333240,1
333254,1
333763,1
333912,1
333984,1
334089,1
334184,1
334192,1
334339,1
334502,1
334601,1
334723,1
334961,1
334982,1
335575,1
335681,1
336090,1
336282,1
336458,1
337158,1
337418,1
337469,1
337626,1
337686,1
337721,1
337769,1
337777,1
337844,1
337973,1
338027,1
338195,1
338397,1
338660,1
339949,1
340022,1
340023,1
340037,1
340238,1
340481,1
340703,1
340956,1
341103,1
341180,1
341273,1
341383,1
341734,1
341872,1
341974,1
342047,1
342129,1
342671,1
342770,1
342885,1
343159,1
343532,1
343613,1
343719,1
343941,1
344059,1
344755,1
344817,1
345260,1
345471,1
345512,1
345513,1
345551,1
345575,1
345661,1
345841,1
345854,1
345902,1
346104,1
347092,1
347263,1
347304,1
347367,1
347401,1
347814,1
347896,1
348073,1
348662,1
348893,1
348921,1
348933,1
349011,1
349054,1
349430,1
349819,1
349841,1
349967,1
349972,1
350118,1
350175,1
350874,1
351160,1
351289,1
351358,1
351630,1
351735,1
352483,1
352766,1
352915,1
353084,1
353628,1
353645,1
353743,1
353798,1
354452,1
354639,1
354704,1
354979,1
355025,1
355165,1
355205,1
355296,1
355325,1
355568,1
355647,1
355780,1
355803,1
355931,1
355968,1
356480,1
356924,1
357098,1
357699,1
357764,1
358584,1
358693,1
358794,1
358958,1
359005,1
359070,1
359145,1
359215,1
359310,1
359406,1
359420,1
359524,1
359840,1
360508,1
360765,1
360961,1
361298,1
361422,1
362087,1
362288,1
362368,1
362529,1
362596,1
363087,1
363575,1
363867,1
364356,1
364386,1
364588,1
364620,1
364993,1
365080,1
365176,1
365187,1
365193,1
365366,1
365446,1
366270,1
366375,1
366832,1
367401,1
367505,1
367733,1
368191,1
368416,1
368539,1
368565,1
368569,1
368575,1
368688,1
368705,1
368756,1
370015,1
370260,1
370520,1
370600,1
370619,1
370787,1
370844,1
370971,1
371211,1
371770,1
371782,1
372419,1
372461,1
372466,1
372715,1
372785,1
372994,1
373056,1
373076,1
373160,1
373224,1
373331,1
373555,1
374254,1
374307,1
374368,1
374452,1
374642,1
374654,1
374713,1
374765,1
375073,1
375095,1
375390,1
375775,1
375924,1
376170,1
376234,1
376259,1
376375,1
376618,1
376927,1
377034,1
377111,1
377148,1
377326,1
377423,1
377471,1
377492,1
377516,1
377995,1
378213,1
378851,1
378975,1
379008,1
379237,1
379634,1
379762,1
379829,1
379836,1
379885,1
380074,1
380150,1
380316,1
380858,1
380901,1
380914,1
380975,1
381539,1
382099,1
382126,1
382712,1
382728,1
383177,1
383569,1
383571,1
383637,1
384094,1
384185,1
384305,1
384374,1
384558,1
384589,1
384827,1
384856,1
384858,1
384980,1
385037,1
385307,1
385926,1
386744,1
386832,1
387075,1
387238,1
387292,1
387686,1
387887,1
387940,1
388270,1
388358,1
388419,1
389186,1
389385,1
389387,1
389427,1
389474,1
389583,1
389703,1
389848,1
390415,1
390535,1
390580,1
390824,1
390865,1
390884,1
391023,1
391037,1
391229,1
391267,1
391642,1
391694,1
391721,1
391771,1
391844,1
392078,1
392129,1
392331,1
392447,1
393025,1
393109,1
393918,1
394067,1
394113,1
394237,1
394439,1
394541,1
394565,1
394677,1
394732,1
394878,1
395020,1
395181,1
395504,1
395544,1
395570,1
395589,1
395732,1
395870,1
395873,1
395912,1
395974,1
396473,1
396636,1
396640,1
396658,1
396724,1
396787,1
396965,1
396979,1
397058,1
397158,1
397187,1
397328,1
397421,1
397496,1
398232,1
398805,1
398837,1
398978,1
399376,1
399911,1
399975,1
400693,1
400883,1
401179,1
401284,1
401407,1
401597,1
401740,1
401999,1
402454,1
402694,1
402829,1
402859,1
403033,1
403076,1
403361,1
403474,1
403658,1
403907,1
404016,1
404161,1
404394,1
404482,1
404493,1
404527,1
404646,1
404853,1
404947,1
405179,1
405211,1
405335,1
405511,1
405548,1
405674,1
405697,1
405767,1
405769,1
405951,1
405991,1
406256,1
406497,1
406498,1
406782,1
406960,1
407233,1
407380,1
407573,1
407718,1
407826,1
409001,1
409117,1
409169,1
409217,1
409438,1
409582,1
409633,1
409824,1
410217,1
411534,1
412024,1
412212,1
412479,1
412511,1
412619,1
412979,1
413381,1
413386,1
413420,1
413711,1
413763,1
414041,1
414074,1
414148,1
414376,1
414415,1
414735,1
414852,1
415019,1
415140,1
415188,1
415521,1
415590,1
417132,1
417604,1
417902,1
418008,1
418424,1
418429,1
418455,1
418577,1
418651,1
418764,1
419081,1
419123,1
419340,1
419641,1
419767,1
419845,1
420194,1
420319,1
420478,1
420581,1
420875,1
420964,1
420980,1
421060,1
421094,1
421245,1
421415,1
421585,1
421691,1
421757,1
421850,1
421868,1
421993,1
422429,1
422516,1
422521,1
422700,1
422769,1
422797,1
422986,1
423251,1
423279,1
423656,1
423809,1
424036,1
424071,1
424634,1
424656,1
424660,1
424708,1
425005,1
425397,1
425526,1
425647,1
425673,1
425739,1
425778,1
425836,1
425962,1
425996,1
426071,1
426191,1
426381,1
426556,1
426559,1
426567,1
426699,1
426713,1
427123,1
427137,1
427514,1
427582,1
427809,1
428494,1
428595,1
429005,1
429096,1
429105,1
430389,1
430599,1
430669,1
430767,1
430850,1
430933,1
431402,1
431423,1
431457,1
431672,1
432693,1
432776,1
432846,1
432911,1
433036,1
433121,1
433210,1
433268,1
433604,1
433744,1
433785,1
433893,1
433931,1
434080,1
434125,1
434192,1
434360,1
434409,1
434410,1
434763,1
434783,1
434938,1
435051,1
435543,1
435562,1
435800,1
435816,1
436043,1
436078,1
436418,1
436534,1
436553,1
436558,1
436565,1
436637,1
436678,1
436729,1
436878,1
437047,1
437066,1
437128,1
437691,1
438368,1
439387,1
439478,1
439680,1
440261,1
440315,1
440485,1
440590,1
440772,1
440974,1
441205,1
441314,1
441633,1
441972,1
442040,1
442058,1
442087,1
442097,1
442158,1
442268,1
442275,1
442584,1
442696,1
442743,1
442979,1
443419,1
443622,1
443702,1
444108,1
444195,1
444216,1
444609,1
444636,1
444962,1
445000,1
445016,1
445113,1
445247,1
445302,1
445331,1
445459,1
446332,1
446558,1
446611,1
446735,1
446973,1
447457,1
447507,1
447555,1
447951,1
448127,1
448128,1
448228,1
448306,1
448359,1
448510,1
449527,1
450100,1
450340,1
450373,1
450512,1
450634,1
450687,1
451111,1
451174,1
451347,1
451520,1
451631,1
451954,1
452001,1
452206,1
452223,1
452253,1
452372,1
452462,1
452643,1
452682,1
453010,1
453613,1
453666,1
453875,1
454522,1
454541,1
454547,1
454999,1
455062,1
455396,1
456069,1
456231,1
456322,1
456355,1
456457,1
456485,1
456770,1
456929,1
457077,1
457439,1
457808,1
457925,1
458418,1
458466,1
458896,1
459204,1
459558,1
459817,1
459820,1
459821,1
459825,1
459838,1
459861,1
459901,1
459903,1
459957,1
459971,1
459974,1
459978,1
459982,1
459983,1
460076,1
460077,1
460078,1
460079,1
460112,1
460168,1
460227,1
460256,1
460403,1
460443,1
460446,1
460626,1
460627,1
460628,1
460643,1
460644,1
460720,1
460774,1
460787,1
460859,1
460977,1
460978,1
461017,1
461592,1
461593,1
461594,1
461595,1
461596,1
461597,1
461598,1
461599,1
461600,1
461602,1
461779,1
461957,1
462497,1
462521,1
462523,1
462539,1
462540,1
462600,1
462601,1
462602,1
462809,1
462840,1
462853,1
462863,1
462887,1
462952,1
463171,1
463172,1
463239,1
464277,1
464278,1
464279,1
464280,1
464281,1
464282,1
464406,1
464407,1
465029,1
465556,1
465561,1
465562,1
465563,1
466818,1
466819,1
466879,1
467569,1
467570,1
467584,1
467595,1
467596,1
467597,1
467598,1
468020,1
468158,1
468177,1
468626,1
469805,1
469819,1
469828,1
469829,1
469838,1
469852,1
469853,1
469867,1
469910,1
469926,1
469935,1
469963,1
470004,1
470035,1
470036,1
470098,1
470221,1
470222,1
470223,1
470224,1
470225,1
470227,1
470304,1
470311,1
470314,1
470315,1
470317,1
470318,1
470376,1
470476,1
470566,1
470593,1
470595,1
470596,1
470597,1
470598,1
470599,1
470600,1
470601,1
470602,1
470682,1
470690,1
470751,1
470762,1
470795,1
470796,1
470807,1
470819,1
470820,1
470822,1
470825,1
470826,1
470827,1
470830,1
470831,1
470832,1
470833,1
470966,1
470977,1
471221,1
471222,1
471226,1
471297,1
471310,1
471361,1
471503,1
471786,1
471788,1
471789,1
471790,1
471791,1
471793,1
471794,1
471795,1
471796,1
471797,1
471798,1
471799,1
471800,1
471801,1
471802,1
471803,1
471804,1
471809,1
471912,1
471913,1
471959,1
471960,1
471961,1
471962,1
471964,1
471965,1
471966,1
471967,1
471970,1
471971,1
471972,1
472007,1
472008,1
472016,1
472026,1
472067,1
472068,1
472069,1
472070,1
472071,1
472072,1
472073,1
472074,1
472075,1
472076,1
472082,1
472083,1
472084,1
472085,1
472086,1
472087,1
472088,1
472089,1
472090,1
472091,1
472092,1
472093,1
472094,1
472095,1
472096,1
472097,1
472098,1
472169,1
472178,1
472196,1
472222,1
472226,1
472237,1
472249,1
472261,1
472494,1
472496,1
472940,1
472941,1
472942,1
472943,1
473087,1
473414,1
473415,1
473459,1
473460,1
473461,1
473572,1
473573,1
473574,1
473575,1
473576,1
473577,1
473578,1
473580,1
473581,1
473635,1
473636,1
473637,1
473638,1
473639,1
473640,1
473641,1
473643,1
474519,1
474526,1
474527,1
474528,1
474619,1
474622,1
474623,1
474624,1
474625,1
474626,1
474627,1
474628,1
474640,1
474641,1
474714,1
474769,1
474772,1
474773,1
474774,1
474814,1
474820,1
474921,1
474932,1
474935,1
474936,1
474937,1
474939,1
474947,1
474948,1
474979,1
474984,1
474985,1
474988,1
474992,1
475137,1
475138,1
475139,1
475140,1
475142,1
475143,1
475144,1
475145,1
475146,1
475147,1
475404,1
475676,1
475677,1
475678,1
475679,1
475680,1
475686,1
475687,1
475688,1
475689,1
475690,1
475692,1
475693,1
475694,1
475695,1
475696,1
475697,1
475698,1
475699,1
475700,1
475701,1
475702,1
475703,1
475704,1
475705,1
475896,1
475922,1
476048,1
476050,1
476051,1
476053,1
476143,1
476202,1
476203,1
476204,1
476205,1
476206,1
476207,1
476208,1
476209,1
476210,1
476211,1
476212,1
476213,1
476214,1
476215,1
476216,1
476217,1
476218,1
476219,1
476220,1
476912,1
476913,1
476922,1
476923,1
476929,1
476939,1
476953,1
476971,1
477001,1
477002,1
477003,1
477004,1
477005,1
477006,1
477007,1
477008,1
477009,1
477010,1
477011,1
477012,1
477013,1
477014,1
477015,1
477016,1
477017,1
477018,1
477019,1
477020,1
477021,1
477022,1
477023,1
477024,1
477025,1
477026,1
477027,1
477028,1
477052,1
477053,1
477054,1
477376,1
477416,1
477443,1
477444,1
477449,1
477450,1
477451,1
477452,1
477461,1
477556,1
477560,1
477561,1
477562,1
477563,1
477564,1
477595,1
477612,1
477652,1
477653,1
477654,1
477655,1
477656,1
477659,1
477660,1
477661,1
477734,1
477735,1
477736,1
477737,1
477738,1
477739,1
477740,1
477741,1
477742,1
477743,1
477744,1
477745,1
477746,1
477749,1
477766,1
477781,1
477783,1
477784,1
477830,1
477907,1
477950,1
477951,1
477952,1
478064,1
478069,1
478070,1
478075,1
478100,1
478101,1
478102,1
478103,1
478104,1
478105,1
478106,1
478107,1
478186,1
478189,1
478190,1
478206,1
478211,1
478212,1
478213,1
478216,1
478226,1
478227,1
478228,1
478229,1
478230,1
478231,1
478232,1
478233,1
478234,1
478235,1
478236,1
478237,1
478238,1
478239,1
478240,1
478241,1
478242,1
478243,1
478244,1
478245,1
478246,1
478320,1
478357,1
478358,1
478359,1
478362,1
478363,1
478388,1
478507,1
478509,1
478510,1
478511,1
478512,1
478519,1
478529,1
478534,1
478535,1
478539,1
478540,1
478541,1
478542,1
478543,1
478544,1
478545,1
478546,1
478548,1
478553,1
478554,1
478600,1
478601,1
478602,1
478603,1
478604,1
478605,1
478606,1
478607,1
478608,1
478609,1
478610,1
478611,1
478612,1
478613,1
478614,1
478615,1
478722,1
478723,1
478724,1
478725,1
478726,1
478727,1
478728,1
478729,1
478808,1
478809,1
478810,1
478857,1
478872,1
478873,1
478874,1
478875,1
478876,1
478878,1
478879,1
478883,1
478884,1
478885,1
478886,1
478887,1
478888,1
478889,1
478890,1
478891,1
478892,1
478893,1
478894,1
478895,1
478896,1
478897,1
478899,1
478900,1
478901,1
478902,1
478903,1
478907,1
478908,1
478909,1
478929,1
478941,1
478961,1
478962,1
478963,1
478964,1
478965,1
478977,1
478983,1
478984,1
478986,1
479053,1
479093,1
479094,1
479112,1
479113,1
479120,1
479143,1
479238,1
479239,1
479240,1
479241,1
479242,1
479243,1
479244,1
479245,1
479246,1
479247,1
479248,1
479249,1
479250,1
479270,1
479271,1
479272,1
479273,1
479275,1
479345,1
479395,1
479673,1
480056,1
480149,1
480332,1
480557,1
480558,1
480708,1
481054,1
481219,1
481288,1
481370,1
481391,1
481634,1
481758,1
481925,1
482154,1
482213,1
482245,1
482270,1
482423,1
482455,1
482461,1
482503,1
482698,1
482861,1
482904,1
482947,1
482966,1
483217,1
483267,1
483503,1
483517,1
483520,1
483579,1
483593,1
483606,1
483781,1
483820,1
483900,1
483962,1
484009,1
484016,1
484065,1
484069,1
484079,1
484248,1
484315,1
484410,1
484482,1
484489,1
484495,1
484506,1
484626,1
484672,1
484748,1
485000,1
485037,1
485051,1
485106,1
485119,1
485124,1
485197,1
485230,1
485341,1
485580,1
486035,1
486042,1
486044,1
486061,1
486066,1
486068,1
486072,1
486088,1
486112,1
486137,1
486142,1
486146,1
486156,1
486163,1
486168,1
486169,1
486175,1
486182,1
486183,1
486187,1
486197,1
486204,1
486210,1
486211,1
486213,1
486225,1
486229,1
486238,1
486239,1
486240,1
486249,1
486258,1
486261,1
486264,1
486265,1
486271,1
486281,1
486287,1
486292,1
486316,1
486323,1
486328,1
486331,1
486334,1
486348,1
486359,1
486375,1
486377,1
486379,1
486390,1
486396,1
486397,1
486431,1
486433,1
486439,1
486452,1
486461,1
486467,1
486471,1
486480,1
486501,1
486533,1
486589,1
486591,1
486594,1
486599,1
486605,1
486607,1
486608,1
486612,1
486616,1
486623,1
486740,1
486745,1
486746,1
486897,1
486913,1
486914,1
487088,1
487089,1
487092,1
487093,1
487094,1
487098,1
487100,1
487101,1
487102,1
487103,1
487104,1
487105,1
487116,1
487121,1
487130,1
487132,1
487136,1
487140,1
487149,1
487154,1
487156,1
487158,1
487159,1
487161,1
487219,1
487223,1
487226,1
487227,1
487320,1
487322,1
487400,1
487418,1
487423,1
487430,1
487434,1
487437,1
487444,1
487464,1
487465,1
487513,1
487515,1
487618,1
487622,1
487642,1
487647,1
487662,1
487663,1
487666,1
487670,1
487671,1
487674,1
487675,1
487676,1
487677,1
487729,1
487730,1
487757,1
487761,1
487762,1
487763,1
487768,1
487769,1
487778,1
487848,1
487863,1
487864,1
487901,1
487939,1
488001,1
488007,1
488008,1
488013,1
488038,1
488095,1
488097,1
488098,1
488100,1
488101,1
488102,1
488103,1
488104,1
488105,1
488106,1
488107,1
488108,1
488109,1
488110,1
488111,1
488112,1
488113,1
488114,1
488115,1
488116,1
488117,1
488118,1
488119,1
488120,1
488121,1
488122,1
488123,1
488124,1
488125,1
488132,1
488133,1
488135,1
488165,1
488166,1
488167,1
488176,1
488177,1
488178,1
488179,1
488180,1
488181,1
488182,1
488183,1
488184,1
488185,1
488186,1
488190,1
488191,1
488192,1
488193,1
488194,1
488195,1
488196,1
488226,1
488227,1
488228,1
488244,1
488264,1
488265,1
488267,1
488268,1
488269,1
488270,1
488275,1
488276,1
488282,1
488289,1
488293,1
488305,1
488348,1
488369,1
488395,1
488420,1
488423,1
488466,1
488486,1
488554,1
488564,1
488577,1
488579,1
488600,1
488618,1
488632,1
488652,1
488654,1
488655,1
488683,1
488809,1
488935,1
489001,1
489002,1
489003,1
489004,1
489169,1
489181,1
489182,1
489198,1
489282,1
489447,1
489544,1
489680,1
489694,1
489695,1
489696,1
489697,1
489698,1
489756,1
489767,1
489780,1
489781,1
489784,1
489785,1
489786,1
489787,1
489788,1
489789,1
489790,1
489800,1
489801,1
489802,1
489803,1
489858,1
489877,1
489878,1
489879,1
489880,1
489881,1
489882,1
489883,1
489884,1
489885,1
489886,1
489888,1
489939,1
489948,1
489949,1
489951,1
489964,1
490118,1
490119,1
490120,1
490121,1
490122,1
490123,1
490124,1
490125,1
490126,1
490127,1
490128,1
490129,1
490130,1
490131,1
490132,1
490133,1
490134,1
490135,1
490136,1
490137,1
490138,1
490139,1
490140,1
490141,1
490148,1
490149,1
490150,1
490151,1
490152,1
490153,1
490154,1
490155,1
490156,1
490157,1
490158,1
490160,1
490161,1
490162,1
490163,1
490164,1
490165,1
490167,1
490168,1
490169,1
490170,1
490174,1
490179,1
490180,1
490181,1
490182,1
490343,1
490352,1
490353,1
490354,1
490355,1
490356,1
490451,1
490452,1
490457,1
490458,1
490459,1
490460,1
490461,1
490462,1
490463,1
490464,1
490465,1
490470,1
490471,1
490472,1
490473,1
490474,1
490479,1
490480,1
490481,1
490482,1
490483,1
490484,1
490485,1
490486,1
490487,1
490488,1
490489,1
490490,1
490491,1
490492,1
490493,1
490494,1
490495,1
490496,1
490497,1
490498,1
490499,1
490500,1
490501,1
490502,1
490503,1
490506,1
490507,1
490508,1
490509,1
490510,1
490511,1
490512,1
490513,1
490514,1
490515,1
490516,1
490517,1
490518,1
490519,1
490520,1
490521,1
490522,1
490523,1
490528,1
490529,1
490530,1
490531,1
490532,1
490663,1
490664,1
490665,1
490666,1
490667,1
490668,1
490669,1
490678,1
490680,1
490743,1
490744,1
490749,1
490750,1
490751,1
490752,1
490753,1
490754,1
490755,1
490756,1
490757,1
490758,1
490759,1
490760,1
490761,1
490762,1
490763,1
490764,1
490765,1
490766,1
490780,1
490790,1
490791,1
490793,1
490794,1
490795,1
490796,1
490797,1
490798,1
490799,1
490800,1
490801,1
490802,1
490803,1
490804,1
490805,1
490827,1
490828,1
490829,1
490830,1
490833,1
490834,1
490835,1
490836,1
490843,1
490844,1
490845,1
490846,1
490847,1
490848,1
490849,1
490850,1
490851,1
490852,1
490853,1
490854,1
490855,1
490856,1
490857,1
490858,1
490859,1
490860,1
490861,1
490862,1
490863,1
490864,1
490865,1
490866,1
490867,1
490868,1
490885,1
490886,1
490903,1
490905,1
490906,1
490907,1
490908,1
490909,1
490910,1
490911,1
490912,1
490913,1
490914,1
490915,1
490916,1
490917,1
490918,1
490919,1
490920,1
490921,1
490922,1
490923,1
490924,1
490925,1
490926,1
490927,1
490928,1
490929,1
490930,1
490931,1
490932,1
490934,1
490935,1
490936,1
490937,1
490938,1
490939,1
490943,1
490944,1
490945,1
490946,1
490947,1
490948,1
490949,1
490950,1
490951,1
490952,1
490953,1
490954,1
490970,1
490971,1
490975,1
490976,1
491050,1
491141,1
491147,1
491148,1
491151,1
491152,1
491154,1
491157,1
491158,1
491159,1
491161,1
491163,1
491164,1
491165,1
491166,1
491167,1
491168,1
491169,1
491170,1
491171,1
491172,1
491173,1
491174,1
491177,1
491178,1
491179,1
491182,1
491183,1
491184,1
491185,1
491187,1
491188,1
491189,1
491190,1
491193,1
491194,1
491195,1
491196,1
491197,1
491200,1
491206,1
491207,1
491208,1
491209,1
491210,1
491211,1
491212,1
491213,1
491215,1
491234,1
491275,1
491276,1
491278,1
491279,1
491281,1
491283,1
491284,1
491285,1
491287,1
491288,1
491289,1
491290,1
491291,1
491292,1
491298,1
491299,1
491321,1
491322,1
491323,1
491324,1
491325,1
491326,1
491327,1
491328,1
491330,1
491331,1
491333,1
491334,1
491336,1
491337,1
491339,1
491340,1
491342,1
491343,1
491345,1
491346,1
491350,1
491360,1
491361,1
491362,1
491454,1
491457,1
491521,1
491522,1
491523,1
491524,1
491528,1
491529,1
491530,1
491545,1
491546,1
491547,1
491548,1
491549,1
491550,1
491551,1
491552,1
491553,1
491554,1
491555,1
491556,1
491557,1
491558,1
491559,1
491560,1
491561,1
491562,1
491567,1
491569,1
491570,1
491571,1
491572,1
491573,1
491574,1
491575,1
491576,1
491577,1
491578,1
491579,1
491580,1
491581,1
491582,1
491583,1
491584,1
491585,1
491586,1
491587,1
491588,1
491589,1
491590,1
491591,1
491592,1
491593,1
491594,1
491595,1
491596,1
491597,1
491598,1
491599,1
491600,1
491601,1
491602,1
491603,1
491604,1
491605,1
491606,1
491607,1
491608,1
491609,1
491610,1
491611,1
491612,1
491613,1
491614,1
491615,1
491616,1
491617,1
491618,1
491619,1
491620,1
491622,1
491623,1
491624,1
491625,1
491626,1
491627,1
491628,1
491629,1
491630,1
491632,1
491635,1
491636,1
491637,1
491638,1
491639,1
491640,1
491641,1
491642,1
491643,1
491644,1
491645,1
491646,1
491652,1
491653,1
491654,1
491655,1
491656,1
491657,1
491676,1
491677,1
491678,1
491679,1
491680,1
491681,1
491682,1
491683,1
491684,1
491685,1
491686,1
491687,1
491688,1
491689,1
491690,1
491691,1
491692,1
491693,1
491694,1
491695,1
491696,1
491697,1
491699,1
491700,1
491701,1
491702,1
491703,1
491704,1
491705,1
491706,1
491707,1
491908,1
491937,1
491939,1
491941,1
491943,1
491946,1
491947,1
491949,1
491950,1
491951,1
491953,1
491954,1
492023,1
492170,1
492172,1
492173,1
492175,1
492176,1
492178,1
492179,1
492180,1
492181,1
492182,1
492183,1
492184,1
492185,1
492186,1
492188,1
492190,1
492191,1
492195,1
492196,1
492198,1
492199,1
492200,1
492201,1
492213,1
492214,1
492216,1
492217,1
492218,1
492219,1
492220,1
492221,1
492222,1
492258,1
492259,1
492260,1
492264,1
492265,1
492266,1
492268,1
492270,1
492273,1
492277,1
492278,1
492282,1
492283,1
492284,1
492285,1
492286,1
492305,1
492306,1
492307,1
492308,1
492309,1
492310,1
492311,1
492312,1
492316,1
492317,1
492318,1
492319,1
492320,1
492321,1
492322,1
492323,1
492324,1
492325,1
492326,1
492327,1
492328,1
492330,1
492331,1
492332,1
492333,1
492334,1
492335,1
492337,1
492344,1
492345,1
492346,1
492347,1
492348,1
492349,1
492350,1
492351,1
492352,1
492353,1
492354,1
492355,1
492356,1
492357,1
492392,1
492393,1
492394,1
492398,1
492399,1
492405,1
492411,1
492414,1
492416,1
492421,1
492423,1
492426,1
492440,1
492443,1
492444,1
492445,1
492452,1
492458,1
492476,1
492478,1
492479,1
492480,1
492481,1
492482,1
492483,1
492488,1
492489,1
492490,1
492491,1
492492,1
492493,1
492498,1
492499,1
492500,1
492501,1
492502,1
492503,1
492506,1
492507,1
492511,1
492512,1
492513,1
492515,1
492516,1
492517,1
492518,1
492519,1
492520,1
492521,1
492523,1
492524,1
492525,1
492527,1
492528,1
492531,1
492544,1
492553,1
492574,1
492581,1
492583,1
492584,1
492602,1
492609,1
492610,1
492615,1
492621,1
492626,1
492628,1
492629,1
492630,1
492631,1
492632,1
492633,1
492634,1
492635,1
492636,1
492637,1
492638,1
492639,1
492647,1
492650,1
492652,1
492656,1
492657,1
492661,1
492662,1
492663,1
492675,1
492681,1
492682,1
492684,1
492685,1
492686,1
492687,1
492689,1
492693,1
492694,1
492696,1
492697,1
492700,1
492711,1
492719,1
492724,1
492730,1
492731,1
492744,1
492745,1
492746,1
492750,1
492754,1
492759,1
492761,1
26814,1
801642,1
801644,1
492768,1
492769,1
492790,1
492791,1
492792,1
492793,1
492798,1
492811,1
492813,1
492814,1
492823,1
492824,1
492825,1
492826,1
492827,1
492828,1
492829,1
492830,1
492900,1
492901,1
492903,1
492904,1
492905,1
492906,1
492907,1
492908,1
492909,1
492910,1
492911,1
492912,1
492913,1
492914,1
492915,1
492916,1
492923,1
492924,1
492925,1
492926,1
492927,1
492928,1
492929,1
492930,1
492935,1
492936,1
492937,1
492938,1
492939,1
492942,1
492943,1
492944,1
492945,1
492946,1
492947,1
492948,1
492949,1
492950,1
492951,1
492952,1
492953,1
492954,1
492955,1
492956,1
492957,1
492958,1
492959,1
492961,1
492962,1
492963,1
492964,1
492965,1
492966,1
492975,1
492976,1
492977,1
492978,1
492979,1
492980,1
492981,1
492982,1
492983,1
492984,1
492985,1
492986,1
492987,1
492988,1
492989,1
492990,1
492991,1
492992,1
492993,1
492994,1
492995,1
492996,1
492997,1
492998,1
492999,1
493008,1
493009,1
493010,1
493011,1
493012,1
493013,1
493014,1
493015,1
493016,1
493017,1
493018,1
493019,1
493020,1
493021,1
493022,1
493023,1
493024,1
493025,1
493055,1
493056,1
493057,1
493058,1
493059,1
493060,1
493061,1
493062,1
493063,1
493064,1
493065,1
493066,1
493067,1
493068,1
493072,1
493073,1
493074,1
493075,1
493101,1
493102,1
493121,1
493122,1
493123,1
493124,1
493125,1
493126,1
493127,1
493128,1
493145,1
493146,1
493147,1
493148,1
493149,1
493150,1
493151,1
493184,1
493185,1
493186,1
493187,1
493188,1
493189,1
493190,1
493191,1
493192,1
493193,1
493194,1
493195,1
493198,1
493199,1
493200,1
493201,1
493203,1
493204,1
493205,1
493207,1
493208,1
493209,1
493210,1
493211,1
493251,1
493252,1
493257,1
493258,1
493259,1
493260,1
493261,1
493262,1
493328,1
493329,1
493330,1
493332,1
493338,1
493339,1
493340,1
493341,1
493342,1
493343,1
493344,1
493345,1
493346,1
493347,1
493348,1
493349,1
493350,1
493351,1
493352,1
493353,1
493354,1
493355,1
493356,1
493357,1
493358,1
493359,1
493360,1
493361,1
493362,1
493363,1
493364,1
493365,1
493366,1
493367,1
493368,1
493369,1
493370,1
493371,1
493372,1
493373,1
493374,1
493375,1
493376,1
493377,1
493378,1
493379,1
493380,1
493381,1
493382,1
493383,1
493384,1
493385,1
493386,1
493387,1
493388,1
493389,1
493390,1
493391,1
493392,1
493393,1
493394,1
493395,1
493396,1
493397,1
493398,1
493399,1
493400,1
493401,1
493402,1
493403,1
493404,1
493405,1
493406,1
493407,1
493408,1
493409,1
493410,1
493411,1
493412,1
493413,1
493414,1
493415,1
493416,1
493417,1
493418,1
493419,1
493420,1
493421,1
493422,1
493423,1
493424,1
493425,1
493426,1
493427,1
493428,1
493429,1
493430,1
493431,1
493432,1
493433,1
493461,1
493462,1
493463,1
493464,1
493465,1
493466,1
493467,1
493468,1
493469,1
493470,1
493471,1
493472,1
493473,1
493474,1
493475,1
493476,1
493502,1
493503,1
493504,1
493505,1
493506,1
493600,1
493601,1
493602,1
493603,1
493604,1
493605,1
493606,1
493607,1
493608,1
493627,1
493628,1
493629,1
493630,1
493631,1
493632,1
493633,1
493634,1
493635,1
493636,1
493637,1
493638,1
493639,1
493640,1
493641,1
493642,1
493643,1
493644,1
493645,1
493646,1
493647,1
493648,1
493649,1
493650,1
493651,1
493652,1
493653,1
493654,1
493655,1
493656,1
493657,1
493658,1
493724,1
493725,1
493726,1
493727,1
493728,1
493729,1
493730,1
493731,1
493732,1
493733,1
493734,1
493735,1
493736,1
493737,1
493738,1
493739,1
493740,1
493741,1
493742,1
493743,1
493744,1
493745,1
493746,1
493747,1
493748,1
493749,1
493750,1
493751,1
493752,1
493753,1
493754,1
493755,1
493756,1
493757,1
493758,1
493759,1
493760,1
493761,1
493762,1
493763,1
493764,1
493765,1
493766,1
493767,1
493768,1
493769,1
493770,1
493771,1
493772,1
493773,1
493774,1
493775,1
493776,1
493777,1
493778,1
493779,1
493780,1
493781,1
493782,1
493783,1
493784,1
493785,1
493786,1
493787,1
493788,1
493789,1
493790,1
493791,1
493792,1
493793,1
493794,1
493804,1
493805,1
493808,1
493809,1
493810,1
493818,1
493819,1
493820,1
493821,1
493822,1
493823,1
493824,1
493825,1
493826,1
493827,1
493828,1
493829,1
493830,1
493831,1
493832,1
493833,1
493834,1
493835,1
493836,1
493837,1
493838,1
493839,1
493840,1
493841,1
493842,1
493843,1
493844,1
493846,1
493847,1
493848,1
493850,1
493851,1
493852,1
493853,1
493854,1
493855,1
493856,1
493857,1
493858,1
493860,1
493862,1
493863,1
493864,1
493865,1
493866,1
493867,1
493868,1
493869,1
493870,1
493871,1
493872,1
493873,1
493874,1
493875,1
493876,1
493877,1
493878,1
493879,1
493880,1
493881,1
493882,1
493883,1
493884,1
493885,1
493886,1
493887,1
493888,1
493889,1
493890,1
493892,1
493894,1
493895,1
493896,1
493897,1
493898,1
493899,1
493900,1
493909,1
493910,1
493911,1
493912,1
493913,1
493914,1
493935,1
493936,1
493937,1
493938,1
493939,1
493940,1
493941,1
493944,1
493945,1
493946,1
493948,1
493949,1
493950,1
493951,1
494016,1
494017,1
494018,1
494019,1
494020,1
494021,1
494022,1
494023,1
494024,1
494025,1
494026,1
494027,1
494028,1
494029,1
494030,1
494031,1
494032,1
494033,1
494034,1
494035,1
494036,1
494037,1
494038,1
494039,1
494040,1
494041,1
494042,1
494043,1
494044,1
494045,1
494046,1
494047,1
494048,1
494049,1
494050,1
494051,1
494052,1
494053,1
494054,1
494055,1
494056,1
494057,1
494058,1
494059,1
494060,1
494061,1
494062,1
494063,1
494064,1
494065,1
494066,1
494067,1
494068,1
494069,1
494070,1
494071,1
494072,1
494073,1
494074,1
494075,1
494076,1
494077,1
494078,1
494079,1
494080,1
494081,1
494082,1
494083,1
494088,1
494090,1
494091,1
494107,1
494108,1
494111,1
494118,1
494119,1
494128,1
494129,1
494130,1
494131,1
494132,1
494133,1
494134,1
494135,1
494136,1
494138,1
494141,1
494144,1
494145,1
494146,1
494147,1
494148,1
494149,1
494150,1
494151,1
494152,1
494153,1
494155,1
494156,1
494157,1
494158,1
494159,1
494160,1
494162,1
494163,1
494164,1
494165,1
494166,1
494167,1
494168,1
494170,1
494172,1
494173,1
494174,1
494175,1
494176,1
494177,1
494179,1
494180,1
494181,1
494182,1
494183,1
494184,1
494185,1
494186,1
494187,1
494188,1
494189,1
494190,1
494191,1
494192,1
494193,1
494195,1
494196,1
494197,1
494198,1
494199,1
494200,1
494201,1
494202,1
494203,1
494204,1
494205,1
494206,1
494207,1
494208,1
494209,1
494210,1
494211,1
494212,1
494213,1
494214,1
494217,1
494219,1
494220,1
494221,1
494222,1
494223,1
494227,1
494230,1
494234,1
494235,1
494238,1
494239,1
494243,1
494245,1
494246,1
494247,1
494248,1
494249,1
494250,1
494251,1
494252,1
494253,1
494254,1
494255,1
494256,1
494257,1
494258,1
494259,1
494260,1
494269,1
494270,1
494271,1
494272,1
494273,1
494274,1
494275,1
494276,1
494279,1
494280,1
494281,1
494282,1
494283,1
494284,1
494285,1
494286,1
494287,1
494288,1
494289,1
494290,1
494291,1
494295,1
494296,1
494297,1
494298,1
494299,1
494300,1
494301,1
494302,1
494303,1
494304,1
494305,1
494370,1
494371,1
494372,1
494373,1
494374,1
494375,1
494376,1
494377,1
494378,1
494379,1
494380,1
494381,1
494382,1
494383,1
494384,1
494385,1
494386,1
494387,1
494388,1
494389,1
494390,1
494391,1
494392,1
494393,1
494394,1
494395,1
494396,1
494397,1
494398,1
494399,1
494400,1
494401,1
494402,1
494403,1
494404,1
494405,1
494406,1
494407,1
494408,1
494409,1
494410,1
494411,1
494412,1
494413,1
494414,1
494415,1
494416,1
494417,1
494418,1
494423,1
494424,1
494425,1
494428,1
494429,1
494431,1
494432,1
494433,1
494434,1
494435,1
494436,1
494437,1
494438,1
494440,1
494441,1
494444,1
494445,1
494448,1
494449,1
494454,1
494455,1
494456,1
494457,1
494458,1
494459,1
494460,1
494461,1
494462,1
494463,1
494464,1
494465,1
494466,1
494467,1
494468,1
494469,1
494483,1
494484,1
494485,1
494486,1
494487,1
494488,1
494489,1
494490,1
494491,1
494492,1
494493,1
494494,1
494495,1
494496,1
494497,1
494498,1
494499,1
494500,1
494501,1
494502,1
494503,1
494504,1
494505,1
494506,1
494507,1
494508,1
494509,1
494510,1
494511,1
494512,1
494513,1
494514,1
494515,1
494516,1
494517,1
494518,1
494519,1
494520,1
494521,1
494522,1
494523,1
494524,1
494525,1
494526,1
494527,1
494544,1
494545,1
494546,1
494547,1
494551,1
494554,1
494555,1
494556,1
494557,1
494558,1
494559,1
494562,1
494563,1
494564,1
494565,1
494580,1
494581,1
494582,1
494583,1
494584,1
494585,1
494586,1
494587,1
494589,1
494590,1
494591,1
494592,1
494593,1
494594,1
494595,1
494596,1
494597,1
494598,1
494599,1
494600,1
494601,1
494602,1
494603,1
494604,1
494605,1
494606,1
494607,1
494608,1
494609,1
494610,1
494611,1
494612,1
494613,1
494614,1
494615,1
494616,1
494617,1
494618,1
494619,1
494620,1
494621,1
494622,1
494623,1
494624,1
494625,1
494626,1
494627,1
494628,1
494629,1
494630,1
494631,1
494632,1
494633,1
494634,1
494635,1
494636,1
494637,1
494638,1
494639,1
494640,1
494641,1
494642,1
494643,1
494644,1
494645,1
494648,1
494649,1
494650,1
494651,1
494652,1
494653,1
494654,1
494655,1
494656,1
494657,1
494658,1
494659,1
494660,1
494661,1
494662,1
494663,1
494664,1
494665,1
494666,1
494667,1
494668,1
494669,1
494670,1
494671,1
494672,1
494673,1
494674,1
494675,1
494676,1
494677,1
494678,1
494679,1
494680,1
494681,1
494682,1
494683,1
494684,1
494685,1
494686,1
494687,1
494688,1
494689,1
494690,1
494691,1
494692,1
494693,1
494694,1
494695,1
494696,1
494697,1
494698,1
494699,1
494700,1
494701,1
494702,1
494703,1
494704,1
494705,1
494706,1
494707,1
494708,1
494709,1
494710,1
494711,1
494712,1
494713,1
494714,1
494715,1
494716,1
494717,1
494718,1
494719,1
494720,1
494721,1
494722,1
494723,1
494724,1
494725,1
494726,1
494727,1
494728,1
494729,1
494730,1
494731,1
494732,1
494733,1
494734,1
494735,1
494736,1
494737,1
494738,1
494739,1
494740,1
494741,1
494742,1
494743,1
494744,1
494745,1
494746,1
494747,1
494748,1
494749,1
494750,1
494751,1
494752,1
494753,1
494754,1
494755,1
494756,1
494757,1
494758,1
494759,1
494760,1
494761,1
494762,1
494763,1
494764,1
494765,1
494766,1
494767,1
494768,1
494769,1
494770,1
494773,1
494774,1
494775,1
494776,1
494777,1
494778,1
494779,1
494780,1
494781,1
494782,1
494783,1
494784,1
494785,1
494786,1
494787,1
494788,1
494790,1
494791,1
494792,1
494793,1
494794,1
494795,1
494796,1
494797,1
494798,1
494799,1
494810,1
494811,1
494812,1
494813,1
494814,1
494815,1
494816,1
494817,1
494818,1
494819,1
494820,1
494821,1
494822,1
494823,1
494824,1
494825,1
494826,1
494827,1
494834,1
494835,1
494836,1
494837,1
494838,1
494839,1
494840,1
494852,1
494853,1
494854,1
494855,1
494856,1
494857,1
494858,1
494859,1
494860,1
494861,1
494863,1
494864,1
494865,1
494866,1
494867,1
494868,1
494869,1
494870,1
494871,1
494872,1
494873,1
494874,1
494875,1
494876,1
494908,1
494909,1
494920,1
494921,1
494923,1
494924,1
494925,1
494927,1
494928,1
494929,1
494930,1
494931,1
494932,1
494933,1
494934,1
494935,1
494936,1
494937,1
494938,1
494939,1
494940,1
494941,1
494942,1
494945,1
494946,1
494947,1
494948,1
494949,1
494950,1
494951,1
494952,1
494953,1
494954,1
494955,1
494956,1
494957,1
494958,1
494959,1
494960,1
494961,1
494962,1
494963,1
494964,1
494965,1
494966,1
494967,1
494968,1
494969,1
494970,1
494971,1
494972,1
494973,1
494974,1
494975,1
494976,1
494977,1
494978,1
494979,1
494980,1
494981,1
494982,1
494983,1
494984,1
494985,1
494986,1
494987,1
494988,1
494989,1
494990,1
494991,1
494992,1
494993,1
494994,1
494995,1
494996,1
494997,1
494998,1
494999,1
495000,1
495001,1
495002,1
495003,1
495004,1
495005,1
495006,1
495007,1
495008,1
495009,1
495057,1
495058,1
495059,1
495060,1
495061,1
495062,1
495063,1
495064,1
495065,1
495066,1
495067,1
495068,1
495069,1
495070,1
495071,1
495102,1
495103,1
495104,1
495105,1
495140,1
495141,1
495142,1
495143,1
495144,1
495145,1
495146,1
495147,1
495148,1
495149,1
495150,1
495151,1
495152,1
495153,1
495154,1
495161,1
495162,1
495163,1
495164,1
495165,1
495171,1
495172,1
495173,1
495174,1
495175,1
495176,1
495177,1
495178,1
495179,1
495180,1
495181,1
495182,1
495183,1
495184,1
495185,1
495186,1
495187,1
495188,1
495189,1
495190,1
495191,1
495192,1
495193,1
495194,1
495195,1
495196,1
495197,1
495198,1
495199,1
495207,1
495208,1
495209,1
495222,1
495223,1
495224,1
495225,1
495226,1
495227,1
495228,1
495245,1
495246,1
495247,1
495248,1
495249,1
495290,1
495291,1
495312,1
495313,1
495314,1
495315,1
495316,1
495317,1
495318,1
495319,1
495320,1
495321,1
495322,1
495323,1
495324,1
495325,1
495326,1
495327,1
495328,1
495329,1
495330,1
495331,1
495332,1
495333,1
495334,1
495335,1
495336,1
495337,1
495338,1
495339,1
495340,1
495341,1
495342,1
495523,1
495524,1
495525,1
495526,1
495527,1
495528,1
495529,1
495530,1
495531,1
495532,1
495533,1
495534,1
495535,1
495536,1
495537,1
495538,1
495539,1
495540,1
495541,1
495542,1
495543,1
495544,1
495545,1
495546,1
495547,1
495561,1
495562,1
495563,1
495564,1
495565,1
495566,1
495567,1
495578,1
495579,1
495580,1
495613,1
495614,1
495631,1
495632,1
495633,1
495637,1
495639,1
495640,1
495641,1
495642,1
495643,1
495645,1
495646,1
495649,1
495650,1
495653,1
495654,1
495655,1
495656,1
495657,1
495672,1
495673,1
495674,1
495677,1
495678,1
495679,1
495680,1
495681,1
495682,1
495683,1
495684,1
495685,1
495689,1
495690,1
495691,1
495692,1
495694,1
495695,1
495697,1
495699,1
495700,1
495724,1
495730,1
495731,1
495734,1
495735,1
495736,1
495737,1
495738,1
495739,1
495740,1
495741,1
495750,1
495751,1
495752,1
495753,1
495754,1
495755,1
495756,1
495759,1
495760,1
495761,1
495762,1
495763,1
495764,1
495765,1
495766,1
495767,1
495768,1
495769,1
495770,1
495771,1
495772,1
495773,1
495774,1
495775,1
495784,1
495785,1
495786,1
495787,1
495788,1
495789,1
495790,1
495791,1
495792,1
495793,1
495794,1
495795,1
495796,1
495797,1
495798,1
495799,1
495800,1
495801,1
495802,1
495803,1
495804,1
495805,1
495806,1
495807,1
495808,1
495809,1
495810,1
495811,1
495812,1
495813,1
495814,1
495815,1
495816,1
495817,1
495818,1
495819,1
495820,1
495821,1
495822,1
495823,1
495824,1
495825,1
495826,1
495827,1
495828,1
495829,1
495830,1
495831,1
495832,1
495834,1
495852,1
495853,1
495854,1
495855,1
495856,1
495857,1
495858,1
495862,1
495863,1
495864,1
495865,1
495866,1
495867,1
495868,1
495869,1
495870,1
495871,1
495872,1
495873,1
495874,1
495875,1
495876,1
495877,1
495878,1
495879,1
495880,1
495881,1
495882,1
495883,1
495884,1
495885,1
495886,1
495887,1
495888,1
495889,1
495946,1
495947,1
495948,1
495949,1
495950,1
495951,1
495952,1
495953,1
495954,1
495955,1
495956,1
495965,1
495966,1
495967,1
495968,1
495969,1
495970,1
495971,1
495996,1
495997,1
495998,1
495999,1
496000,1
496001,1
496002,1
496004,1
496021,1
496022,1
496023,1
496024,1
496025,1
496026,1
496027,1
496028,1
496029,1
496030,1
496038,1
496039,1
496040,1
496041,1
496042,1
496043,1
496044,1
496045,1
496046,1
496047,1
496048,1
496061,1
496062,1
496063,1
496064,1
496065,1
496066,1
496067,1
496068,1
496069,1
496072,1
496073,1
496074,1
496075,1
496076,1
496077,1
496078,1
496089,1
496090,1
496091,1
496092,1
496093,1
496094,1
496095,1
496096,1
496097,1
496099,1
496100,1
496101,1
496102,1
496103,1
496104,1
496105,1
496106,1
496107,1
496108,1
496120,1
496121,1
496122,1
496123,1
496124,1
496126,1
496127,1
496128,1
496149,1
496151,1
496152,1
496153,1
496154,1
496156,1
496157,1
496158,1
496159,1
496160,1
496161,1
496162,1
496163,1
496168,1
496170,1
496174,1
496175,1
496179,1
496180,1
496181,1
496187,1
496188,1
496189,1
496190,1
496199,1
496200,1
496201,1
496202,1
496203,1
496204,1
496205,1
496206,1
496207,1
496208,1
496209,1
496210,1
496211,1
496212,1
496213,1
496214,1
496226,1
496227,1
496228,1
496229,1
496230,1
496241,1
496244,1
496245,1
496246,1
496247,1
496249,1
496250,1
496251,1
496252,1
496253,1
496254,1
496255,1
496256,1
496257,1
496258,1
496259,1
496260,1
496261,1
496267,1
496268,1
496269,1
496270,1
496286,1
496287,1
496288,1
496289,1
496290,1
496291,1
496292,1
496296,1
496297,1
496300,1
496301,1
496304,1
496305,1
496306,1
496307,1
496308,1
496309,1
496310,1
496312,1
496314,1
496315,1
496316,1
496317,1
496318,1
496319,1
496320,1
496321,1
496322,1
496323,1
496324,1
496325,1
496326,1
496327,1
496328,1
496329,1
496330,1
496331,1
496332,1
496333,1
496334,1
496335,1
496336,1
496337,1
496338,1
496339,1
496340,1
496341,1
496342,1
496343,1
496344,1
496345,1
496346,1
496347,1
496348,1
496349,1
496350,1
496351,1
496352,1
496353,1
496354,1
496355,1
496356,1
496357,1
496358,1
496359,1
496360,1
496361,1
496362,1
496363,1
496364,1
496365,1
496366,1
496367,1
496368,1
496369,1
496370,1
496371,1
496372,1
496373,1
496374,1
496375,1
496376,1
496377,1
496378,1
496379,1
496380,1
496381,1
496382,1
496383,1
496384,1
496385,1
496386,1
496387,1
496388,1
496389,1
496390,1
496391,1
496392,1
496393,1
496394,1
496395,1
496396,1
496397,1
496398,1
496438,1
496493,1
496494,1
496496,1
496497,1
496498,1
496499,1
496500,1
496501,1
496502,1
496503,1
496504,1
496505,1
496506,1
496507,1
496508,1
496509,1
496510,1
496511,1
496514,1
496515,1
496541,1
496542,1
496543,1
496544,1
496545,1
496546,1
496547,1
496548,1
496550,1
496560,1
496562,1
496563,1
496564,1
496565,1
496566,1
496567,1
496574,1
496575,1
496643,1
496644,1
496645,1
496646,1
496647,1
496648,1
496649,1
496650,1
496651,1
496652,1
496685,1
496686,1
496687,1
496688,1
496689,1
496690,1
496691,1
496692,1
496693,1
496694,1
496695,1
496696,1
496697,1
496698,1
496699,1
496700,1
496701,1
496703,1
496704,1
496705,1
496706,1
496707,1
496708,1
496709,1
496710,1
496711,1
496712,1
496713,1
496714,1
496715,1
496716,1
496717,1
496718,1
496719,1
496720,1
496721,1
496722,1
496723,1
496724,1
496725,1
496726,1
496727,1
496728,1
496729,1
496730,1
496731,1
496732,1
496733,1
496734,1
496743,1
496744,1
496745,1
496746,1
496747,1
496748,1
496749,1
496750,1
496751,1
496759,1
496760,1
496761,1
496762,1
496763,1
496764,1
496765,1
496766,1
496767,1
496768,1
496769,1
496770,1
496771,1
496772,1
496773,1
496774,1
496775,1
496776,1
496777,1
496778,1
496779,1
496780,1
496781,1
496782,1
496783,1
496784,1
496785,1
496786,1
496787,1
496788,1
496789,1
496790,1
496791,1
496792,1
496793,1
496794,1
496795,1
496796,1
496797,1
496798,1
496799,1
496800,1
496801,1
496802,1
496803,1
496804,1
496805,1
496806,1
496807,1
496808,1
496809,1
496810,1
496811,1
496812,1
496813,1
496814,1
496815,1
496816,1
496817,1
496818,1
496819,1
496820,1
496821,1
496822,1
496823,1
496824,1
496828,1
496829,1
496830,1
496831,1
496832,1
496833,1
496834,1
496835,1
496836,1
496837,1
496838,1
496839,1
496840,1
496841,1
496842,1
496843,1
496844,1
496845,1
496846,1
496847,1
496848,1
496849,1
496850,1
496851,1
496852,1
496853,1
496902,1
496903,1
496905,1
496906,1
496907,1
496908,1
496909,1
496910,1
496917,1
496918,1
496919,1
496920,1
496921,1
496922,1
496923,1
496924,1
496925,1
496926,1
496927,1
496928,1
496929,1
496930,1
496931,1
496932,1
496933,1
496934,1
496935,1
496936,1
496937,1
496938,1
496939,1
496940,1
496941,1
496942,1
496943,1
496944,1
496945,1
496946,1
496947,1
496948,1
496949,1
496950,1
496951,1
496952,1
496953,1
496954,1
496955,1
496956,1
496957,1
496958,1
496959,1
496960,1
496961,1
496963,1
496964,1
496965,1
497031,1
497036,1
497038,1
497039,1
497040,1
497041,1
497042,1
497043,1
497044,1
497045,1
497046,1
497047,1
497048,1
497049,1
497050,1
497051,1
497052,1
497053,1
497054,1
497063,1
497064,1
497065,1
497066,1
497067,1
497068,1
497071,1
497072,1
497073,1
497074,1
497075,1
497076,1
497077,1
497078,1
497081,1
497082,1
497083,1
497084,1
497086,1
497087,1
497102,1
497103,1
497116,1
497117,1
497118,1
497119,1
497120,1
497121,1
497122,1
497123,1
497124,1
497125,1
497126,1
497127,1
497128,1
497129,1
497130,1
497131,1
497132,1
497133,1
497134,1
497135,1
497136,1
497137,1
497138,1
497139,1
497140,1
497141,1
497142,1
497143,1
497144,1
497145,1
497146,1
497147,1
497148,1
497149,1
497150,1
497151,1
497152,1
497153,1
497154,1
497155,1
497156,1
497157,1
497158,1
497159,1
497160,1
497161,1
497162,1
497163,1
497164,1
497165,1
497166,1
497167,1
497168,1
497169,1
497170,1
497171,1
497172,1
497173,1
497174,1
497175,1
497176,1
497177,1
497178,1
497179,1
497180,1
497181,1
497182,1
497183,1
497184,1
497185,1
497186,1
497187,1
497188,1
497189,1
497190,1
497191,1
497192,1
497193,1
497194,1
497202,1
497203,1
497214,1
497215,1
497216,1
497217,1
497218,1
497219,1
497222,1
497223,1
497224,1
497225,1
497226,1
497227,1
497228,1
497229,1
497230,1
497231,1
497232,1
497233,1
497234,1
497235,1
497236,1
497260,1
497261,1
497262,1
497263,1
497266,1
497267,1
497268,1
497269,1
497270,1
497271,1
497272,1
497273,1
497274,1
497275,1
497276,1
497277,1
497278,1
497279,1
497280,1
497281,1
497282,1
497283,1
497284,1
497285,1
497286,1
497287,1
497288,1
497289,1
497290,1
497291,1
497292,1
497293,1
497294,1
497295,1
497296,1
497297,1
497301,1
497302,1
497303,1
497304,1
497305,1
497306,1
497307,1
497308,1
497309,1
497310,1
497311,1
497312,1
497313,1
497314,1
497315,1
497316,1
497317,1
497318,1
497319,1
497320,1
497374,1
497375,1
497376,1
497377,1
497378,1
497379,1
497380,1
497381,1
497382,1
497383,1
497384,1
497385,1
497386,1
497387,1
497388,1
497389,1
497390,1
497391,1
497392,1
497393,1
497394,1
497395,1
497396,1
497397,1
497398,1
497399,1
497400,1
497401,1
497402,1
497403,1
497404,1
497405,1
497406,1
497407,1
497440,1
497441,1
497442,1
497549,1
497550,1
497551,1
497552,1
497553,1
497554,1
497555,1
497556,1
497561,1
497562,1
497575,1
497576,1
497577,1
497578,1
497579,1
497580,1
497581,1
497582,1
497583,1
497584,1
497585,1
497586,1
497587,1
497588,1
497589,1
497590,1
497591,1
497592,1
497593,1
497594,1
497595,1
497596,1
497597,1
497660,1
497661,1
497662,1
497663,1
497664,1
497665,1
497666,1
497667,1
497668,1
497671,1
497672,1
497719,1
497720,1
497721,1
497722,1
497723,1
497724,1
497725,1
497726,1
497728,1
497729,1
497730,1
497800,1
497801,1
497802,1
497803,1
497804,1
497805,1
497806,1
497807,1
497808,1
497809,1
497810,1
497811,1
497812,1
497813,1
497814,1
497815,1
497816,1
497818,1
497819,1
497820,1
497821,1
497822,1
497823,1
497824,1
497825,1
497826,1
497827,1
497828,1
497829,1
497830,1
497831,1
497832,1
497833,1
497834,1
497835,1
497836,1
497837,1
497838,1
497839,1
497840,1
497841,1
497842,1
497843,1
497844,1
497845,1
497846,1
497847,1
497848,1
497849,1
497850,1
497851,1
497852,1
497853,1
497854,1
497855,1
497856,1
497857,1
497858,1
497859,1
497860,1
497861,1
497862,1
497863,1
497864,1
497865,1
497866,1
497867,1
497868,1
497869,1
497870,1
497871,1
497872,1
497873,1
497874,1
497875,1
497876,1
497877,1
497878,1
497879,1
497880,1
497881,1
497882,1
497883,1
497884,1
497885,1
497886,1
497887,1
497888,1
497889,1
497890,1
497891,1
497892,1
497893,1
497894,1
497895,1
497896,1
497897,1
497898,1
497899,1
497900,1
497901,1
497902,1
497903,1
497904,1
497905,1
497906,1
497907,1
497908,1
497909,1
497910,1
497911,1
497912,1
497913,1
497914,1
497915,1
497916,1
497929,1
497930,1
497931,1
497932,1
497933,1
497934,1
497935,1
497936,1
497937,1
497938,1
497939,1
497941,1
497943,1
497944,1
497945,1
497946,1
497947,1
497948,1
497949,1
497971,1
498040,1
498043,1
498065,1
498067,1
498254,1
498255,1
498256,1
498257,1
498258,1
498259,1
498260,1
498261,1
498262,1
498263,1
498264,1
498265,1
498266,1
498267,1
498268,1
498269,1
498271,1
498272,1
498273,1
498274,1
498275,1
498276,1
498277,1
498296,1
498297,1
498298,1
498299,1
498300,1
498301,1
498302,1
498327,1
498328,1
498329,1
498330,1
498331,1
498332,1
498333,1
498390,1
498391,1
498392,1
498393,1
498394,1
498395,1
498396,1
498397,1
498398,1
498399,1
498408,1
498409,1
498410,1
498411,1
498412,1
498413,1
498414,1
498415,1
498416,1
498417,1
498418,1
498419,1
498420,1
498421,1
498422,1
498423,1
498424,1
498425,1
498426,1
498427,1
498428,1
498429,1
498430,1
498431,1
498432,1
498433,1
498434,1
498435,1
498436,1
498437,1
498438,1
498439,1
498440,1
498441,1
498442,1
498443,1
498444,1
498445,1
498446,1
498447,1
498448,1
498449,1
498450,1
498451,1
498452,1
498453,1
498454,1
498455,1
498456,1
498457,1
498458,1
498459,1
498460,1
498461,1
498462,1
498463,1
498464,1
498465,1
498466,1
498467,1
498468,1
498469,1
498470,1
498471,1
498472,1
498473,1
498474,1
498475,1
498476,1
498477,1
498478,1
498479,1
498480,1
498481,1
498482,1
498483,1
498484,1
498485,1
498486,1
498487,1
498488,1
498489,1
498490,1
498491,1
498492,1
498493,1
498494,1
498495,1
498496,1
498497,1
498498,1
498499,1
498500,1
498501,1
498502,1
498503,1
498504,1
498505,1
498506,1
498507,1
498508,1
498509,1
498510,1
498511,1
498512,1
498513,1
498514,1
498515,1
498516,1
498517,1
498518,1
498519,1
498520,1
498521,1
498522,1
498523,1
498524,1
498525,1
498526,1
498527,1
498528,1
498529,1
498530,1
498531,1
498532,1
498533,1
498534,1
498535,1
498536,1
498537,1
498538,1
498540,1
498541,1
498542,1
498543,1
498544,1
498546,1
498547,1
498550,1
498551,1
498552,1
498553,1
498554,1
498555,1
498556,1
498557,1
498558,1
498608,1
498609,1
498610,1
498611,1
498612,1
498613,1
498614,1
498615,1
498639,1
498640,1
498641,1
498642,1
498667,1
498668,1
498669,1
498670,1
498671,1
498746,1
498747,1
498748,1
498749,1
498750,1
498751,1
498752,1
498753,1
498754,1
498759,1
498760,1
498761,1
498762,1
498763,1
498764,1
498765,1
498766,1
498767,1
498768,1
498769,1
498770,1
498771,1
498772,1
498773,1
498774,1
498775,1
498776,1
498777,1
498778,1
498779,1
498780,1
498781,1
498803,1
498804,1
498806,1
498808,1
498809,1
498810,1
498811,1
498812,1
498813,1
498814,1
498815,1
498816,1
498817,1
498818,1
498820,1
498821,1
498822,1
498823,1
498824,1
498825,1
498826,1
498827,1
498828,1
498829,1
498830,1
498831,1
498832,1
498833,1
498834,1
498835,1
498837,1
498838,1
498839,1
498840,1
498842,1
498843,1
498844,1
498845,1
498846,1
498847,1
498849,1
498850,1
498851,1
498852,1
498853,1
498854,1
498855,1
498856,1
498857,1
498858,1
498859,1
498860,1
498862,1
498866,1
498867,1
498868,1
498869,1
498870,1
498871,1
498872,1
498873,1
498874,1
498875,1
498876,1
498877,1
498878,1
498884,1
498885,1
498886,1
498887,1
498888,1
498889,1
498890,1
498891,1
498892,1
498893,1
498894,1
498895,1
498896,1
498897,1
498898,1
498899,1
498900,1
498901,1
498902,1
498903,1
498904,1
498905,1
498906,1
498907,1
498908,1
498909,1
498910,1
498911,1
498912,1
498913,1
498914,1
498915,1
498916,1
498917,1
498918,1
498919,1
498920,1
498921,1
498922,1
498923,1
498924,1
498925,1
498926,1
498927,1
498928,1
498929,1
498930,1
498931,1
498932,1
498933,1
498934,1
498935,1
498936,1
498937,1
498938,1
498939,1
498940,1
498941,1
498942,1
498943,1
498944,1
498945,1
498946,1
498947,1
498948,1
498949,1
498950,1
498951,1
498952,1
498953,1
498954,1
498955,1
498956,1
498957,1
498958,1
498959,1
498960,1
498961,1
498962,1
498963,1
498964,1
498965,1
498966,1
498967,1
498968,1
498969,1
498970,1
498971,1
498972,1
498973,1
498974,1
498975,1
498976,1
498977,1
498978,1
498979,1
498980,1
498981,1
498982,1
498985,1
498986,1
498987,1
498988,1
498989,1
498993,1
498994,1
498995,1
498996,1
498997,1
498998,1
498999,1
499001,1
499002,1
499003,1
499004,1
499005,1
499006,1
499007,1
499008,1
499009,1
499010,1
499011,1
499012,1
499013,1
499014,1
499015,1
499016,1
499017,1
499018,1
499019,1
499021,1
499022,1
499023,1
499024,1
499025,1
499026,1
499027,1
499028,1
499029,1
499030,1
499031,1
499032,1
499033,1
499034,1
499035,1
499036,1
499037,1
499101,1
499102,1
499145,1
499146,1
499147,1
499148,1
499149,1
499150,1
499151,1
499152,1
499153,1
499154,1
499163,1
499164,1
499166,1
499167,1
499168,1
499169,1
499170,1
499181,1
499182,1
499183,1
499184,1
499185,1
499186,1
499187,1
499188,1
499189,1
499190,1
499191,1
499192,1
499193,1
499194,1
499195,1
499196,1
499197,1
499198,1
499199,1
499200,1
499201,1
499202,1
499203,1
499204,1
499205,1
499206,1
499207,1
499208,1
499209,1
499210,1
499211,1
499212,1
499213,1
499214,1
499215,1
499216,1
499217,1
499218,1
499219,1
499220,1
499221,1
499222,1
499223,1
499224,1
499225,1
499226,1
499227,1
499228,1
499229,1
499230,1
499231,1
499262,1
499263,1
499275,1
499276,1
499277,1
499278,1
499280,1
499296,1
499297,1
499305,1
499306,1
499307,1
499312,1
499313,1
499314,1
499315,1
499316,1
499317,1
499318,1
499319,1
499320,1
499351,1
499352,1
499353,1
499354,1
499355,1
499356,1
499357,1
499358,1
499359,1
499360,1
499361,1
499362,1
499363,1
499364,1
499365,1
499366,1
499367,1
499368,1
499369,1
499371,1
499372,1
499373,1
499374,1
499375,1
499376,1
499377,1
499378,1
499388,1
499390,1
499393,1
499394,1
499410,1
499411,1
499412,1
499413,1
499414,1
499415,1
499419,1
499420,1
499421,1
499432,1
499433,1
499434,1
499435,1
499436,1
499437,1
499438,1
499439,1
499440,1
499441,1
499442,1
499443,1
499444,1
499445,1
499462,1
499463,1
499464,1
499465,1
499466,1
499467,1
499474,1
499497,1
499498,1
499499,1
499500,1
499501,1
499571,1
499572,1
499574,1
499575,1
499576,1
499577,1
499578,1
499579,1
499580,1
499581,1
499582,1
499583,1
499584,1
499585,1
499586,1
499587,1
499588,1
499589,1
499590,1
499591,1
499592,1
499593,1
499594,1
499595,1
499596,1
499597,1
499598,1
499599,1
499600,1
499601,1
499602,1
499603,1
499604,1
499605,1
499606,1
499607,1
499608,1
499609,1
499610,1
499611,1
499612,1
499613,1
499614,1
499615,1
499616,1
499617,1
499618,1
499619,1
499620,1
499621,1
499622,1
499623,1
499624,1
499625,1
499626,1
499627,1
499628,1
499629,1
499630,1
499631,1
499632,1
499633,1
499634,1
499635,1
499636,1
499637,1
499638,1
499639,1
499640,1
499641,1
499642,1
499643,1
499644,1
499645,1
499646,1
499647,1
499648,1
499649,1
499650,1
499651,1
499652,1
499653,1
499654,1
499655,1
499656,1
499657,1
499658,1
499659,1
499660,1
499661,1
499662,1
499663,1
499664,1
499665,1
499666,1
499667,1
499668,1
499669,1
499670,1
499671,1
499672,1
499673,1
499674,1
499675,1
499676,1
499677,1
499678,1
499679,1
499680,1
499681,1
499682,1
499683,1
499684,1
499685,1
499686,1
499687,1
499688,1
499689,1
499690,1
499691,1
499692,1
499693,1
499694,1
499695,1
499696,1
499697,1
499698,1
499699,1
499700,1
499701,1
499702,1
499703,1
499704,1
499705,1
499706,1
499707,1
499708,1
499709,1
499710,1
499711,1
499712,1
499713,1
499714,1
499715,1
499716,1
499717,1
499718,1
499719,1
499720,1
499721,1
499722,1
499723,1
499724,1
499725,1
499726,1
499727,1
499728,1
499729,1
499730,1
499731,1
499732,1
499733,1
499734,1
499735,1
499736,1
499737,1
499738,1
499739,1
499740,1
499741,1
499742,1
499743,1
499744,1
499745,1
499746,1
499747,1
499748,1
499749,1
499750,1
499751,1
499752,1
499753,1
499754,1
499755,1
499756,1
499760,1
499761,1
499762,1
499763,1
499766,1
499772,1
499773,1
499774,1
499775,1
499776,1
499777,1
499778,1
499779,1
499780,1
499781,1
499782,1
499783,1
499784,1
499785,1
499786,1
499787,1
499788,1
499789,1
499790,1
499791,1
499792,1
499793,1
499794,1
499797,1
499798,1
499799,1
499808,1
499809,1
499827,1
499828,1
499845,1
499846,1
499847,1
499848,1
499849,1
499850,1
499851,1
499852,1
499864,1
499865,1
499877,1
499878,1
499879,1
499880,1
499881,1
499882,1
499883,1
499884,1
499893,1
499894,1
499895,1
499896,1
499897,1
499904,1
499905,1
499906,1
499907,1
499908,1
499909,1
499910,1
499911,1
499912,1
499913,1
499914,1
499915,1
499916,1
499917,1
499918,1
499919,1
499920,1
499921,1
499922,1
499923,1
499924,1
499925,1
499926,1
499927,1
499928,1
499929,1
499930,1
499931,1
499932,1
499933,1
499934,1
499935,1
499936,1
499937,1
499938,1
499939,1
499940,1
499941,1
499942,1
499943,1
499944,1
499945,1
499946,1
499947,1
499948,1
499949,1
499950,1
499951,1
499952,1
499953,1
499954,1
499955,1
499956,1
499957,1
499958,1
499959,1
499960,1
499961,1
499962,1
499963,1
499964,1
499972,1
499973,1
499974,1
499975,1
499976,1
499977,1
499978,1
499979,1
499987,1
499990,1
499991,1
499992,1
499994,1
499995,1
499996,1
499997,1
499998,1
499999,1
500000,1
500001,1
500002,1
500003,1
500004,1
500005,1
500006,1
500007,1
500008,1
500009,1
500010,1
500011,1
500012,1
500013,1
500014,1
500015,1
500019,1
500020,1
500021,1
500022,1
500025,1
500026,1
500027,1
500028,1
500029,1
500030,1
500031,1
500048,1
500049,1
500050,1
500051,1
500053,1
500054,1
500056,1
500057,1
500058,1
500059,1
500060,1
500061,1
500062,1
500063,1
500117,1
500118,1
500119,1
500120,1
500121,1
500122,1
500123,1
500124,1
500125,1
500126,1
500127,1
500128,1
500129,1
500130,1
500131,1
500132,1
500133,1
500134,1
500135,1
500136,1
500137,1
500138,1
500150,1
500152,1
500153,1
500154,1
500155,1
500156,1
500157,1
500158,1
500159,1
500160,1
500161,1
500162,1
500163,1
500164,1
500165,1
500166,1
500167,1
500168,1
500169,1
500170,1
500171,1
500172,1
500173,1
500174,1
500175,1
500176,1
500177,1
500178,1
500179,1
500180,1
500181,1
500188,1
500189,1
500190,1
500191,1
500192,1
500193,1
500195,1
500196,1
500197,1
500198,1
500199,1
500200,1
500201,1
500208,1
500209,1
500210,1
500212,1
500228,1
500230,1
500231,1
500232,1
500233,1
500234,1
500235,1
500257,1
500258,1
500259,1
500260,1
500261,1
500262,1
500263,1
500264,1
500267,1
500272,1
500273,1
500286,1
500287,1
500288,1
500290,1
500291,1
500292,1
500302,1
500304,1
500305,1
500320,1
500321,1
500322,1
500323,1
500324,1
500325,1
500326,1
500327,1
500328,1
500329,1
500330,1
500331,1
500332,1
500333,1
500334,1
500443,1
500479,1
500480,1
500481,1
500482,1
500484,1
500485,1
500486,1
500487,1
500488,1
500489,1
500506,1
500507,1
500508,1
500509,1
500510,1
500511,1
500512,1
500513,1
500514,1
500531,1
500532,1
500533,1
500534,1
500535,1
500536,1
500537,1
500540,1
500541,1
500542,1
500543,1
500544,1
500545,1
500546,1
500547,1
500548,1
500549,1
500550,1
500551,1
500552,1
500553,1
500554,1
500555,1
500556,1
500557,1
500558,1
500559,1
500560,1
500561,1
500562,1
500563,1
500564,1
500573,1
500574,1
500575,1
500576,1
500577,1
500578,1
500579,1
500581,1
500582,1
500584,1
500585,1
500588,1
500589,1
500590,1
500591,1
500592,1
500593,1
500594,1
500595,1
500596,1
500597,1
500598,1
500599,1
500600,1
500602,1
500603,1
500604,1
500605,1
500606,1
500609,1
500610,1
500611,1
500612,1
500613,1
500614,1
500615,1
500616,1
500617,1
500618,1
500619,1
500620,1
500621,1
500622,1
500623,1
500624,1
500625,1
500626,1
500627,1
500628,1
500629,1
500630,1
500631,1
500632,1
500633,1
500634,1
500635,1
500636,1
500637,1
500638,1
500639,1
500640,1
500641,1
500642,1
500643,1
500644,1
500645,1
500646,1
500647,1
500648,1
500649,1
500650,1
500710,1
500711,1
500712,1
500713,1
500714,1
500715,1
500716,1
500717,1
500718,1
500719,1
500720,1
500721,1
500722,1
500723,1
500724,1
500726,1
500727,1
500728,1
500729,1
500731,1
500732,1
500733,1
500734,1
500735,1
500736,1
500737,1
500738,1
500739,1
500740,1
500741,1
500742,1
500743,1
500744,1
500746,1
500747,1
500764,1
500765,1
500766,1
500772,1
500773,1
500774,1
500775,1
500776,1
500777,1
500778,1
500779,1
500780,1
500781,1
500782,1
500783,1
500784,1
500785,1
500786,1
500787,1
500788,1
500789,1
500790,1
500793,1
500794,1
500795,1
500796,1
500797,1
500798,1
500802,1
500806,1
500807,1
500808,1
500809,1
500810,1
500811,1
500812,1
500813,1
500814,1
500833,1
500834,1
500982,1
500983,1
500984,1
500985,1
500986,1
500987,1
500988,1
500989,1
500990,1
500991,1
500992,1
500993,1
500994,1
500995,1
500996,1
500997,1
500998,1
500999,1
501000,1
501001,1
501002,1
501003,1
501004,1
501005,1
501006,1
501007,1
501008,1
501009,1
501010,1
501011,1
501012,1
501013,1
501014,1
501015,1
501016,1
501017,1
501018,1
501019,1
501020,1
501021,1
501022,1
501023,1
501024,1
501025,1
501026,1
501027,1
501028,1
501029,1
501030,1
501031,1
501032,1
501033,1
501034,1
501035,1
501036,1
501037,1
501038,1
501040,1
501041,1
501042,1
501043,1
501044,1
501045,1
501046,1
501047,1
501048,1
501049,1
501050,1
501051,1
501052,1
501053,1
501054,1
501055,1
501058,1
501059,1
501060,1
501062,1
501063,1
501064,1
501065,1
501066,1
501067,1
501068,1
501070,1
501071,1
501072,1
501074,1
501075,1
501076,1
501077,1
501079,1
501080,1
501081,1
501082,1
501083,1
501084,1
501085,1
501086,1
501128,1
501129,1
501130,1
501131,1
501132,1
501133,1
501134,1
501135,1
501136,1
501137,1
501138,1
501139,1
501140,1
501141,1
501142,1
501143,1
501144,1
501145,1
501146,1
501147,1
501148,1
501149,1
501150,1
501151,1
501152,1
501153,1
501154,1
501155,1
501156,1
501157,1
501158,1
501159,1
501160,1
501162,1
501163,1
501164,1
501165,1
501166,1
501167,1
501168,1
501169,1
501178,1
501179,1
501188,1
501189,1
501190,1
501193,1
501194,1
501195,1
501196,1
501197,1
501230,1
501231,1
501232,1
501233,1
501237,1
501238,1
501239,1
501240,1
501241,1
501314,1
501315,1
501332,1
501333,1
501334,1
501335,1
501336,1
501337,1
501338,1
501339,1
501340,1
501341,1
501342,1
501343,1
501344,1
501345,1
501373,1
501374,1
501375,1
501376,1
501377,1
501378,1
501379,1
501380,1
501381,1
501382,1
501383,1
501384,1
501385,1
501386,1
501387,1
501389,1
501390,1
501391,1
501392,1
501393,1
501394,1
501395,1
501396,1
501397,1
501398,1
501399,1
501400,1
501401,1
501402,1
501403,1
501404,1
501405,1
501406,1
501407,1
501408,1
501409,1
501410,1
501411,1
501412,1
501413,1
501414,1
501415,1
501416,1
501417,1
501418,1
501419,1
501420,1
501421,1
501422,1
501423,1
501424,1
501425,1
501426,1
501427,1
501428,1
501429,1
501430,1
501431,1
501432,1
501433,1
501434,1
501435,1
501436,1
501437,1
501438,1
501439,1
501440,1
501441,1
501442,1
501443,1
501444,1
501458,1
501459,1
501460,1
501461,1
501462,1
501463,1
501464,1
501465,1
501516,1
501519,1
501520,1
501521,1
501522,1
501523,1
501524,1
501525,1
501526,1
501527,1
501528,1
501531,1
501532,1
501533,1
501534,1
501535,1
501536,1
501537,1
501538,1
501539,1
501540,1
501541,1
501542,1
501543,1
501548,1
501549,1
501550,1
501551,1
501552,1
501553,1
501554,1
501555,1
501556,1
501557,1
501560,1
501561,1
501562,1
501563,1
501564,1
501565,1
501566,1
501567,1
501568,1
501569,1
501570,1
501571,1
501572,1
501573,1
501574,1
501575,1
501576,1
501577,1
501578,1
501579,1
501580,1
501581,1
501582,1
501583,1
501584,1
501585,1
501586,1
501587,1
501657,1
501658,1
501659,1
501660,1
501661,1
501662,1
501664,1
501665,1
501666,1
501667,1
501668,1
501669,1
501670,1
501671,1
501672,1
501673,1
501674,1
501675,1
501676,1
501677,1
501678,1
501679,1
501680,1
501689,1
501690,1
501691,1
501692,1
501693,1
501694,1
501695,1
501696,1
501697,1
501698,1
501699,1
501700,1
501701,1
501702,1
501703,1
501704,1
501705,1
501706,1
501707,1
501708,1
501709,1
501710,1
501711,1
501712,1
501713,1
501714,1
501715,1
501716,1
501717,1
501718,1
501719,1
501720,1
501721,1
501722,1
501723,1
501724,1
501725,1
501726,1
501727,1
501728,1
501729,1
501730,1
501731,1
501732,1
501733,1
501734,1
501735,1
501736,1
501737,1
501738,1
501739,1
501740,1
501741,1
501742,1
501743,1
501744,1
501777,1
501778,1
501779,1
501780,1
501793,1
501794,1
501795,1
501796,1
501797,1
501798,1
501799,1
501800,1
501801,1
501802,1
501803,1
501804,1
501805,1
501806,1
501807,1
501808,1
501809,1
501810,1
501811,1
501812,1
501813,1
501814,1
501815,1
501816,1
501817,1
501818,1
501819,1
501820,1
501821,1
501822,1
501823,1
501824,1
501825,1
501826,1
501827,1
501828,1
501829,1
501830,1
501831,1
501832,1
501833,1
501834,1
501835,1
501836,1
501837,1
501838,1
501839,1
501840,1
501841,1
501842,1
501843,1
501844,1
501845,1
501846,1
501847,1
501848,1
501849,1
501850,1
501851,1
501852,1
501853,1
501854,1
501855,1
501856,1
501857,1
501858,1
501859,1
501860,1
501861,1
501862,1
501863,1
501864,1
501865,1
501866,1
501867,1
501868,1
501869,1
501870,1
501871,1
501872,1
501873,1
501874,1
501875,1
501876,1
501877,1
501878,1
501879,1
501880,1
501888,1
501889,1
501890,1
501891,1
501892,1
501896,1
501899,1
501900,1
501901,1
501902,1
501903,1
501904,1
501905,1
501906,1
501923,1
501924,1
501925,1
501926,1
501927,1
501928,1
501929,1
501930,1
502004,1
502006,1
502007,1
502008,1
502009,1
502010,1
502123,1
502124,1
502125,1
502126,1
502127,1
502128,1
502129,1
502130,1
502131,1
502132,1
502133,1
502134,1
502135,1
502136,1
502137,1
502138,1
502139,1
502140,1
502141,1
502142,1
502143,1
502144,1
502145,1
502146,1
502147,1
502148,1
502149,1
502150,1
502151,1
502152,1
502153,1
502154,1
502155,1
502156,1
502157,1
502158,1
502159,1
502160,1
502161,1
502162,1
502163,1
502164,1
502165,1
502166,1
502167,1
502168,1
502169,1
502170,1
502171,1
502172,1
502173,1
502174,1
502175,1
502176,1
502177,1
502178,1
502179,1
502180,1
502181,1
502182,1
502183,1
502184,1
502185,1
502186,1
502187,1
502188,1
502189,1
502190,1
502191,1
502192,1
502193,1
502194,1
502195,1
502196,1
502197,1
502198,1
502199,1
502200,1
502201,1
502202,1
502203,1
502204,1
502205,1
502206,1
502207,1
502208,1
502209,1
502210,1
502211,1
502212,1
502213,1
502214,1
502215,1
502216,1
502217,1
502218,1
502219,1
502220,1
502221,1
502222,1
502223,1
502224,1
502225,1
502226,1
502227,1
502228,1
502229,1
502230,1
502231,1
502232,1
502233,1
502234,1
502235,1
502236,1
502237,1
502238,1
502239,1
502240,1
502241,1
502242,1
502243,1
502244,1
502245,1
502246,1
502247,1
502248,1
502249,1
502250,1
502251,1
502252,1
502253,1
502254,1
502255,1
502256,1
502257,1
502258,1
502259,1
502260,1
502261,1
502262,1
502263,1
502264,1
502265,1
502266,1
502267,1
502268,1
502269,1
502270,1
502271,1
502272,1
502273,1
502274,1
502275,1
502276,1
502277,1
502278,1
502279,1
502280,1
502281,1
502282,1
502283,1
502284,1
502285,1
502286,1
502347,1
502348,1
502349,1
502350,1
502351,1
502352,1
502353,1
502354,1
502355,1
502356,1
502357,1
502358,1
502429,1
502430,1
502431,1
502433,1
502434,1
502435,1
502436,1
502437,1
502440,1
502441,1
502474,1
502475,1
502476,1
502477,1
502478,1
502479,1
502480,1
502481,1
502549,1
502550,1
502551,1
502552,1
502553,1
502554,1
502609,1
502610,1
502611,1
502612,1
502613,1
502614,1
502615,1
502616,1
502620,1
502621,1
502622,1
502623,1
502626,1
502627,1
502628,1
502629,1
502630,1
502631,1
502632,1
502635,1
502668,1
502669,1
502671,1
502672,1
502673,1
502674,1
502675,1
502676,1
502679,1
502680,1
502681,1
502685,1
502686,1
502687,1
502688,1
502689,1
502690,1
502691,1
502692,1
502693,1
502704,1
502710,1
502711,1
502712,1
502713,1
502714,1
502715,1
502716,1
502717,1
502718,1
502719,1
502724,1
502725,1
502726,1
502727,1
502728,1
502729,1
502730,1
502731,1
502732,1
502733,1
502734,1
502735,1
502736,1
502737,1
502738,1
502739,1
502740,1
502741,1
502742,1
502743,1
502744,1
502745,1
502746,1
502747,1
502748,1
502749,1
502750,1
502751,1
502752,1
502753,1
502754,1
502755,1
502756,1
502757,1
502758,1
502759,1
502760,1
502761,1
502762,1
502763,1
502764,1
502765,1
502766,1
502767,1
502768,1
502769,1
502770,1
502771,1
502772,1
502773,1
502774,1
502775,1
502776,1
502777,1
502778,1
502779,1
502780,1
502781,1
502782,1
502783,1
502784,1
502785,1
502786,1
502787,1
502788,1
502789,1
502790,1
502791,1
502792,1
502809,1
502810,1
502811,1
502813,1
502854,1
502855,1
502856,1
502861,1
502862,1
502863,1
502864,1
502886,1
502887,1
502888,1
502889,1
502890,1
502891,1
502892,1
502926,1
502927,1
502928,1
502929,1
502930,1
502931,1
502932,1
502933,1
502934,1
502935,1
502936,1
502937,1
502938,1
502939,1
502940,1
502941,1
502942,1
502943,1
502944,1
502945,1
502946,1
502947,1
502948,1
502949,1
502950,1
502951,1
502952,1
502953,1
502954,1
502955,1
502956,1
502957,1
502958,1
502959,1
502960,1
502961,1
502962,1
502963,1
502964,1
502965,1
502966,1
502967,1
502968,1
502969,1
502970,1
502971,1
502972,1
502973,1
502974,1
502975,1
502976,1
502977,1
502978,1
502979,1
502980,1
502981,1
502982,1
502983,1
502984,1
502985,1
502986,1
502987,1
502988,1
502989,1
502990,1
502991,1
503027,1
503028,1
503044,1
503054,1
503056,1
503057,1
503058,1
503059,1
503060,1
503061,1
503062,1
503063,1
503064,1
503065,1
503066,1
503067,1
503068,1
503069,1
503070,1
503071,1
503072,1
503073,1
503074,1
503075,1
503076,1
503077,1
503078,1
503079,1
503094,1
503098,1
503099,1
503100,1
503101,1
503102,1
503103,1
503105,1
503106,1
503107,1
503108,1
503109,1
503110,1
503111,1
503112,1
503113,1
503114,1
503115,1
503116,1
503117,1
503118,1
503119,1
503120,1
503121,1
503122,1
503123,1
503124,1
503125,1
503126,1
503127,1
503128,1
503129,1
503130,1
503131,1
503132,1
503144,1
503145,1
503147,1
503151,1
503152,1
503163,1
503164,1
503165,1
503166,1
503167,1
503168,1
503169,1
503170,1
503171,1
503172,1
503173,1
503174,1
503206,1
503207,1
503208,1
503209,1
503210,1
503211,1
503212,1
503213,1
503214,1
503215,1
503216,1
503217,1
503218,1
503235,1
503236,1
503237,1
503238,1
503239,1
503240,1
503241,1
503242,1
503243,1
503244,1
503245,1
503246,1
503247,1
503248,1
503249,1
503252,1
503253,1
503254,1
503255,1
503256,1
503257,1
503259,1
503260,1
503261,1
503262,1
503263,1
503264,1
503265,1
503266,1
503267,1
503268,1
503269,1
503270,1
503273,1
503274,1
503275,1
503276,1
503277,1
503278,1
503279,1
503281,1
503282,1
503299,1
503300,1
503301,1
503302,1
503303,1
503304,1
503305,1
503306,1
503307,1
503308,1
503309,1
503310,1
503311,1
503312,1
503313,1
503314,1
503315,1
503316,1
503317,1
503318,1
503319,1
503320,1
503321,1
503322,1
503324,1
503325,1
503333,1
503334,1
503335,1
503336,1
503337,1
503338,1
503339,1
503343,1
503345,1
503346,1
503347,1
503348,1
503349,1
503350,1
503351,1
503352,1
503353,1
503356,1
503357,1
503358,1
503359,1
503360,1
503361,1
503362,1
503363,1
503364,1
503365,1
503366,1
503367,1
503368,1
503369,1
503373,1
503374,1
503375,1
503376,1
503377,1
503378,1
503386,1
503395,1
503396,1
503397,1
503398,1
503399,1
503400,1
503401,1
503402,1
503403,1
503404,1
503405,1
503406,1
503407,1
503408,1
503409,1
503410,1
503411,1
503412,1
503413,1
503435,1
503436,1
503455,1
503457,1
503458,1
503459,1
503460,1
503461,1
503466,1
503467,1
503470,1
503471,1
503472,1
503473,1
503474,1
503475,1
503476,1
503477,1
503478,1
503479,1
503482,1
503483,1
503518,1
503519,1
503520,1
503521,1
503522,1
503523,1
503524,1
503525,1
503526,1
503626,1
503627,1
503628,1
503629,1
503630,1
503631,1
503632,1
503633,1
503634,1
503635,1
503636,1
503637,1
503638,1
503645,1
503646,1
503647,1
503648,1
503649,1
503650,1
503651,1
503652,1
503653,1
503654,1
503655,1
503656,1
503657,1
503658,1
503659,1
503660,1
503661,1
503662,1
503663,1
503664,1
503665,1
503666,1
503667,1
503668,1
503669,1
503670,1
503671,1
503672,1
503673,1
503674,1
503675,1
503676,1
503677,1
503678,1
503679,1
503744,1
503745,1
503746,1
503747,1
503748,1
503749,1
503750,1
503751,1
503752,1
503753,1
503754,1
503780,1
503781,1
503782,1
503783,1
503784,1
503789,1
503790,1
503791,1
503792,1
503793,1
503794,1
503795,1
503796,1
503797,1
503798,1
503799,1
503800,1
503801,1
503802,1
503803,1
503804,1
503805,1
503806,1
503807,1
503808,1
503809,1
503810,1
503811,1
503812,1
503813,1
503814,1
503815,1
503816,1
503817,1
503818,1
503819,1
503820,1
503821,1
503822,1
503823,1
503824,1
503825,1
503826,1
503827,1
503828,1
503829,1
503830,1
503831,1
503832,1
503833,1
503834,1
503835,1
503838,1
503839,1
503849,1
503850,1
503851,1
503852,1
503853,1
503854,1
503855,1
503856,1
503857,1
503858,1
503859,1
503860,1
503861,1
503862,1
503863,1
503864,1
503865,1
503866,1
503867,1
503868,1
503869,1
503870,1
503871,1
503872,1
503873,1
503874,1
503875,1
503877,1
503878,1
503909,1
503910,1
503911,1
503912,1
503913,1
503914,1
503915,1
503916,1
503917,1
503918,1
503919,1
503920,1
503921,1
503922,1
503923,1
503930,1
503931,1
503932,1
503933,1
503934,1
503944,1
503945,1
503946,1
503947,1
503948,1
503949,1
503950,1
503951,1
503952,1
503953,1
503954,1
503955,1
503956,1
503957,1
503958,1
503959,1
503960,1
503963,1
503964,1
503965,1
503966,1
503967,1
503968,1
503969,1
503978,1
503979,1
503980,1
503981,1
503982,1
503983,1
503984,1
503985,1
503986,1
503987,1
503988,1
503989,1
503990,1
503991,1
503992,1
503993,1
503994,1
503995,1
503996,1
503997,1
503998,1
503999,1
504000,1
504001,1
504002,1
504003,1
504004,1
504005,1
504010,1
504011,1
504012,1
504013,1
504014,1
504016,1
504017,1
504018,1
504019,1
504020,1
504023,1
504024,1
504025,1
504038,1
504039,1
504062,1
504063,1
504064,1
504065,1
504066,1
504067,1
504068,1
504069,1
504070,1
504071,1
504148,1
504149,1
504150,1
504151,1
504154,1
504155,1
504156,1
504159,1
504160,1
504161,1
504164,1
504166,1
504167,1
504168,1
504169,1
504170,1
504171,1
504172,1
504173,1
504174,1
504175,1
504176,1
504177,1
504178,1
504179,1
504180,1
504181,1
504182,1
504183,1
504184,1
504185,1
504197,1
504205,1
504207,1
504208,1
504209,1
504215,1
504216,1
504217,1
504218,1
504219,1
504220,1
504222,1
504224,1
504225,1
504226,1
504227,1
504228,1
504229,1
504230,1
504231,1
504232,1
504251,1
504252,1
504253,1
504254,1
504255,1
504256,1
504257,1
504258,1
504259,1
504260,1
504261,1
504262,1
504263,1
504264,1
504265,1
504266,1
504267,1
504269,1
504270,1
504271,1
504272,1
504273,1
504278,1
504279,1
504282,1
504283,1
504284,1
504285,1
504286,1
504287,1
504288,1
504289,1
504290,1
504291,1
504292,1
504293,1
504294,1
504295,1
504296,1
504297,1
504298,1
504299,1
504300,1
504301,1
504302,1
504303,1
504304,1
504305,1
504306,1
504307,1
504308,1
504309,1
504310,1
504311,1
504312,1
504313,1
504314,1
504315,1
504322,1
504323,1
504324,1
504325,1
504326,1
504327,1
504328,1
504329,1
504330,1
504338,1
504339,1
504340,1
504341,1
504342,1
504343,1
504344,1
504345,1
504346,1
504350,1
504351,1
504352,1
504353,1
504354,1
504355,1
504356,1
504357,1
504358,1
504359,1
504360,1
504361,1
504362,1
504363,1
504364,1
504365,1
504366,1
504367,1
504368,1
504369,1
504371,1
504372,1
504388,1
504389,1
504390,1
504391,1
504392,1
504393,1
504394,1
504395,1
504396,1
504397,1
504398,1
504399,1
504400,1
504401,1
504402,1
504403,1
504404,1
504405,1
504406,1
504407,1
504408,1
504409,1
504411,1
504425,1
504441,1
504442,1
504480,1
504481,1
504482,1
504483,1
504484,1
504485,1
504486,1
504487,1
504488,1
504489,1
504490,1
504491,1
504492,1
504493,1
504494,1
504495,1
504499,1
504500,1
504501,1
504502,1
504503,1
504505,1
504506,1
504517,1
504518,1
504519,1
504520,1
504521,1
504522,1
504523,1
504524,1
504533,1
504534,1
504535,1
504541,1
504542,1
504544,1
504545,1
504546,1
504563,1
504564,1
504565,1
504566,1
504567,1
504568,1
504569,1
504570,1
504571,1
504572,1
504573,1
504574,1
504575,1
504576,1
504577,1
504578,1
504579,1
504580,1
504581,1
504582,1
504583,1
504584,1
504585,1
504586,1
504589,1
504592,1
504595,1
504596,1
504597,1
504598,1
504599,1
504600,1
504601,1
504603,1
504605,1
504606,1
504607,1
504608,1
504609,1
504610,1
504611,1
504612,1
504613,1
504614,1
504615,1
504616,1
504617,1
504618,1
504619,1
504620,1
504621,1
504622,1
504623,1
504624,1
504626,1
504627,1
504628,1
504629,1
504630,1
504631,1
504632,1
504633,1
504634,1
504635,1
504639,1
504640,1
504641,1
504642,1
504643,1
504644,1
504645,1
504646,1
504647,1
504648,1
504649,1
504650,1
504651,1
504652,1
504653,1
504654,1
504655,1
504656,1
504657,1
504658,1
504659,1
504677,1
504678,1
504679,1
504680,1
504681,1
504682,1
504683,1
504684,1
504685,1
504686,1
504687,1
504688,1
504689,1
504690,1
504691,1
504695,1
504696,1
504699,1
504700,1
504701,1
504702,1
504703,1
504704,1
504705,1
504706,1
504707,1
504708,1
504709,1
504710,1
504711,1
504712,1
504713,1
504714,1
504715,1
504716,1
504717,1
504718,1
504719,1
504726,1
504727,1
504728,1
504729,1
504730,1
504731,1
504732,1
504733,1
504734,1
504735,1
504736,1
504737,1
504778,1
504779,1
504781,1
504782,1
504783,1
504784,1
504785,1
504786,1
504787,1
504788,1
504790,1
504791,1
504793,1
504794,1
504795,1
504796,1
504797,1
504798,1
504799,1
504800,1
504801,1
504815,1
504816,1
504817,1
504818,1
504819,1
504820,1
504821,1
504822,1
504823,1
504832,1
504834,1
504836,1
504837,1
504842,1
504843,1
504844,1
504851,1
504852,1
504853,1
504855,1
504856,1
504857,1
504858,1
504859,1
504860,1
504861,1
504862,1
504863,1
504864,1
504865,1
504866,1
504867,1
504885,1
504886,1
504887,1
504888,1
504890,1
504891,1
504892,1
504893,1
504894,1
504895,1
504896,1
504897,1
504898,1
504899,1
504900,1
504901,1
504902,1
504903,1
504904,1
504905,1
504906,1
504907,1
504908,1
504909,1
504910,1
504911,1
504915,1
504916,1
504921,1
504922,1
504923,1
504924,1
504925,1
504926,1
504927,1
504928,1
504929,1
504930,1
504931,1
504932,1
504933,1
504934,1
504935,1
504936,1
504937,1
504938,1
504939,1
504940,1
504941,1
504942,1
504945,1
504947,1
504948,1
504949,1
504950,1
504953,1
504954,1
504955,1
504956,1
504957,1
504958,1
504959,1
504960,1
504963,1
504964,1
504965,1
504966,1
504968,1
504986,1
504987,1
504988,1
504989,1
504994,1
504995,1
504999,1
505000,1
505001,1
505002,1
505003,1
505004,1
505005,1
505006,1
505007,1
505008,1
505010,1
505021,1
505022,1
505023,1
505024,1
505025,1
505026,1
505027,1
505068,1
505069,1
505070,1
505071,1
505072,1
505073,1
505074,1
505075,1
505076,1
505077,1
505078,1
505079,1
505080,1
505081,1
505082,1
505083,1
505084,1
505085,1
505086,1
505087,1
505088,1
505089,1
505090,1
505091,1
505092,1
505093,1
505094,1
505095,1
505096,1
505097,1
505098,1
505099,1
505100,1
505101,1
505102,1
505103,1
505111,1
505112,1
505113,1
505114,1
505115,1
505116,1
505117,1
505118,1
505119,1
505120,1
505121,1
505123,1
505124,1
505133,1
505134,1
505135,1
505136,1
505137,1
505140,1
505141,1
505144,1
505146,1
505147,1
505149,1
505150,1
505151,1
505152,1
505153,1
505154,1
505157,1
505158,1
505160,1
505161,1
505227,1
505228,1
505229,1
505230,1
505231,1
505232,1
505233,1
505234,1
505235,1
505260,1
505261,1
505262,1
505263,1
505264,1
505265,1
505266,1
505267,1
505268,1
505269,1
505270,1
505271,1
505272,1
505273,1
505274,1
505275,1
505276,1
505277,1
505278,1
505279,1
505280,1
505281,1
505282,1
505284,1
505285,1
505286,1
505287,1
505288,1
505292,1
505294,1
505296,1
505299,1
505300,1
505301,1
505303,1
505304,1
505305,1
505306,1
505307,1
505308,1
505309,1
505310,1
505311,1
505312,1
505313,1
505314,1
505315,1
505316,1
505317,1
505318,1
505319,1
505320,1
505321,1
505322,1
505323,1
505324,1
505325,1
505326,1
505327,1
505328,1
505329,1
505330,1
505331,1
505332,1
505333,1
505336,1
505337,1
505338,1
505339,1
505340,1
505341,1
505342,1
505343,1
505344,1
505345,1
505346,1
505347,1
505348,1
505349,1
505350,1
505351,1
505352,1
505353,1
505354,1
505355,1
505356,1
505357,1
505358,1
505359,1
505360,1
505361,1
505362,1
505363,1
505364,1
505365,1
505366,1
505367,1
505368,1
505369,1
505370,1
505371,1
505372,1
505374,1
505375,1
505376,1
505377,1
505378,1
505379,1
505380,1
505381,1
505382,1
505384,1
505385,1
505386,1
505387,1
505388,1
505389,1
505390,1
505391,1
505392,1
505397,1
505398,1
505399,1
505400,1
505401,1
505402,1
505403,1
505404,1
505406,1
505407,1
505408,1
505409,1
505410,1
505411,1
505412,1
505413,1
505414,1
505415,1
505416,1
505417,1
505418,1
505419,1
505420,1
505421,1
505422,1
505423,1
505424,1
505425,1
505426,1
505427,1
505428,1
505429,1
505430,1
505431,1
505432,1
505433,1
505434,1
505435,1
505436,1
505437,1
505438,1
505439,1
505440,1
505441,1
505443,1
505444,1
505445,1
505446,1
505447,1
505448,1
505449,1
505450,1
505451,1
505452,1
505454,1
505455,1
505456,1
505457,1
505458,1
505459,1
505460,1
505461,1
505462,1
505463,1
505464,1
505465,1
505466,1
505467,1
505469,1
505472,1
505473,1
505474,1
505475,1
505476,1
505477,1
505478,1
505492,1
505493,1
505494,1
505495,1
505496,1
505497,1
505498,1
505499,1
505500,1
505501,1
505502,1
505503,1
505504,1
505505,1
505506,1
505507,1
505508,1
505509,1
505511,1
505512,1
505513,1
505514,1
505515,1
505516,1
505517,1
505518,1
505519,1
505520,1
505521,1
505522,1
505523,1
505524,1
505525,1
505526,1
505527,1
505528,1
505529,1
505563,1
505564,1
505565,1
505566,1
505567,1
505568,1
505569,1
505570,1
505571,1
505572,1
505573,1
505574,1
505575,1
505576,1
505577,1
505578,1
505579,1
505580,1
505581,1
505582,1
505584,1
505611,1
505612,1
505613,1
505614,1
505615,1
505616,1
505617,1
505618,1
505619,1
505652,1
505653,1
505654,1
505655,1
505656,1
505657,1
505658,1
505659,1
505660,1
505661,1
505662,1
505663,1
505664,1
505665,1
505666,1
505667,1
505668,1
505669,1
505670,1
505671,1
505672,1
505673,1
505674,1
505675,1
505676,1
505677,1
505678,1
505679,1
505680,1
505681,1
505682,1
505683,1
505684,1
505685,1
505686,1
505687,1
505688,1
505689,1
505690,1
505691,1
505692,1
505693,1
505694,1
505695,1
505696,1
505697,1
505698,1
505699,1
505700,1
505701,1
505702,1
505703,1
505704,1
505705,1
505706,1
505707,1
505708,1
505709,1
505710,1
505711,1
505712,1
505713,1
505714,1
505715,1
505716,1
505717,1
505718,1
505719,1
505720,1
505721,1
505722,1
505723,1
505724,1
505725,1
505726,1
505727,1
505728,1
505729,1
505730,1
505731,1
505732,1
505733,1
505734,1
505735,1
505736,1
505737,1
505738,1
505739,1
505740,1
505741,1
505742,1
505743,1
505744,1
505745,1
505746,1
505747,1
505748,1
505749,1
505750,1
505751,1
505752,1
505753,1
505754,1
505755,1
505757,1
505758,1
505759,1
505762,1
505764,1
505765,1
505766,1
505767,1
505768,1
505769,1
505770,1
505771,1
505776,1
505777,1
505778,1
505779,1
505780,1
505781,1
505782,1
505783,1
505784,1
505794,1
505797,1
505798,1
505799,1
505807,1
505808,1
505817,1
505818,1
505819,1
505820,1
505821,1
505822,1
505823,1
505824,1
505825,1
505826,1
505827,1
505828,1
505829,1
505830,1
505831,1
505832,1
505833,1
505835,1
505845,1
505846,1
505849,1
505850,1
505851,1
505852,1
505853,1
505854,1
505855,1
505856,1
505857,1
505858,1
505859,1
505860,1
505861,1
505862,1
505863,1
505864,1
505865,1
505866,1
505867,1
505868,1
505869,1
505870,1
505871,1
505872,1
505873,1
505874,1
505875,1
505876,1
505877,1
505878,1
505879,1
505880,1
505897,1
505898,1
505899,1
505900,1
505901,1
505902,1
505903,1
505928,1
505929,1
505930,1
505931,1
505932,1
505933,1
505934,1
505935,1
505936,1
505937,1
505938,1
505939,1
505940,1
505941,1
505942,1
505943,1
505944,1
505945,1
505946,1
505947,1
505948,1
505949,1
505950,1
505951,1
505952,1
505953,1
505954,1
505955,1
505956,1
505957,1
505958,1
505959,1
505960,1
505961,1
505962,1
505963,1
505964,1
505965,1
505966,1
505967,1
505968,1
505969,1
505970,1
505971,1
505972,1
505973,1
505974,1
505975,1
505976,1
505977,1
505978,1
505979,1
505980,1
505981,1
505982,1
505983,1
505984,1
505985,1
505986,1
505987,1
505988,1
505989,1
505990,1
505991,1
505992,1
505993,1
505994,1
505995,1
505996,1
505997,1
505998,1
505999,1
506000,1
506001,1
506002,1
506003,1
506004,1
506005,1
506006,1
506007,1
506008,1
506009,1
506010,1
506011,1
506012,1
506013,1
506014,1
506015,1
506016,1
506017,1
506018,1
506019,1
506020,1
506021,1
506022,1
506023,1
506024,1
506025,1
506026,1
506027,1
506028,1
506029,1
506030,1
506031,1
506032,1
506033,1
506034,1
506035,1
506036,1
506037,1
506038,1
506039,1
506040,1
506041,1
506042,1
506043,1
506044,1
506045,1
506046,1
506047,1
506048,1
506049,1
506050,1
506051,1
506052,1
506053,1
506054,1
506095,1
506096,1
506097,1
506098,1
506099,1
506101,1
506102,1
506103,1
506104,1
506105,1
506106,1
506107,1
506111,1
506112,1
506114,1
506115,1
506116,1
506118,1
506119,1
506120,1
506121,1
506122,1
506123,1
506124,1
506125,1
506126,1
506127,1
506128,1
506129,1
506130,1
506131,1
506132,1
506133,1
506135,1
506136,1
506143,1
506144,1
506145,1
506146,1
506147,1
506148,1
506149,1
506162,1
506163,1
506198,1
506199,1
506200,1
506202,1
506203,1
506204,1
506206,1
506207,1
506208,1
506210,1
506211,1
506212,1
506213,1
506214,1
506215,1
506217,1
506218,1
506219,1
506220,1
506221,1
506222,1
506223,1
506224,1
506225,1
506226,1
506227,1
506228,1
506229,1
506230,1
506231,1
506232,1
506233,1
506234,1
506235,1
506238,1
506239,1
506283,1
506284,1
506285,1
506287,1
506288,1
506289,1
506291,1
506292,1
506293,1
506294,1
506295,1
506296,1
506297,1
506298,1
506299,1
506300,1
506301,1
506302,1
506303,1
506304,1
506305,1
506306,1
506307,1
506308,1
506309,1
506310,1
506311,1
506312,1
506313,1
506314,1
506315,1
506316,1
506318,1
506319,1
506324,1
506325,1
506326,1
506327,1
506328,1
506330,1
506331,1
506332,1
506333,1
506334,1
506335,1
506336,1
506337,1
506338,1
506339,1
506340,1
506341,1
506342,1
506343,1
506344,1
506345,1
506346,1
506347,1
506349,1
506350,1
506351,1
506352,1
506353,1
506354,1
506355,1
506356,1
506357,1
506358,1
506359,1
506360,1
506361,1
506362,1
506363,1
506364,1
506365,1
506366,1
506367,1
506368,1
506369,1
506370,1
506371,1
506375,1
506376,1
506377,1
506378,1
506379,1
506380,1
506381,1
506382,1
506386,1
506387,1
506388,1
506389,1
506390,1
506391,1
506394,1
506402,1
506403,1
506426,1
506432,1
506433,1
506434,1
506440,1
506441,1
506442,1
506443,1
506444,1
506445,1
506446,1
506447,1
506451,1
506452,1
506453,1
506454,1
506463,1
506464,1
506465,1
506466,1
506467,1
506468,1
506469,1
506470,1
506471,1
506472,1
506473,1
506474,1
506475,1
506476,1
506477,1
506478,1
506479,1
506480,1
506481,1
506482,1
506483,1
506484,1
506485,1
506486,1
506487,1
506488,1
506489,1
506490,1
506491,1
506492,1
506493,1
506494,1
506495,1
506496,1
506497,1
506498,1
506499,1
506500,1
506501,1
506502,1
506503,1
506504,1
506505,1
506506,1
506507,1
506508,1
506509,1
506510,1
506511,1
506512,1
506513,1
506514,1
506515,1
506516,1
506517,1
506518,1
506519,1
506520,1
506521,1
506522,1
506523,1
506524,1
506525,1
506526,1
506527,1
506528,1
506529,1
506530,1
506531,1
506532,1
506533,1
506534,1
506535,1
506536,1
506537,1
506538,1
506539,1
506540,1
506541,1
506542,1
506543,1
506544,1
506545,1
506546,1
506547,1
506548,1
506549,1
506550,1
506551,1
506552,1
506553,1
506554,1
506555,1
506556,1
506557,1
506558,1
506559,1
506561,1
506563,1
506564,1
506565,1
506567,1
506568,1
506569,1
506570,1
506572,1
506573,1
506574,1
506575,1
506576,1
506577,1
506578,1
506579,1
506580,1
506581,1
506582,1
506583,1
506584,1
506585,1
506586,1
506587,1
506588,1
506589,1
506590,1
506591,1
506592,1
506594,1
506596,1
506597,1
506598,1
506600,1
506601,1
506602,1
506605,1
506606,1
506607,1
506609,1
506610,1
506615,1
506616,1
506617,1
506619,1
506620,1
506793,1
506794,1
506798,1
506799,1
506800,1
506801,1
506802,1
506805,1
506806,1
506807,1
506808,1
506809,1
506812,1
506813,1
506814,1
506815,1
506816,1
506882,1
506883,1
506884,1
506885,1
506886,1
506887,1
506888,1
506905,1
506907,1
506908,1
506909,1
506910,1
506911,1
506912,1
506913,1
506921,1
506922,1
506923,1
506924,1
506927,1
506928,1
506948,1
506949,1
506950,1
506951,1
506952,1
506953,1
506954,1
506955,1
506956,1
506957,1
506958,1
506959,1
506960,1
506961,1
506962,1
506963,1
506964,1
506965,1
506966,1
506967,1
506968,1
506969,1
506970,1
506971,1
506972,1
506973,1
506974,1
506975,1
506976,1
506977,1
506978,1
506979,1
506980,1
506981,1
506982,1
506983,1
506984,1
506985,1
506986,1
506987,1
506988,1
506989,1
506990,1
506998,1
506999,1
507000,1
507001,1
507002,1
507003,1
507004,1
507005,1
507006,1
507007,1
507008,1
507009,1
507010,1
507013,1
507014,1
507015,1
507016,1
507017,1
507018,1
507019,1
507020,1
507023,1
507025,1
507026,1
507027,1
507028,1
507029,1
507031,1
507032,1
507033,1
507034,1
507035,1
507036,1
507037,1
507038,1
507039,1
507040,1
507041,1
507042,1
507043,1
507044,1
507045,1
507046,1
507047,1
507048,1
507049,1
507050,1
507051,1
507052,1
507053,1
507054,1
507055,1
507056,1
507057,1
507058,1
507059,1
507060,1
507062,1
507063,1
507064,1
507065,1
507066,1
507068,1
507069,1
507070,1
507071,1
507072,1
507073,1
507074,1
507075,1
507076,1
507077,1
507078,1
507079,1
507080,1
507081,1
507082,1
507083,1
507084,1
507085,1
507088,1
507089,1
507090,1
507091,1
507092,1
507093,1
507094,1
507095,1
507096,1
507097,1
507099,1
507100,1
507101,1
507102,1
507103,1
507104,1
507105,1
507106,1
507107,1
507133,1
507134,1
507135,1
507137,1
507140,1
507149,1
507150,1
507173,1
507174,1
507175,1
507176,1
507177,1
507178,1
507180,1
507181,1
507182,1
507183,1
507184,1
507185,1
507186,1
507187,1
507188,1
507189,1
507190,1
507191,1
507192,1
507193,1
507194,1
507195,1
507196,1
507197,1
507198,1
507199,1
507200,1
507201,1
507202,1
507203,1
507204,1
507206,1
507207,1
507208,1
507209,1
507210,1
507211,1
507212,1
507213,1
507214,1
507215,1
507216,1
507251,1
507258,1
507259,1
507261,1
507262,1
507263,1
507264,1
507265,1
507287,1
507288,1
507289,1
507290,1
507291,1
507292,1
507293,1
507294,1
507295,1
507296,1
507297,1
507298,1
507299,1
507300,1
507301,1
507302,1
507303,1
507304,1
507305,1
507306,1
507307,1
507308,1
507309,1
507310,1
507311,1
507312,1
507313,1
507314,1
507315,1
507317,1
507318,1
507319,1
507320,1
507321,1
507322,1
507323,1
507324,1
507325,1
507328,1
507329,1
507330,1
507331,1
507332,1
507333,1
507334,1
507335,1
507336,1
507337,1
507338,1
507339,1
507340,1
507341,1
507342,1
507343,1
507344,1
507345,1
507346,1
507347,1
507348,1
507349,1
507350,1
507351,1
507352,1
507353,1
507354,1
507355,1
507356,1
507357,1
507358,1
507359,1
507360,1
507361,1
507362,1
507363,1
507364,1
507365,1
507366,1
507367,1
507368,1
507369,1
507370,1
507371,1
507372,1
507373,1
507374,1
507375,1
507376,1
507377,1
507378,1
507379,1
507380,1
507381,1
507382,1
507383,1
507384,1
507385,1
507386,1
507387,1
507388,1
507389,1
507390,1
507391,1
507392,1
507393,1
507394,1
507395,1
507396,1
507397,1
507407,1
507408,1
507411,1
507413,1
507414,1
507415,1
507420,1
507421,1
507422,1
507423,1
507424,1
507425,1
507426,1
507427,1
507428,1
507429,1
507430,1
507431,1
507439,1
507440,1
507444,1
507446,1
507447,1
507448,1
507449,1
507455,1
507458,1
507459,1
507460,1
507461,1
507462,1
507463,1
507464,1
507465,1
507466,1
507467,1
507469,1
507470,1
507471,1
507472,1
507473,1
507474,1
507475,1
507476,1
507477,1
507478,1
507479,1
507480,1
507481,1
507482,1
507483,1
507484,1
507485,1
507486,1
507487,1
507488,1
507489,1
507490,1
507491,1
507492,1
507493,1
507494,1
507495,1
507496,1
507497,1
507498,1
507499,1
507500,1
507501,1
507502,1
507503,1
507504,1
507505,1
507506,1
507507,1
507508,1
507509,1
507510,1
507511,1
507512,1
507513,1
507514,1
507610,1
507613,1
507614,1
507617,1
507620,1
507621,1
507622,1
507623,1
507624,1
507625,1
507626,1
507627,1
507628,1
507630,1
507631,1
507661,1
507662,1
507669,1
507673,1
507674,1
507675,1
507676,1
507677,1
507678,1
507679,1
507680,1
507681,1
507682,1
507683,1
507684,1
507685,1
507686,1
507687,1
507688,1
507689,1
507690,1
507691,1
507692,1
507693,1
507694,1
507729,1
507730,1
507738,1
507739,1
507740,1
507741,1
507742,1
507743,1
507744,1
507745,1
507746,1
507747,1
507748,1
507749,1
507750,1
507751,1
507752,1
507753,1
507754,1
507755,1
507756,1
507757,1
507758,1
507759,1
507760,1
507761,1
507762,1
507763,1
507764,1
507765,1
507766,1
507767,1
507768,1
507769,1
507770,1
507771,1
507772,1
507773,1
507774,1
507791,1
507792,1
507793,1
507794,1
507795,1
507819,1
507820,1
507822,1
507838,1
507847,1
507848,1
507849,1
507850,1
507851,1
507852,1
507853,1
507854,1
507855,1
507856,1
507857,1
507858,1
507859,1
507869,1
507870,1
507871,1
507872,1
507873,1
507874,1
507875,1
507876,1
507877,1
507878,1
507879,1
507880,1
507881,1
507882,1
507883,1
507884,1
507893,1
507894,1
507895,1
507896,1
507897,1
507977,1
507978,1
507979,1
507980,1
507981,1
507982,1
507983,1
507984,1
507985,1
507986,1
507987,1
507988,1
507989,1
507990,1
507991,1
507992,1
507993,1
507994,1
507995,1
507996,1
507997,1
507998,1
507999,1
508000,1
508001,1
508002,1
508003,1
508004,1
508005,1
508006,1
508007,1
508008,1
508041,1
508042,1
508043,1
508044,1
508045,1
508046,1
508047,1
508048,1
508049,1
508104,1
508105,1
508106,1
508107,1
508108,1
508109,1
508111,1
508114,1
508115,1
508116,1
508117,1
508121,1
508122,1
508127,1
508128,1
508129,1
508130,1
508131,1
508132,1
508133,1
508134,1
508135,1
508136,1
508137,1
508138,1
508139,1
508140,1
508141,1
508142,1
508143,1
508144,1
508145,1
508146,1
508147,1
508148,1
508149,1
508150,1
508151,1
508152,1
508153,1
508154,1
508155,1
508156,1
508157,1
508158,1
508159,1
508162,1
508163,1
508169,1
508170,1
508171,1
508172,1
508173,1
508174,1
508175,1
508177,1
508180,1
508181,1
508182,1
508183,1
508184,1
508185,1
508186,1
508187,1
508192,1
508193,1
508194,1
508195,1
508196,1
508197,1
508198,1
508199,1
508200,1
508201,1
508202,1
508203,1
508204,1
508205,1
508206,1
508207,1
508208,1
508209,1
508210,1
508211,1
508214,1
508215,1
508216,1
508217,1
508218,1
508219,1
508220,1
508221,1
508222,1
508223,1
508224,1
508225,1
508226,1
508227,1
508228,1
508229,1
508230,1
508231,1
508232,1
508233,1
508234,1
508235,1
508236,1
508237,1
508238,1
508239,1
508240,1
508241,1
508244,1
508245,1
508246,1
508247,1
508248,1
508249,1
508250,1
508251,1
508252,1
508253,1
508254,1
508255,1
508256,1
508257,1
508258,1
508259,1
508260,1
508261,1
508262,1
508263,1
508264,1
508265,1
508266,1
508267,1
508268,1
508269,1
508270,1
508271,1
508272,1
508273,1
508277,1
508281,1
508282,1
508286,1
508287,1
508288,1
508289,1
508290,1
508292,1
508293,1
508294,1
508295,1
508297,1
508298,1
508299,1
508300,1
508301,1
508323,1
508324,1
508325,1
508326,1
508327,1
508328,1
508329,1
508330,1
508331,1
508332,1
508333,1
508334,1
508335,1
508336,1
508337,1
508338,1
508342,1
508343,1
508344,1
508345,1
508349,1
508350,1
508351,1
508352,1
508353,1
508356,1
508357,1
508358,1
508359,1
508360,1
508361,1
508362,1
508364,1
508365,1
508366,1
508367,1
508368,1
508369,1
508375,1
508376,1
508377,1
508378,1
508379,1
508380,1
508382,1
508405,1
508406,1
508426,1
508427,1
508428,1
508429,1
508430,1
508431,1
508432,1
508433,1
508442,1
508443,1
508444,1
508445,1
508446,1
508447,1
508448,1
508449,1
508450,1
508451,1
508452,1
508453,1
508454,1
508455,1
508456,1
508457,1
508458,1
508459,1
508468,1
508469,1
508470,1
508471,1
508472,1
508473,1
508474,1
508482,1
508483,1
508484,1
508485,1
508486,1
508487,1
508488,1
508489,1
508490,1
508491,1
508492,1
508493,1
508494,1
508495,1
508496,1
508497,1
508498,1
508499,1
508500,1
508501,1
508502,1
508503,1
508504,1
508505,1
508518,1
508519,1
508520,1
508521,1
508522,1
508523,1
508524,1
508525,1
508526,1
508527,1
508528,1
508529,1
508530,1
508531,1
508532,1
508533,1
508534,1
508535,1
508537,1
508538,1
508539,1
508540,1
508541,1
508542,1
508543,1
508544,1
508545,1
508546,1
508547,1
508548,1
508549,1
508550,1
508551,1
508552,1
508553,1
508554,1
508555,1
508556,1
508557,1
508558,1
508628,1
508629,1
508630,1
508631,1
508635,1
508636,1
508637,1
508638,1
508639,1
508640,1
508641,1
508642,1
508647,1
508648,1
508649,1
508651,1
508652,1
508653,1
508654,1
508655,1
508656,1
508657,1
508661,1
508667,1
508668,1
508669,1
508670,1
508671,1
508672,1
508673,1
508674,1
508675,1
508676,1
508677,1
508678,1
508679,1
508680,1
508681,1
508682,1
508683,1
508684,1
508685,1
508686,1
508687,1
508688,1
508689,1
508701,1
508702,1
508703,1
508704,1
508705,1
508706,1
508707,1
508708,1
508709,1
508710,1
508711,1
508712,1
508713,1
508714,1
508715,1
508716,1
508717,1
508809,1
508810,1
508811,1
508813,1
508814,1
508815,1
508816,1
508817,1
508818,1
508819,1
508823,1
508824,1
508825,1
508826,1
508827,1
508828,1
508829,1
508830,1
508831,1
508845,1
508846,1
508847,1
508848,1
508849,1
508850,1
508851,1
508852,1
508853,1
508854,1
508855,1
508858,1
508860,1
508861,1
508862,1
508863,1
508864,1
508865,1
508866,1
508868,1
508870,1
508871,1
508872,1
508877,1
508878,1
508879,1
508880,1
508881,1
508882,1
508883,1
508884,1
508885,1
508886,1
508895,1
508896,1
508897,1
508898,1
508899,1
508900,1
508901,1
508902,1
508903,1
508904,1
508905,1
508906,1
508907,1
508908,1
508909,1
508910,1
508911,1
508912,1
508913,1
508914,1
508916,1
508917,1
508918,1
508926,1
508927,1
508928,1
508929,1
508930,1
508931,1
508932,1
508933,1
508934,1
508935,1
508936,1
508937,1
508938,1
508939,1
508985,1
508986,1
508987,1
508988,1
508989,1
508990,1
508991,1
509013,1
509014,1
509015,1
509016,1
509017,1
509018,1
509019,1
509020,1
509021,1
509022,1
509023,1
509024,1
509025,1
509026,1
509027,1
509028,1
509029,1
509030,1
509031,1
509034,1
509035,1
509036,1
509037,1
509038,1
509039,1
509040,1
509041,1
509042,1
509043,1
509044,1
509045,1
509046,1
509047,1
509048,1
509049,1
509050,1
509051,1
509052,1
509053,1
509054,1
509055,1
509059,1
509060,1
509061,1
509062,1
509063,1
509064,1
509065,1
509066,1
509067,1
509068,1
509069,1
509077,1
509078,1
509079,1
509083,1
509084,1
509085,1
509086,1
509087,1
509088,1
509089,1
509090,1
509091,1
509092,1
509093,1
509094,1
509102,1
509103,1
509114,1
509115,1
509116,1
509117,1
509118,1
509119,1
509121,1
509122,1
509123,1
509125,1
509126,1
509127,1
509130,1
509131,1
509132,1
509133,1
509134,1
509135,1
509136,1
509137,1
509138,1
509139,1
509140,1
509141,1
509285,1
509286,1
509287,1
509288,1
509289,1
509290,1
509291,1
509292,1
509293,1
509294,1
509295,1
509296,1
509297,1
509298,1
509299,1
509300,1
509301,1
509302,1
509303,1
509324,1
509325,1
509351,1
509353,1
509354,1
509355,1
509356,1
509357,1
509358,1
509359,1
509360,1
509361,1
509362,1
509363,1
509364,1
509365,1
509366,1
509391,1
509392,1
509393,1
509394,1
509395,1
509396,1
509421,1
509422,1
509423,1
509424,1
509425,1
509426,1
509427,1
509428,1
509430,1
509431,1
509432,1
509433,1
509434,1
509435,1
509437,1
509438,1
509439,1
509440,1
509441,1
509442,1
509443,1
509444,1
509477,1
509478,1
509479,1
509480,1
509481,1
509482,1
509483,1
509520,1
509521,1
509522,1
509523,1
509524,1
509525,1
509526,1
509527,1
509528,1
509529,1
509530,1
509531,1
509532,1
509533,1
509534,1
509535,1
509536,1
509537,1
509538,1
509539,1
509540,1
509541,1
509542,1
509543,1
509544,1
509545,1
509546,1
509547,1
509548,1
509549,1
509550,1
509551,1
509552,1
509553,1
509554,1
509555,1
509556,1
509557,1
509558,1
509559,1
509560,1
509561,1
509562,1
509563,1
509564,1
509565,1
509566,1
509567,1
509568,1
509569,1
509570,1
509571,1
509572,1
509573,1
509574,1
509575,1
509576,1
509577,1
509578,1
509579,1
509580,1
509581,1
509582,1
509583,1
509584,1
509585,1
509586,1
509587,1
509588,1
509589,1
509590,1
509591,1
509592,1
509593,1
509594,1
509595,1
509596,1
509597,1
509598,1
509599,1
509600,1
509601,1
509602,1
509603,1
509604,1
509605,1
509606,1
509607,1
509608,1
509609,1
509610,1
509611,1
509612,1
509613,1
509614,1
509628,1
509629,1
509630,1
509631,1
509632,1
509633,1
509634,1
509635,1
509683,1
509684,1
509685,1
509686,1
509687,1
509688,1
509689,1
509690,1
509716,1
509717,1
509718,1
509721,1
509722,1
509723,1
509724,1
509725,1
509726,1
509727,1
509728,1
509729,1
509730,1
509731,1
509732,1
509733,1
509734,1
509735,1
509736,1
509737,1
509738,1
509739,1
509740,1
509741,1
509742,1
509743,1
509744,1
509745,1
509746,1
509747,1
509748,1
509749,1
509750,1
509751,1
509752,1
509753,1
509754,1
509755,1
509756,1
509757,1
509758,1
509759,1
509760,1
509761,1
509762,1
509763,1
509764,1
509765,1
509766,1
509767,1
509768,1
509769,1
509770,1
509771,1
509772,1
509773,1
509788,1
509789,1
509790,1
509791,1
509792,1
509793,1
509794,1
509795,1
509796,1
509797,1
509798,1
509799,1
509800,1
509801,1
509802,1
509803,1
509804,1
509805,1
509890,1
509891,1
509892,1
509893,1
509894,1
509895,1
509896,1
509897,1
509898,1
509899,1
509900,1
509901,1
509902,1
509903,1
509904,1
509905,1
509914,1
509915,1
509916,1
509917,1
509918,1
509919,1
509920,1
509921,1
509922,1
509923,1
509924,1
509925,1
509926,1
509927,1
509928,1
509929,1
509930,1
509931,1
509932,1
509933,1
509934,1
509935,1
509936,1
509937,1
509938,1
509939,1
509940,1
509941,1
509942,1
509943,1
509944,1
509945,1
509946,1
509947,1
509953,1
509954,1
509955,1
509957,1
509959,1
509960,1
509965,1
509966,1
509967,1
509968,1
509969,1
509970,1
509971,1
509972,1
509989,1
509990,1
509991,1
509992,1
509993,1
509994,1
509995,1
509996,1
509997,1
509998,1
509999,1
510000,1
510001,1
510002,1
510003,1
510004,1
510006,1
510009,1
510010,1
510012,1
510013,1
510014,1
510015,1
510016,1
510017,1
510018,1
510019,1
510020,1
510061,1
510063,1
510076,1
510082,1
510085,1
510086,1
510087,1
510088,1
510089,1
510090,1
510092,1
510093,1
510094,1
510095,1
510151,1
510152,1
510153,1
510154,1
510155,1
510156,1
510157,1
510158,1
510159,1
510160,1
510161,1
510162,1
510163,1
510164,1
510165,1
510166,1
510167,1
510168,1
510169,1
510170,1
510171,1
510172,1
510173,1
510174,1
510175,1
510176,1
510177,1
510178,1
510179,1
510180,1
510181,1
510182,1
510183,1
510184,1
510185,1
510186,1
510187,1
510188,1
510189,1
510190,1
510191,1
510192,1
510193,1
510194,1
510195,1
510196,1
510197,1
510198,1
510199,1
510200,1
510201,1
510202,1
510203,1
510204,1
510205,1
510206,1
510207,1
510248,1
510249,1
510250,1
510251,1
510252,1
510253,1
510254,1
510255,1
510256,1
510257,1
510295,1
510298,1
510299,1
510300,1
510301,1
510302,1
510303,1
510304,1
510305,1
510306,1
510307,1
510308,1
510309,1
510310,1
510311,1
510312,1
510313,1
510314,1
510315,1
510316,1
510317,1
510318,1
510319,1
510320,1
510334,1
510335,1
510336,1
510337,1
510338,1
510339,1
510340,1
510341,1
510342,1
510343,1
510344,1
510345,1
510346,1
510347,1
510348,1
510349,1
510350,1
510351,1
510352,1
510353,1
510354,1
510355,1
510356,1
510357,1
510358,1
510359,1
510360,1
510361,1
510362,1
510363,1
510364,1
510365,1
510366,1
510367,1
510368,1
510369,1
510370,1
510371,1
510372,1
510373,1
510374,1
510375,1
510376,1
510377,1
510378,1
510379,1
510380,1
510381,1
510382,1
510383,1
510384,1
510385,1
510386,1
510387,1
510388,1
510389,1
510390,1
510391,1
510392,1
510393,1
510394,1
510395,1
510396,1
510397,1
510398,1
510399,1
510400,1
510401,1
510402,1
510403,1
510404,1
510405,1
510406,1
510407,1
510408,1
510409,1
510410,1
510411,1
510412,1
510413,1
510414,1
510415,1
510416,1
510417,1
510418,1
510419,1
510420,1
510421,1
510422,1
510423,1
510424,1
510425,1
510426,1
510427,1
510428,1
510429,1
510430,1
510431,1
510432,1
510433,1
510434,1
510435,1
510436,1
510437,1
510438,1
510439,1
510440,1
510441,1
510442,1
510443,1
510444,1
510445,1
510446,1
510447,1
510448,1
510449,1
510450,1
510451,1
510452,1
510453,1
510454,1
510455,1
510456,1
510457,1
510458,1
510463,1
510464,1
510465,1
510466,1
510467,1
510468,1
510469,1
510470,1
510471,1
510472,1
510473,1
510474,1
510475,1
510476,1
510477,1
510478,1
510479,1
510480,1
510481,1
510482,1
510483,1
510484,1
510485,1
510486,1
510487,1
510488,1
510489,1
510490,1
510491,1
510492,1
510493,1
510494,1
510495,1
510496,1
510497,1
510498,1
510499,1
510500,1
510501,1
510502,1
510503,1
510504,1
510505,1
510506,1
510507,1
510508,1
510509,1
510510,1
510511,1
510512,1
510513,1
510514,1
510515,1
510516,1
510517,1
510518,1
510519,1
510520,1
510521,1
510522,1
510523,1
510524,1
510525,1
510526,1
510527,1
510528,1
510529,1
510530,1
510531,1
510532,1
510533,1
510534,1
510535,1
510536,1
510537,1
510538,1
510539,1
510542,1
510543,1
510547,1
510548,1
510549,1
510550,1
510551,1
510563,1
510564,1
510565,1
510566,1
510567,1
510568,1
510569,1
510570,1
510571,1
510572,1
510573,1
510574,1
510575,1
510579,1
510580,1
510581,1
510582,1
510583,1
510584,1
510585,1
510586,1
510587,1
510597,1
510598,1
510599,1
510600,1
510601,1
510607,1
510608,1
510609,1
510610,1
510613,1
510618,1
510634,1
510635,1
510636,1
510637,1
510638,1
510639,1
510640,1
510641,1
510642,1
510643,1
510644,1
510645,1
510646,1
510647,1
510648,1
510649,1
510650,1
510651,1
510652,1
510653,1
510658,1
510659,1
510660,1
510661,1
510662,1
510663,1
510664,1
510665,1
510666,1
510667,1
510669,1
510670,1
510671,1
510672,1
510673,1
510674,1
510675,1
510676,1
510677,1
510678,1
510679,1
510680,1
510681,1
510682,1
510683,1
510684,1
510685,1
510686,1
510687,1
510688,1
510689,1
510690,1
510691,1
510692,1
510693,1
510694,1
510695,1
510701,1
510702,1
510703,1
510704,1
510705,1
510706,1
510722,1
510723,1
510739,1
510740,1
510741,1
510742,1
510744,1
510745,1
510746,1
510747,1
510763,1
510764,1
510765,1
510766,1
510767,1
510768,1
510769,1
510770,1
510771,1
510772,1
510773,1
510815,1
510816,1
510820,1
510821,1
510822,1
510823,1
510824,1
510825,1
510826,1
510827,1
510828,1
510829,1
510830,1
510831,1
510832,1
510834,1
510835,1
510836,1
510837,1
510838,1
510839,1
510840,1
510841,1
510842,1
510843,1
510844,1
510845,1
510851,1
510852,1
510853,1
510854,1
510855,1
510856,1
510857,1
510858,1
510859,1
510860,1
510861,1
510862,1
510863,1
510864,1
510865,1
510866,1
510867,1
510868,1
510869,1
510870,1
510871,1
510872,1
510873,1
510874,1
510875,1
510876,1
510877,1
510878,1
510879,1
510880,1
510881,1
510882,1
510883,1
510884,1
510885,1
510886,1
510888,1
510889,1
510890,1
510891,1
510892,1
510893,1
510894,1
510895,1
510896,1
510897,1
510898,1
510899,1
510900,1
510901,1
510902,1
510903,1
510904,1
510905,1
510906,1
510907,1
510908,1
510909,1
510910,1
510911,1
510912,1
510913,1
510914,1
510915,1
510916,1
510917,1
510918,1
510919,1
510920,1
510921,1
510922,1
510923,1
510924,1
510925,1
510926,1
510927,1
510928,1
510929,1
510930,1
510931,1
510932,1
510933,1
510934,1
510935,1
510936,1
510937,1
510938,1
510952,1
510953,1
510954,1
510956,1
510957,1
510958,1
510959,1
510960,1
510961,1
510962,1
510963,1
510964,1
510974,1
510975,1
510981,1
510982,1
510983,1
510984,1
510985,1
510986,1
510987,1
510988,1
510989,1
510990,1
510991,1
510992,1
510993,1
510994,1
510995,1
510996,1
510997,1
510998,1
510999,1
511000,1
511001,1
511002,1
511003,1
511004,1
511005,1
511006,1
511007,1
511008,1
511009,1
511010,1
511011,1
511012,1
511013,1
511014,1
511016,1
511017,1
511018,1
511019,1
511020,1
511021,1
511022,1
511023,1
511024,1
511025,1
511026,1
511027,1
511028,1
511029,1
511030,1
511031,1
511032,1
511033,1
511034,1
511035,1
511036,1
511037,1
511038,1
511039,1
511040,1
511041,1
511042,1
511043,1
511044,1
511045,1
511046,1
511047,1
511048,1
511049,1
511050,1
511051,1
511052,1
511053,1
511054,1
511055,1
511056,1
511057,1
511138,1
511139,1
511140,1
511141,1
511142,1
511143,1
511144,1
511145,1
511146,1
511147,1
511148,1
511149,1
511150,1
511151,1
511152,1
511153,1
511154,1
511155,1
511156,1
511158,1
511159,1
511160,1
511161,1
511162,1
511163,1
511164,1
511165,1
511168,1
511169,1
511170,1
511171,1
511172,1
511173,1
511174,1
511175,1
511176,1
511177,1
511178,1
511179,1
511180,1
511181,1
511182,1
511183,1
511184,1
511185,1
511186,1
511187,1
511189,1
511190,1
511191,1
511192,1
511193,1
511194,1
511195,1
511196,1
511197,1
511198,1
511199,1
511200,1
511201,1
511202,1
511203,1
511204,1
511205,1
511206,1
511207,1
511208,1
511209,1
511210,1
511211,1
511212,1
511213,1
511225,1
511226,1
511227,1
511228,1
511229,1
511230,1
511244,1
511245,1
511246,1
511247,1
511248,1
511249,1
511250,1
511251,1
511252,1
511253,1
511254,1
511255,1
511256,1
511257,1
511258,1
511259,1
511260,1
511261,1
511262,1
511263,1
511264,1
511265,1
511266,1
511267,1
511268,1
511269,1
511270,1
511271,1
511272,1
511273,1
511274,1
511276,1
511277,1
511278,1
511279,1
511280,1
511281,1
511282,1
511283,1
511284,1
511285,1
511286,1
511287,1
511288,1
511289,1
511332,1
511333,1
511334,1
511335,1
511336,1
511337,1
511338,1
511339,1
511340,1
511356,1
511357,1
511358,1
511359,1
511360,1
511361,1
511362,1
511375,1
511376,1
511387,1
511388,1
511389,1
511390,1
511391,1
511392,1
511393,1
511394,1
511395,1
511405,1
511434,1
511435,1
511436,1
511437,1
511438,1
511439,1
511440,1
511441,1
511442,1
511443,1
511459,1
511462,1
511463,1
511464,1
511465,1
511466,1
511467,1
511468,1
511469,1
511470,1
511471,1
511472,1
511473,1
511474,1
511475,1
511476,1
511477,1
511478,1
511479,1
511480,1
511481,1
511482,1
511483,1
511484,1
511485,1
511486,1
511487,1
511490,1
511492,1
511493,1
511494,1
511495,1
511496,1
511497,1
511498,1
511499,1
511500,1
511501,1
511502,1
511503,1
511504,1
511505,1
511506,1
511507,1
511508,1
511509,1
511510,1
511511,1
511512,1
511513,1
511520,1
511521,1
511522,1
511523,1
511524,1
511525,1
511526,1
511527,1
511537,1
511538,1
511539,1
511540,1
511541,1
511542,1
511543,1
511544,1
511545,1
511546,1
511547,1
511548,1
511549,1
511550,1
511551,1
511552,1
511553,1
511554,1
511555,1
511556,1
511557,1
511558,1
511559,1
511560,1
511561,1
511567,1
511568,1
511594,1
511595,1
511596,1
511597,1
511598,1
511599,1
511600,1
511601,1
511602,1
511603,1
511604,1
511605,1
511614,1
511615,1
511616,1
511617,1
511618,1
511648,1
511650,1
511651,1
511652,1
511653,1
511662,1
511663,1
511665,1
511666,1
511668,1
511669,1
511670,1
511671,1
511672,1
511673,1
511674,1
511675,1
511676,1
511677,1
511678,1
511679,1
511680,1
511681,1
511682,1
511683,1
511684,1
511685,1
511686,1
511687,1
511688,1
511689,1
511690,1
511691,1
511692,1
511693,1
511694,1
511695,1
511696,1
511697,1
511698,1
511699,1
511700,1
511701,1
511702,1
511703,1
511704,1
511705,1
511706,1
511707,1
511708,1
511709,1
511710,1
511711,1
511712,1
511713,1
511714,1
511715,1
511716,1
511719,1
511720,1
511721,1
511722,1
511723,1
511724,1
511725,1
511726,1
511727,1
511728,1
511729,1
511730,1
511731,1
511732,1
511733,1
511734,1
511735,1
511736,1
511737,1
511738,1
511739,1
511774,1
511775,1
511776,1
511777,1
511778,1
511783,1
511784,1
511808,1
511809,1
511810,1
511817,1
511819,1
511820,1
511821,1
511822,1
511823,1
511824,1
511825,1
511826,1
511827,1
511828,1
511844,1
511845,1
511846,1
511873,1
511874,1
511875,1
511876,1
511877,1
511880,1
511881,1
511882,1
511883,1
511884,1
511886,1
511892,1
511893,1
511894,1
511895,1
511896,1
511897,1
511898,1
511899,1
511900,1
511901,1
511902,1
511903,1
511904,1
511905,1
511906,1
511913,1
511914,1
511915,1
511918,1
511919,1
511920,1
511922,1
511923,1
511926,1
511933,1
511936,1
511937,1
511938,1
511939,1
511940,1
511941,1
511942,1
511943,1
511944,1
511945,1
511946,1
511981,1
511982,1
511983,1
511984,1
511985,1
512002,1
512003,1
512004,1
512005,1
512006,1
512007,1
512008,1
512009,1
512010,1
512011,1
512012,1
512013,1
512014,1
512015,1
512016,1
512017,1
512018,1
512019,1
512020,1
512021,1
512022,1
512023,1
512024,1
512025,1
512026,1
512027,1
512028,1
512029,1
512030,1
512039,1
512040,1
512041,1
512058,1
512059,1
512061,1
512062,1
512066,1
512069,1
512071,1
512072,1
512073,1
512074,1
512075,1
512076,1
512077,1
512078,1
512081,1
512082,1
512085,1
512086,1
512087,1
512088,1
512089,1
512096,1
512122,1
512125,1
512126,1
512127,1
512128,1
512129,1
512130,1
512131,1
512132,1
512133,1
512134,1
512135,1
512136,1
512137,1
512138,1
512139,1
512140,1
512141,1
512142,1
512143,1
512144,1
512145,1
512146,1
512147,1
512148,1
512149,1
512150,1
512151,1
512152,1
512153,1
512154,1
512155,1
512156,1
512157,1
512158,1
512159,1
512160,1
512161,1
512162,1
512163,1
512164,1
512165,1
512166,1
512167,1
512168,1
512169,1
512170,1
512171,1
512172,1
512173,1
512174,1
512175,1
512176,1
512177,1
512178,1
512179,1
512180,1
512181,1
512182,1
512183,1
512184,1
512185,1
512186,1
512187,1
512188,1
512189,1
512190,1
512191,1
512192,1
512193,1
512194,1
512195,1
512196,1
512197,1
512198,1
512199,1
512200,1
512201,1
512202,1
512203,1
512204,1
512205,1
512209,1
512210,1
512211,1
512212,1
512213,1
512214,1
512215,1
512216,1
512217,1
512218,1
512219,1
512220,1
512221,1
512222,1
512223,1
512224,1
512225,1
512226,1
512227,1
512228,1
512229,1
512230,1
512231,1
512232,1
512233,1
512234,1
512235,1
512236,1
512237,1
512238,1
512239,1
512240,1
512241,1
512243,1
512244,1
512248,1
512252,1
512253,1
512254,1
512255,1
512256,1
512257,1
512258,1
512259,1
512264,1
512266,1
512267,1
512268,1
512269,1
512270,1
512271,1
512272,1
512273,1
512275,1
512276,1
512278,1
512279,1
512280,1
512281,1
512282,1
512283,1
512284,1
512285,1
512286,1
512287,1
512288,1
512289,1
512290,1
512291,1
512292,1
512293,1
512294,1
512295,1
512296,1
512297,1
512298,1
512299,1
512300,1
512301,1
512327,1
512328,1
512329,1
512331,1
512429,1
512430,1
512435,1
512436,1
512437,1
512438,1
512439,1
512440,1
512441,1
512442,1
512443,1
512470,1
512471,1
512472,1
512473,1
512474,1
512475,1
512476,1
512477,1
512478,1
512479,1
512480,1
512481,1
512482,1
512483,1
512484,1
512485,1
512486,1
512487,1
512488,1
512489,1
512490,1
512491,1
512501,1
512502,1
512503,1
512504,1
512505,1
512506,1
512507,1
512508,1
512509,1
512510,1
512511,1
512512,1
512513,1
512514,1
512515,1
512516,1
512517,1
512518,1
512519,1
512520,1
512521,1
512522,1
512531,1
512532,1
512535,1
512536,1
512537,1
512564,1
512565,1
512566,1
512567,1
512568,1
512569,1
512577,1
512578,1
512579,1
512580,1
512581,1
512584,1
512585,1
512817,1
512818,1
512819,1
512820,1
512821,1
512822,1
512823,1
512824,1
512825,1
512826,1
512827,1
512828,1
512829,1
512830,1
512831,1
512832,1
512833,1
512834,1
512835,1
512836,1
512837,1
512838,1
512839,1
512840,1
512841,1
512842,1
512843,1
512844,1
512845,1
512846,1
512847,1
512848,1
512851,1
512852,1
512853,1
512854,1
512855,1
512856,1
512857,1
512858,1
512859,1
512860,1
512861,1
512862,1
512864,1
512865,1
512866,1
512868,1
512869,1
512870,1
512871,1
512872,1
512873,1
512874,1
512875,1
512876,1
512877,1
512878,1
512879,1
512880,1
512881,1
512882,1
512883,1
512884,1
512885,1
512886,1
512887,1
512923,1
512924,1
512925,1
512927,1
512928,1
512929,1
512946,1
512947,1
512965,1
512966,1
512967,1
512969,1
512970,1
512971,1
512972,1
512974,1
512975,1
512976,1
512977,1
512978,1
512979,1
512996,1
512997,1
512998,1
512999,1
513042,1
513043,1
513044,1
513054,1
513055,1
513064,1
513065,1
513066,1
513067,1
513068,1
513069,1
513070,1
513071,1
513072,1
513073,1
513106,1
513107,1
513108,1
513109,1
513110,1
513111,1
513112,1
513113,1
513114,1
513115,1
513116,1
513117,1
513118,1
513119,1
513120,1
513121,1
513122,1
513123,1
513124,1
513125,1
513126,1
513127,1
513128,1
513168,1
513169,1
513170,1
513171,1
513172,1
513181,1
513182,1
513183,1
513184,1
513185,1
513186,1
513187,1
513188,1
513334,1
513335,1
513336,1
513337,1
513338,1
513339,1
513340,1
513341,1
513342,1
513343,1
513344,1
513345,1
513346,1
513347,1
513348,1
513349,1
513350,1
513351,1
513352,1
513353,1
513354,1
513355,1
513356,1
513357,1
513358,1
513359,1
513360,1
513361,1
513362,1
513363,1
513364,1
513365,1
513367,1
513395,1
513396,1
513397,1
513398,1
513399,1
513400,1
513401,1
513402,1
513403,1
513404,1
513405,1
513406,1
513407,1
513408,1
513409,1
513410,1
513411,1
513412,1
513413,1
513414,1
513415,1
513416,1
513417,1
513418,1
513419,1
513420,1
513421,1
513422,1
513423,1
513424,1
513425,1
513426,1
513427,1
513430,1
513431,1
513432,1
513433,1
513434,1
513435,1
513436,1
513437,1
513438,1
513439,1
513440,1
513441,1
513442,1
513443,1
513444,1
513445,1
513446,1
513447,1
513448,1
513449,1
513450,1
513451,1
513452,1
513453,1
513454,1
513455,1
513456,1
513457,1
513458,1
513459,1
513460,1
513461,1
513462,1
513463,1
513464,1
513465,1
513466,1
513482,1
513483,1
513484,1
513485,1
513486,1
513487,1
513489,1
513492,1
513493,1
513494,1
513495,1
513496,1
513497,1
513499,1
513522,1
513523,1
513524,1
513525,1
513526,1
513527,1
513528,1
513529,1
513530,1
513531,1
513532,1
513533,1
513534,1
513535,1
513536,1
513537,1
513538,1
513539,1
513540,1
513541,1
513544,1
513552,1
513553,1
513556,1
513557,1
513558,1
513559,1
513560,1
513561,1
513596,1
513597,1
513598,1
513599,1
513600,1
513601,1
513602,1
513603,1
513604,1
513605,1
513606,1
513607,1
513608,1
513609,1
513610,1
513611,1
513612,1
513613,1
513614,1
513615,1
513616,1
513617,1
513618,1
513619,1
513620,1
513621,1
513622,1
513623,1
513624,1
513625,1
513626,1
513627,1
513628,1
513629,1
513630,1
513631,1
513632,1
513633,1
513634,1
513635,1
513636,1
513637,1
513638,1
513639,1
513640,1
513641,1
513642,1
513643,1
513644,1
513645,1
513646,1
513647,1
513648,1
513649,1
513650,1
513651,1
513652,1
513653,1
513654,1
513655,1
513656,1
513657,1
513658,1
513659,1
513660,1
513661,1
513662,1
513663,1
513664,1
513665,1
513666,1
513667,1
513668,1
513669,1
513670,1
513671,1
513672,1
513673,1
513674,1
513675,1
513676,1
513677,1
513678,1
513679,1
513680,1
513681,1
513682,1
513683,1
513684,1
513685,1
513686,1
513687,1
513688,1
513689,1
513690,1
513691,1
513692,1
513693,1
513694,1
513695,1
513696,1
513697,1
513698,1
513699,1
513700,1
513701,1
513702,1
513703,1
513704,1
513705,1
513706,1
513707,1
513708,1
513709,1
513710,1
513711,1
513712,1
513713,1
513714,1
513715,1
513716,1
513717,1
513718,1
513719,1
513720,1
513728,1
513729,1
513730,1
513731,1
513732,1
513733,1
513734,1
513735,1
513736,1
513737,1
513745,1
513746,1
513747,1
513748,1
513749,1
513750,1
513751,1
513752,1
513753,1
513754,1
513755,1
513756,1
513757,1
513758,1
513759,1
513760,1
513761,1
513762,1
513763,1
513764,1
513765,1
513766,1
513767,1
513768,1
513769,1
513770,1
513771,1
513772,1
513773,1
513774,1
513775,1
513776,1
513777,1
513778,1
513779,1
513780,1
513781,1
513782,1
513783,1
513784,1
513785,1
513786,1
513787,1
513788,1
513789,1
513790,1
513791,1
513792,1
513793,1
513794,1
513795,1
513796,1
513797,1
513798,1
513799,1
513800,1
513801,1
513802,1
513803,1
513804,1
513805,1
513806,1
513807,1
513808,1
513809,1
513810,1
513811,1
513812,1
513813,1
513814,1
513815,1
513848,1
513849,1
513850,1
513851,1
513852,1
513853,1
513854,1
513855,1
513856,1
513857,1
513858,1
513859,1
513860,1
513861,1
513862,1
513863,1
513864,1
513865,1
513866,1
513867,1
513868,1
513869,1
513870,1
513871,1
513872,1
513873,1
513874,1
513875,1
513876,1
513877,1
513878,1
513879,1
513888,1
513889,1
513890,1
513891,1
513892,1
513893,1
513894,1
513895,1
513896,1
513898,1
513899,1
513900,1
513901,1
513902,1
513903,1
513904,1
513905,1
513910,1
513911,1
513913,1
513917,1
513922,1
513923,1
513924,1
513925,1
513926,1
513927,1
513928,1
513979,1
513980,1
513981,1
513983,1
513984,1
513985,1
513986,1
513987,1
514033,1
514034,1
514035,1
514036,1
514037,1
514040,1
514042,1
514043,1
514044,1
514045,1
514046,1
514047,1
514048,1
514049,1
514050,1
514051,1
514052,1
514053,1
514054,1
514066,1
514067,1
514068,1
514069,1
514070,1
514071,1
514072,1
514073,1
514103,1
514104,1
514108,1
514109,1
514110,1
514111,1
514112,1
514113,1
514114,1
514115,1
514116,1
514117,1
514118,1
514119,1
514120,1
514121,1
514122,1
514123,1
514124,1
514125,1
514126,1
514127,1
514128,1
514129,1
514130,1
514131,1
514132,1
514133,1
514134,1
514135,1
514136,1
514137,1
514138,1
514139,1
514140,1
514141,1
514142,1
514143,1
514144,1
514145,1
514146,1
514147,1
514148,1
514149,1
514150,1
514151,1
514152,1
514153,1
514154,1
514155,1
514156,1
514157,1
514158,1
514159,1
514160,1
514161,1
514162,1
514163,1
514164,1
514165,1
514166,1
514167,1
514168,1
514169,1
514170,1
514171,1
514172,1
514173,1
514174,1
514175,1
514176,1
514177,1
514178,1
514179,1
514180,1
514181,1
514182,1
514183,1
514184,1
514185,1
514186,1
514187,1
514188,1
514189,1
514190,1
514191,1
514192,1
514193,1
514194,1
514195,1
514196,1
514197,1
514198,1
514199,1
514200,1
514201,1
514202,1
514203,1
514204,1
514205,1
514206,1
514207,1
514208,1
514209,1
514210,1
514211,1
514212,1
514213,1
514214,1
514215,1
514216,1
514217,1
514218,1
514219,1
514220,1
514221,1
514222,1
514223,1
514224,1
514225,1
514226,1
514227,1
514228,1
514229,1
514230,1
514231,1
514232,1
514233,1
514234,1
514235,1
514236,1
514237,1
514238,1
514239,1
514240,1
514241,1
514242,1
514243,1
514244,1
514245,1
514246,1
514247,1
514248,1
514249,1
514250,1
514251,1
514252,1
514253,1
514326,1
514327,1
514328,1
514329,1
514330,1
514346,1
514347,1
514348,1
514349,1
514350,1
514351,1
514352,1
514353,1
514354,1
514355,1
514356,1
514357,1
514358,1
514359,1
514360,1
514361,1
514362,1
514363,1
514364,1
514365,1
514366,1
514367,1
514368,1
514369,1
514370,1
514371,1
514372,1
514373,1
514374,1
514375,1
514376,1
514377,1
514378,1
514379,1
514380,1
514381,1
514382,1
514383,1
514384,1
514385,1
514386,1
514387,1
514388,1
514389,1
514390,1
514391,1
514392,1
514393,1
514394,1
514395,1
514396,1
514397,1
514398,1
514399,1
514400,1
514401,1
514402,1
514403,1
514404,1
514405,1
514406,1
514407,1
514408,1
514409,1
514410,1
514411,1
514412,1
514413,1
514414,1
514415,1
514416,1
514417,1
514418,1
514419,1
514420,1
514421,1
514422,1
514423,1
514424,1
514425,1
514426,1
514427,1
514428,1
514429,1
514430,1
514431,1
514432,1
514433,1
514434,1
514435,1
514436,1
514437,1
514438,1
514439,1
514440,1
514441,1
514442,1
514443,1
514444,1
514445,1
514446,1
514447,1
514448,1
514449,1
514450,1
514451,1
514452,1
514453,1
514454,1
514455,1
514456,1
514457,1
514458,1
514459,1
514460,1
514461,1
514462,1
514463,1
514464,1
514465,1
514467,1
514468,1
514469,1
514470,1
514471,1
514473,1
514483,1
514484,1
514485,1
514489,1
514490,1
514491,1
514492,1
514493,1
514494,1
514495,1
514496,1
514497,1
514501,1
514502,1
514503,1
514504,1
514505,1
514506,1
514529,1
514530,1
514531,1
514532,1
514533,1
514534,1
514535,1
514536,1
514537,1
514538,1
514539,1
514540,1
514541,1
514542,1
514543,1
514544,1
514545,1
514548,1
514552,1
514553,1
514555,1
514571,1
514573,1
514574,1
514575,1
514578,1
514604,1
514605,1
514606,1
514608,1
514609,1
514610,1
514611,1
514612,1
514614,1
514615,1
514616,1
514617,1
514618,1
514620,1
514621,1
514622,1
514623,1
514624,1
514625,1
514626,1
514627,1
514628,1
514629,1
514630,1
514631,1
514632,1
514633,1
514637,1
514638,1
514639,1
514640,1
514641,1
514642,1
514643,1
514644,1
514645,1
514646,1
514647,1
514648,1
514649,1
514650,1
514651,1
514652,1
514653,1
514654,1
514655,1
514656,1
514657,1
514722,1
514723,1
514724,1
514725,1
514728,1
514750,1
514751,1
514752,1
514753,1
514754,1
514755,1
514769,1
514770,1
514771,1
514772,1
514773,1
514774,1
514775,1
514776,1
514777,1
514778,1
514782,1
514783,1
514784,1
514785,1
514786,1
514787,1
514788,1
514789,1
514790,1
514791,1
514792,1
514793,1
514797,1
514798,1
514799,1
514800,1
514801,1
514802,1
514803,1
514804,1
514805,1
514806,1
514807,1
514808,1
514809,1
514810,1
514814,1
514815,1
514816,1
514817,1
514818,1
514819,1
514820,1
514821,1
514822,1
514823,1
514824,1
514825,1
514826,1
514827,1
514828,1
514829,1
514830,1
514831,1
514832,1
514833,1
514834,1
514835,1
514836,1
514837,1
514839,1
514840,1
514841,1
514842,1
514843,1
514844,1
514845,1
514846,1
514847,1
514848,1
514849,1
514850,1
514851,1
514852,1
514853,1
514854,1
514861,1
514862,1
514863,1
514864,1
514865,1
514866,1
514867,1
514868,1
514869,1
514877,1
514878,1
514879,1
514880,1
514881,1
514882,1
514883,1
514884,1
514885,1
514886,1
514887,1
514888,1
514889,1
514890,1
514891,1
514896,1
514897,1
514898,1
514899,1
514900,1
514901,1
514902,1
514903,1
514904,1
514905,1
514906,1
514908,1
514909,1
514910,1
514989,1
514990,1
514991,1
514992,1
514993,1
515006,1
515007,1
515008,1
515009,1
515010,1
515018,1
515019,1
515020,1
515021,1
515022,1
515023,1
515039,1
515040,1
515041,1
515042,1
515043,1
515044,1
515045,1
515046,1
515050,1
515051,1
515052,1
515053,1
515054,1
515055,1
515056,1
515057,1
515058,1
515085,1
515086,1
515087,1
515090,1
515092,1
515093,1
515094,1
515095,1
515096,1
515097,1
515098,1
515099,1
515116,1
515117,1
515118,1
515119,1
515154,1
515156,1
515157,1
515158,1
515159,1
515160,1
515161,1
515171,1
515172,1
515173,1
515174,1
515175,1
515176,1
515177,1
515178,1
515179,1
515180,1
515181,1
515182,1
515183,1
515184,1
515185,1
515186,1
515203,1
515204,1
515207,1
515208,1
515209,1
515210,1
515211,1
515212,1
515213,1
515215,1
515216,1
515217,1
515218,1
515219,1
515220,1
515221,1
515222,1
515223,1
515224,1
515225,1
515234,1
515235,1
515236,1
515237,1
515238,1
515239,1
515240,1
515241,1
515242,1
515243,1
515244,1
515245,1
515246,1
515247,1
515248,1
515249,1
515250,1
515251,1
515252,1
515253,1
515254,1
515255,1
515256,1
515257,1
515258,1
515259,1
515260,1
515261,1
515262,1
515263,1
515264,1
515265,1
515266,1
515267,1
515268,1
515269,1
515270,1
515282,1
515283,1
515284,1
515285,1
515286,1
515287,1
515288,1
515289,1
515290,1
515291,1
515292,1
515293,1
515294,1
515295,1
515296,1
515297,1
515304,1
515311,1
515314,1
515325,1
515326,1
515327,1
515328,1
515329,1
515330,1
515331,1
515332,1
515333,1
515334,1
515335,1
515336,1
515337,1
515338,1
515339,1
515340,1
515341,1
515343,1
515345,1
515346,1
515347,1
515348,1
515349,1
515350,1
515351,1
515352,1
515353,1
515354,1
515355,1
515356,1
515357,1
515358,1
515359,1
515360,1
515361,1
515362,1
515363,1
515364,1
515365,1
515366,1
515367,1
515368,1
515369,1
515370,1
515371,1
515372,1
515373,1
515374,1
515377,1
515378,1
515379,1
515380,1
515381,1
515383,1
515384,1
515395,1
515396,1
515397,1
515413,1
515414,1
515415,1
515416,1
515417,1
515418,1
515419,1
515420,1
515421,1
515422,1
515425,1
515426,1
515427,1
515428,1
515429,1
515430,1
515431,1
515453,1
515454,1
515455,1
515456,1
515457,1
515458,1
515459,1
515460,1
515461,1
515462,1
515463,1
515464,1
515465,1
515466,1
515467,1
515468,1
515469,1
515470,1
515471,1
515472,1
515473,1
515474,1
515475,1
515476,1
515477,1
515478,1
515479,1
515480,1
515481,1
515482,1
515483,1
515484,1
515485,1
515486,1
515487,1
515488,1
515489,1
515490,1
515491,1
515492,1
515493,1
515494,1
515495,1
515496,1
515497,1
515498,1
515499,1
515500,1
515501,1
515502,1
515503,1
515504,1
515505,1
515506,1
515507,1
515508,1
515509,1
515510,1
515511,1
515512,1
515513,1
515514,1
515515,1
515516,1
515517,1
515518,1
515519,1
515520,1
515521,1
515522,1
515555,1
515556,1
515557,1
515558,1
515559,1
515569,1
515570,1
515571,1
515572,1
515573,1
515574,1
515575,1
515576,1
515577,1
515578,1
515579,1
515580,1
515581,1
515582,1
515583,1
515584,1
515585,1
515586,1
515587,1
515588,1
515589,1
515590,1
515591,1
515592,1
515593,1
515594,1
515596,1
515597,1
515598,1
515599,1
515600,1
515601,1
515602,1
515603,1
515604,1
515605,1
515606,1
515607,1
515608,1
515609,1
515610,1
515611,1
515615,1
515616,1
515617,1
515618,1
515619,1
515620,1
515621,1
515624,1
515625,1
515626,1
515627,1
515628,1
515629,1
515630,1
515631,1
515632,1
515633,1
515634,1
515635,1
515636,1
515637,1
515638,1
515639,1
515640,1
515641,1
515642,1
515643,1
515644,1
515645,1
515646,1
515647,1
515648,1
515649,1
515650,1
515651,1
515652,1
515653,1
515654,1
515655,1
515656,1
515657,1
515658,1
515660,1
515661,1
515662,1
515665,1
515666,1
515667,1
515669,1
515670,1
515671,1
515672,1
515673,1
515674,1
515677,1
515678,1
515679,1
515680,1
515681,1
515682,1
515683,1
515684,1
515685,1
515686,1
515687,1
515688,1
515689,1
515692,1
515693,1
515694,1
515695,1
515696,1
515697,1
515698,1
515699,1
515703,1
515704,1
515705,1
515706,1
515707,1
515708,1
515709,1
515710,1
515711,1
515720,1
515721,1
515736,1
515741,1
515742,1
515743,1
515744,1
515745,1
515746,1
515747,1
515748,1
515749,1
515750,1
515751,1
515753,1
515759,1
515763,1
515764,1
515765,1
515766,1
515767,1
515768,1
515769,1
515770,1
515771,1
515772,1
515773,1
515774,1
515775,1
515776,1
515777,1
515778,1
515779,1
515783,1
515784,1
515785,1
515786,1
515787,1
515789,1
515790,1
515791,1
515792,1
515793,1
515794,1
515795,1
515798,1
515822,1
515823,1
515824,1
515825,1
515826,1
515828,1
515834,1
515835,1
515836,1
515839,1
515840,1
515841,1
515842,1
515843,1
515845,1
515846,1
515847,1
515848,1
515849,1
515850,1
515851,1
515852,1
515853,1
515854,1
515855,1
515856,1
515857,1
515858,1
515859,1
515860,1
515861,1
515869,1
515880,1
515881,1
515882,1
515883,1
515884,1
515885,1
515886,1
515887,1
515888,1
515889,1
515890,1
515891,1
515892,1
515897,1
515898,1
515899,1
515900,1
515905,1
515906,1
515907,1
515908,1
515909,1
515910,1
515913,1
515914,1
515915,1
515916,1
515917,1
515918,1
515919,1
515921,1
515923,1
515924,1
515925,1
515926,1
515927,1
515928,1
515929,1
515930,1
515931,1
515932,1
515933,1
515934,1
515935,1
515936,1
515937,1
515938,1
515939,1
515940,1
515941,1
515942,1
515943,1
515944,1
515945,1
515946,1
515947,1
515948,1
515949,1
515950,1
515951,1
515952,1
515953,1
515954,1
515955,1
515956,1
515957,1
515958,1
515959,1
515960,1
515963,1
515965,1
515966,1
515967,1
515968,1
515969,1
515970,1
515971,1
515972,1
515973,1
515974,1
515975,1
515976,1
515977,1
515978,1
515979,1
515980,1
515981,1
515982,1
515983,1
515984,1
515985,1
515986,1
515987,1
515988,1
515989,1
515990,1
516010,1
516011,1
516012,1
516013,1
516014,1
516015,1
516016,1
516017,1
516018,1
516019,1
516020,1
516021,1
516022,1
516023,1
516024,1
516025,1
516026,1
516027,1
516028,1
516029,1
516030,1
516033,1
516034,1
516035,1
516037,1
516038,1
516039,1
516040,1
516041,1
516042,1
516043,1
516044,1
516045,1
516046,1
516047,1
516058,1
516059,1
516060,1
516061,1
516062,1
516063,1
516064,1
516065,1
516066,1
516067,1
516068,1
516069,1
516070,1
516071,1
516072,1
516073,1
516074,1
516075,1
516076,1
516077,1
516078,1
516079,1
516080,1
516081,1
516082,1
516083,1
516084,1
516085,1
516086,1
516087,1
516088,1
516089,1
516090,1
516091,1
516092,1
516093,1
516094,1
516095,1
516096,1
516097,1
516098,1
516099,1
516100,1
516101,1
516102,1
516103,1
516104,1
516105,1
516106,1
516107,1
516110,1
516137,1
516138,1
516139,1
516156,1
516157,1
516158,1
516159,1
516160,1
516161,1
516162,1
516163,1
516164,1
516165,1
516166,1
516167,1
516168,1
516177,1
516178,1
516179,1
516180,1
516181,1
516182,1
516183,1
516184,1
516186,1
516187,1
516188,1
516189,1
516191,1
516192,1
516195,1
516196,1
516197,1
516199,1
516200,1
516201,1
516202,1
516203,1
516204,1
516205,1
516206,1
516207,1
516208,1
516209,1
516210,1
516211,1
516212,1
516213,1
516214,1
516215,1
516216,1
516217,1
516218,1
516219,1
516220,1
516221,1
516222,1
516223,1
516224,1
516225,1
516226,1
516227,1
516228,1
516230,1
516231,1
516232,1
516233,1
516234,1
516235,1
516236,1
516237,1
516238,1
516239,1
516240,1
516241,1
516242,1
516243,1
516244,1
516245,1
516246,1
516247,1
516248,1
516249,1
516250,1
516251,1
516253,1
516254,1
516256,1
516257,1
516258,1
516259,1
516260,1
516261,1
516262,1
516263,1
516264,1
516265,1
516266,1
516267,1
516268,1
516269,1
516270,1
516271,1
516272,1
516273,1
516274,1
516275,1
516276,1
516277,1
516278,1
516279,1
516280,1
516281,1
516282,1
516283,1
516284,1
516285,1
516286,1
516287,1
516288,1
516289,1
516290,1
516291,1
516292,1
516293,1
516294,1
516295,1
516296,1
516297,1
516298,1
516299,1
516300,1
516301,1
516302,1
516303,1
516304,1
516305,1
516306,1
516307,1
516308,1
516309,1
516310,1
516311,1
516312,1
516313,1
516314,1
516315,1
516316,1
516317,1
516318,1
516319,1
516320,1
516321,1
516322,1
516323,1
516324,1
516325,1
516326,1
516327,1
516328,1
516329,1
516330,1
516331,1
516332,1
516333,1
516334,1
516335,1
516336,1
516337,1
516338,1
516339,1
516340,1
516341,1
516342,1
516343,1
516344,1
516345,1
516346,1
516347,1
516348,1
516349,1
516350,1
516351,1
516352,1
516353,1
516354,1
516355,1
516356,1
516357,1
516358,1
516359,1
516360,1
516361,1
516362,1
516363,1
516380,1
516381,1
516383,1
516384,1
516385,1
516386,1
516387,1
516388,1
516389,1
516390,1
516391,1
516392,1
516393,1
516394,1
516395,1
516396,1
516397,1
516398,1
516399,1
516400,1
516401,1
516402,1
516403,1
516404,1
516405,1
516406,1
516407,1
516408,1
516409,1
516410,1
516411,1
516412,1
516413,1
516414,1
516415,1
516416,1
516417,1
516418,1
516419,1
516420,1
516421,1
516422,1
516423,1
516424,1
516425,1
516426,1
516427,1
516428,1
516429,1
516430,1
516431,1
516432,1
516433,1
516434,1
516435,1
516436,1
516437,1
516438,1
516439,1
516440,1
516441,1
516442,1
516443,1
516444,1
516445,1
516446,1
516447,1
516448,1
516449,1
516450,1
516451,1
516452,1
516453,1
516456,1
516457,1
516460,1
516461,1
516462,1
516463,1
516464,1
516466,1
516467,1
516472,1
516473,1
516475,1
516476,1
516477,1
516478,1
516479,1
516480,1
516481,1
516482,1
516483,1
516484,1
516485,1
516486,1
516487,1
516488,1
516489,1
516505,1
516506,1
516507,1
516510,1
516513,1
516514,1
516515,1
516516,1
516517,1
516518,1
516519,1
516520,1
516521,1
516522,1
516523,1
516524,1
516525,1
516526,1
516527,1
516528,1
516529,1
516530,1
516531,1
516532,1
516533,1
516534,1
516535,1
516536,1
516537,1
516538,1
516539,1
516540,1
516541,1
516542,1
516543,1
516544,1
516545,1
516546,1
516547,1
516549,1
516550,1
516551,1
516552,1
516553,1
516555,1
516557,1
516558,1
516559,1
516560,1
516561,1
516562,1
516563,1
516584,1
516585,1
516592,1
516593,1
516594,1
516595,1
516596,1
516597,1
516598,1
516599,1
516601,1
516602,1
516603,1
516604,1
516605,1
516606,1
516607,1
516609,1
516610,1
516611,1
516612,1
516614,1
516615,1
516617,1
516618,1
516619,1
516620,1
516621,1
516626,1
516627,1
516628,1
516629,1
516630,1
516631,1
516634,1
516635,1
516636,1
516637,1
516638,1
516639,1
516640,1
516641,1
516642,1
516643,1
516656,1
516657,1
516658,1
516659,1
516660,1
516661,1
516662,1
516665,1
516666,1
516667,1
516668,1
516669,1
516670,1
516671,1
516672,1
516673,1
516674,1
516675,1
516676,1
516677,1
516678,1
516679,1
516680,1
516681,1
516682,1
516683,1
516684,1
516685,1
516686,1
516687,1
516688,1
516689,1
516690,1
516691,1
516737,1
516757,1
516758,1
516759,1
516760,1
516761,1
516762,1
516763,1
516764,1
516765,1
516766,1
516767,1
516768,1
516769,1
516770,1
516771,1
516772,1
516773,1
516774,1
516775,1
516776,1
516777,1
516778,1
516779,1
516780,1
516781,1
516782,1
516783,1
516784,1
516785,1
516786,1
516787,1
516788,1
516789,1
516790,1
516791,1
516792,1
516793,1
516794,1
516795,1
516796,1
516797,1
516798,1
516799,1
516800,1
516801,1
516802,1
516803,1
516804,1
516805,1
516806,1
516807,1
516808,1
516809,1
516810,1
516811,1
516812,1
516813,1
516814,1
516815,1
516816,1
516817,1
516818,1
516819,1
516820,1
516821,1
516822,1
516823,1
516824,1
516825,1
516826,1
516827,1
516828,1
516829,1
516830,1
516831,1
516832,1
516833,1
516834,1
516835,1
516836,1
516837,1
516979,1
516980,1
516981,1
516982,1
516983,1
516984,1
516985,1
516986,1
516987,1
516988,1
516989,1
516990,1
516991,1
516992,1
516993,1
516994,1
516995,1
516996,1
516997,1
516998,1
516999,1
517000,1
517001,1
517002,1
517003,1
517004,1
517005,1
517006,1
517007,1
517008,1
517009,1
517010,1
517011,1
517012,1
517013,1
517014,1
517015,1
517016,1
517017,1
517018,1
517019,1
517020,1
517021,1
517022,1
517023,1
517026,1
517027,1
517028,1
517029,1
517030,1
517031,1
517032,1
517033,1
517034,1
517035,1
517036,1
517037,1
517038,1
517039,1
517040,1
517041,1
517042,1
517043,1
517044,1
517045,1
517046,1
517047,1
517048,1
517049,1
517050,1
517051,1
517052,1
517053,1
517054,1
517055,1
517056,1
517057,1
517058,1
517059,1
517060,1
517061,1
517062,1
517063,1
517064,1
517065,1
517066,1
517067,1
517068,1
517069,1
517070,1
517071,1
517072,1
517073,1
517074,1
517075,1
517076,1
517077,1
517078,1
517079,1
517080,1
517081,1
517082,1
517083,1
517084,1
517085,1
517086,1
517207,1
517211,1
517212,1
517213,1
517214,1
517215,1
517216,1
517217,1
517218,1
517219,1
517221,1
517222,1
517223,1
517224,1
517225,1
517226,1
517227,1
517228,1
517236,1
517241,1
517249,1
517250,1
517251,1
517252,1
517253,1
517254,1
517255,1
517256,1
517257,1
517258,1
517259,1
517260,1
517269,1
517270,1
517271,1
517272,1
517277,1
517285,1
517286,1
517287,1
517288,1
517289,1
517290,1
517291,1
517292,1
517293,1
517294,1
517295,1
517296,1
517297,1
517298,1
517299,1
517300,1
517301,1
517302,1
517303,1
517304,1
517305,1
517348,1
517349,1
517350,1
517351,1
517352,1
517353,1
517354,1
517355,1
517356,1
517357,1
517358,1
517359,1
517392,1
517393,1
517394,1
517395,1
517396,1
517397,1
517398,1
517399,1
517407,1
517408,1
517409,1
517424,1
517425,1
517426,1
517427,1
517428,1
517429,1
517430,1
517431,1
517432,1
517433,1
517434,1
517435,1
517436,1
517437,1
517445,1
517446,1
517447,1
517448,1
517449,1
517450,1
517451,1
517505,1
517506,1
517507,1
517509,1
517510,1
517511,1
517512,1
517515,1
517516,1
517517,1
517519,1
517520,1
517521,1
517522,1
517523,1
517524,1
517525,1
517528,1
517529,1
517530,1
517531,1
517532,1
517533,1
517537,1
517540,1
517541,1
517542,1
517544,1
517545,1
517546,1
517547,1
517548,1
517549,1
517550,1
517551,1
517552,1
517553,1
517554,1
517555,1
517556,1
517557,1
517558,1
517559,1
517560,1
517561,1
517562,1
517563,1
517564,1
517565,1
517566,1
517567,1
517568,1
517569,1
517571,1
517572,1
517573,1
517574,1
517575,1
517576,1
517577,1
517578,1
517579,1
517580,1
517581,1
517582,1
517583,1
517584,1
517585,1
517586,1
517587,1
517588,1
517589,1
517590,1
517591,1
517592,1
517593,1
517594,1
517595,1
517596,1
517597,1
517598,1
517599,1
517600,1
517601,1
517602,1
517603,1
517604,1
517605,1
517606,1
517607,1
517608,1
517609,1
517610,1
517611,1
517612,1
517613,1
517622,1
517623,1
517638,1
517639,1
517640,1
517644,1
517645,1
517646,1
517647,1
517648,1
517649,1
517650,1
517651,1
517652,1
517653,1
517654,1
517655,1
517661,1
517662,1
517663,1
517664,1
517665,1
517666,1
517667,1
517668,1
517669,1
517670,1
517672,1
517674,1
517675,1
517676,1
517680,1
517681,1
517682,1
517683,1
517684,1
517685,1
517686,1
517687,1
517689,1
517690,1
517691,1
517692,1
517693,1
517694,1
517695,1
517696,1
517697,1
517698,1
517699,1
517700,1
517701,1
517702,1
517703,1
517704,1
517705,1
517706,1
517707,1
517708,1
517709,1
517710,1
517711,1
517712,1
517713,1
517714,1
517715,1
517716,1
517717,1
517718,1
517722,1
517723,1
517724,1
517726,1
517728,1
517729,1
517730,1
517731,1
517732,1
517733,1
517734,1
517735,1
517736,1
517737,1
517738,1
517739,1
517740,1
517741,1
517742,1
517743,1
517744,1
517745,1
517746,1
517747,1
517748,1
517749,1
517750,1
517751,1
517752,1
517753,1
517754,1
517774,1
517775,1
517776,1
517777,1
517788,1
517789,1
517790,1
517791,1
517792,1
517793,1
517794,1
517795,1
517796,1
517797,1
517798,1
517799,1
517800,1
517801,1
517802,1
517803,1
517804,1
517805,1
517806,1
517807,1
517808,1
517809,1
517810,1
517811,1
517812,1
517813,1
517814,1
517815,1
517816,1
517817,1
517818,1
517819,1
517820,1
517821,1
517822,1
517823,1
517824,1
517825,1
517826,1
517827,1
517828,1
517829,1
517831,1
517832,1
517833,1
517846,1
517847,1
517921,1
517922,1
517923,1
517924,1
517925,1
517926,1
517928,1
517929,1
517932,1
517933,1
517934,1
517935,1
517936,1
517937,1
517938,1
517939,1
517940,1
517941,1
517942,1
517959,1
517960,1
517961,1
517962,1
517963,1
517964,1
517965,1
517966,1
517967,1
517968,1
517969,1
517978,1
517979,1
517980,1
517981,1
517982,1
517983,1
517984,1
517985,1
517986,1
517987,1
517988,1
517999,1
518000,1
518014,1
518017,1
518018,1
518019,1
518020,1
518021,1
518022,1
518043,1
518044,1
518045,1
518046,1
518047,1
518048,1
518049,1
518050,1
518051,1
518053,1
518054,1
518055,1
518056,1
518057,1
518058,1
518059,1
518060,1
518061,1
518063,1
518064,1
518065,1
518066,1
518067,1
518068,1
518069,1
518070,1
518071,1
518072,1
518073,1
518074,1
518075,1
518077,1
518078,1
518086,1
518087,1
518093,1
518095,1
518096,1
518097,1
518098,1
518099,1
518100,1
518101,1
518102,1
518103,1
518104,1
518105,1
518106,1
518107,1
518108,1
518109,1
518110,1
518111,1
518112,1
518113,1
518114,1
518115,1
518116,1
518117,1
518118,1
518119,1
518120,1
518121,1
518122,1
518123,1
518124,1
518125,1
518130,1
518131,1
518132,1
518133,1
518134,1
518135,1
518136,1
518145,1
518146,1
518165,1
518166,1
518167,1
518168,1
518169,1
518170,1
518171,1
518188,1
518189,1
518190,1
518191,1
518192,1
518193,1
518194,1
518195,1
518196,1
518197,1
518198,1
518199,1
518200,1
518201,1
518202,1
518203,1
518205,1
518206,1
518207,1
518208,1
518209,1
518210,1
518211,1
518213,1
518214,1
518215,1
518216,1
518217,1
518218,1
518219,1
518220,1
518221,1
518222,1
518223,1
518224,1
518225,1
518226,1
518227,1
518228,1
518229,1
518230,1
518231,1
518232,1
518233,1
518234,1
518235,1
518236,1
518237,1
518238,1
518239,1
518240,1
518241,1
518242,1
518243,1
518244,1
518245,1
518246,1
518247,1
518248,1
518249,1
518250,1
518251,1
518252,1
518253,1
518254,1
518255,1
518256,1
518257,1
518258,1
518259,1
518260,1
518261,1
518262,1
518263,1
518264,1
518265,1
518266,1
518267,1
518268,1
518269,1
518270,1
518271,1
518272,1
518273,1
518274,1
518275,1
518276,1
518277,1
518278,1
518279,1
518280,1
518281,1
518282,1
518283,1
518284,1
518285,1
518286,1
518287,1
518288,1
518289,1
518290,1
518291,1
518292,1
518293,1
518294,1
518295,1
518296,1
518297,1
518298,1
518300,1
518301,1
518302,1
518303,1
518304,1
518305,1
518306,1
518307,1
518308,1
518309,1
518310,1
518311,1
518312,1
518314,1
518315,1
518318,1
518319,1
518322,1
518323,1
518324,1
518408,1
518409,1
518410,1
518411,1
518412,1
518413,1
518414,1
518415,1
518416,1
518417,1
518418,1
518419,1
518420,1
518421,1
518422,1
518423,1
518424,1
518425,1
518426,1
518427,1
518428,1
518429,1
518430,1
518431,1
518432,1
518433,1
518434,1
518435,1
518436,1
518437,1
518438,1
518439,1
518440,1
518441,1
518442,1
518465,1
518466,1
518467,1
518468,1
518469,1
518470,1
518471,1
518483,1
518484,1
518487,1
518488,1
518489,1
518490,1
518492,1
518493,1
518494,1
518495,1
518496,1
518497,1
518499,1
518500,1
518501,1
518502,1
518503,1
518504,1
518505,1
518506,1
518507,1
518508,1
518510,1
518511,1
518512,1
518513,1
518514,1
518515,1
518516,1
518517,1
518518,1
518519,1
518521,1
518522,1
518523,1
518524,1
518525,1
518526,1
518527,1
518528,1
518529,1
518530,1
518531,1
518532,1
518533,1
518534,1
518535,1
518536,1
518537,1
518538,1
518539,1
518540,1
518541,1
518542,1
518543,1
518544,1
518545,1
518546,1
518547,1
518548,1
518549,1
518550,1
518551,1
518552,1
518553,1
518554,1
518555,1
518556,1
518557,1
518558,1
518559,1
518560,1
518561,1
518562,1
518563,1
518564,1
518565,1
518566,1
518567,1
518568,1
518569,1
518570,1
518571,1
518572,1
518573,1
518574,1
518575,1
518576,1
518577,1
518578,1
518579,1
518580,1
518581,1
518582,1
518583,1
518584,1
518585,1
518586,1
518587,1
518588,1
518589,1
518590,1
518591,1
518592,1
518593,1
518594,1
518595,1
518596,1
518597,1
518598,1
518599,1
518600,1
518601,1
518602,1
518604,1
518605,1
518606,1
518607,1
518608,1
518609,1
518610,1
518611,1
518612,1
518613,1
518624,1
518625,1
518626,1
518627,1
518628,1
518629,1
518630,1
518631,1
518632,1
518633,1
518634,1
518635,1
518636,1
518637,1
518638,1
518639,1
518640,1
518641,1
518642,1
518643,1
518644,1
518645,1
518646,1
518647,1
518648,1
518649,1
518650,1
518651,1
518652,1
518653,1
518654,1
518655,1
518656,1
518657,1
518658,1
518659,1
518660,1
518661,1
518662,1
518663,1
518664,1
518665,1
518666,1
518667,1
518668,1
518669,1
518670,1
518671,1
518672,1
518673,1
518674,1
518675,1
518676,1
518677,1
518678,1
518679,1
518680,1
518681,1
518682,1
518683,1
518684,1
518685,1
518686,1
518687,1
518688,1
518689,1
518690,1
518691,1
518692,1
518693,1
518694,1
518695,1
518696,1
518697,1
518698,1
518699,1
518701,1
518702,1
518703,1
518704,1
518705,1
518706,1
518707,1
518708,1
518709,1
518710,1
518711,1
518712,1
518713,1
518714,1
518716,1
518717,1
518718,1
518719,1
518720,1
518721,1
518722,1
518723,1
518724,1
518725,1
518726,1
518727,1
518728,1
518729,1
518730,1
518731,1
518732,1
518733,1
518734,1
518735,1
518736,1
518737,1
518738,1
518739,1
518740,1
518741,1
518742,1
518743,1
518744,1
518745,1
518746,1
518747,1
518748,1
518749,1
518750,1
518751,1
518752,1
518753,1
518754,1
518755,1
518756,1
518757,1
518758,1
518759,1
518760,1
518761,1
518762,1
518763,1
518764,1
518765,1
518823,1
518824,1
518825,1
518826,1
518827,1
518828,1
518829,1
518830,1
518831,1
518832,1
518833,1
518834,1
518835,1
518836,1
518837,1
518838,1
518839,1
518840,1
518841,1
518842,1
518859,1
518860,1
518863,1
518864,1
518882,1
518883,1
518884,1
518885,1
518886,1
518887,1
518888,1
518889,1
518890,1
518891,1
518919,1
518920,1
518921,1
518922,1
518923,1
518924,1
518925,1
518926,1
518927,1
518928,1
518929,1
518930,1
518931,1
518932,1
518933,1
518934,1
518935,1
518936,1
518937,1
518938,1
518939,1
518940,1
518941,1
518942,1
518943,1
518944,1
518945,1
518946,1
518947,1
518948,1
518949,1
518950,1
518951,1
518952,1
518953,1
518954,1
518955,1
518956,1
518957,1
518958,1
518959,1
518960,1
518961,1
518962,1
518963,1
518964,1
518965,1
518966,1
518967,1
518968,1
518969,1
518970,1
518971,1
518972,1
518973,1
518974,1
518975,1
518976,1
518977,1
518978,1
518979,1
518980,1
518981,1
518982,1
518983,1
518984,1
518985,1
518986,1
518987,1
518988,1
518989,1
518990,1
518991,1
518992,1
518993,1
518994,1
518995,1
518996,1
518997,1
518998,1
518999,1
519000,1
519001,1
519002,1
519003,1
519004,1
519005,1
519006,1
519007,1
519008,1
519009,1
519010,1
519011,1
519012,1
519013,1
519014,1
519015,1
519016,1
519018,1
519019,1
519020,1
519021,1
519022,1
519023,1
519024,1
519025,1
519026,1
519027,1
519028,1
519029,1
519031,1
519032,1
519033,1
519034,1
519035,1
519040,1
519041,1
519042,1
519043,1
519045,1
519047,1
519048,1
519049,1
519050,1
519051,1
519053,1
519054,1
519065,1
519066,1
519067,1
519068,1
519069,1
519070,1
519071,1
519072,1
519073,1
519074,1
519075,1
519076,1
519077,1
519078,1
519079,1
519080,1
519081,1
519082,1
519083,1
519084,1
519085,1
519086,1
519087,1
519088,1
519089,1
519090,1
519091,1
519092,1
519093,1
519094,1
519095,1
519096,1
519097,1
519098,1
519099,1
519100,1
519101,1
519102,1
519103,1
519104,1
519105,1
519108,1
519109,1
519110,1
519111,1
519112,1
519113,1
519114,1
519115,1
519116,1
519117,1
519118,1
519119,1
519120,1
519125,1
519126,1
519127,1
519137,1
519138,1
519139,1
519151,1
519152,1
519153,1
519154,1
519157,1
519158,1
519159,1
519163,1
519164,1
519165,1
519166,1
519167,1
519168,1
519169,1
519170,1
519171,1
519172,1
519197,1
519213,1
519214,1
519215,1
519216,1
519220,1
519221,1
519222,1
519223,1
519225,1
519229,1
519230,1
519231,1
519235,1
519236,1
519238,1
519239,1
519240,1
519241,1
519245,1
519246,1
519247,1
519248,1
519249,1
519250,1
519272,1
519273,1
519274,1
519275,1
519276,1
519277,1
519278,1
519279,1
519280,1
519283,1
519284,1
519285,1
519289,1
519292,1
519293,1
519294,1
519295,1
519296,1
519297,1
519298,1
519301,1
519304,1
519305,1
519379,1
519380,1
519381,1
519382,1
519383,1
519384,1
519385,1
519386,1
519388,1
519391,1
519392,1
519393,1
519394,1
519395,1
519396,1
519397,1
519398,1
519399,1
519415,1
519421,1
519422,1
519423,1
519424,1
519425,1
519426,1
519427,1
519428,1
519429,1
519430,1
519431,1
519437,1
519438,1
519439,1
519440,1
519441,1
519442,1
519443,1
519444,1
519445,1
519446,1
519447,1
519448,1
519449,1
519450,1
519451,1
519452,1
519453,1
519454,1
519455,1
519456,1
519457,1
519458,1
519459,1
519460,1
519461,1
519462,1
519463,1
519471,1
519472,1
519473,1
519474,1
519475,1
519476,1
519477,1
519478,1
519480,1
519481,1
519482,1
519483,1
519504,1
519505,1
519506,1
519507,1
519508,1
519509,1
519544,1
519545,1
519546,1
519547,1
519548,1
519549,1
519550,1
519551,1
519552,1
519553,1
519554,1
519555,1
519556,1
519557,1
519558,1
519559,1
519560,1
519561,1
519562,1
519563,1
519564,1
519565,1
519566,1
519567,1
519568,1
519569,1
519570,1
519571,1
519572,1
519573,1
519574,1
519575,1
519576,1
519577,1
519578,1
519579,1
519580,1
519581,1
519582,1
519583,1
519584,1
519585,1
519586,1
519587,1
519588,1
519589,1
519590,1
519591,1
519592,1
519593,1
519594,1
519595,1
519596,1
519597,1
519598,1
519599,1
519600,1
519601,1
519602,1
519603,1
519604,1
519605,1
519606,1
519607,1
519608,1
519609,1
519610,1
519611,1
519612,1
519613,1
519614,1
519615,1
519616,1
519617,1
519618,1
519619,1
519620,1
519621,1
519622,1
519623,1
519624,1
519625,1
519626,1
519627,1
519628,1
519661,1
519662,1
519663,1
519664,1
519665,1
519666,1
519667,1
519668,1
519669,1
519670,1
519672,1
519727,1
519728,1
519729,1
519730,1
519731,1
519732,1
519733,1
519734,1
519736,1
519737,1
519738,1
519739,1
519741,1
519744,1
519745,1
519746,1
519747,1
519748,1
519749,1
519751,1
519752,1
519753,1
519754,1
519755,1
519756,1
519757,1
519758,1
519759,1
519760,1
519761,1
519763,1
519765,1
519766,1
519767,1
519768,1
519769,1
519770,1
519771,1
519772,1
519773,1
519774,1
519775,1
519777,1
519778,1
519779,1
519780,1
519781,1
519782,1
519783,1
519789,1
519797,1
519798,1
519799,1
519800,1
519801,1
519802,1
519803,1
519804,1
519805,1
519822,1
519823,1
519824,1
519825,1
519826,1
519827,1
519828,1
519829,1
519830,1
519831,1
519832,1
519867,1
519868,1
519869,1
519870,1
519871,1
519873,1
519874,1
519875,1
519876,1
519877,1
519878,1
519879,1
519880,1
519881,1
519882,1
519883,1
519884,1
519885,1
519886,1
519887,1
519888,1
519889,1
519890,1
519891,1
519892,1
519893,1
519894,1
519895,1
519896,1
519897,1
519898,1
519899,1
519900,1
519901,1
519902,1
519904,1
519905,1
519974,1
519975,1
519983,1
519984,1
519985,1
519986,1
520024,1
520025,1
520026,1
520027,1
520028,1
520029,1
520030,1
520031,1
520032,1
520033,1
520034,1
520035,1
520036,1
520037,1
520049,1
520050,1
520051,1
520052,1
520053,1
520054,1
520055,1
520056,1
520057,1
520058,1
520059,1
520060,1
520061,1
520062,1
520063,1
520066,1
520067,1
520068,1
520069,1
520070,1
520071,1
520072,1
520073,1
520074,1
520075,1
520076,1
520077,1
520078,1
520079,1
520080,1
520081,1
520082,1
520083,1
520084,1
520085,1
520086,1
520087,1
520088,1
520089,1
520090,1
520091,1
520092,1
520093,1
520094,1
520095,1
520096,1
520097,1
520098,1
520099,1
520100,1
520101,1
520102,1
520103,1
520104,1
520105,1
520106,1
520107,1
520108,1
520109,1
520110,1
520111,1
520112,1
520113,1
520114,1
520115,1
520116,1
520117,1
520118,1
520119,1
520120,1
520121,1
520122,1
520123,1
520124,1
520125,1
520126,1
520127,1
520128,1
520129,1
520130,1
520131,1
520132,1
520133,1
520134,1
520135,1
520136,1
520137,1
520138,1
520139,1
520140,1
520141,1
520142,1
520144,1
520145,1
520148,1
520149,1
520153,1
520260,1
520261,1
520264,1
520265,1
520269,1
520270,1
520271,1
520272,1
520273,1
520274,1
520275,1
520276,1
520277,1
520278,1
520279,1
520280,1
520281,1
520282,1
520283,1
520284,1
520287,1
520288,1
520289,1
520290,1
520291,1
520292,1
520293,1
520320,1
520321,1
520322,1
520323,1
520324,1
520325,1
520326,1
520327,1
520328,1
520329,1
520330,1
520331,1
520332,1
520333,1
520334,1
520335,1
520336,1
520337,1
520338,1
520339,1
520340,1
520341,1
520342,1
520343,1
520344,1
520345,1
520346,1
520347,1
520348,1
520349,1
520350,1
520351,1
520352,1
520353,1
520354,1
520355,1
520356,1
520357,1
520358,1
520359,1
520369,1
520370,1
520371,1
520372,1
520373,1
520500,1
520501,1
520503,1
520510,1
520511,1
520512,1
520513,1
520514,1
520515,1
520516,1
520517,1
520518,1
520519,1
520520,1
520521,1
520522,1
520523,1
520524,1
520525,1
520526,1
520527,1
520528,1
520529,1
520530,1
520531,1
520532,1
520540,1
520541,1
520542,1
520543,1
520544,1
520564,1
520565,1
520571,1
520572,1
520573,1
520574,1
520575,1
520576,1
520577,1
520578,1
520580,1
520581,1
520582,1
520583,1
520584,1
520585,1
520586,1
520587,1
520588,1
520589,1
520590,1
520591,1
520595,1
520596,1
520597,1
520598,1
520599,1
520600,1
520601,1
520602,1
520603,1
520604,1
520605,1
520661,1
520662,1
520663,1
520664,1
520665,1
520666,1
520667,1
520668,1
520669,1
520670,1
520671,1
520672,1
520673,1
520679,1
520680,1
520681,1
520682,1
520683,1
520684,1
520685,1
520686,1
520687,1
520688,1
520689,1
520690,1
520691,1
520692,1
520693,1
520694,1
520695,1
520696,1
520697,1
520698,1
520699,1
520700,1
520701,1
520702,1
520718,1
520719,1
520720,1
520721,1
520722,1
520723,1
520724,1
520725,1
520726,1
520727,1
520728,1
520729,1
520730,1
520731,1
520732,1
520733,1
520734,1
520735,1
520736,1
520737,1
520738,1
520739,1
520740,1
520741,1
520742,1
520743,1
520744,1
520745,1
520746,1
520747,1
520748,1
520749,1
520750,1
520751,1
520752,1
520753,1
520754,1
520755,1
520756,1
520757,1
520758,1
520759,1
520760,1
520761,1
520762,1
520763,1
520764,1
520765,1
520766,1
520767,1
520768,1
520769,1
520770,1
520771,1
520772,1
520773,1
520774,1
520775,1
520776,1
520777,1
520778,1
520779,1
520780,1
520781,1
520782,1
520783,1
520792,1
520793,1
520794,1
520795,1
520796,1
520797,1
520798,1
520799,1
520800,1
520801,1
520802,1
520820,1
520822,1
520823,1
520824,1
520825,1
520826,1
520827,1
520828,1
520829,1
520830,1
520831,1
520832,1
520833,1
520834,1
520835,1
520836,1
520837,1
520838,1
520839,1
520840,1
520841,1
520842,1
520843,1
520844,1
520846,1
520847,1
520848,1
520850,1
520851,1
520852,1
520853,1
520854,1
520855,1
520856,1
520889,1
520890,1
520891,1
520892,1
520893,1
520894,1
520895,1
520896,1
520897,1
520898,1
520899,1
520900,1
520901,1
520902,1
520903,1
520904,1
520905,1
520906,1
520907,1
520908,1
520909,1
520910,1
520911,1
520912,1
520913,1
520914,1
520915,1
520916,1
520917,1
520918,1
520919,1
520920,1
520927,1
520929,1
520931,1
520932,1
520933,1
520937,1
520938,1
520939,1
520946,1
520947,1
520948,1
520949,1
520950,1
520951,1
520952,1
520953,1
520954,1
520955,1
520956,1
520957,1
520958,1
520959,1
520960,1
520961,1
520962,1
520963,1
520964,1
520966,1
520973,1
520974,1
520976,1
520977,1
520978,1
520979,1
520980,1
520981,1
520982,1
520983,1
520984,1
520985,1
520986,1
520997,1
520998,1
520999,1
521000,1
521001,1
521002,1
521039,1
521040,1
521041,1
521042,1
521043,1
521044,1
521063,1
521064,1
521067,1
521068,1
521069,1
521070,1
521071,1
521072,1
521073,1
521079,1
521080,1
521081,1
521082,1
521083,1
521084,1
521085,1
521086,1
521087,1
521088,1
521089,1
521090,1
521091,1
521092,1
521093,1
521094,1
521095,1
521096,1
521097,1
521098,1
521099,1
521100,1
521101,1
521134,1
521135,1
521136,1
521137,1
521138,1
521139,1
521140,1
521141,1
521142,1
521143,1
521144,1
521145,1
521146,1
521147,1
521148,1
521149,1
521150,1
521151,1
521152,1
521153,1
521154,1
521155,1
521156,1
521157,1
521158,1
521159,1
521160,1
521161,1
521162,1
521163,1
521164,1
521165,1
521166,1
521167,1
521168,1
521169,1
521170,1
521171,1
521172,1
521173,1
521174,1
521175,1
521176,1
521177,1
521178,1
521179,1
521180,1
521181,1
521182,1
521183,1
521184,1
521185,1
521186,1
521187,1
521188,1
521189,1
521190,1
521191,1
521192,1
521193,1
521194,1
521195,1
521196,1
521197,1
521198,1
521199,1
521200,1
521201,1
521202,1
521203,1
521204,1
521205,1
521206,1
521207,1
521208,1
521209,1
521210,1
521211,1
521212,1
521213,1
521214,1
521215,1
521216,1
521217,1
521218,1
521219,1
521220,1
521221,1
521222,1
521223,1
521224,1
521225,1
521226,1
521227,1
521228,1
521229,1
521230,1
521231,1
521232,1
521233,1
521234,1
521235,1
521236,1
521237,1
521238,1
521239,1
521240,1
521241,1
521242,1
521243,1
521244,1
521245,1
521246,1
521247,1
521248,1
521249,1
521250,1
521251,1
521252,1
521253,1
521254,1
521255,1
521256,1
521257,1
521258,1
521305,1
521306,1
521307,1
521308,1
521309,1
521310,1
521311,1
521312,1
521313,1
521314,1
521315,1
521316,1
521317,1
521318,1
521319,1
521320,1
521321,1
521322,1
521323,1
521324,1
521325,1
521326,1
521327,1
521328,1
521329,1
521330,1
521331,1
521332,1
521333,1
521334,1
521335,1
521336,1
521337,1
521338,1
521339,1
521340,1
521341,1
521342,1
521343,1
521344,1
521345,1
521346,1
521347,1
521348,1
521349,1
521350,1
521351,1
521352,1
521353,1
521354,1
521355,1
521356,1
521357,1
521358,1
521359,1
521360,1
521361,1
521362,1
521363,1
521364,1
521365,1
521366,1
521367,1
521368,1
521369,1
521370,1
521371,1
521372,1
521373,1
521374,1
521375,1
521376,1
521377,1
521378,1
521429,1
521430,1
521431,1
521432,1
521433,1
521434,1
521435,1
521436,1
521437,1
521438,1
521439,1
521440,1
521441,1
521442,1
521443,1
521444,1
521445,1
521446,1
521447,1
521448,1
521449,1
521450,1
521451,1
521452,1
521453,1
521454,1
521455,1
521456,1
521457,1
521458,1
521459,1
521460,1
521461,1
521556,1
521557,1
521558,1
521559,1
521560,1
521561,1
521562,1
521563,1
521564,1
521565,1
521566,1
521567,1
521568,1
521569,1
521570,1
521571,1
521572,1
521573,1
521574,1
521575,1
521576,1
521577,1
521578,1
521579,1
521580,1
521581,1
521582,1
521583,1
521584,1
521585,1
521586,1
521587,1
521588,1
521589,1
521590,1
521591,1
521592,1
521593,1
521594,1
521595,1
521596,1
521597,1
521598,1
521599,1
521600,1
521601,1
521602,1
521603,1
521604,1
521605,1
521606,1
521607,1
521608,1
521609,1
521610,1
521611,1
521612,1
521762,1
521763,1
521764,1
521765,1
521770,1
521771,1
521931,1
521932,1
521933,1
521934,1
521952,1
521953,1
521954,1
521955,1
521956,1
521957,1
521958,1
521959,1
521960,1
521961,1
521962,1
521963,1
521964,1
521965,1
521966,1
521967,1
521968,1
521969,1
521970,1
521971,1
521972,1
521973,1
521974,1
521976,1
521977,1
521978,1
521979,1
521980,1
521981,1
521982,1
521983,1
521984,1
521985,1
521986,1
521987,1
521988,1
521989,1
521990,1
521992,1
521993,1
521994,1
521995,1
521996,1
521997,1
521998,1
521999,1
522095,1
522096,1
522097,1
522098,1
522099,1
522100,1
522101,1
522102,1
522121,1
522122,1
522124,1
522126,1
522128,1
522129,1
522130,1
522131,1
522132,1
522133,1
522134,1
522135,1
522136,1
522137,1
522138,1
522139,1
522140,1
522141,1
522142,1
522145,1
522147,1
522148,1
522149,1
522150,1
522151,1
522204,1
522207,1
522208,1
522210,1
522219,1
522220,1
522221,1
522223,1
522224,1
522300,1
522301,1
522302,1
522303,1
522304,1
522305,1
522306,1
522307,1
522308,1
522309,1
522310,1
522311,1
522312,1
522313,1
522314,1
522315,1
522316,1
522317,1
522318,1
522319,1
522320,1
522321,1
522322,1
522323,1
522324,1
522325,1
522326,1
522327,1
522328,1
522329,1
522330,1
522331,1
522332,1
522333,1
522334,1
522335,1
522336,1
522337,1
522338,1
522339,1
522340,1
522341,1
522342,1
522343,1
522344,1
522345,1
522346,1
522347,1
522348,1
522349,1
522350,1
522351,1
522352,1
522353,1
522354,1
522355,1
522372,1
522373,1
522374,1
522375,1
522376,1
522377,1
522378,1
522379,1
522380,1
522381,1
522382,1
522383,1
522384,1
522385,1
522386,1
522387,1
522388,1
522389,1
522390,1
522391,1
522392,1
522393,1
522394,1
522395,1
522396,1
522397,1
522398,1
522399,1
522400,1
522401,1
522402,1
522403,1
522404,1
522405,1
522406,1
522407,1
522408,1
522409,1
522410,1
522411,1
522412,1
522413,1
522414,1
522415,1
522416,1
522417,1
522418,1
522419,1
522420,1
522421,1
522422,1
522423,1
522424,1
522425,1
522426,1
522427,1
522428,1
522429,1
522430,1
522431,1
522432,1
522433,1
522434,1
522435,1
522436,1
522437,1
522438,1
522439,1
522445,1
522446,1
522448,1
522449,1
522450,1
522451,1
522452,1
522453,1
522454,1
522455,1
522456,1
522457,1
522458,1
522459,1
522460,1
522461,1
522462,1
522463,1
522464,1
522465,1
522466,1
522467,1
522468,1
522469,1
522470,1
522471,1
522472,1
522473,1
522474,1
522475,1
522476,1
522477,1
522478,1
522479,1
522480,1
522481,1
522482,1
522483,1
522484,1
522485,1
522486,1
522487,1
522488,1
522489,1
522490,1
522491,1
522492,1
522493,1
522494,1
522495,1
522496,1
522497,1
522498,1
522499,1
522500,1
522501,1
522502,1
522503,1
522504,1
522505,1
522506,1
522507,1
522508,1
522509,1
522510,1
522511,1
522512,1
522513,1
522514,1
522515,1
522516,1
522517,1
522519,1
522555,1
522556,1
522557,1
522558,1
522559,1
522560,1
522562,1
522588,1
522589,1
522590,1
522655,1
522656,1
522657,1
522658,1
522659,1
522660,1
522661,1
522662,1
522663,1
522664,1
522665,1
522666,1
522667,1
522668,1
522669,1
522670,1
522671,1
522672,1
522673,1
522675,1
522676,1
522677,1
522678,1
522679,1
522680,1
522686,1
522687,1
522689,1
522690,1
522691,1
522692,1
522693,1
522694,1
522695,1
522696,1
522697,1
522698,1
522699,1
522700,1
522701,1
522702,1
522703,1
522704,1
522705,1
522706,1
522707,1
522708,1
522709,1
522710,1
522711,1
522712,1
522713,1
522714,1
522715,1
522716,1
522717,1
522718,1
522719,1
522720,1
522721,1
522722,1
522723,1
522724,1
522725,1
522726,1
522727,1
522728,1
522729,1
522730,1
522731,1
522732,1
522733,1
522734,1
522735,1
522736,1
522737,1
522738,1
522739,1
522740,1
522741,1
522742,1
522743,1
522744,1
522745,1
522746,1
522747,1
522748,1
522749,1
522750,1
522751,1
522752,1
522753,1
522754,1
522755,1
522756,1
522757,1
522758,1
522759,1
522760,1
522761,1
522762,1
522763,1
522764,1
522765,1
522766,1
522767,1
522768,1
522769,1
522770,1
522771,1
522772,1
522773,1
522774,1
522775,1
522776,1
522777,1
522778,1
522779,1
522780,1
522781,1
522782,1
522783,1
522784,1
522815,1
522816,1
522817,1
522818,1
522823,1
522824,1
522825,1
522826,1
522848,1
522849,1
522850,1
522855,1
522856,1
522857,1
522858,1
522859,1
522860,1
522861,1
522862,1
522863,1
522907,1
522908,1
522909,1
522910,1
522911,1
522912,1
522913,1
522914,1
522915,1
522916,1
522917,1
522918,1
522919,1
522920,1
522921,1
522922,1
522923,1
522924,1
522925,1
522926,1
522927,1
522928,1
522929,1
522930,1
522931,1
522932,1
522933,1
522934,1
522935,1
522936,1
522937,1
522938,1
522939,1
522940,1
522941,1
522942,1
522943,1
522944,1
523010,1
523011,1
523012,1
523013,1
523014,1
523015,1
523016,1
523017,1
523018,1
523019,1
523020,1
523021,1
523022,1
523023,1
523024,1
523027,1
523028,1
523029,1
523041,1
523043,1
523044,1
523045,1
523046,1
523048,1
523049,1
523050,1
523051,1
523052,1
523053,1
523054,1
523055,1
523056,1
523057,1
523058,1
523062,1
523063,1
523064,1
523070,1
523071,1
523072,1
523074,1
523075,1
523076,1
523077,1
523078,1
523079,1
523080,1
523081,1
523082,1
523083,1
523084,1
523085,1
523086,1
523087,1
523088,1
523089,1
523090,1
523091,1
523092,1
523093,1
523094,1
523095,1
523096,1
523097,1
523098,1
523099,1
523100,1
523101,1
523102,1
523103,1
523104,1
523105,1
523106,1
523107,1
523108,1
523109,1
523110,1
523111,1
523112,1
523113,1
523114,1
523115,1
523116,1
523117,1
523118,1
523119,1
523120,1
523124,1
523125,1
523126,1
523127,1
523128,1
523129,1
523130,1
523131,1
523132,1
523133,1
523135,1
523136,1
523141,1
523143,1
523154,1
523155,1
523156,1
523157,1
523158,1
523159,1
523160,1
523161,1
523162,1
523163,1
523164,1
523218,1
523219,1
523220,1
523221,1
523222,1
523223,1
523225,1
523226,1
523228,1
523229,1
523230,1
523231,1
523237,1
523241,1
523242,1
523243,1
523244,1
523245,1
523246,1
523247,1
523248,1
523249,1
523250,1
523251,1
523252,1
523254,1
523255,1
523256,1
523257,1
523258,1
523259,1
523260,1
523261,1
523262,1
523263,1
523264,1
523265,1
523266,1
523267,1
523268,1
523269,1
523270,1
523271,1
523272,1
523273,1
523280,1
523281,1
523282,1
523284,1
523287,1
523288,1
523291,1
523292,1
523293,1
523294,1
523295,1
523296,1
523297,1
523298,1
523299,1
523300,1
523307,1
523308,1
523309,1
523310,1
523311,1
523312,1
523313,1
523314,1
523315,1
523316,1
523317,1
523318,1
523319,1
523320,1
523321,1
523324,1
523326,1
523327,1
523328,1
523329,1
523330,1
523331,1
523332,1
523333,1
523334,1
523335,1
523336,1
523337,1
523338,1
523339,1
523340,1
523341,1
523345,1
523346,1
523347,1
523349,1
523351,1
523352,1
523354,1
523356,1
523357,1
523358,1
523359,1
523360,1
523361,1
523362,1
523363,1
523364,1
523365,1
523366,1
523367,1
523368,1
523369,1
523370,1
523371,1
523372,1
523373,1
523374,1
523375,1
523376,1
523377,1
523378,1
523379,1
523380,1
523381,1
523382,1
523383,1
523384,1
523385,1
523386,1
523387,1
523388,1
523389,1
523390,1
523391,1
523392,1
523393,1
523394,1
523395,1
523396,1
523397,1
523398,1
523399,1
523400,1
523401,1
523402,1
523403,1
523404,1
523405,1
523406,1
523407,1
523408,1
523409,1
523410,1
523436,1
523437,1
523438,1
523439,1
523440,1
523443,1
523445,1
523446,1
523447,1
523448,1
523449,1
523450,1
523451,1
523452,1
523453,1
523454,1
523455,1
523458,1
523459,1
523473,1
523474,1
523475,1
523476,1
523477,1
523478,1
523479,1
523480,1
523481,1
523482,1
523483,1
523484,1
523485,1
523486,1
523487,1
523488,1
523489,1
523490,1
523491,1
523492,1
523493,1
523494,1
523495,1
523496,1
523497,1
523498,1
523499,1
523500,1
523501,1
523502,1
523503,1
523504,1
523505,1
523506,1
523507,1
523508,1
523509,1
523510,1
523511,1
523512,1
523513,1
523514,1
523515,1
523516,1
523517,1
523518,1
523519,1
523520,1
523521,1
523522,1
523523,1
523524,1
523525,1
523526,1
523527,1
523528,1
523529,1
523530,1
523531,1
523532,1
523533,1
523534,1
523535,1
523536,1
523543,1
523544,1
523545,1
523550,1
523551,1
523552,1
523572,1
523573,1
523575,1
523576,1
523602,1
523603,1
523605,1
523606,1
523607,1
523608,1
523609,1
523610,1
523611,1
523612,1
523613,1
523614,1
523615,1
523616,1
523617,1
523618,1
523619,1
523620,1
523621,1
523622,1
523623,1
523624,1
523625,1
523626,1
523627,1
523628,1
523629,1
523630,1
523631,1
523632,1
523633,1
523634,1
523635,1
523636,1
523637,1
523638,1
523639,1
523640,1
523641,1
523642,1
523643,1
523644,1
523645,1
523646,1
523647,1
523648,1
523649,1
523650,1
523651,1
523652,1
523653,1
523654,1
523655,1
523656,1
523657,1
523658,1
523659,1
523660,1
523661,1
523662,1
523663,1
523664,1
523665,1
523666,1
523667,1
523670,1
523671,1
523672,1
523673,1
523674,1
523675,1
523676,1
523677,1
523678,1
523679,1
523680,1
523681,1
523696,1
523697,1
523698,1
523699,1
523700,1
523701,1
523702,1
523703,1
523704,1
523705,1
523706,1
523707,1
523708,1
523709,1
523710,1
523711,1
523712,1
523713,1
523714,1
523715,1
523716,1
523717,1
523718,1
523719,1
523720,1
523721,1
523722,1
523723,1
523724,1
523725,1
523726,1
523727,1
523728,1
523729,1
523730,1
523731,1
523732,1
523733,1
523734,1
523735,1
523736,1
523737,1
523738,1
523739,1
523740,1
523741,1
523742,1
523743,1
523744,1
523745,1
523746,1
523747,1
523748,1
523749,1
523750,1
523751,1
523752,1
523753,1
523754,1
523755,1
523756,1
523757,1
523758,1
523759,1
523760,1
523761,1
523762,1
523763,1
523764,1
523765,1
523766,1
523767,1
523768,1
523769,1
523770,1
523771,1
523772,1
523773,1
523774,1
523775,1
523776,1
523777,1
523778,1
523779,1
523780,1
523781,1
523782,1
523783,1
523784,1
523785,1
523786,1
523787,1
523788,1
523789,1
523790,1
523791,1
523792,1
523793,1
523796,1
523797,1
523798,1
523799,1
523800,1
523801,1
523802,1
523803,1
523804,1
523805,1
523806,1
523807,1
523808,1
523809,1
523810,1
523814,1
523815,1
523816,1
523817,1
523818,1
523819,1
523820,1
523821,1
523822,1
523823,1
523824,1
523825,1
523826,1
523827,1
523828,1
523829,1
523830,1
523831,1
523833,1
523834,1
523835,1
523836,1
523837,1
523838,1
523839,1
523840,1
523841,1
523842,1
523850,1
523851,1
523902,1
523903,1
523906,1
523908,1
523909,1
523910,1
523911,1
523912,1
523913,1
523914,1
523915,1
523916,1
523917,1
523918,1
523919,1
523920,1
523921,1
523922,1
523923,1
523924,1
523925,1
523926,1
523927,1
523928,1
523929,1
523930,1
523931,1
523932,1
523944,1
523945,1
523946,1
523947,1
523948,1
523949,1
523950,1
523951,1
523952,1
523959,1
523960,1
523961,1
523972,1
523973,1
523974,1
523975,1
523977,1
523978,1
523979,1
523980,1
523981,1
523982,1
523983,1
523984,1
523989,1
523990,1
524006,1
524020,1
524021,1
524022,1
524023,1
524024,1
524025,1
524026,1
524027,1
524028,1
524029,1
524030,1
524031,1
524032,1
524033,1
524034,1
524035,1
524036,1
524037,1
524038,1
524040,1
524041,1
524042,1
524043,1
524044,1
524045,1
524046,1
524047,1
524048,1
524049,1
524050,1
524051,1
524052,1
524053,1
524054,1
524055,1
524056,1
524057,1
524058,1
524059,1
524060,1
524061,1
524062,1
524063,1
524064,1
524065,1
524066,1
524067,1
524068,1
524069,1
524070,1
524071,1
524072,1
524073,1
524074,1
524075,1
524076,1
524077,1
524078,1
524086,1
524087,1
524090,1
524091,1
524092,1
524093,1
524094,1
524095,1
524096,1
524097,1
524098,1
524099,1
524100,1
524101,1
524102,1
524103,1
524104,1
524105,1
524106,1
524112,1
524113,1
524114,1
524115,1
524116,1
524117,1
524118,1
524152,1
524155,1
524156,1
524157,1
524158,1
524159,1
524160,1
524161,1
524162,1
524163,1
524164,1
524165,1
524166,1
524167,1
524168,1
524169,1
524170,1
524171,1
524172,1
524183,1
524184,1
524216,1
524217,1
524218,1
524219,1
524220,1
524227,1
524230,1
524231,1
524232,1
524233,1
524234,1
524235,1
524236,1
524237,1
524238,1
524239,1
524240,1
524241,1
524242,1
524243,1
524244,1
524245,1
524249,1
524251,1
524268,1
524269,1
524270,1
524271,1
524272,1
524273,1
524274,1
524275,1
524278,1
524279,1
524286,1
524304,1
524305,1
524306,1
524307,1
524316,1
524317,1
524318,1
524319,1
524320,1
524329,1
524330,1
524331,1
524370,1
524371,1
524372,1
524373,1
524374,1
524375,1
524376,1
524380,1
524381,1
524382,1
524383,1
524384,1
524385,1
524386,1
524387,1
524388,1
524389,1
524390,1
524391,1
524392,1
524393,1
524394,1
524395,1
524396,1
524397,1
524398,1
524399,1
524400,1
524401,1
524402,1
524403,1
524404,1
524405,1
524406,1
524421,1
524425,1
524435,1
524436,1
524437,1
524438,1
524439,1
524440,1
524441,1
524442,1
524451,1
524452,1
524453,1
524454,1
524457,1
524458,1
524473,1
524475,1
524476,1
524478,1
524479,1
524480,1
524481,1
524482,1
524483,1
524484,1
524485,1
524486,1
524487,1
524490,1
524491,1
524492,1
524493,1
524494,1
524516,1
524517,1
524518,1
524519,1
524520,1
524521,1
524522,1
524523,1
524524,1
524525,1
524526,1
524527,1
524528,1
524529,1
524530,1
524531,1
524532,1
524533,1
524599,1
524601,1
524602,1
524603,1
524604,1
524605,1
524607,1
524610,1
524611,1
524612,1
524613,1
524614,1
524615,1
524616,1
524617,1
524621,1
524622,1
524623,1
524624,1
524625,1
524626,1
524627,1
524628,1
524629,1
524630,1
524631,1
524632,1
524633,1
524634,1
524635,1
524636,1
524637,1
524638,1
524639,1
524640,1
524641,1
524642,1
524643,1
524644,1
524645,1
524646,1
524647,1
524648,1
524649,1
524650,1
524651,1
524652,1
524653,1
524654,1
524655,1
524656,1
524657,1
524658,1
524659,1
524660,1
524661,1
524662,1
524663,1
524669,1
524671,1
524672,1
524677,1
524678,1
524711,1
524712,1
524713,1
524714,1
524722,1
524723,1
524725,1
524726,1
524727,1
524728,1
524729,1
524730,1
524731,1
524732,1
524733,1
524734,1
524735,1
524736,1
524737,1
524738,1
524740,1
524741,1
524742,1
524743,1
524746,1
524747,1
524748,1
524749,1
524750,1
524751,1
524752,1
524753,1
524754,1
524755,1
524756,1
524757,1
524758,1
524759,1
524760,1
524761,1
524762,1
524764,1
524765,1
524766,1
524767,1
524768,1
524769,1
524770,1
524771,1
524772,1
524773,1
524774,1
524775,1
524776,1
524777,1
524778,1
524779,1
524780,1
524781,1
524782,1
524783,1
524784,1
524785,1
524786,1
524787,1
524788,1
524789,1
524790,1
524791,1
524792,1
524793,1
524794,1
524795,1
524796,1
524797,1
524798,1
524799,1
524800,1
524801,1
524802,1
524803,1
524804,1
524805,1
524806,1
524807,1
524808,1
524809,1
524810,1
524811,1
524812,1
524813,1
524814,1
524815,1
524816,1
524817,1
524818,1
524819,1
524820,1
524821,1
524822,1
524823,1
524824,1
524825,1
524826,1
524827,1
524828,1
524829,1
524830,1
524831,1
524832,1
524833,1
524834,1
524835,1
524836,1
524837,1
524838,1
524839,1
524840,1
524841,1
524842,1
524843,1
524844,1
524845,1
524846,1
524847,1
524848,1
524849,1
524850,1
524851,1
524852,1
524853,1
524854,1
524855,1
524856,1
524857,1
524858,1
524859,1
524860,1
524861,1
524862,1
524863,1
524864,1
524865,1
524866,1
524867,1
524868,1
524869,1
524870,1
524902,1
524903,1
524904,1
524905,1
524906,1
524907,1
524908,1
524909,1
524910,1
524911,1
524912,1
524913,1
524914,1
524915,1
524916,1
524917,1
524918,1
524919,1
524920,1
524921,1
524922,1
524923,1
524924,1
524925,1
524926,1
524927,1
524928,1
524929,1
524930,1
524931,1
524932,1
524933,1
524934,1
524935,1
524936,1
524937,1
524938,1
524939,1
524940,1
524941,1
524942,1
524943,1
524944,1
524945,1
524946,1
524947,1
524948,1
524949,1
524950,1
524951,1
524952,1
524953,1
524954,1
524955,1
524956,1
524957,1
524958,1
524959,1
524960,1
524961,1
524962,1
524963,1
524964,1
524965,1
524966,1
524967,1
524968,1
524969,1
524970,1
524971,1
524972,1
524973,1
524974,1
524975,1
524976,1
524977,1
524978,1
524979,1
524980,1
524981,1
524982,1
524983,1
524984,1
524987,1
524988,1
524989,1
524990,1
524991,1
524992,1
524993,1
524994,1
524995,1
524996,1
524997,1
524998,1
524999,1
525000,1
525001,1
525002,1
525003,1
525004,1
525005,1
525008,1
525009,1
525010,1
525011,1
525012,1
525013,1
525014,1
525015,1
525042,1
525043,1
525044,1
525045,1
525047,1
525048,1
525049,1
525050,1
525051,1
525053,1
525054,1
525055,1
525056,1
525057,1
525058,1
525059,1
525060,1
525061,1
525062,1
525063,1
525064,1
525065,1
525066,1
525067,1
525068,1
525069,1
525070,1
525071,1
525072,1
525073,1
525074,1
525075,1
525076,1
525077,1
525078,1
525079,1
525080,1
525081,1
525082,1
525086,1
525087,1
525088,1
525089,1
525090,1
525091,1
525092,1
525093,1
525094,1
525095,1
525096,1
525097,1
525098,1
525099,1
525100,1
525135,1
525136,1
525137,1
525138,1
525139,1
525140,1
525141,1
525142,1
525143,1
525144,1
525145,1
525147,1
525172,1
525173,1
525174,1
525175,1
525176,1
525177,1
525178,1
525179,1
525180,1
525181,1
525182,1
525183,1
525184,1
525185,1
525186,1
525187,1
525188,1
525189,1
525190,1
525191,1
525192,1
525193,1
525195,1
525196,1
525198,1
525199,1
525200,1
525201,1
525202,1
525203,1
525204,1
525205,1
525206,1
525207,1
525208,1
525209,1
525210,1
525211,1
525212,1
525213,1
525214,1
525215,1
525216,1
525217,1
525218,1
525219,1
525220,1
525221,1
525222,1
525223,1
525224,1
525225,1
525226,1
525227,1
525228,1
525229,1
525230,1
525231,1
525232,1
525233,1
525234,1
525235,1
525236,1
525237,1
525238,1
525239,1
525241,1
525242,1
525243,1
525244,1
525245,1
525246,1
525247,1
525248,1
525249,1
525250,1
525251,1
525252,1
525253,1
525254,1
525255,1
525256,1
525257,1
525258,1
525261,1
525262,1
525264,1
525265,1
525269,1
525270,1
525271,1
525272,1
525273,1
525274,1
525275,1
525276,1
525293,1
525294,1
525295,1
525296,1
525297,1
525298,1
525299,1
525300,1
525301,1
525304,1
525305,1
525306,1
525307,1
525326,1
525327,1
525332,1
525333,1
525340,1
525341,1
525362,1
525363,1
525364,1
525365,1
525366,1
525367,1
525368,1
525369,1
525370,1
525371,1
525372,1
525373,1
525374,1
525375,1
525376,1
525377,1
525378,1
525379,1
525380,1
525381,1
525382,1
525383,1
525384,1
525385,1
525386,1
525387,1
525388,1
525389,1
525390,1
525391,1
525392,1
525393,1
525394,1
525395,1
525396,1
525397,1
525399,1
525400,1
525401,1
525402,1
525404,1
525405,1
525406,1
525407,1
525424,1
525425,1
525426,1
525427,1
525428,1
525429,1
525430,1
525431,1
525432,1
525433,1
525434,1
525436,1
525437,1
525438,1
525439,1
525440,1
525441,1
525442,1
525443,1
525444,1
525453,1
525454,1
525455,1
525456,1
525457,1
525458,1
525459,1
525460,1
525461,1
525462,1
525463,1
525465,1
525470,1
525471,1
525472,1
525473,1
525474,1
525475,1
525476,1
525477,1
525479,1
525480,1
525481,1
525482,1
525483,1
525484,1
525485,1
525486,1
525487,1
525489,1
525491,1
525492,1
525493,1
525494,1
525495,1
525496,1
525497,1
525498,1
525499,1
525500,1
525501,1
525535,1
525536,1
525611,1
525615,1
525717,1
525718,1
525719,1
525720,1
525721,1
525722,1
525723,1
525724,1
525725,1
525760,1
525761,1
525762,1
525763,1
525764,1
525765,1
525766,1
525779,1
525780,1
525781,1
525782,1
525783,1
525784,1
525785,1
525786,1
525787,1
525788,1
525789,1
525790,1
525791,1
525792,1
525793,1
525794,1
525803,1
525804,1
525805,1
525806,1
525807,1
525808,1
525809,1
525810,1
525814,1
525831,1
525832,1
525833,1
525834,1
525836,1
525837,1
525838,1
525839,1
525840,1
525841,1
525842,1
525843,1
525844,1
525845,1
525846,1
525847,1
525848,1
525849,1
525850,1
525851,1
525852,1
525853,1
525854,1
525855,1
525856,1
525857,1
525858,1
525859,1
525860,1
525861,1
525862,1
525863,1
525864,1
525913,1
525914,1
525915,1
525916,1
525918,1
525919,1
525921,1
525922,1
525923,1
525924,1
525925,1
525926,1
525927,1
525928,1
525929,1
525930,1
525934,1
525945,1
525946,1
525957,1
525958,1
525959,1
525961,1
525962,1
525963,1
525964,1
525965,1
525966,1
525982,1
525983,1
525984,1
525985,1
525988,1
525989,1
525990,1
525991,1
525992,1
525993,1
525994,1
525995,1
525996,1
525997,1
526001,1
526002,1
526004,1
526005,1
526006,1
526009,1
526011,1
526012,1
526020,1
526021,1
526022,1
526023,1
526024,1
526025,1
526026,1
526027,1
526028,1
526029,1
526030,1
526031,1
526032,1
526033,1
526034,1
526035,1
526036,1
526037,1
526038,1
526249,1
526250,1
526251,1
526252,1
526253,1
526254,1
526255,1
526256,1
526260,1
526261,1
526262,1
526263,1
526264,1
526265,1
526266,1
526267,1
526268,1
526269,1
526270,1
526271,1
526272,1
526273,1
526274,1
526278,1
526279,1
526280,1
526281,1
526282,1
526283,1
526288,1
526289,1
526290,1
526291,1
526292,1
526293,1
526294,1
526295,1
526296,1
526302,1
526303,1
526304,1
526305,1
526306,1
526307,1
526308,1
526309,1
526310,1
526311,1
526312,1
526313,1
526317,1
526319,1
526320,1
526321,1
526322,1
526323,1
526324,1
526325,1
526326,1
526327,1
526328,1
526329,1
526330,1
526331,1
526332,1
526333,1
526334,1
526335,1
526336,1
526337,1
526338,1
526339,1
526340,1
526341,1
526342,1
526343,1
526344,1
526345,1
526346,1
526347,1
526348,1
526350,1
526371,1
526373,1
526374,1
526375,1
526382,1
526383,1
526384,1
526385,1
526386,1
526388,1
526389,1
526391,1
526392,1
526393,1
526394,1
526395,1
526396,1
526397,1
526407,1
526408,1
526409,1
526410,1
526423,1
526424,1
526425,1
526426,1
526427,1
526428,1
526429,1
526430,1
526431,1
526432,1
526433,1
526434,1
526435,1
526436,1
526437,1
526438,1
526439,1
526440,1
526441,1
526442,1
526443,1
526444,1
526447,1
526448,1
526449,1
526476,1
526477,1
526478,1
526479,1
526480,1
526481,1
526482,1
526483,1
526484,1
526485,1
526487,1
526488,1
526489,1
526490,1
526491,1
526492,1
526493,1
526494,1
526495,1
526496,1
526498,1
526499,1
526500,1
526501,1
526502,1
526503,1
526504,1
526505,1
526506,1
526507,1
526508,1
526509,1
526510,1
526511,1
526512,1
526514,1
526515,1
526516,1
526517,1
526518,1
526519,1
526520,1
526521,1
526522,1
526523,1
526524,1
526525,1
526526,1
526527,1
526528,1
526529,1
526530,1
526531,1
526532,1
526533,1
526534,1
526535,1
526536,1
526537,1
526538,1
526539,1
526540,1
526541,1
526542,1
526543,1
526544,1
526545,1
526546,1
526547,1
526548,1
526549,1
526550,1
526551,1
526552,1
526553,1
526554,1
526555,1
526556,1
526557,1
526558,1
526559,1
526560,1
526561,1
526562,1
526563,1
526564,1
526565,1
526566,1
526567,1
526568,1
526569,1
526570,1
526571,1
526572,1
526573,1
526574,1
526575,1
526576,1
526577,1
526578,1
526579,1
526580,1
526581,1
526582,1
526583,1
526584,1
526585,1
526586,1
526587,1
526588,1
526589,1
526590,1
526591,1
526592,1
526593,1
526594,1
526595,1
526596,1
526597,1
526598,1
526599,1
526600,1
526601,1
526602,1
526603,1
526604,1
526605,1
526606,1
526607,1
526608,1
526609,1
526610,1
526614,1
526620,1
526621,1
526622,1
526623,1
526624,1
526625,1
526626,1
526627,1
526628,1
526629,1
526630,1
526631,1
526632,1
526633,1
526634,1
526635,1
526636,1
526637,1
526638,1
526639,1
526640,1
526641,1
526642,1
526643,1
526644,1
526645,1
526646,1
526647,1
526648,1
526649,1
526650,1
526651,1
526652,1
526653,1
526654,1
526655,1
526656,1
526657,1
526658,1
526659,1
526660,1
526661,1
526662,1
526663,1
526664,1
526665,1
526666,1
526667,1
526668,1
526669,1
526670,1
526671,1
526672,1
526673,1
526674,1
526675,1
526676,1
526677,1
526678,1
526679,1
526680,1
526681,1
526682,1
526683,1
526684,1
526685,1
526686,1
526687,1
526688,1
526689,1
526690,1
526691,1
526692,1
526693,1
526694,1
526695,1
526696,1
526697,1
526698,1
526699,1
526700,1
526702,1
526703,1
526704,1
526705,1
526706,1
526707,1
526708,1
526709,1
526710,1
526711,1
526712,1
526713,1
526714,1
526715,1
526716,1
526717,1
526718,1
526719,1
526720,1
526721,1
526722,1
526723,1
526724,1
526725,1
526726,1
526727,1
526728,1
526729,1
526730,1
526731,1
526732,1
526733,1
526763,1
526764,1
526765,1
526773,1
526774,1
526775,1
526776,1
526777,1
526779,1
526780,1
526781,1
526782,1
526783,1
526784,1
526785,1
526786,1
526787,1
526788,1
526789,1
526790,1
526792,1
526793,1
526794,1
526795,1
526796,1
526797,1
526798,1
526799,1
526800,1
526801,1
526802,1
526803,1
526804,1
526805,1
526806,1
526807,1
526808,1
526809,1
526810,1
526811,1
526812,1
526813,1
526814,1
526815,1
526816,1
526817,1
526818,1
526819,1
526820,1
526821,1
526822,1
526823,1
526824,1
526825,1
526826,1
526827,1
526828,1
526829,1
526830,1
526831,1
526832,1
526834,1
526835,1
526836,1
526837,1
526838,1
526839,1
526840,1
526841,1
526842,1
526843,1
526844,1
526845,1
526846,1
526847,1
526848,1
526849,1
526850,1
526851,1
526852,1
526853,1
526854,1
526855,1
526856,1
526857,1
526858,1
526859,1
526860,1
526861,1
526862,1
526863,1
526864,1
526865,1
526866,1
526867,1
526868,1
526869,1
526870,1
526871,1
526872,1
526873,1
526874,1
526875,1
526876,1
526877,1
526878,1
526879,1
526880,1
526881,1
526882,1
526883,1
526884,1
526885,1
526886,1
526887,1
526888,1
526889,1
526890,1
526891,1
526892,1
526893,1
526894,1
526896,1
526907,1
526908,1
526909,1
526910,1
526911,1
526912,1
526913,1
526914,1
526915,1
526916,1
526917,1
526918,1
526920,1
526921,1
526922,1
526923,1
526924,1
526925,1
526926,1
526927,1
526928,1
526929,1
526930,1
526932,1
526933,1
526934,1
526935,1
526936,1
526937,1
526938,1
526939,1
526940,1
526941,1
526942,1
526946,1
526947,1
526948,1
526949,1
526950,1
526951,1
526952,1
526953,1
526954,1
526955,1
526956,1
526957,1
526958,1
526959,1
526960,1
526961,1
526962,1
526963,1
526964,1
526965,1
526966,1
526967,1
526968,1
526969,1
526970,1
526971,1
526972,1
526973,1
526974,1
526975,1
526982,1
526987,1
526988,1
526989,1
526990,1
526991,1
526992,1
526993,1
527021,1
527022,1
527023,1
527024,1
527025,1
527026,1
527027,1
527028,1
527029,1
527077,1
527078,1
527081,1
527082,1
527083,1
527084,1
527087,1
527088,1
527089,1
527090,1
527091,1
527092,1
527093,1
527094,1
527098,1
527099,1
527100,1
527102,1
527103,1
527108,1
527109,1
527110,1
527111,1
527112,1
527113,1
527114,1
527115,1
527116,1
527117,1
527118,1
527119,1
527120,1
527121,1
527122,1
527123,1
527124,1
527125,1
527126,1
527127,1
527128,1
527129,1
527130,1
527131,1
527132,1
527133,1
527134,1
527135,1
527136,1
527137,1
527138,1
527139,1
527140,1
527141,1
527142,1
527143,1
527144,1
527145,1
527146,1
527147,1
527148,1
527149,1
527150,1
527151,1
527152,1
527153,1
527154,1
527160,1
527161,1
527162,1
527163,1
527164,1
527165,1
527166,1
527167,1
527168,1
527169,1
527171,1
527172,1
527173,1
527174,1
527175,1
527176,1
527177,1
527178,1
527179,1
527180,1
527181,1
527182,1
527183,1
527184,1
527185,1
527186,1
527187,1
527188,1
527189,1
527190,1
527191,1
527192,1
527193,1
527194,1
527195,1
527196,1
527198,1
527199,1
527200,1
527201,1
527202,1
527203,1
527204,1
527205,1
527206,1
527207,1
527208,1
527212,1
527213,1
527216,1
527217,1
527220,1
527221,1
527222,1
527223,1
527224,1
527241,1
527242,1
527244,1
527245,1
527246,1
527247,1
527248,1
527249,1
527250,1
527251,1
527252,1
527253,1
527254,1
527255,1
527256,1
527257,1
527258,1
527259,1
527260,1
527261,1
527262,1
527263,1
527264,1
527265,1
527266,1
527267,1
527268,1
527269,1
527270,1
527271,1
527272,1
527273,1
527274,1
527275,1
527276,1
527277,1
527278,1
527279,1
527280,1
527281,1
527282,1
527283,1
527284,1
527285,1
527286,1
527287,1
527288,1
527289,1
527290,1
527291,1
527292,1
527293,1
527294,1
527295,1
527296,1
527297,1
527298,1
527299,1
527300,1
527301,1
527302,1
527303,1
527304,1
527305,1
527306,1
527307,1
527308,1
527309,1
527310,1
527311,1
527312,1
527313,1
527314,1
527315,1
527316,1
527317,1
527318,1
527319,1
527320,1
527321,1
527322,1
527323,1
527324,1
527325,1
527326,1
527327,1
527328,1
527329,1
527330,1
527331,1
527332,1
527333,1
527334,1
527335,1
527336,1
527337,1
527338,1
527339,1
527340,1
527341,1
527342,1
527343,1
527344,1
527345,1
527346,1
527347,1
527348,1
527349,1
527350,1
527351,1
527352,1
527353,1
527354,1
527355,1
527356,1
527357,1
527358,1
527359,1
527360,1
527361,1
527362,1
527363,1
527364,1
527365,1
527366,1
527367,1
527368,1
527369,1
527370,1
527371,1
527372,1
527373,1
527374,1
527375,1
527376,1
527377,1
527378,1
527379,1
527380,1
527381,1
527382,1
527383,1
527384,1
527385,1
527386,1
527387,1
527388,1
527389,1
527390,1
527391,1
527392,1
527393,1
527394,1
527395,1
527396,1
527397,1
527398,1
527399,1
527400,1
527401,1
527402,1
527403,1
527404,1
527405,1
527406,1
527407,1
527408,1
527409,1
527410,1
527411,1
527412,1
527413,1
527414,1
527415,1
527416,1
527417,1
527418,1
527419,1
527420,1
527421,1
527422,1
527423,1
527424,1
527425,1
527426,1
527427,1
527428,1
527429,1
527430,1
527431,1
527432,1
527433,1
527434,1
527435,1
527436,1
527437,1
527438,1
527439,1
527440,1
527441,1
527442,1
527443,1
527445,1
527447,1
527448,1
527449,1
527450,1
527451,1
527452,1
527453,1
527454,1
527455,1
527456,1
527457,1
527458,1
527459,1
527460,1
527461,1
527462,1
527463,1
527464,1
527465,1
527466,1
527467,1
527468,1
527469,1
527470,1
527471,1
527472,1
527473,1
527474,1
527475,1
527476,1
527477,1
527478,1
527479,1
527480,1
527481,1
527482,1
527483,1
527484,1
527485,1
527486,1
527487,1
527488,1
527489,1
527490,1
527491,1
527492,1
527493,1
527494,1
527495,1
527496,1
527497,1
527498,1
527499,1
527500,1
527501,1
527502,1
527503,1
527504,1
527505,1
527506,1
527507,1
527508,1
527509,1
527510,1
527511,1
527512,1
527513,1
527514,1
527515,1
527516,1
527517,1
527518,1
527519,1
527520,1
527521,1
527522,1
527523,1
527524,1
527525,1
527526,1
527527,1
527528,1
527529,1
527530,1
527531,1
527532,1
527533,1
527534,1
527535,1
527536,1
527537,1
527538,1
527539,1
527540,1
527541,1
527542,1
527543,1
527544,1
527545,1
527546,1
527547,1
527548,1
527549,1
527550,1
527551,1
527552,1
527553,1
527554,1
527555,1
527556,1
527557,1
527568,1
527569,1
527570,1
527571,1
527572,1
527573,1
527574,1
527575,1
527576,1
527577,1
527578,1
527579,1
527580,1
527581,1
527582,1
527583,1
527584,1
527585,1
527586,1
527587,1
527588,1
527589,1
527590,1
527591,1
527592,1
527593,1
527594,1
527595,1
527596,1
527597,1
527598,1
527599,1
527600,1
527601,1
527602,1
527603,1
527604,1
527605,1
527606,1
527607,1
527608,1
527643,1
527671,1
527672,1
527673,1
527677,1
527678,1
527679,1
527682,1
527684,1
527685,1
527686,1
527687,1
527689,1
527691,1
527692,1
527694,1
527695,1
527696,1
527697,1
527700,1
527701,1
527703,1
527704,1
527705,1
527706,1
527707,1
527708,1
527709,1
527710,1
527711,1
527712,1
527713,1
527714,1
527715,1
527716,1
527717,1
527718,1
527719,1
527736,1
527737,1
527738,1
527739,1
527740,1
527741,1
527742,1
527743,1
527744,1
527745,1
527746,1
527747,1
527748,1
527749,1
527750,1
527751,1
527752,1
527753,1
527754,1
527755,1
527756,1
527757,1
527758,1
527759,1
527760,1
527761,1
527762,1
527763,1
527764,1
527765,1
527766,1
527767,1
527768,1
527769,1
527770,1
527771,1
527772,1
527773,1
527774,1
527775,1
527776,1
527777,1
527778,1
527779,1
527780,1
527781,1
527782,1
527783,1
527784,1
527785,1
527786,1
527787,1
527788,1
527789,1
527790,1
527791,1
527792,1
527793,1
527794,1
527795,1
527796,1
527797,1
527798,1
527799,1
527800,1
527801,1
527802,1
527803,1
527804,1
527805,1
527806,1
527807,1
527808,1
527809,1
527810,1
527811,1
527812,1
527813,1
527814,1
527815,1
527816,1
527817,1
527818,1
527819,1
527820,1
527821,1
527822,1
527823,1
527824,1
527825,1
527826,1
527827,1
527828,1
527829,1
527830,1
527831,1
527832,1
527833,1
527834,1
527835,1
527836,1
527837,1
527838,1
527839,1
527840,1
527841,1
527842,1
527843,1
527844,1
527845,1
527846,1
527847,1
527848,1
527849,1
527850,1
527851,1
527852,1
527853,1
527854,1
527855,1
527856,1
527857,1
527858,1
527871,1
527872,1
527873,1
527874,1
527875,1
527876,1
527877,1
527878,1
527879,1
527880,1
527881,1
527882,1
527883,1
527884,1
527885,1
527886,1
527887,1
527888,1
527889,1
527890,1
527891,1
527892,1
527893,1
527894,1
527895,1
527896,1
527897,1
527898,1
527899,1
527900,1
527901,1
527902,1
527903,1
527904,1
527905,1
527906,1
527907,1
527908,1
527909,1
527910,1
527911,1
527943,1
527944,1
527945,1
527946,1
527947,1
527948,1
527949,1
527950,1
527951,1
527952,1
527953,1
527954,1
527955,1
527957,1
527958,1
527960,1
527961,1
527964,1
527965,1
527966,1
527967,1
527968,1
527969,1
527970,1
527971,1
527972,1
527973,1
527975,1
527976,1
527977,1
527979,1
527980,1
527981,1
527982,1
527983,1
527984,1
527985,1
527986,1
527987,1
527988,1
527989,1
527992,1
527995,1
527996,1
527999,1
528000,1
528001,1
528002,1
528003,1
528069,1
528070,1
528072,1
528073,1
528078,1
528079,1
528080,1
528083,1
528084,1
528085,1
528086,1
528087,1
528088,1
528089,1
528091,1
528092,1
528093,1
528094,1
528095,1
528096,1
528097,1
528098,1
528099,1
528100,1
528101,1
528102,1
528103,1
528104,1
528105,1
528106,1
528107,1
528108,1
528109,1
528110,1
528121,1
528122,1
528132,1
528133,1
528134,1
528135,1
528138,1
528139,1
528140,1
528141,1
528142,1
528143,1
528144,1
528145,1
528146,1
528148,1
528149,1
528150,1
528151,1
528152,1
528153,1
528154,1
528155,1
528156,1
528157,1
528158,1
528159,1
528160,1
528161,1
528162,1
528164,1
528165,1
528166,1
528167,1
528168,1
528169,1
528170,1
528171,1
528172,1
528173,1
528174,1
528175,1
528176,1
528177,1
528178,1
528179,1
528180,1
528181,1
528182,1
528183,1
528184,1
528185,1
528186,1
528187,1
528188,1
528190,1
528191,1
528192,1
528193,1
528194,1
528196,1
528197,1
528198,1
528199,1
528201,1
528202,1
528203,1
528204,1
528205,1
528206,1
528207,1
528208,1
528209,1
528210,1
528211,1
528212,1
528213,1
528214,1
528215,1
528216,1
528217,1
528218,1
528219,1
528226,1
528227,1
528229,1
528230,1
528231,1
528232,1
528233,1
528245,1
528246,1
528247,1
528248,1
528249,1
528250,1
528251,1
528252,1
528254,1
528255,1
528256,1
528258,1
528260,1
528263,1
528264,1
528265,1
528267,1
528268,1
528269,1
528270,1
528272,1
528279,1
528280,1
528297,1
528298,1
528299,1
528301,1
528302,1
528303,1
528304,1
528305,1
528306,1
528307,1
528308,1
528309,1
528310,1
528472,1
528473,1
528474,1
528475,1
528476,1
528477,1
528480,1
528481,1
528482,1
528483,1
528484,1
528485,1
528486,1
528488,1
528491,1
528492,1
528495,1
528496,1
528516,1
528517,1
528518,1
528521,1
528522,1
528596,1
528597,1
528598,1
528599,1
528602,1
528603,1
528604,1
528605,1
528606,1
528607,1
528608,1
528609,1
528610,1
528611,1
528612,1
528613,1
528614,1
528615,1
528616,1
528617,1
528618,1
528619,1
528620,1
528621,1
528622,1
528623,1
528624,1
528625,1
528626,1
528627,1
528628,1
528629,1
528630,1
528631,1
528632,1
528633,1
528634,1
528635,1
528636,1
528637,1
528638,1
528639,1
528640,1
528641,1
528642,1
528643,1
528644,1
528645,1
528647,1
528649,1
528651,1
528652,1
528653,1
528663,1
528671,1
528680,1
528681,1
528692,1
528693,1
528694,1
528695,1
528696,1
528697,1
528698,1
528699,1
528700,1
528701,1
528702,1
528703,1
528704,1
528705,1
528706,1
528707,1
528708,1
528709,1
528710,1
528711,1
528712,1
528713,1
528714,1
528715,1
528716,1
528717,1
528749,1
528750,1
528751,1
528752,1
528753,1
528754,1
528755,1
528756,1
528757,1
528758,1
528760,1
528761,1
528762,1
528763,1
528764,1
528765,1
528766,1
528767,1
528768,1
528771,1
528772,1
528773,1
528774,1
528776,1
528777,1
528778,1
528779,1
528780,1
528781,1
528782,1
528783,1
528784,1
528785,1
528786,1
528787,1
528788,1
528789,1
528790,1
528791,1
528792,1
528793,1
528794,1
528795,1
528796,1
528797,1
528798,1
528799,1
528800,1
528801,1
528802,1
528803,1
528804,1
528805,1
528806,1
528807,1
528808,1
528809,1
528810,1
528811,1
528812,1
528813,1
528814,1
528815,1
528816,1
528817,1
528818,1
528819,1
528822,1
528824,1
528897,1
528898,1
528899,1
528900,1
528901,1
528902,1
528903,1
528904,1
528905,1
528906,1
528907,1
528908,1
528909,1
528910,1
528911,1
528912,1
528913,1
528914,1
528915,1
528916,1
528917,1
528918,1
528919,1
528920,1
528921,1
528922,1
528923,1
528924,1
528927,1
528928,1
528929,1
528930,1
528931,1
528932,1
528933,1
528934,1
528935,1
528936,1
528937,1
528938,1
528939,1
528940,1
528941,1
528942,1
528943,1
528944,1
528945,1
528946,1
528947,1
528949,1
528950,1
528951,1
528952,1
528953,1
528954,1
528955,1
528956,1
528957,1
528958,1
528959,1
528960,1
528961,1
528962,1
528963,1
528964,1
528965,1
528966,1
528967,1
528968,1
528969,1
528970,1
528971,1
528972,1
528973,1
528974,1
528975,1
528976,1
528977,1
528978,1
528979,1
528980,1
528981,1
528982,1
528983,1
528984,1
528985,1
528986,1
528987,1
528988,1
528989,1
528990,1
528991,1
528992,1
528993,1
528994,1
528995,1
528996,1
528997,1
528998,1
528999,1
529000,1
529001,1
529002,1
529003,1
529004,1
529005,1
529006,1
529007,1
529008,1
529009,1
529010,1
529011,1
529012,1
529013,1
529081,1
529082,1
529083,1
529102,1
529103,1
529104,1
529105,1
529106,1
529107,1
529120,1
529121,1
529123,1
529124,1
529126,1
529127,1
529128,1
529129,1
529130,1
529131,1
529132,1
529133,1
529134,1
529138,1
529139,1
529140,1
529141,1
529142,1
529143,1
529144,1
529145,1
529146,1
529147,1
529148,1
529149,1
529150,1
529151,1
529152,1
529153,1
529154,1
529155,1
529156,1
529157,1
529158,1
529159,1
529160,1
529161,1
529162,1
529163,1
529164,1
529165,1
529178,1
529179,1
529180,1
529181,1
529182,1
529183,1
529184,1
529185,1
529186,1
529187,1
529188,1
529189,1
529190,1
529191,1
529192,1
529466,1
529467,1
529487,1
529488,1
529490,1
529491,1
529495,1
529520,1
529521,1
529523,1
529525,1
529526,1
529533,1
529534,1
529536,1
529537,1
529538,1
529539,1
529541,1
529542,1
529543,1
529544,1
529545,1
529546,1
529547,1
529548,1
529549,1
529550,1
529556,1
529557,1
529558,1
529559,1
529560,1
529561,1
529562,1
529563,1
529564,1
529565,1
529566,1
529567,1
529568,1
529569,1
529570,1
529571,1
529572,1
529573,1
529574,1
529575,1
529576,1
529577,1
529578,1
529579,1
529580,1
529581,1
529582,1
529583,1
529584,1
529585,1
529586,1
529587,1
529588,1
529589,1
529590,1
529591,1
529592,1
529593,1
529594,1
529595,1
529596,1
529597,1
529598,1
529599,1
529600,1
529601,1
529602,1
529603,1
529604,1
529605,1
529606,1
529607,1
529661,1
529662,1
529663,1
529664,1
529665,1
529666,1
529667,1
529668,1
529670,1
529671,1
529672,1
529673,1
529674,1
529675,1
529676,1
529677,1
529678,1
529679,1
529680,1
529681,1
529682,1
529683,1
529684,1
529685,1
529686,1
529687,1
529688,1
529689,1
529690,1
529691,1
529692,1
529693,1
529694,1
529695,1
529696,1
529697,1
529698,1
529700,1
529701,1
529702,1
529703,1
529704,1
529705,1
529706,1
529707,1
529708,1
529709,1
529710,1
529711,1
529712,1
529714,1
529715,1
529716,1
529719,1
529720,1
529936,1
529937,1
529938,1
529939,1
529940,1
529941,1
529942,1
529944,1
529945,1
529946,1
529947,1
529948,1
529949,1
529950,1
529951,1
529952,1
529953,1
529954,1
529955,1
529956,1
529957,1
529958,1
529959,1
529960,1
529961,1
529962,1
529963,1
529964,1
529965,1
529966,1
529967,1
529968,1
529969,1
529970,1
529971,1
529972,1
529973,1
529974,1
529975,1
529976,1
529977,1
529978,1
529979,1
529980,1
529981,1
529982,1
529983,1
529984,1
529985,1
529986,1
529987,1
529988,1
529989,1
529990,1
529991,1
529992,1
529993,1
529994,1
529995,1
529996,1
529997,1
529998,1
529999,1
530000,1
530001,1
530002,1
530003,1
530004,1
530005,1
530026,1
530027,1
530028,1
530029,1
530030,1
530031,1
530032,1
530033,1
530034,1
530035,1
530036,1
530037,1
530038,1
530039,1
530040,1
530041,1
530042,1
530043,1
530044,1
530045,1
530046,1
530047,1
530048,1
530049,1
530050,1
530051,1
530052,1
530053,1
530054,1
530055,1
530056,1
530057,1
530058,1
530059,1
530060,1
530061,1
530062,1
530063,1
530064,1
530065,1
530066,1
530067,1
530068,1
530069,1
530070,1
530071,1
530072,1
530073,1
530103,1
530106,1
530143,1
530144,1
530145,1
530146,1
530147,1
530148,1
530149,1
530150,1
530154,1
530155,1
530156,1
530160,1
530161,1
530164,1
530165,1
530166,1
530167,1
530168,1
530169,1
530170,1
530171,1
530172,1
530173,1
530174,1
530175,1
530176,1
530177,1
530178,1
530179,1
530180,1
530181,1
530182,1
530183,1
530184,1
530185,1
530186,1
530187,1
530188,1
530189,1
530190,1
530191,1
530192,1
530193,1
530194,1
530195,1
530196,1
530197,1
530198,1
530199,1
530200,1
530201,1
530202,1
530203,1
530204,1
530205,1
530206,1
530207,1
530208,1
530209,1
530210,1
530211,1
530212,1
530213,1
530214,1
530215,1
530216,1
530217,1
530218,1
530219,1
530220,1
530221,1
530222,1
530223,1
530224,1
530225,1
530226,1
530227,1
530228,1
530229,1
530230,1
530231,1
530232,1
530233,1
530234,1
530235,1
530236,1
530237,1
530238,1
530239,1
530240,1
530241,1
530242,1
530243,1
530244,1
530245,1
530246,1
530247,1
530248,1
530249,1
530250,1
530251,1
530252,1
530253,1
530254,1
530255,1
530256,1
530257,1
530258,1
530259,1
530260,1
530261,1
530262,1
530263,1
530264,1
530265,1
530266,1
530267,1
530305,1
530306,1
530307,1
530308,1
530309,1
530310,1
530311,1
530312,1
530313,1
530314,1
530315,1
530316,1
530317,1
530318,1
530319,1
530320,1
530321,1
530322,1
530323,1
530324,1
530325,1
530326,1
530327,1
530328,1
530329,1
530330,1
530331,1
530332,1
530333,1
530334,1
530335,1
530336,1
530337,1
530338,1
530339,1
530340,1
530341,1
530342,1
530343,1
530344,1
530345,1
530346,1
530347,1
530348,1
530349,1
530350,1
530351,1
530352,1
530353,1
530354,1
530355,1
530356,1
530357,1
530358,1
530359,1
530360,1
530361,1
530362,1
530363,1
530364,1
530365,1
530366,1
530367,1
530368,1
530369,1
530370,1
530371,1
530372,1
530373,1
530374,1
530375,1
530376,1
530377,1
530378,1
530379,1
530380,1
530381,1
530382,1
530383,1
530384,1
530385,1
530386,1
530387,1
530388,1
530389,1
530390,1
530391,1
530392,1
530393,1
530394,1
530395,1
530396,1
530397,1
530398,1
530399,1
530400,1
530401,1
530402,1
530403,1
530404,1
530405,1
530406,1
530407,1
530408,1
530409,1
530410,1
530411,1
530414,1
530415,1
530416,1
530417,1
530418,1
530419,1
530420,1
530421,1
530422,1
530423,1
530424,1
530425,1
530426,1
530427,1
530428,1
530429,1
530430,1
530431,1
530432,1
530433,1
530434,1
530435,1
530436,1
530437,1
530438,1
530439,1
530440,1
530441,1
530442,1
530444,1
530445,1
530446,1
530447,1
530448,1
530449,1
530450,1
530451,1
530452,1
530453,1
530454,1
530455,1
530456,1
530457,1
530458,1
530459,1
530460,1
530461,1
530462,1
530463,1
530464,1
530465,1
530466,1
530467,1
530468,1
530469,1
530470,1
530471,1
530472,1
530473,1
530474,1
530475,1
530476,1
530477,1
530478,1
530479,1
530480,1
530481,1
530482,1
530483,1
530484,1
530485,1
530487,1
530567,1
530578,1
530670,1
530671,1
530672,1
530673,1
530674,1
530675,1
530676,1
530677,1
530678,1
530679,1
530680,1
530681,1
530682,1
530683,1
530684,1
530685,1
530686,1
530687,1
530688,1
530689,1
530690,1
530691,1
530782,1
530784,1
530785,1
530786,1
530787,1
530788,1
530794,1
530796,1
530800,1
530801,1
530809,1
530810,1
530811,1
530812,1
530813,1
530814,1
530815,1
530816,1
530817,1
530818,1
530819,1
530820,1
530821,1
530823,1
530824,1
530825,1
530826,1
530827,1
530828,1
530829,1
530830,1
530831,1
530832,1
530833,1
530834,1
530835,1
530836,1
530837,1
530838,1
530839,1
530840,1
530841,1
530842,1
530843,1
530844,1
530845,1
530846,1
530847,1
530848,1
530849,1
530850,1
530851,1
530852,1
530853,1
530855,1
530856,1
530857,1
530858,1
530859,1
530860,1
530861,1
530862,1
530863,1
530864,1
530866,1
530867,1
530868,1
530869,1
530870,1
530871,1
530872,1
530893,1
530894,1
530895,1
530896,1
530897,1
530898,1
530899,1
530900,1
530901,1
530902,1
530903,1
530904,1
530905,1
530906,1
530907,1
530908,1
530909,1
530910,1
530911,1
530912,1
530913,1
530914,1
530915,1
530916,1
530917,1
530918,1
530919,1
530920,1
530921,1
530922,1
530923,1
530924,1
530925,1
530926,1
530927,1
530928,1
530952,1
530953,1
530954,1
530955,1
530956,1
530957,1
530958,1
530960,1
530963,1
530964,1
530965,1
530966,1
530967,1
530968,1
530969,1
530972,1
530991,1
530992,1
530993,1
530994,1
530995,1
530996,1
530997,1
530998,1
530999,1
531000,1
531001,1
531002,1
531003,1
531004,1
531005,1
531006,1
531007,1
531008,1
531009,1
531010,1
531011,1
531012,1
531013,1
531014,1
531015,1
531016,1
531017,1
531018,1
531019,1
531020,1
531021,1
531022,1
531023,1
531024,1
531025,1
531026,1
531027,1
531028,1
531029,1
531030,1
531031,1
531032,1
531033,1
531034,1
531035,1
531036,1
531037,1
531038,1
531039,1
531040,1
531041,1
531042,1
531043,1
531044,1
531045,1
531046,1
531047,1
531048,1
531049,1
531054,1
531055,1
531056,1
531057,1
531058,1
531059,1
531060,1
531066,1
531067,1
531068,1
531069,1
531070,1
531071,1
531072,1
531073,1
531074,1
531075,1
531076,1
531077,1
531078,1
531079,1
531080,1
531081,1
531082,1
531083,1
531084,1
531085,1
531086,1
531087,1
531088,1
531089,1
531090,1
531091,1
531092,1
531093,1
531094,1
531095,1
531096,1
531097,1
531098,1
531099,1
531100,1
531101,1
531102,1
531106,1
531107,1
531108,1
531109,1
531110,1
531111,1
531112,1
531113,1
531114,1
531115,1
531117,1
531118,1
531119,1
531120,1
531122,1
531123,1
531124,1
531126,1
531127,1
531128,1
531130,1
531131,1
531132,1
531133,1
531134,1
531139,1
531140,1
531142,1
531143,1
531144,1
531145,1
531146,1
531147,1
531148,1
531149,1
531151,1
531152,1
531153,1
531154,1
531155,1
531156,1
531159,1
531161,1
531162,1
531163,1
531164,1
531165,1
531166,1
531167,1
531168,1
531169,1
531171,1
531173,1
531174,1
531175,1
531176,1
531177,1
531178,1
531179,1
531180,1
531181,1
531182,1
531183,1
531184,1
531185,1
531186,1
531187,1
531188,1
531189,1
531190,1
531191,1
531192,1
531193,1
531194,1
531195,1
531196,1
531197,1
531198,1
531199,1
531200,1
531201,1
531202,1
531203,1
531204,1
531205,1
531210,1
531211,1
531212,1
531213,1
531216,1
531217,1
531227,1
531233,1
531234,1
531235,1
531236,1
531237,1
531238,1
531239,1
531240,1
531241,1
531242,1
531243,1
531244,1
531245,1
531246,1
531247,1
531249,1
531250,1
531253,1
531254,1
531255,1
531256,1
531257,1
531258,1
531259,1
531260,1
531261,1
531262,1
531263,1
531264,1
531265,1
531266,1
531267,1
531268,1
531269,1
531270,1
531271,1
531272,1
531273,1
531274,1
531275,1
531276,1
531277,1
531278,1
531279,1
531280,1
531281,1
531282,1
531283,1
531284,1
531285,1
531286,1
531287,1
531288,1
531289,1
531290,1
531291,1
531292,1
531293,1
531296,1
531297,1
531298,1
531299,1
531300,1
531303,1
531304,1
531305,1
531306,1
531307,1
531308,1
531309,1
531311,1
531312,1
531313,1
531314,1
531315,1
531316,1
531317,1
531318,1
531320,1
531321,1
531323,1
531324,1
531326,1
531334,1
531336,1
531337,1
531338,1
531339,1
531340,1
531341,1
531342,1
531343,1
531344,1
531345,1
531346,1
531347,1
531348,1
531349,1
531350,1
531351,1
531352,1
531353,1
531354,1
531355,1
531356,1
531357,1
531358,1
531359,1
531360,1
531361,1
531362,1
531363,1
531364,1
531365,1
531366,1
531367,1
531368,1
531369,1
531370,1
531371,1
531372,1
531373,1
531374,1
531375,1
531376,1
531377,1
531378,1
531379,1
531380,1
531381,1
531384,1
531385,1
531386,1
531387,1
531388,1
531389,1
531390,1
531391,1
531392,1
531393,1
531394,1
531396,1
531397,1
531398,1
531399,1
531400,1
531401,1
531402,1
531403,1
531404,1
531405,1
531406,1
531407,1
531408,1
531409,1
531410,1
531411,1
531412,1
531413,1
531414,1
531415,1
531416,1
531417,1
531418,1
531419,1
531420,1
531421,1
531422,1
531423,1
531424,1
531425,1
531426,1
531427,1
531428,1
531433,1
531434,1
531437,1
531438,1
531451,1
531454,1
531455,1
531456,1
531457,1
531458,1
531459,1
531460,1
531461,1
531462,1
531463,1
531464,1
531465,1
531466,1
531467,1
531468,1
531469,1
531470,1
531471,1
531472,1
531473,1
531474,1
531475,1
531476,1
531477,1
531478,1
531479,1
531480,1
531481,1
531482,1
531483,1
531484,1
531485,1
531486,1
531487,1
531488,1
531489,1
531493,1
531494,1
531495,1
531496,1
531498,1
531499,1
531501,1
531502,1
531503,1
531504,1
531505,1
531506,1
531507,1
531508,1
531509,1
531510,1
531511,1
531512,1
531513,1
531514,1
531515,1
531516,1
531517,1
531518,1
531520,1
531523,1
531524,1
531525,1
531526,1
531527,1
531528,1
531529,1
531530,1
531531,1
531532,1
531533,1
531534,1
531535,1
531536,1
531537,1
531538,1
531539,1
531540,1
531541,1
531542,1
531543,1
531544,1
531545,1
531546,1
531547,1
531548,1
531549,1
531550,1
531551,1
531552,1
531553,1
531554,1
531555,1
531556,1
531557,1
531558,1
531559,1
531560,1
531561,1
531562,1
531563,1
531564,1
531565,1
531566,1
531567,1
531568,1
531569,1
531570,1
531571,1
531572,1
531573,1
531574,1
531575,1
531576,1
531577,1
531578,1
531579,1
531580,1
531581,1
531582,1
531583,1
531584,1
531585,1
531586,1
531587,1
531588,1
531589,1
531590,1
531591,1
531592,1
531593,1
531594,1
531595,1
531596,1
531597,1
531598,1
531599,1
531600,1
531601,1
531602,1
531603,1
531604,1
531605,1
531606,1
531607,1
531608,1
531609,1
531610,1
531611,1
531612,1
531613,1
531614,1
531615,1
531616,1
531617,1
531618,1
531619,1
531620,1
531621,1
531622,1
531623,1
531624,1
531625,1
531626,1
531627,1
531628,1
531629,1
531630,1
531631,1
531632,1
531633,1
531634,1
531635,1
531636,1
531637,1
531638,1
531639,1
531640,1
531641,1
531642,1
531643,1
531644,1
531645,1
531646,1
531647,1
531648,1
531649,1
531650,1
531651,1
531652,1
531653,1
531654,1
531655,1
531656,1
531657,1
531658,1
531659,1
531660,1
531661,1
531662,1
531664,1
531665,1
531666,1
531667,1
531668,1
531669,1
531670,1
531671,1
531672,1
531673,1
531674,1
531675,1
531676,1
531677,1
531678,1
531680,1
531681,1
531682,1
531683,1
531684,1
531685,1
531686,1
531688,1
531689,1
531690,1
531691,1
531692,1
531693,1
531695,1
531696,1
531697,1
531698,1
531699,1
531700,1
531701,1
531702,1
531703,1
531704,1
531705,1
531706,1
531707,1
531708,1
531709,1
531710,1
531711,1
531712,1
531713,1
531714,1
531715,1
531716,1
531717,1
531718,1
531719,1
531720,1
531721,1
531722,1
531723,1
531724,1
531725,1
531726,1
531727,1
531728,1
531729,1
531730,1
531731,1
531732,1
531733,1
531734,1
531747,1
531748,1
531749,1
531750,1
531751,1
531752,1
531753,1
531754,1
531755,1
531756,1
531757,1
531758,1
531759,1
531760,1
531761,1
531762,1
531763,1
531764,1
531765,1
531766,1
531767,1
531768,1
531769,1
531770,1
531771,1
531774,1
531777,1
531778,1
531779,1
531780,1
531781,1
531782,1
531784,1
531867,1
531868,1
531869,1
531870,1
531880,1
531882,1
531883,1
531884,1
531885,1
531886,1
531887,1
531888,1
531889,1
531890,1
531891,1
531892,1
531893,1
531894,1
531895,1
531896,1
531897,1
531898,1
531899,1
531900,1
531901,1
531902,1
531903,1
531906,1
531907,1
531908,1
531909,1
531910,1
531912,1
531913,1
531914,1
531915,1
531916,1
531917,1
531918,1
531920,1
531921,1
531922,1
531923,1
531924,1
531925,1
531926,1
531928,1
531931,1
531932,1
531933,1
531934,1
531935,1
531936,1
531937,1
531938,1
531939,1
531940,1
531941,1
531942,1
531943,1
531944,1
531945,1
531946,1
531947,1
531948,1
531949,1
531950,1
531951,1
531952,1
531953,1
531954,1
531955,1
531956,1
531957,1
531960,1
531965,1
531966,1
531967,1
531968,1
531969,1
531970,1
531971,1
531972,1
531973,1
531974,1
531975,1
531976,1
531977,1
531978,1
531979,1
531980,1
531981,1
531982,1
531983,1
531985,1
531986,1
531989,1
531990,1
531991,1
531992,1
531993,1
531994,1
531995,1
531996,1
531997,1
531998,1
531999,1
532000,1
532001,1
532002,1
532003,1
532004,1
532005,1
532021,1
532022,1
532023,1
532024,1
532025,1
532026,1
532028,1
532029,1
532030,1
532031,1
532032,1
532033,1
532035,1
532036,1
532037,1
532038,1
532039,1
532041,1
532042,1
532043,1
532044,1
532045,1
532046,1
532047,1
532048,1
532049,1
532052,1
532053,1
532054,1
532055,1
532056,1
532072,1
532073,1
532074,1
532077,1
532078,1
532079,1
532080,1
532081,1
532082,1
532083,1
532084,1
532085,1
532086,1
532087,1
532088,1
532089,1
532090,1
532091,1
532092,1
532093,1
532094,1
532095,1
532096,1
532097,1
532098,1
532099,1
532100,1
532101,1
532102,1
532103,1
532104,1
532105,1
532106,1
532107,1
532109,1
532110,1
532111,1
532113,1
532114,1
532115,1
532116,1
532117,1
532118,1
532119,1
532120,1
532121,1
532122,1
532123,1
532124,1
532125,1
532126,1
532127,1
532128,1
532129,1
532130,1
532131,1
532136,1
532137,1
532138,1
532139,1
532140,1
532141,1
532142,1
532143,1
532144,1
532145,1
532146,1
532147,1
532148,1
532149,1
532150,1
532151,1
532152,1
532153,1
532154,1
532155,1
532156,1
532157,1
532158,1
532159,1
532160,1
532161,1
532162,1
532163,1
532164,1
532165,1
532166,1
532167,1
532168,1
532169,1
532170,1
532171,1
532174,1
532175,1
532177,1
532178,1
532179,1
532180,1
532181,1
532184,1
532185,1
532186,1
532187,1
532188,1
532189,1
532191,1
532192,1
532196,1
532198,1
532199,1
532200,1
532201,1
532202,1
532203,1
532207,1
532208,1
532211,1
532212,1
532213,1
532214,1
532215,1
532216,1
532217,1
532218,1
532219,1
532220,1
532221,1
532222,1
532223,1
532224,1
532226,1
532228,1
532229,1
532230,1
532231,1
532232,1
532233,1
532234,1
532235,1
532236,1
532237,1
532238,1
532239,1
532240,1
532241,1
532242,1
532243,1
532244,1
532245,1
532246,1
532247,1
532248,1
532252,1
532254,1
532255,1
532256,1
532257,1
532259,1
532262,1
532263,1
532264,1
532265,1
532266,1
532267,1
532268,1
532269,1
532270,1
532271,1
532272,1
532275,1
532277,1
532278,1
532280,1
532281,1
532282,1
532283,1
532284,1
532285,1
532286,1
532287,1
532288,1
532289,1
532292,1
532293,1
532294,1
532295,1
532298,1
532299,1
532300,1
532302,1
532303,1
532304,1
532305,1
532306,1
532307,1
532308,1
532309,1
532310,1
532311,1
532313,1
532314,1
532315,1
532317,1
532318,1
532319,1
532320,1
532321,1
532322,1
532325,1
532326,1
532327,1
532328,1
532329,1
532330,1
532331,1
532332,1
532333,1
532334,1
532336,1
532337,1
532338,1
532339,1
532340,1
532341,1
532342,1
532343,1
532345,1
532346,1
532347,1
532348,1
532349,1
532350,1
532351,1
532352,1
532353,1
532354,1
532355,1
532356,1
532357,1
532358,1
532362,1
532363,1
532364,1
532365,1
532366,1
532367,1
532368,1
532370,1
532371,1
532372,1
532373,1
532374,1
532375,1
532376,1
532377,1
532380,1
532381,1
532382,1
532383,1
532384,1
532385,1
532386,1
532391,1
532392,1
532393,1
532394,1
532395,1
532396,1
532397,1
532398,1
532399,1
532400,1
532401,1
532402,1
532403,1
532404,1
532405,1
532406,1
532407,1
532408,1
532409,1
532410,1
532411,1
532412,1
532413,1
532414,1
532415,1
532416,1
532417,1
532418,1
532419,1
532420,1
532421,1
532422,1
532423,1
532424,1
532425,1
532426,1
532427,1
532428,1
532429,1
532430,1
532433,1
532434,1
532435,1
532436,1
532437,1
532448,1
532449,1
532450,1
532451,1
532452,1
532453,1
532468,1
532471,1
532472,1
532473,1
532476,1
532477,1
532478,1
532544,1
532545,1
532546,1
532547,1
532548,1
532549,1
532550,1
532551,1
532552,1
532553,1
532554,1
532555,1
532556,1
532557,1
532559,1
532560,1
532561,1
532562,1
532563,1
532564,1
532565,1
532566,1
532568,1
532569,1
532570,1
532571,1
532572,1
532573,1
532574,1
532575,1
532576,1
532577,1
532580,1
532581,1
532582,1
532583,1
532584,1
532585,1
532598,1
532599,1
532600,1
532601,1
532602,1
532603,1
532604,1
532605,1
532606,1
532607,1
532608,1
532609,1
532610,1
532611,1
532613,1
532614,1
532615,1
532616,1
532617,1
532618,1
532619,1
532620,1
532621,1
532622,1
532623,1
532624,1
532625,1
532626,1
532627,1
532628,1
532629,1
532630,1
532631,1
532632,1
532633,1
532634,1
532635,1
532636,1
532637,1
532664,1
532666,1
532667,1
532668,1
532669,1
532670,1
532671,1
532672,1
532673,1
532674,1
532675,1
532676,1
532677,1
532678,1
532679,1
532680,1
532681,1
532682,1
532683,1
532684,1
532685,1
532686,1
532687,1
532688,1
532689,1
532690,1
532691,1
532693,1
532694,1
532695,1
532696,1
532697,1
532698,1
532699,1
532700,1
532701,1
532702,1
532703,1
532704,1
532706,1
532707,1
532709,1
532710,1
532711,1
532712,1
532713,1
532714,1
532715,1
532716,1
532717,1
532718,1
532719,1
532720,1
532721,1
532722,1
532723,1
532726,1
532727,1
532728,1
532730,1
532731,1
532732,1
532733,1
532734,1
532735,1
532736,1
532737,1
532738,1
532739,1
532740,1
532757,1
532758,1
532759,1
532760,1
532761,1
532762,1
532763,1
532764,1
532765,1
532766,1
532767,1
532768,1
532771,1
532773,1
532774,1
532775,1
532779,1
532784,1
532785,1
532786,1
532787,1
532788,1
532789,1
532790,1
532791,1
532792,1
532793,1
532794,1
532795,1
532796,1
532797,1
532798,1
532799,1
532800,1
532801,1
532802,1
532803,1
532804,1
532805,1
532806,1
532807,1
532808,1
532809,1
532810,1
532811,1
532812,1
532813,1
532814,1
532815,1
532816,1
532818,1
532819,1
532820,1
532821,1
532822,1
532823,1
532824,1
532825,1
532828,1
532830,1
532831,1
532832,1
532833,1
532834,1
532835,1
532836,1
532837,1
532838,1
532839,1
532840,1
532841,1
532842,1
532843,1
532844,1
532845,1
532846,1
532848,1
532849,1
532850,1
532851,1
532852,1
532853,1
532860,1
532871,1
532874,1
532875,1
532876,1
532877,1
532878,1
532879,1
532880,1
532881,1
532882,1
532883,1
532884,1
532885,1
532886,1
532887,1
532888,1
532889,1
532890,1
532892,1
532895,1
532896,1
532899,1
532901,1
532902,1
532903,1
532920,1
532924,1
532925,1
532932,1
532933,1
532934,1
532935,1
532945,1
532946,1
532947,1
532948,1
532949,1
532950,1
532951,1
532952,1
532953,1
532954,1
532955,1
532956,1
532957,1
532961,1
532962,1
532963,1
532964,1
532965,1
532966,1
532967,1
532968,1
532969,1
532970,1
532971,1
532972,1
532973,1
532974,1
532975,1
532976,1
532977,1
532978,1
532979,1
532980,1
532981,1
532982,1
532983,1
532987,1
532988,1
532993,1
532995,1
532996,1
532997,1
532998,1
532999,1
533000,1
533001,1
533002,1
533005,1
533006,1
533007,1
533008,1
533009,1
533010,1
533012,1
533013,1
533014,1
533015,1
533016,1
533017,1
533018,1
533019,1
533020,1
533021,1
533022,1
533023,1
533024,1
533025,1
533026,1
533027,1
533028,1
533029,1
533030,1
533031,1
533032,1
533033,1
533034,1
533035,1
533036,1
533037,1
533038,1
533039,1
533040,1
533042,1
533043,1
533044,1
533045,1
533046,1
533047,1
533048,1
533049,1
533050,1
533051,1
533052,1
533053,1
533054,1
533055,1
533056,1
533057,1
533060,1
533061,1
533062,1
533063,1
533066,1
533068,1
533069,1
533070,1
533071,1
533072,1
533073,1
533074,1
533079,1
533080,1
533082,1
533083,1
533084,1
533085,1
533086,1
533087,1
533088,1
533089,1
533090,1
533091,1
533092,1
533093,1
533094,1
533095,1
533096,1
533097,1
533098,1
533099,1
533100,1
533101,1
533102,1
533103,1
533104,1
533105,1
533106,1
533107,1
533108,1
533109,1
533110,1
533111,1
533112,1
533113,1
533114,1
533115,1
533116,1
533117,1
533118,1
533121,1
533122,1
533125,1
533126,1
533127,1
533128,1
533129,1
533130,1
533131,1
533132,1
533133,1
533134,1
533135,1
533136,1
533137,1
533138,1
533139,1
533140,1
533141,1
533142,1
533143,1
533144,1
533145,1
533146,1
533147,1
533148,1
533149,1
533150,1
533151,1
533152,1
533153,1
533154,1
533155,1
533156,1
533157,1
533158,1
533159,1
533160,1
533161,1
533162,1
533163,1
533164,1
533165,1
533166,1
533167,1
533168,1
533169,1
533170,1
533171,1
533172,1
533173,1
533174,1
533175,1
533176,1
533177,1
533178,1
533179,1
533180,1
533181,1
533182,1
533183,1
533184,1
533185,1
533186,1
533187,1
533188,1
533189,1
533190,1
533191,1
533192,1
533193,1
533194,1
533195,1
533196,1
533197,1
533198,1
533199,1
533200,1
533201,1
533202,1
533203,1
533204,1
533205,1
533206,1
533207,1
533223,1
533225,1
533226,1
533227,1
533228,1
533229,1
533230,1
533231,1
533232,1
533233,1
533234,1
533235,1
533236,1
533237,1
533238,1
533239,1
533240,1
533241,1
533242,1
533243,1
533244,1
533246,1
533247,1
533248,1
533249,1
533250,1
533251,1
533254,1
533262,1
533267,1
533268,1
533269,1
533270,1
533271,1
533272,1
533273,1
533274,1
533275,1
533276,1
533277,1
533278,1
533280,1
533281,1
533282,1
533283,1
533284,1
533285,1
533286,1
533287,1
533288,1
533289,1
533290,1
533292,1
533293,1
533294,1
533295,1
533296,1
533297,1
533298,1
533299,1
533300,1
533301,1
533302,1
533303,1
533304,1
533305,1
533310,1
533311,1
533312,1
533313,1
533314,1
533315,1
533317,1
533318,1
533319,1
533320,1
533321,1
533322,1
533324,1
533325,1
533326,1
533327,1
533328,1
533329,1
533333,1
533334,1
533335,1
533336,1
533337,1
533338,1
533339,1
533340,1
533341,1
533342,1
533343,1
533344,1
533345,1
533346,1
533347,1
533348,1
533350,1
533354,1
533355,1
533356,1
533358,1
533359,1
533375,1
533376,1
533377,1
533381,1
533382,1
533383,1
533384,1
533385,1
533386,1
533388,1
533389,1
533390,1
533391,1
533392,1
533393,1
533394,1
533395,1
533396,1
533397,1
533400,1
533401,1
533402,1
533403,1
533404,1
533405,1
533406,1
533408,1
533409,1
533410,1
533411,1
533412,1
533413,1
533414,1
533415,1
533416,1
533417,1
533418,1
533419,1
533420,1
533421,1
533422,1
533423,1
533424,1
533425,1
533426,1
533427,1
533428,1
533429,1
533430,1
533431,1
533432,1
533433,1
533434,1
533435,1
533437,1
533438,1
533439,1
533440,1
533441,1
533442,1
533443,1
533444,1
533445,1
533446,1
533447,1
533448,1
533449,1
533450,1
533451,1
533452,1
533453,1
533454,1
533455,1
533456,1
533457,1
533458,1
533459,1
533460,1
533461,1
533462,1
533463,1
533464,1
533465,1
533466,1
533467,1
533468,1
533469,1
533470,1
533471,1
533472,1
533473,1
533474,1
533475,1
533476,1
533477,1
533478,1
533479,1
533480,1
533481,1
533482,1
533483,1
533484,1
533485,1
533486,1
533487,1
533488,1
533489,1
533490,1
533491,1
533492,1
533493,1
533494,1
533495,1
533496,1
533497,1
533498,1
533499,1
533500,1
533501,1
533502,1
533503,1
533504,1
533505,1
533506,1
533507,1
533508,1
533509,1
533510,1
533511,1
533512,1
533513,1
533514,1
533515,1
533516,1
533517,1
533518,1
533519,1
533520,1
533521,1
533522,1
533523,1
533524,1
533525,1
533526,1
533527,1
533528,1
533529,1
533530,1
533531,1
533532,1
533533,1
533534,1
533535,1
533536,1
533537,1
533538,1
533539,1
533540,1
533541,1
533542,1
533543,1
533544,1
533545,1
533546,1
533547,1
533548,1
533549,1
533550,1
533551,1
533552,1
533553,1
533558,1
533559,1
533560,1
533561,1
533562,1
533564,1
533567,1
533568,1
533571,1
533572,1
533573,1
533574,1
533575,1
533576,1
533577,1
533578,1
533579,1
533582,1
533583,1
533585,1
533586,1
533587,1
533588,1
533589,1
533590,1
533591,1
533592,1
533593,1
533594,1
533595,1
533596,1
533597,1
533598,1
533599,1
533600,1
533601,1
533602,1
533603,1
533604,1
533605,1
533606,1
533607,1
533608,1
533609,1
533610,1
533611,1
533612,1
533613,1
533614,1
533615,1
533617,1
533618,1
533619,1
533620,1
533621,1
533622,1
533623,1
533624,1
533625,1
533626,1
533627,1
533628,1
533629,1
533630,1
533632,1
533633,1
533634,1
533636,1
533637,1
533638,1
533639,1
533640,1
533641,1
533642,1
533643,1
533644,1
533645,1
533646,1
533647,1
533648,1
533649,1
533650,1
533651,1
533652,1
533653,1
533654,1
533655,1
533656,1
533657,1
533659,1
533661,1
533662,1
533663,1
533664,1
533665,1
533666,1
533667,1
533668,1
533669,1
533670,1
533671,1
533672,1
533673,1
533674,1
533675,1
533676,1
533677,1
533678,1
533679,1
533682,1
533683,1
533686,1
533687,1
533688,1
533689,1
533690,1
533691,1
533692,1
533693,1
533696,1
533697,1
533699,1
533700,1
533702,1
533703,1
533704,1
533705,1
533706,1
533707,1
533708,1
533709,1
533710,1
533711,1
533712,1
533713,1
533714,1
533715,1
533717,1
533718,1
533719,1
533720,1
533721,1
533722,1
533723,1
533724,1
533725,1
533726,1
533727,1
533728,1
533729,1
533730,1
533731,1
533732,1
533733,1
533735,1
533736,1
534071,1
534129,1
534139,1
534326,1
534467,1
534571,1
534616,1
534725,1
534794,1
534816,1
534836,1
534907,1
535019,1
535061,1
535124,1
535127,1
535166,1
535170,1
535232,1
535302,1
535325,1
535379,1
535422,1
535448,1
535500,1
535516,1
535614,1
535646,1
535665,1
535678,1
535708,1
535722,1
535724,1
535736,1
535737,1
535757,1
535759,1
535762,1
535790,1
535814,1
535913,1
535942,1
535952,1
535974,1
535989,1
536022,1
536040,1
536062,1
536076,1
536099,1
536127,1
536128,1
536135,1
536177,1
536241,1
536246,1
536283,1
536304,1
536311,1
536344,1
536368,1
536380,1
536393,1
536407,1
536448,1
536464,1
536484,1
536485,1
536510,1
536521,1
536528,1
536572,1
536578,1
536676,1
536687,1
536698,1
536806,1
536887,1
536971,1
537068,1
537083,1
537118,1
537141,1
537162,1
537173,1
537194,1
537196,1
537213,1
537225,1
537352,1
537361,1
537445,1
537500,1
537589,1
537677,1
537698,1
537774,1
537862,1
537883,1
537922,1
537927,1
537932,1
537961,1
538029,1
538034,1
538082,1
538089,1
538092,1
538093,1
538166,1
538207,1
538247,1
538287,1
538330,1
538363,1
538396,1
538464,1
538493,1
538532,1
538539,1
538635,1
538727,1
538768,1
538778,1
538831,1
538837,1
539008,1
539029,1
539051,1
539065,1
539087,1
539129,1
539235,1
539250,1
539269,1
539291,1
539302,1
539388,1
539467,1
539489,1
539495,1
539552,1
539569,1
539575,1
539600,1
539634,1
539649,1
539682,1
539775,1
539780,1
539789,1
539832,1
539850,1
539911,1
540010,1
540029,1
540082,1
540110,1
540124,1
540179,1
540190,1
540217,1
540227,1
540238,1
540317,1
540354,1
540371,1
540436,1
540439,1
540471,1
540498,1
540550,1
540607,1
540628,1
540661,1
540668,1
540713,1
540753,1
540764,1
540767,1
540824,1
540836,1
541007,1
541029,1
541106,1
541216,1
541251,1
541352,1
541409,1
541508,1
541521,1
541532,1
541584,1
541639,1
541741,1
541766,1
541823,1
541881,1
541932,1
541934,1
541990,1
542016,1
542028,1
542087,1
542123,1
542128,1
542132,1
542137,1
542150,1
542172,1
542212,1
542236,1
542237,1
542439,1
542471,1
542516,1
542556,1
542607,1
542613,1
542654,1
542685,1
542686,1
542688,1
542693,1
542697,1
542700,1
542743,1
542795,1
542820,1
542825,1
542827,1
542873,1
542926,1
542964,1
542985,1
543001,1
543046,1
543071,1
543095,1
543115,1
543221,1
543227,1
543321,1
543365,1
543496,1
543525,1
543526,1
543535,1
543717,1
543809,1
543869,1
543936,1
543996,1
544006,1
544009,1
544015,1
544023,1
544047,1
544086,1
544095,1
544135,1
544187,1
544322,1
544453,1
544463,1
544511,1
544581,1
544625,1
544695,1
544741,1
544760,1
544838,1
544887,1
544915,1
544936,1
545107,1
545117,1
545123,1
545193,1
545396,1
545501,1
545599,1
545627,1
545642,1
545671,1
545760,1
545847,1
545848,1
545863,1
545883,1
545893,1
545942,1
545955,1
546018,1
546060,1
546166,1
546181,1
546217,1
546292,1
546308,1
546351,1
546824,1
546871,1
546878,1
546897,1
546903,1
546947,1
546958,1
546997,1
547007,1
547025,1
547082,1
547177,1
547178,1
547185,1
547212,1
547214,1
547217,1
547253,1
547301,1
547330,1
547436,1
547473,1
547481,1
547611,1
547694,1
547695,1
547750,1
547817,1
547901,1
547913,1
547956,1
547968,1
548158,1
548230,1
548258,1
548324,1
548331,1
548378,1
548417,1
548470,1
548601,1
548657,1
548658,1
548755,1
548776,1
548798,1
548835,1
548876,1
548925,1
548957,1
548963,1
549093,1
549185,1
549225,1
549229,1
549547,1
549552,1
549633,1
549919,1
549934,1
550006,1
550089,1
550235,1
550297,1
550322,1
550372,1
550388,1
550431,1
550496,1
550570,1
550614,1
550645,1
550935,1
551131,1
551158,1
551255,1
551289,1
551420,1
551454,1
551465,1
551496,1
551501,1
551595,1
551645,1
551685,1
551763,1
551780,1
551813,1
551884,1
552107,1
552163,1
552248,1
552270,1
552344,1
552372,1
552390,1
552445,1
552463,1
552535,1
552575,1
552677,1
552689,1
552699,1
552722,1
552731,1
552738,1
552760,1
552782,1
552820,1
552880,1
552917,1
552929,1
552945,1
552968,1
553215,1
553284,1
553304,1
553312,1
553411,1
553427,1
553450,1
553464,1
553493,1
553513,1
553542,1
553544,1
553551,1
553553,1
553574,1
553580,1
553593,1
553617,1
553658,1
553680,1
553705,1
553783,1
553813,1
553840,1
553852,1
553866,1
553891,1
553961,1
553978,1
553992,1
554034,1
554086,1
554097,1
554155,1
554172,1
554231,1
554279,1
554364,1
554396,1
554411,1
554418,1
554473,1
554522,1
554542,1
554546,1
554569,1
554594,1
554621,1
554735,1
554762,1
554777,1
554784,1
554887,1
554892,1
554897,1
555012,1
555020,1
555053,1
555064,1
555071,1
555073,1
555074,1
555109,1
555116,1
555324,1
555369,1
555500,1
555592,1
555628,1
555702,1
555751,1
555775,1
555829,1
555834,1
555931,1
555934,1
555943,1
555960,1
555985,1
555994,1
556038,1
556348,1
556363,1
556437,1
556452,1
556507,1
556544,1
556660,1
556681,1
556724,1
556744,1
556754,1
556755,1
556764,1
556801,1
556893,1
557030,1
557044,1
557066,1
557142,1
557198,1
557206,1
557283,1
557284,1
557289,1
557300,1
557372,1
557432,1
557445,1
557526,1
557543,1
557663,1
557714,1
557793,1
557797,1
557823,1
557842,1
557856,1
557879,1
557936,1
557987,1
558009,1
558035,1
558056,1
558068,1
558113,1
558133,1
558221,1
558243,1
558291,1
558323,1
558333,1
558357,1
558389,1
558405,1
558430,1
558518,1
558566,1
558582,1
558618,1
558619,1
558649,1
558672,1
558727,1
558771,1
558848,1
558934,1
558977,1
558998,1
559032,1
559037,1
559043,1
559051,1
559154,1
559191,1
559218,1
559220,1
559229,1
559232,1
559248,1
559249,1
559262,1
559299,1
559321,1
559343,1
559392,1
559402,1
559482,1
559502,1
559503,1
559514,1
559515,1
559598,1
559643,1
559659,1
559660,1
559717,1
559743,1
559750,1
559758,1
559773,1
559781,1
559790,1
559803,1
559813,1
559815,1
559868,1
559877,1
559900,1
559910,1
559941,1
559953,1
560014,1
560021,1
560047,1
560049,1
560062,1
560114,1
560145,1
560185,1
560213,1
560250,1
560265,1
560283,1
560321,1
560328,1
560334,1
560343,1
560414,1
560447,1
560449,1
560527,1
560531,1
560532,1
560548,1
560570,1
560587,1
560664,1
560679,1
560725,1
560776,1
560832,1
560863,1
560877,1
560897,1
560900,1
560904,1
560924,1
560973,1
560978,1
561022,1
561035,1
561041,1
561062,1
561063,1
561130,1
561147,1
561192,1
561193,1
561268,1
561270,1
561273,1
561291,1
561297,1
561430,1
561469,1
561486,1
561488,1
561560,1
561564,1
561592,1
561594,1
561624,1
561627,1
561639,1
561648,1
561651,1
561666,1
561680,1
561681,1
561693,1
561694,1
561714,1
561726,1
561731,1
561732,1
561737,1
561740,1
561748,1
561754,1
561755,1
561769,1
561771,1
561772,1
561786,1
561794,1
561799,1
561818,1
561824,1
561838,1
561844,1
561855,1
561883,1
561884,1
561889,1
561899,1
561905,1
561909,1
561912,1
561929,1
561930,1
561936,1
561938,1
561942,1
561953,1
561956,1
561970,1
561975,1
561982,1
561984,1
561996,1
562003,1
562012,1
562016,1
562020,1
562023,1
562027,1
562043,1
562045,1
562051,1
562062,1
562091,1
562094,1
562101,1
562103,1
562115,1
562121,1
562133,1
562134,1
562136,1
562141,1
562158,1
562165,1
562184,1
562187,1
562194,1
562218,1
562223,1
562237,1
562254,1
562256,1
562271,1
562274,1
562282,1
562286,1
562294,1
562297,1
562316,1
562317,1
562328,1
562335,1
562339,1
562341,1
562354,1
562358,1
562385,1
562389,1
562392,1
562407,1
562414,1
562421,1
562430,1
562445,1
562446,1
562460,1
562475,1
562477,1
562481,1
562488,1
562490,1
562500,1
562504,1
562513,1
562541,1
562543,1
562544,1
562579,1
562585,1
562590,1
562601,1
562603,1
562620,1
562630,1
562676,1
562678,1
562679,1
562691,1
562703,1
562706,1
562764,1
562797,1
562819,1
562830,1
562844,1
562850,1
562853,1
562857,1
562858,1
562869,1
562892,1
562905,1
562912,1
562929,1
562934,1
562938,1
562950,1
562955,1
562965,1
562981,1
562988,1
562989,1
562993,1
562994,1
562996,1
563004,1
563021,1
563036,1
563063,1
563076,1
563080,1
563095,1
563104,1
563107,1
563137,1
563148,1
563149,1
563163,1
563165,1
563166,1
563169,1
563173,1
563175,1
563205,1
563214,1
563221,1
563228,1
563248,1
563255,1
563272,1
563277,1
563286,1
563287,1
563299,1
563304,1
563306,1
563313,1
563321,1
563325,1
563335,1
563341,1
563344,1
563351,1
563355,1
563363,1
563393,1
563394,1
563396,1
563408,1
563418,1
563420,1
563436,1
563439,1
563446,1
563451,1
563473,1
563478,1
563480,1
563492,1
563501,1
563517,1
563539,1
563542,1
563544,1
563547,1
563555,1
563561,1
563563,1
563576,1
563582,1
563589,1
563596,1
563610,1
563611,1
563639,1
563649,1
563662,1
563686,1
563691,1
563692,1
563709,1
563713,1
563725,1
563726,1
563727,1
563736,1
563745,1
563768,1
563774,1
563783,1
563806,1
563809,1
563815,1
563824,1
563835,1
563840,1
563858,1
563864,1
563876,1
563880,1
563888,1
563890,1
563896,1
563930,1
563936,1
563960,1
563961,1
563971,1
563972,1
563986,1
563991,1
564164,1
564230,1
564338,1
564382,1
564386,1
564641,1
564707,1
564762,1
564765,1
564830,1
564868,1
564904,1
564905,1
564998,1
564999,1
565003,1
565041,1
565068,1
565069,1
565084,1
565105,1
565123,1
565155,1
565156,1
565182,1
565205,1
565229,1
565251,1
565257,1
565274,1
565311,1
565352,1
565385,1
565396,1
565412,1
565428,1
565466,1
565476,1
565543,1
565545,1
565560,1
565570,1
565576,1
565609,1
565620,1
565627,1
565639,1
565663,1
565699,1
565704,1
565727,1
565734,1
565754,1
565771,1
565778,1
565786,1
565811,1
565873,1
565889,1
565892,1
565923,1
565963,1
566041,1
566055,1
566110,1
566126,1
566154,1
566164,1
566180,1
566242,1
566376,1
566393,1
566396,1
566455,1
566464,1
566470,1
566490,1
566540,1
566618,1
566655,1
566663,1
566682,1
566703,1
566746,1
566776,1
566827,1
566849,1
566850,1
566898,1
566922,1
566957,1
566986,1
567067,1
567109,1
567196,1
567216,1
567253,1
567287,1
567345,1
567347,1
567366,1
567755,1
567770,1
567794,1
567849,1
567899,1
568039,1
568044,1
568078,1
568161,1
568191,1
568230,1
568241,1
568261,1
568326,1
568479,1
568518,1
568558,1
568623,1
568643,1
568735,1
568754,1
568944,1
568966,1
568992,1
569021,1
569044,1
569091,1
569121,1
569152,1
569173,1
569312,1
569327,1
569354,1
569381,1
569466,1
569510,1
569528,1
569537,1
569597,1
569600,1
569628,1
569630,1
569634,1
569734,1
569740,1
569770,1
569882,1
569933,1
569966,1
569990,1
570012,1
570051,1
570057,1
570120,1
570214,1
570279,1
570310,1
570330,1
570348,1
570353,1
570359,1
570391,1
570491,1
570535,1
570553,1
570611,1
570652,1
570656,1
570696,1
570709,1
570712,1
570747,1
570779,1
570817,1
570841,1
570876,1
570893,1
570907,1
570942,1
571017,1
571099,1
571118,1
571164,1
571265,1
571311,1
571315,1
571321,1
571358,1
571363,1
571373,1
571540,1
571542,1
571577,1
571636,1
571660,1
571664,1
571708,1
571726,1
571732,1
571741,1
571760,1
571854,1
571905,1
571952,1
571985,1
571990,1
571998,1
572047,1
572058,1
572085,1
572253,1
572315,1
572349,1
572358,1
572483,1
572484,1
572485,1
572511,1
572532,1
572559,1
572675,1
572761,1
572788,1
572796,1
572851,1
572958,1
572988,1
573002,1
573078,1
573104,1
573170,1
573239,1
573242,1
573263,1
573339,1
573478,1
573489,1
573502,1
573554,1
573561,1
573583,1
573590,1
573667,1
573691,1
573717,1
573806,1
573827,1
573874,1
573901,1
574002,1
574007,1
574021,1
574079,1
574085,1
574211,1
574215,1
574231,1
574311,1
574483,1
574487,1
574537,1
574556,1
574621,1
574649,1
574698,1
574729,1
574732,1
574753,1
574841,1
574844,1
574850,1
574894,1
575064,1
575180,1
575218,1
575247,1
575268,1
575288,1
575293,1
575307,1
575396,1
575413,1
575438,1
575634,1
575658,1
575736,1
575932,1
575942,1
575986,1
576125,1
576169,1
576358,1
576364,1
576387,1
576414,1
576419,1
576452,1
576496,1
576588,1
576596,1
576633,1
576799,1
576862,1
576942,1
577014,1
577094,1
577112,1
577317,1
577364,1
577555,1
577578,1
577617,1
577642,1
577654,1
577976,1
577992,1
578112,1
578125,1
578152,1
578229,1
578279,1
578307,1
578315,1
578337,1
578357,1
578470,1
578530,1
578534,1
578542,1
578691,1
578710,1
578740,1
578773,1
578788,1
578820,1
578844,1
578855,1
578857,1
578939,1
578989,1
579028,1
579106,1
579242,1
579295,1
579306,1
579323,1
579346,1
579373,1
579434,1
579458,1
579467,1
579498,1
579551,1
579564,1
579699,1
579717,1
579768,1
579772,1
579823,1
579930,1
580017,1
580055,1
580274,1
580281,1
580376,1
580385,1
580407,1
580446,1
580452,1
580463,1
580571,1
580630,1
580661,1
580709,1
580858,1
580939,1
581018,1
581175,1
581228,1
581365,1
581713,1
581877,1
582024,1
582039,1
582068,1
582102,1
582149,1
582207,1
582363,1
582366,1
582489,1
582501,1
582608,1
582645,1
582663,1
582684,1
582745,1
582777,1
582831,1
582880,1
582890,1
582920,1
582983,1
583003,1
583038,1
583091,1
583106,1
583141,1
583149,1
583175,1
583180,1
583201,1
583209,1
583227,1
583249,1
583250,1
583294,1
583318,1
583354,1
583385,1
583403,1
583509,1
583525,1
583542,1
583571,1
583603,1
583684,1
583685,1
583723,1
583732,1
583744,1
583745,1
583771,1
583784,1
583792,1
583807,1
583808,1
583814,1
583835,1
583953,1
583968,1
583986,1
583990,1
584016,1
584045,1
584064,1
584072,1
584133,1
584162,1
584185,1
584205,1
584207,1
584217,1
584222,1
584224,1
584238,1
584256,1
584290,1
584361,1
584406,1
584470,1
584503,1
584529,1
584551,1
584570,1
584582,1
584595,1
584627,1
584656,1
584664,1
584718,1
584797,1
584805,1
584851,1
584872,1
584878,1
584914,1
584987,1
585007,1
585042,1
585086,1
585104,1
585111,1
585134,1
585194,1
585250,1
585315,1
585336,1
585344,1
585397,1
585419,1
585505,1
585596,1
585602,1
585605,1
585653,1
585657,1
585714,1
585741,1
585743,1
585818,1
585849,1
585998,1
586011,1
586113,1
586139,1
586158,1
586177,1
586203,1
586255,1
586264,1
586298,1
586392,1
586402,1
586412,1
586453,1
586457,1
586497,1
586519,1
586532,1
586540,1
586614,1
586629,1
586634,1
586643,1
586692,1
586696,1
586789,1
586812,1
586818,1
586829,1
587052,1
587054,1
587058,1
587068,1
587111,1
587156,1
587209,1
587215,1
587247,1
587271,1
587272,1
587284,1
587483,1
587536,1
587616,1
587645,1
587688,1
587823,1
587845,1
587871,1
587893,1
587910,1
587913,1
587917,1
587927,1
588028,1
588030,1
588080,1
588104,1
588130,1
588168,1
588243,1
588286,1
588316,1
588326,1
588337,1
588471,1
588473,1
588526,1
588564,1
588585,1
588597,1
588652,1
588682,1
588710,1
588771,1
588805,1
588815,1
588827,1
588839,1
588916,1
589084,1
589123,1
589168,1
589215,1
589219,1
589224,1
589225,1
589275,1
589320,1
589322,1
589412,1
589414,1
589456,1
589480,1
589486,1
589548,1
589561,1
589583,1
589585,1
589607,1
589612,1
589632,1
589637,1
589644,1
589645,1
589676,1
589717,1
589759,1
589828,1
589881,1
589894,1
589907,1
589912,1
589922,1
589976,1
589977,1
590157,1
590185,1
590190,1
590199,1
590213,1
590219,1
590256,1
590271,1
590283,1
590333,1
590337,1
590355,1
590390,1
590417,1
590434,1
590452,1
590483,1
590517,1
590528,1
590540,1
590590,1
590599,1
590669,1
590685,1
590694,1
590711,1
590715,1
590745,1
590766,1
590797,1
590831,1
590845,1
590848,1
590870,1
590893,1
590898,1
590927,1
590939,1
590977,1
591075,1
591084,1
591086,1
591133,1
591169,1
591172,1
591201,1
591249,1
591300,1
591306,1
591361,1
591374,1
591381,1
591401,1
591487,1
591528,1
591541,1
591544,1
591562,1
591564,1
591584,1
591597,1
591616,1
591690,1
591699,1
591710,1
591712,1
591734,1
591822,1
591827,1
591846,1
591848,1
591866,1
591882,1
591887,1
591902,1
591904,1
591906,1
591907,1
591920,1
591921,1
591945,1
591956,1
591980,1
591985,1
591987,1
592004,1
592005,1
592008,1
592009,1
592010,1
592017,1
592019,1
592047,1
592050,1
592056,1
592073,1
592080,1
592087,1
592094,1
592096,1
592100,1
592104,1
592109,1
592118,1
592120,1
592150,1
592165,1
592175,1
592176,1
592182,1
592184,1
592194,1
592199,1
592218,1
592219,1
592230,1
592237,1
592240,1
592243,1
592252,1
592255,1
592262,1
592267,1
592269,1
592281,1
592283,1
592293,1
592297,1
592300,1
592302,1
592307,1
592314,1
592318,1
592322,1
592327,1
592337,1
592345,1
592350,1
592357,1
592360,1
592373,1
592376,1
592384,1
592394,1
592399,1
592434,1
592445,1
592449,1
592451,1
592455,1
592471,1
592476,1
592478,1
592484,1
592490,1
592491,1
592497,1
592511,1
592528,1
592537,1
592541,1
592546,1
592554,1
592558,1
592562,1
592566,1
592576,1
592583,1
592584,1
592589,1
592590,1
592593,1
592607,1
592608,1
592613,1
592617,1
592619,1
592631,1
592632,1
592651,1
592664,1
592665,1
592666,1
592681,1
592683,1
592684,1
592687,1
592693,1
592700,1
592704,1
592706,1
592713,1
592715,1
592720,1
592721,1
592723,1
592731,1
592748,1
592759,1
592775,1
592785,1
592787,1
592790,1
592808,1
592809,1
592818,1
592819,1
592820,1
592829,1
592845,1
592851,1
592857,1
592861,1
592872,1
592900,1
592904,1
592905,1
592913,1
592915,1
592930,1
592935,1
592947,1
592951,1
592955,1
593002,1
593012,1
593016,1
593043,1
593048,1
593069,1
593073,1
593083,1
593092,1
593097,1
593098,1
593109,1
593120,1
593149,1
593174,1
593188,1
593198,1
593224,1
593242,1
593246,1
593256,1
593267,1
593277,1
593293,1
593298,1
593302,1
593307,1
593309,1
593320,1
593327,1
593330,1
593332,1
593344,1
593359,1
593362,1
593363,1
593365,1
593379,1
593390,1
593392,1
593398,1
593400,1
593413,1
593422,1
593426,1
593429,1
593436,1
593445,1
593485,1
593493,1
593499,1
593500,1
593517,1
593528,1
593560,1
593565,1
593573,1
593576,1
593607,1
593618,1
593632,1
593640,1
593645,1
593651,1
593661,1
593663,1
593671,1
593678,1
593682,1
593683,1
593700,1
593719,1
593743,1
593745,1
593750,1
593762,1
593775,1
593785,1
593792,1
593795,1
593799,1
593803,1
593805,1
593815,1
593817,1
593819,1
593826,1
593896,1
593906,1
593918,1
593929,1
593955,1
593966,1
593969,1
593983,1
593989,1
594005,1
594025,1
594042,1
594045,1
594052,1
594063,1
594083,1
594102,1
594118,1
594122,1
594149,1
594151,1
594157,1
594171,1
594187,1
594203,1
594223,1
594225,1
594226,1
594396,1
594473,1
594634,1
594683,1
594709,1
594770,1
594775,1
594956,1
595018,1
595202,1
595220,1
595223,1
595320,1
595385,1
595398,1
595410,1
595411,1
595522,1
595537,1
595559,1
595613,1
595638,1
595656,1
595664,1
595682,1
595698,1
595733,1
595734,1
595768,1
595832,1
595856,1
595861,1
595885,1
595999,1
596004,1
596011,1
596029,1
596065,1
596168,1
596189,1
596249,1
596269,1
596274,1
596301,1
596333,1
596368,1
596378,1
596385,1
596409,1
596430,1
596467,1
596475,1
596518,1
596549,1
596574,1
596599,1
596610,1
596617,1
596633,1
596671,1
596673,1
596734,1
596738,1
596739,1
596758,1
596803,1
596814,1
596947,1
597019,1
597025,1
597059,1
597329,1
597362,1
597469,1
597470,1
597510,1
597573,1
597583,1
597605,1
597737,1
597754,1
597769,1
597873,1
598015,1
598073,1
598167,1
598209,1
598253,1
598261,1
598380,1
598416,1
598458,1
598523,1
598541,1
598581,1
598602,1
598642,1
598718,1
598760,1
598800,1
598801,1
598884,1
599025,1
599080,1
599120,1
599144,1
599214,1
599278,1
599315,1
599387,1
599448,1
599556,1
599589,1
599650,1
599690,1
599720,1
599742,1
599774,1
599820,1
599831,1
599874,1
599889,1
599968,1
599995,1
600071,1
600110,1
600135,1
600152,1
600193,1
600248,1
600278,1
600318,1
600377,1
600446,1
600454,1
600479,1
600485,1
600490,1
600503,1
600566,1
600572,1
600604,1
600667,1
600678,1
600695,1
600713,1
600820,1
600829,1
600838,1
600853,1
600854,1
600890,1
600900,1
600918,1
600933,1
601011,1
601037,1
601092,1
601115,1
601122,1
601123,1
601176,1
601226,1
601243,1
601299,1
601333,1
601360,1
601372,1
601399,1
601429,1
601438,1
601446,1
601461,1
601506,1
601516,1
601652,1
601653,1
601657,1
601743,1
601750,1
601840,1
601845,1
601882,1
601919,1
601968,1
602034,1
602076,1
602099,1
602124,1
602135,1
602136,1
602192,1
602222,1
602287,1
602345,1
602350,1
602378,1
602379,1
602468,1
602490,1
602545,1
602751,1
602770,1
602791,1
602803,1
602823,1
602827,1
602849,1
602933,1
602976,1
602986,1
603011,1
603018,1
603072,1
603118,1
603173,1
603204,1
603227,1
603237,1
603418,1
603439,1
603454,1
603463,1
603649,1
603677,1
603752,1
603827,1
603837,1
603844,1
603851,1
603887,1
603897,1
603968,1
603976,1
604024,1
604187,1
604252,1
604314,1
604424,1
604576,1
604577,1
604677,1
604698,1
604709,1
604720,1
604761,1
604763,1
604936,1
605001,1
605012,1
605167,1
605184,1
605203,1
605204,1
605226,1
605286,1
605425,1
605521,1
605561,1
605635,1
605681,1
605779,1
605790,1
605792,1
605852,1
605947,1
605951,1
606080,1
606084,1
606118,1
606252,1
606315,1
606407,1
606451,1
606513,1
606562,1
606577,1
606677,1
606710,1
606783,1
607008,1
607124,1
607125,1
607173,1
607195,1
607212,1
607385,1
607461,1
607518,1
607547,1
607584,1
607592,1
607699,1
607819,1
607856,1
607964,1
608061,1
608225,1
608384,1
608390,1
608393,1
608499,1
608593,1
608657,1
608711,1
608777,1
608851,1
608918,1
608942,1
609005,1
609062,1
609103,1
609193,1
609460,1
609467,1
609547,1
609628,1
609637,1
609651,1
609735,1
609814,1
609815,1
609827,1
609830,1
609930,1
609992,1
610076,1
610102,1
610108,1
610109,1
610124,1
610193,1
610220,1
610230,1
610365,1
610416,1
610426,1
610438,1
610488,1
610528,1
610548,1
610657,1
610761,1
610781,1
610795,1
610866,1
610868,1
610884,1
610889,1
610917,1
610981,1
611000,1
611098,1
611118,1
611237,1
611394,1
611396,1
611483,1
611710,1
611754,1
611798,1
611804,1
611841,1
611908,1
611924,1
611961,1
612176,1
612182,1
612214,1
612337,1
612468,1
612472,1
612493,1
612528,1
612589,1
612599,1
612659,1
612676,1
612762,1
612765,1
612778,1
612866,1
612937,1
612966,1
612967,1
613041,1
613061,1
613105,1
613163,1
613197,1
613220,1
613253,1
613293,1
613307,1
613335,1
613337,1
613412,1
613464,1
613467,1
613477,1
613480,1
613498,1
613511,1
613560,1
613570,1
613648,1
613691,1
613695,1
613720,1
613728,1
613734,1
613828,1
613839,1
613871,1
613891,1
613923,1
613933,1
613962,1
613987,1
613988,1
613992,1
614020,1
614045,1
614130,1
614144,1
614146,1
614153,1
614159,1
614183,1
614185,1
614201,1
614236,1
614248,1
614270,1
614280,1
614287,1
614368,1
614400,1
614411,1
614433,1
614437,1
614528,1
614539,1
614602,1
614615,1
614617,1
614618,1
614623,1
614640,1
614678,1
614705,1
614779,1
614786,1
614791,1
614808,1
614829,1
614850,1
614868,1
614992,1
615113,1
615129,1
615145,1
615170,1
615187,1
615196,1
615212,1
615217,1
615285,1
615315,1
615362,1
615366,1
615383,1
615439,1
615456,1
615489,1
615521,1
615658,1
615767,1
615773,1
615821,1
615824,1
615937,1
615989,1
616006,1
616041,1
616213,1
616224,1
616256,1
616299,1
616388,1
616435,1
616503,1
616534,1
616640,1
616729,1
616755,1
616869,1
616871,1
616889,1
616911,1
616914,1
616919,1
616928,1
616930,1
617052,1
617133,1
617135,1
617163,1
617180,1
617300,1
617309,1
617393,1
617407,1
617458,1
617499,1
617551,1
617553,1
617599,1
617625,1
617649,1
617653,1
617736,1
617741,1
617745,1
617818,1
617898,1
617913,1
617933,1
617959,1
617961,1
617968,1
617973,1
617990,1
618008,1
618020,1
618061,1
618062,1
618074,1
618104,1
618144,1
618157,1
618180,1
618197,1
618227,1
618239,1
618299,1
618340,1
618381,1
618442,1
618528,1
618594,1
618599,1
618624,1
618629,1
618648,1
618690,1
618739,1
618789,1
618812,1
618883,1
618910,1
618962,1
618973,1
619016,1
619043,1
619062,1
619072,1
619098,1
619141,1
619162,1
619240,1
619331,1
619359,1
619365,1
619395,1
619498,1
619510,1
619524,1
619529,1
619547,1
619583,1
619609,1
619613,1
619638,1
619712,1
619789,1
619812,1
619897,1
619926,1
619997,1
620018,1
620058,1
620060,1
620081,1
620086,1
620130,1
620142,1
620187,1
620203,1
620229,1
620291,1
620316,1
620317,1
620330,1
620457,1
620474,1
620494,1
620521,1
620597,1
620598,1
620642,1
620662,1
620697,1
620709,1
620780,1
620865,1
620914,1
620933,1
620986,1
620992,1
621009,1
621011,1
621015,1
621049,1
621149,1
621232,1
621249,1
621276,1
621280,1
621281,1
621332,1
621334,1
621429,1
621432,1
621453,1
621458,1
621510,1
621587,1
621590,1
621607,1
621608,1
621624,1
621644,1
621692,1
621698,1
621715,1
621739,1
621807,1
621820,1
621849,1
621880,1
621895,1
621906,1
621923,1
621935,1
621951,1
621959,1
622045,1
622072,1
622110,1
622125,1
622165,1
622169,1
622184,1
622199,1
622219,1
622244,1
622246,1
622269,1
622273,1
622278,1
622335,1
622338,1
622340,1
622347,1
622359,1
622383,1
622386,1
622403,1
622412,1
622432,1
622447,1
622453,1
622458,1
622506,1
622511,1
622518,1
622534,1
622560,1
622586,1
622591,1
622597,1
622603,1
622628,1
622630,1
622635,1
622645,1
622653,1
622698,1
622703,1
622706,1
622711,1
622719,1
622721,1
622723,1
622736,1
622741,1
622743,1
622768,1
622796,1
622833,1
622840,1
622859,1
622870,1
622884,1
622912,1
622933,1
622959,1
622961,1
622966,1
622969,1
622974,1
622975,1
622978,1
622982,1
622996,1
623024,1
623048,1
623055,1
623057,1
623083,1
623087,1
623105,1
623137,1
623150,1
623157,1
623158,1
623160,1
623168,1
623173,1
623181,1
623190,1
623199,1
623203,1
623211,1
623220,1
623229,1
623233,1
623234,1
623251,1
623254,1
623258,1
623260,1
623273,1
623275,1
623278,1
623279,1
623285,1
623309,1
623321,1
623331,1
623338,1
623346,1
623352,1
623361,1
623368,1
623370,1
623376,1
623385,1
623392,1
623410,1
623429,1
623446,1
623458,1
623459,1
623460,1
623467,1
623471,1
623477,1
623481,1
623485,1
623491,1
623500,1
623504,1
623507,1
623521,1
623530,1
623534,1
623536,1
623537,1
623540,1
623542,1
623548,1
623557,1
623561,1
623568,1
623570,1
623587,1
623588,1
623600,1
623622,1
623634,1
623639,1
623646,1
623657,1
623665,1
623696,1
623719,1
623720,1
623733,1
623734,1
623741,1
623756,1
623759,1
623764,1
623772,1
623777,1
623778,1
623788,1
623796,1
623804,1
623805,1
623813,1
623815,1
623818,1
623822,1
623830,1
623845,1
623859,1
623863,1
623871,1
623881,1
623884,1
623885,1
623896,1
623911,1
623915,1
623922,1
623929,1
623946,1
623957,1
623958,1
623960,1
623963,1
623964,1
623968,1
623994,1
624002,1
624006,1
624016,1
624018,1
624019,1
624021,1
624026,1
624039,1
624040,1
624042,1
624047,1
624049,1
624052,1
624065,1
624066,1
624074,1
624085,1
624089,1
624091,1
624094,1
624110,1
624121,1
624131,1
624138,1
624144,1
624149,1
624154,1
624158,1
624161,1
624167,1
624209,1
624232,1
624239,1
624257,1
624261,1
624266,1
624267,1
624272,1
624281,1
624309,1
624319,1
624330,1
624338,1
624342,1
624344,1
624346,1
624347,1
624351,1
624354,1
624361,1
624366,1
624375,1
624376,1
624384,1
624387,1
624388,1
624391,1
624403,1
624408,1
624416,1
624421,1
624444,1
624480,1
624486,1
624527,1
624572,1
624702,1
624758,1
624768,1
624771,1
624810,1
624825,1
624831,1
624907,1
624944,1
625005,1
625030,1
625168,1
625253,1
625274,1
625288,1
625393,1
625522,1
625530,1
625587,1
625626,1
625651,1
625688,1
625699,1
625790,1
625826,1
625838,1
625898,1
625920,1
625981,1
626001,1
626179,1
626218,1
626254,1
626272,1
626342,1
626355,1
626362,1
626379,1
626398,1
626430,1
626456,1
626484,1
626514,1
626525,1
626553,1
626557,1
626584,1
626598,1
626605,1
626644,1
626650,1
626690,1
626695,1
626704,1
626725,1
626802,1
626818,1
626819,1
626820,1
626833,1
626844,1
626850,1
626855,1
626856,1
626871,1
626876,1
626878,1
626893,1
626898,1
626900,1
626903,1
626918,1
626937,1
626965,1
626996,1
627000,1
627001,1
627020,1
627025,1
627045,1
627071,1
627108,1
627129,1
627182,1
627183,1
627212,1
627223,1
627240,1
627275,1
627374,1
627389,1
627502,1
627576,1
627611,1
627643,1
627664,1
627756,1
627757,1
627807,1
627882,1
627915,1
627967,1
627976,1
628007,1
628014,1
628040,1
628078,1
628153,1
628239,1
628260,1
628359,1
628369,1
628427,1
628522,1
628626,1
628634,1
628691,1
628702,1
628760,1
628872,1
628952,1
629189,1
629211,1
629382,1
629408,1
629441,1
629471,1
629491,1
629534,1
629593,1
629620,1
629635,1
629726,1
629729,1
629797,1
629800,1
629826,1
629838,1
629871,1
629906,1
629950,1
629953,1
629959,1
629963,1
630073,1
630105,1
630162,1
630328,1
630384,1
630396,1
630421,1
630428,1
630498,1
630509,1
630551,1
630555,1
630559,1
630561,1
630643,1
630660,1
630680,1
630809,1
630823,1
630830,1
630844,1
630885,1
630888,1
630906,1
630930,1
630951,1
630983,1
630985,1
630998,1
631045,1
631077,1
631118,1
631123,1
631133,1
631161,1
631285,1
631330,1
631401,1
631443,1
631608,1
631672,1
631693,1
631712,1
631722,1
631728,1
631780,1
631803,1
631810,1
631831,1
631876,1
631928,1
632011,1
632053,1
632117,1
632178,1
632208,1
632232,1
632261,1
632408,1
632446,1
632455,1
632484,1
632502,1
632548,1
632558,1
632561,1
632617,1
632658,1
632693,1
632753,1
632778,1
632781,1
632811,1
632856,1
632879,1
632888,1
632916,1
632953,1
632955,1
633049,1
633060,1
633077,1
633092,1
633122,1
633174,1
633225,1
633244,1
633245,1
633316,1
633345,1
633481,1
633614,1
633626,1
633659,1
633703,1
634034,1
634158,1
634179,1
634187,1
634192,1
634201,1
634212,1
634292,1
634333,1
634430,1
634472,1
634540,1
634570,1
634680,1
634694,1
634753,1
634758,1
634892,1
634963,1
634990,1
635183,1
635188,1
635312,1
635356,1
635418,1
635440,1
635448,1
635515,1
635526,1
635528,1
635595,1
635599,1
635665,1
635721,1
635783,1
635835,1
635854,1
635952,1
635954,1
635985,1
636102,1
636154,1
636203,1
636268,1
636366,1
636405,1
636450,1
636474,1
636536,1
636541,1
636546,1
636620,1
636854,1
636923,1
636949,1
636964,1
637084,1
637133,1
637187,1
637193,1
637210,1
637251,1
637264,1
637273,1
637284,1
637342,1
637352,1
637362,1
637431,1
637436,1
637583,1
637632,1
637704,1
637790,1
637963,1
637977,1
638103,1
638161,1
638191,1
638434,1
638538,1
638648,1
638659,1
638817,1
638844,1
638962,1
638980,1
638983,1
639134,1
639156,1
639188,1
639193,1
639229,1
639235,1
639269,1
639319,1
639368,1
639545,1
639611,1
639620,1
639837,1
639895,1
639899,1
639946,1
639951,1
639991,1
640024,1
640030,1
640092,1
640104,1
640126,1
640143,1
640233,1
640255,1
640274,1
640282,1
640287,1
640305,1
640345,1
640386,1
640402,1
640453,1
640477,1
640495,1
640518,1
640566,1
640573,1
640583,1
640615,1
640708,1
640736,1
640764,1
640773,1
640994,1
641016,1
641083,1
641204,1
641206,1
641285,1
641313,1
641431,1
641454,1
641617,1
641725,1
641783,1
641866,1
642015,1
642045,1
642083,1
642307,1
642442,1
642669,1
642673,1
642694,1
642750,1
642826,1
642827,1
642883,1
642886,1
642895,1
642983,1
643011,1
643044,1
643072,1
643098,1
643144,1
643153,1
643165,1
643183,1
643219,1
643247,1
643256,1
643273,1
643319,1
643326,1
643342,1
643360,1
643418,1
643444,1
643447,1
643483,1
643497,1
643557,1
643573,1
643583,1
643634,1
643683,1
643780,1
643938,1
643941,1
643976,1
643994,1
644008,1
644019,1
644031,1
644061,1
644081,1
644095,1
644125,1
644134,1
644166,1
644203,1
644262,1
644266,1
644287,1
644300,1
644305,1
644326,1
644351,1
644374,1
644380,1
644437,1
644490,1
644538,1
644540,1
644642,1
644681,1
644700,1
644702,1
644716,1
644745,1
644764,1
644826,1
644919,1
644932,1
644954,1
644996,1
645004,1
645063,1
645160,1
645275,1
645295,1
645325,1
645338,1
645347,1
645373,1
645449,1
645454,1
645501,1
645593,1
645648,1
645672,1
645698,1
645708,1
645711,1
645712,1
645787,1
645824,1
645925,1
645952,1
645966,1
645990,1
645993,1
646006,1
646007,1
646036,1
646084,1
646092,1
646097,1
646186,1
646264,1
646275,1
646284,1
646288,1
646296,1
646300,1
646334,1
646411,1
646423,1
646435,1
646455,1
646462,1
646483,1
646506,1
646518,1
646549,1
646598,1
646700,1
646701,1
646792,1
646795,1
646832,1
646842,1
646950,1
646975,1
646977,1
647022,1
647179,1
647228,1
647249,1
647330,1
647364,1
647439,1
647474,1
647498,1
647502,1
647521,1
647532,1
647636,1
647658,1
647660,1
647715,1
647737,1
647775,1
647786,1
647829,1
647990,1
648009,1
648013,1
648033,1
648067,1
648089,1
648093,1
648109,1
648114,1
648145,1
648154,1
648161,1
648206,1
648209,1
648219,1
648236,1
648239,1
648254,1
648345,1
648381,1
648438,1
648450,1
648460,1
648551,1
648609,1
648633,1
648640,1
648641,1
648649,1
648669,1
648679,1
648703,1
648727,1
648731,1
648807,1
648835,1
648838,1
648845,1
648895,1
648904,1
648920,1
648972,1
649039,1
649048,1
649050,1
649156,1
649170,1
649184,1
649242,1
649245,1
649333,1
649342,1
649370,1
649442,1
649471,1
649482,1
649493,1
649523,1
649529,1
649601,1
649605,1
649630,1
649695,1
649732,1
649757,1
649809,1
649819,1
649873,1
649952,1
649958,1
649989,1
650045,1
650069,1
650120,1
650216,1
650220,1
650232,1
650273,1
650282,1
650352,1
650362,1
650400,1
650408,1
650438,1
650452,1
650455,1
650485,1
650533,1
650584,1
650668,1
650763,1
650764,1
650774,1
650821,1
650878,1
650946,1
650949,1
650971,1
650996,1
651016,1
651098,1
651121,1
651178,1
651184,1
651205,1
651220,1
651237,1
651263,1
651306,1
651342,1
651350,1
651360,1
651380,1
651426,1
651436,1
651499,1
651507,1
651533,1
651580,1
651611,1
651613,1
651639,1
651643,1
651675,1
651718,1
651723,1
651842,1
651893,1
651895,1
651974,1
651980,1
651982,1
651993,1
651997,1
652061,1
652104,1
652111,1
652136,1
652141,1
652146,1
652182,1
652204,1
652239,1
652247,1
652257,1
652292,1
652295,1
652303,1
652312,1
652324,1
652356,1
652389,1
652409,1
652416,1
652439,1
652448,1
652457,1
652461,1
652472,1
652475,1
652490,1
652497,1
652499,1
652557,1
652612,1
652626,1
652633,1
652639,1
652642,1
652698,1
652705,1
652718,1
652729,1
652730,1
652735,1
652739,1
652752,1
652765,1
652766,1
652771,1
652797,1
652799,1
652835,1
652837,1
652873,1
652888,1
652907,1
652908,1
652912,1
652919,1
652950,1
652958,1
652965,1
652996,1
653025,1
653033,1
653041,1
653104,1
653121,1
653141,1
653145,1
653147,1
653150,1
653154,1
653156,1
653163,1
653183,1
653185,1
653189,1
653203,1
653205,1
653207,1
653208,1
653212,1
653214,1
653221,1
653223,1
653231,1
653232,1
653234,1
653241,1
653247,1
653249,1
653254,1
653259,1
653264,1
653276,1
653290,1
653292,1
653295,1
653300,1
653306,1
653313,1
653324,1
653327,1
653328,1
653340,1
653359,1
653365,1
653367,1
653372,1
653382,1
653416,1
653417,1
653419,1
653433,1
653444,1
653448,1
653451,1
653454,1
653467,1
653481,1
653504,1
653506,1
653507,1
653510,1
653511,1
653522,1
653527,1
653531,1
653533,1
653540,1
653542,1
653543,1
653546,1
653556,1
653557,1
653559,1
653560,1
653563,1
653576,1
653582,1
653593,1
653594,1
653602,1
653608,1
653613,1
653625,1
653626,1
653638,1
653665,1
653670,1
653676,1
653687,1
653688,1
653700,1
653703,1
653704,1
653706,1
653709,1
653711,1
653715,1
653726,1
653727,1
653745,1
653748,1
653749,1
653775,1
653792,1
653797,1
653804,1
653806,1
653809,1
653824,1
653834,1
653855,1
653867,1
653875,1
653881,1
653883,1
653890,1
653896,1
653909,1
653911,1
653915,1
653923,1
653936,1
653947,1
653948,1
654001,1
654022,1
654023,1
654030,1
654080,1
654088,1
654146,1
654153,1
654156,1
654157,1
654164,1
654172,1
654181,1
654198,1
654208,1
654213,1
654241,1
654260,1
654275,1
654276,1
654277,1
654278,1
654288,1
654294,1
654312,1
654315,1
654320,1
654324,1
654338,1
654364,1
654366,1
654368,1
654384,1
654387,1
654406,1
654408,1
654427,1
654431,1
654432,1
654440,1
654441,1
654442,1
654449,1
654452,1
654464,1
654474,1
654483,1
654491,1
654494,1
654498,1
654507,1
654510,1
654520,1
654521,1
654522,1
654523,1
654526,1
654533,1
654539,1
654545,1
654546,1
654555,1
654567,1
654571,1
654592,1
654618,1
654638,1
654689,1
654702,1
654764,1
654769,1
654853,1
654894,1
654914,1
654918,1
655008,1
655012,1
655045,1
655087,1
655145,1
655169,1
655185,1
655196,1
655285,1
655288,1
655292,1
655317,1
655322,1
655354,1
655366,1
655397,1
655407,1
655437,1
655447,1
655458,1
655500,1
655513,1
655539,1
655568,1
655592,1
655657,1
655685,1
655689,1
655862,1
656092,1
656150,1
656157,1
656158,1
656181,1
656281,1
656282,1
656325,1
656362,1
656387,1
656472,1
656475,1
656477,1
656495,1
656552,1
656566,1
656599,1
656609,1
656642,1
656663,1
656688,1
656718,1
656744,1
656767,1
656777,1
656783,1
656784,1
656785,1
656791,1
656847,1
656857,1
656858,1
656866,1
656874,1
656898,1
656962,1
657004,1
657029,1
657061,1
657072,1
657148,1
657154,1
657159,1
657173,1
657212,1
657235,1
657249,1
657280,1
657288,1
657317,1
657427,1
657445,1
657490,1
657499,1
657515,1
657546,1
657575,1
657584,1
657638,1
657687,1
657698,1
657755,1
657759,1
657804,1
657859,1
657900,1
657914,1
658022,1
658063,1
658074,1
658131,1
658254,1
658290,1
658337,1
658352,1
658354,1
658369,1
658394,1
658413,1
658421,1
658478,1
658480,1
658630,1
658631,1
658640,1
658653,1
658733,1
658750,1
658829,1
658878,1
658941,1
658969,1
659041,1
659045,1
659311,1
659342,1
659407,1
659460,1
659496,1
659504,1
659541,1
659614,1
659675,1
659728,1
659808,1
659815,1
659874,1
659973,1
660104,1
660133,1
660219,1
660242,1
660306,1
660320,1
660345,1
660423,1
660446,1
660474,1
660482,1
660497,1
660515,1
660548,1
660554,1
660555,1
660561,1
660572,1
660584,1
660623,1
660690,1
660693,1
660697,1
660721,1
660812,1
660865,1
660871,1
660875,1
660884,1
660899,1
660969,1
661062,1
661068,1
661074,1
661103,1
661136,1
661177,1
661178,1
661198,1
661202,1
661316,1
661345,1
661379,1
661418,1
661425,1
661432,1
661446,1
661463,1
661479,1
661518,1
661594,1
661604,1
661632,1
661637,1
661660,1
661719,1
661737,1
661772,1
661806,1
661817,1
661854,1
661963,1
662001,1
662020,1
662152,1
662167,1
662186,1
662193,1
662207,1
662249,1
662379,1
662442,1
662471,1
662509,1
662510,1
662608,1
662674,1
662720,1
662763,1
662855,1
662924,1
662961,1
662983,1
663014,1
663038,1
663061,1
663129,1
663137,1
663142,1
663203,1
663250,1
663259,1
663269,1
663294,1
663323,1
663372,1
663394,1
663464,1
663536,1
663571,1
663632,1
663653,1
663773,1
663830,1
663972,1
663986,1
664010,1
664013,1
664082,1
664206,1
664222,1
664262,1
664307,1
664345,1
664370,1
664378,1
664427,1
664500,1
664547,1
664671,1
664673,1
664677,1
664762,1
664821,1
664840,1
665002,1
665007,1
665106,1
665125,1
665134,1
665145,1
665151,1
665187,1
665258,1
665306,1
665400,1
665524,1
665540,1
665599,1
665734,1
665759,1
665783,1
665806,1
665908,1
665958,1
665967,1
666003,1
666071,1
666078,1
666141,1
666153,1
666168,1
666172,1
666175,1
666187,1
666238,1
666265,1
666269,1
666274,1
666334,1
666350,1
666466,1
666516,1
666625,1
666653,1
666698,1
666815,1
666931,1
667009,1
667076,1
667540,1
667552,1
667745,1
667819,1
667867,1
667902,1
667927,1
667948,1
667980,1
667984,1
667997,1
668001,1
668121,1
668141,1
668206,1
668401,1
668450,1
668612,1
668664,1
668682,1
668728,1
668729,1
668801,1
668932,1
668959,1
669054,1
669099,1
669104,1
669140,1
669222,1
669252,1
669284,1
669320,1
669380,1
669483,1
669578,1
669765,1
669805,1
669916,1
669949,1
669979,1
670055,1
670130,1
670149,1
670152,1
670233,1
670248,1
670308,1
670317,1
670319,1
670442,1
670449,1
670486,1
670542,1
670630,1
670700,1
670706,1
670716,1
670794,1
670817,1
670827,1
670837,1
670879,1
670923,1
670944,1
670960,1
670996,1
671000,1
671027,1
671045,1
671094,1
671095,1
671135,1
671142,1
671183,1
671189,1
671205,1
671227,1
671229,1
671282,1
671410,1
671466,1
671503,1
671537,1
671684,1
671688,1
671749,1
671770,1
671784,1
671921,1
672038,1
672175,1
672198,1
672236,1
672494,1
672521,1
672664,1
672814,1
672855,1
672877,1
672946,1
673011,1
673080,1
673108,1
673111,1
673164,1
673205,1
673265,1
673283,1
673299,1
673308,1
673356,1
673444,1
673569,1
673591,1
673688,1
673803,1
673847,1
673872,1
673881,1
673903,1
673932,1
673935,1
673951,1
673961,1
673984,1
674000,1
674009,1
674084,1
674100,1
674168,1
674232,1
674271,1
674272,1
674323,1
674372,1
674379,1
674390,1
674407,1
674417,1
674477,1
674518,1
674547,1
674554,1
674628,1
674633,1
674637,1
674688,1
674693,1
674721,1
674732,1
674734,1
674845,1
674858,1
674956,1
674960,1
674973,1
674999,1
675036,1
675044,1
675062,1
675079,1
675088,1
675123,1
675134,1
675181,1
675206,1
675215,1
675237,1
675253,1
675260,1
675324,1
675387,1
675415,1
675426,1
675501,1
675513,1
675516,1
675521,1
675547,1
675552,1
675561,1
675567,1
675596,1
675597,1
675620,1
675667,1
675678,1
675681,1
675705,1
675729,1
675762,1
675809,1
675812,1
675819,1
675888,1
675957,1
675987,1
675992,1
676016,1
676019,1
676057,1
676059,1
676062,1
676075,1
676089,1
676113,1
676176,1
676192,1
676198,1
676327,1
676347,1
676359,1
676377,1
676380,1
676387,1
676395,1
676424,1
676551,1
676556,1
676561,1
676573,1
676622,1
676650,1
676664,1
676700,1
676737,1
676745,1
676755,1
676815,1
676965,1
676975,1
676982,1
677054,1
677090,1
677093,1
677125,1
677167,1
677279,1
677323,1
677333,1
677342,1
677382,1
677412,1
677457,1
677471,1
677506,1
677599,1
677615,1
677662,1
677713,1
677835,1
677836,1
677863,1
677891,1
678025,1
678111,1
678197,1
678200,1
678258,1
678289,1
678349,1
678371,1
678392,1
678418,1
678426,1
678436,1
678448,1
678457,1
678459,1
678498,1
678533,1
678549,1
678569,1
678598,1
678647,1
678658,1
678698,1
678712,1
678737,1
678807,1
678937,1
678944,1
678982,1
678998,1
678999,1
679004,1
679026,1
679046,1
679056,1
679090,1
679136,1
679137,1
679148,1
679159,1
679191,1
679215,1
679262,1
679300,1
679377,1
679393,1
679412,1
679428,1
679453,1
679482,1
679509,1
679512,1
679561,1
679571,1
679603,1
679604,1
679616,1
679639,1
679671,1
679735,1
679746,1
679772,1
679793,1
679800,1
679839,1
679872,1
679889,1
679908,1
679938,1
679966,1
679986,1
680046,1
680066,1
680082,1
680124,1
680167,1
680171,1
680190,1
680200,1
680218,1
680322,1
680327,1
680343,1
680348,1
680350,1
680359,1
680413,1
680450,1
680452,1
680546,1
680564,1
680576,1
680614,1
680617,1
680628,1
680671,1
680756,1
680797,1
680850,1
680855,1
680857,1
680873,1
680921,1
680939,1
680981,1
681033,1
681035,1
681063,1
681067,1
681073,1
681186,1
681243,1
681264,1
681279,1
681291,1
681306,1
681312,1
681432,1
681513,1
681530,1
681535,1
681546,1
681555,1
681558,1
681566,1
681601,1
681636,1
681647,1
681662,1
681708,1
681716,1
681726,1
681733,1
681807,1
681823,1
681858,1
681870,1
681914,1
681985,1
682018,1
682019,1
682032,1
682051,1
682078,1
682093,1
682103,1
682115,1
682121,1
682128,1
682141,1
682146,1
682157,1
682197,1
682201,1
682229,1
682238,1
682242,1
682263,1
682286,1
682292,1
682319,1
682323,1
682347,1
682366,1
682380,1
682381,1
682397,1
682413,1
682426,1
682484,1
682494,1
682520,1
682552,1
682620,1
682640,1
682642,1
682654,1
682657,1
682661,1
682727,1
682737,1
682738,1
682779,1
682803,1
682820,1
682832,1
682847,1
682856,1
682864,1
682889,1
682909,1
682936,1
682956,1
682974,1
682999,1
683017,1
683027,1
683042,1
683044,1
683094,1
683124,1
683131,1
683161,1
683203,1
683314,1
683350,1
683353,1
683357,1
683365,1
683366,1
683377,1
683389,1
683395,1
683409,1
683410,1
683412,1
683417,1
683421,1
683434,1
683455,1
683456,1
683465,1
683479,1
683481,1
683483,1
683484,1
683487,1
683489,1
683491,1
683502,1
683505,1
683506,1
683512,1
683515,1
683517,1
683538,1
683544,1
683546,1
683558,1
683573,1
683577,1
683578,1
683583,1
683585,1
683589,1
683595,1
683602,1
683605,1
683606,1
683620,1
683622,1
683626,1
683629,1
683636,1
683643,1
683644,1
683646,1
683651,1
683652,1
683658,1
683660,1
683666,1
683667,1
683669,1
683671,1
683676,1
683679,1
683691,1
683694,1
683703,1
683704,1
683706,1
683711,1
683712,1
683714,1
683723,1
683737,1
683744,1
683750,1
683757,1
683758,1
683763,1
683770,1
683773,1
683781,1
683798,1
683804,1
683810,1
683830,1
683831,1
683837,1
683848,1
683854,1
683859,1
683869,1
683872,1
683873,1
683875,1
683878,1
683879,1
683882,1
683888,1
683889,1
683904,1
683908,1
683909,1
683914,1
683917,1
683932,1
683949,1
683967,1
683975,1
683979,1
683981,1
683986,1
683990,1
683993,1
683997,1
684007,1
684018,1
684027,1
684033,1
684041,1
684043,1
684052,1
684059,1
684072,1
684073,1
684076,1
684078,1
684082,1
684089,1
684097,1
684098,1
684102,1
684103,1
684106,1
684116,1
684136,1
684138,1
684140,1
684147,1
684149,1
684155,1
684156,1
684160,1
684162,1
684165,1
684176,1
684193,1
684200,1
684207,1
684221,1
684233,1
684248,1
684262,1
684265,1
684281,1
684287,1
684288,1
684289,1
684293,1
684303,1
684320,1
684324,1
684328,1
684331,1
684343,1
684365,1
684368,1
684377,1
684398,1
684399,1
684419,1
684424,1
684430,1
684433,1
684443,1
684456,1
684500,1
684514,1
684544,1
684559,1
684570,1
684576,1
684589,1
684592,1
684595,1
684624,1
684640,1
684651,1
684668,1
684677,1
684685,1
684708,1
684720,1
684734,1
684737,1
684765,1
684772,1
684791,1
684796,1
684800,1
684804,1
684820,1
684822,1
684829,1
684897,1
684906,1
684916,1
684920,1
684977,1
684985,1
684995,1
685000,1
685001,1
685017,1
685052,1
685069,1
685102,1
685118,1
685121,1
685135,1
685140,1
685149,1
685150,1
685156,1
685179,1
685188,1
685250,1
685276,1
685286,1
685299,1
685301,1
685308,1
685311,1
685362,1
685369,1
685381,1
685382,1
685386,1
685413,1
685414,1
685417,1
685418,1
685445,1
685457,1
685479,1
685489,1
685494,1
685503,1
685511,1
685516,1
685527,1
685533,1
685539,1
685557,1
685577,1
685590,1
685612,1
685618,1
685620,1
685628,1
685655,1
685687,1
685700,1
685705,1
685888,1
685922,1
685923,1
685982,1
686044,1
686086,1
686197,1
686200,1
686258,1
686306,1
686492,1
686628,1
686659,1
686675,1
686725,1
686746,1
686747,1
686751,1
686765,1
686805,1
686837,1
686845,1
686852,1
686862,1
686884,1
686897,1
686965,1
687051,1
687144,1
687169,1
687183,1
687191,1
687244,1
687263,1
687275,1
687300,1
687320,1
687353,1
687359,1
687388,1
687395,1
687408,1
687452,1
687463,1
687482,1
687485,1
687520,1
687524,1
687551,1
687552,1
687569,1
687579,1
687624,1
687643,1
687646,1
687687,1
687696,1
687698,1
687703,1
687718,1
687722,1
687785,1
687830,1
687832,1
687842,1
687854,1
687857,1
687880,1
687907,1
687913,1
687980,1
687988,1
687992,1
687997,1
688119,1
688133,1
688134,1
688209,1
688219,1
688259,1
688310,1
688316,1
688358,1
688365,1
688419,1
688428,1
688431,1
688447,1
688495,1
688524,1
688570,1
688575,1
688589,1
688596,1
688628,1
688629,1
688660,1
688716,1
688723,1
688724,1
688757,1
688973,1
688998,1
689031,1
689048,1
689158,1
689219,1
689223,1
689321,1
689333,1
689389,1
689530,1
689533,1
689564,1
689619,1
689620,1
689660,1
689695,1
689765,1
689772,1
689838,1
689982,1
689994,1
690083,1
690109,1
690121,1
690124,1
690139,1
690185,1
690228,1
690313,1
690372,1
690393,1
690435,1
690561,1
690604,1
690689,1
690724,1
690741,1
690782,1
690785,1
690795,1
690812,1
690867,1
690885,1
690922,1
690965,1
690977,1
691028,1
691061,1
691119,1
691127,1
691227,1
691253,1
691254,1
691263,1
691289,1
691290,1
691307,1
691361,1
691366,1
691368,1
691396,1
691401,1
691444,1
691484,1
691533,1
691534,1
691549,1
691552,1
691573,1
691621,1
691632,1
691667,1
691726,1
691733,1
691756,1
691816,1
691828,1
691855,1
691874,1
691879,1
691941,1
691958,1
691962,1
691999,1
692020,1
692048,1
692064,1
692066,1
692071,1
692106,1
692114,1
692129,1
692133,1
692143,1
692159,1
692238,1
692241,1
692248,1
692444,1
692446,1
692507,1
692526,1
692549,1
692622,1
692637,1
692703,1
692705,1
692726,1
692739,1
692748,1
692881,1
692907,1
692958,1
693099,1
693109,1
693129,1
693176,1
693196,1
693281,1
693384,1
693407,1
693484,1
693549,1
693576,1
693724,1
693744,1
693754,1
693766,1
693785,1
693825,1
693826,1
693832,1
693889,1
693900,1
693920,1
693932,1
694042,1
694068,1
694151,1
694165,1
694204,1
694259,1
694291,1
694339,1
694399,1
694489,1
694548,1
694566,1
694573,1
694610,1
694648,1
694670,1
694676,1
694685,1
694751,1
694831,1
694886,1
694985,1
694998,1
695053,1
695312,1
695325,1
695504,1
695524,1
695647,1
695690,1
695715,1
695744,1
695760,1
695762,1
695772,1
695789,1
695804,1
695809,1
695815,1
695890,1
695892,1
695901,1
695920,1
695961,1
695981,1
696003,1
696017,1
696047,1
696161,1
696416,1
696420,1
696487,1
696492,1
696522,1
696559,1
696583,1
696632,1
696663,1
696666,1
696940,1
696983,1
697018,1
697030,1
697033,1
697035,1
697063,1
697128,1
697173,1
697236,1
697326,1
697371,1
697374,1
697550,1
697652,1
697660,1
697706,1
697711,1
697764,1
697795,1
697968,1
698019,1
698026,1
698064,1
698291,1
698334,1
698406,1
698420,1
698440,1
698480,1
698607,1
698616,1
698683,1
698761,1
698773,1
698835,1
698883,1
699031,1
699149,1
699193,1
699254,1
699277,1
699330,1
699400,1
699431,1
699446,1
699535,1
699555,1
699569,1
699576,1
699608,1
699632,1
699682,1
699758,1
699796,1
699822,1
699858,1
699884,1
699926,1
699949,1
699959,1
700018,1
700128,1
700212,1
700224,1
700240,1
700371,1
700436,1
700573,1
700598,1
700641,1
700729,1
700759,1
700769,1
700814,1
700819,1
700852,1
700864,1
700924,1
700991,1
700993,1
701065,1
701103,1
701157,1
701162,1
701165,1
701181,1
701226,1
701232,1
701313,1
701328,1
701434,1
701468,1
701496,1
701683,1
701756,1
701792,1
701807,1
701824,1
701918,1
701932,1
701984,1
702002,1
702029,1
702046,1
702061,1
702090,1
702252,1
702258,1
702307,1
702327,1
702332,1
702333,1
702355,1
702402,1
702621,1
702681,1
702811,1
702825,1
702883,1
703268,1
703510,1
703526,1
703527,1
703704,1
703755,1
703792,1
703798,1
703806,1
703821,1
703845,1
704085,1
704102,1
704199,1
704218,1
704241,1
704250,1
704377,1
704412,1
704413,1
704440,1
704462,1
704463,1
704467,1
704469,1
704470,1
704496,1
704498,1
704520,1
704535,1
704537,1
704604,1
704658,1
704691,1
704718,1
704729,1
704731,1
704774,1
704797,1
704830,1
704871,1
704936,1
704988,1
705021,1
705071,1
705076,1
705096,1
705105,1
705150,1
705179,1
705240,1
705274,1
705288,1
705300,1
705304,1
705345,1
705380,1
705395,1
705406,1
705412,1
705437,1
705438,1
705476,1
705486,1
705505,1
705506,1
705514,1
705572,1
705661,1
705718,1
705771,1
705781,1
705804,1
705857,1
705867,1
705920,1
705978,1
706011,1
706026,1
706080,1
706092,1
706110,1
706128,1
706205,1
706282,1
706295,1
706382,1
706409,1
706432,1
706434,1
706446,1
706453,1
706462,1
706491,1
706586,1
706596,1
706600,1
706644,1
706683,1
706732,1
706745,1
706772,1
706783,1
706841,1
706850,1
706858,1
706951,1
707011,1
707059,1
707068,1
707127,1
707134,1
707140,1
707157,1
707229,1
707350,1
707367,1
707400,1
707575,1
707636,1
707683,1
707864,1
707895,1
707900,1
707975,1
708010,1
708046,1
708065,1
708103,1
708179,1
708201,1
708205,1
708257,1
708291,1
708311,1
708326,1
708336,1
708344,1
708366,1
708406,1
708452,1
708460,1
708469,1
708471,1
708476,1
708503,1
708506,1
708518,1
708546,1
708619,1
708630,1
708672,1
708684,1
708686,1
708720,1
708766,1
708834,1
708857,1
708996,1
709034,1
709038,1
709119,1
709168,1
709184,1
709198,1
709238,1
709305,1
709332,1
709364,1
709398,1
709401,1
709417,1
709430,1
709469,1
709497,1
709602,1
709635,1
709660,1
709666,1
709692,1
709783,1
709807,1
709829,1
709830,1
709835,1
709899,1
709915,1
709944,1
709982,1
710105,1
710120,1
710161,1
710191,1
710204,1
710259,1
710287,1
710316,1
710375,1
710426,1
710454,1
710467,1
710490,1
710499,1
710558,1
710559,1
710607,1
710643,1
710713,1
710773,1
710865,1
710880,1
710887,1
710910,1
710964,1
710984,1
711000,1
711013,1
711017,1
711054,1
711058,1
711068,1
711118,1
711169,1
711221,1
711293,1
711300,1
711305,1
711359,1
711364,1
711368,1
711400,1
711421,1
711425,1
711441,1
711442,1
711470,1
711491,1
711541,1
711554,1
711591,1
711600,1
711618,1
711622,1
711631,1
711681,1
711754,1
711781,1
711809,1
711831,1
711849,1
711851,1
711877,1
711881,1
711919,1
711933,1
712000,1
712025,1
712030,1
712036,1
712069,1
712080,1
712129,1
712135,1
712159,1
712163,1
712179,1
712209,1
712216,1
712229,1
712259,1
712262,1
712274,1
712284,1
712307,1
712327,1
712360,1
712381,1
712406,1
712419,1
712446,1
712478,1
712513,1
712540,1
712588,1
712659,1
712676,1
712744,1
712748,1
712758,1
712761,1
712768,1
712776,1
712793,1
712809,1
712821,1
712827,1
712836,1
712860,1
712861,1
712875,1
712915,1
712922,1
712940,1
712945,1
712953,1
712968,1
712990,1
713004,1
713013,1
713020,1
713036,1
713046,1
713047,1
713074,1
713091,1
713120,1
713125,1
713155,1
713159,1
713174,1
713178,1
713194,1
713207,1
713211,1
713243,1
713249,1
713262,1
713279,1
713304,1
713312,1
713318,1
713322,1
713334,1
713337,1
713341,1
713348,1
713384,1
713432,1
713448,1
713455,1
713462,1
713472,1
713478,1
713491,1
713496,1
713497,1
713501,1
713511,1
713543,1
713566,1
713574,1
713606,1
713610,1
713615,1
713616,1
713618,1
713627,1
713630,1
713636,1
713639,1
713641,1
713650,1
713651,1
713664,1
713665,1
713667,1
713670,1
713672,1
713682,1
713689,1
713695,1
713699,1
713700,1
713706,1
713710,1
713715,1
713727,1
713728,1
713732,1
713743,1
713768,1
713772,1
713782,1
713787,1
713789,1
713793,1
713795,1
713799,1
713800,1
713803,1
713804,1
713825,1
713829,1
713835,1
713847,1
713849,1
713862,1
713868,1
713869,1
713876,1
713879,1
713898,1
713910,1
713917,1
713919,1
713922,1
713924,1
713925,1
713933,1
713945,1
713948,1
713957,1
713969,1
713971,1
713974,1
713979,1
713982,1
713988,1
713989,1
713999,1
714000,1
714010,1
714015,1
714017,1
714018,1
714039,1
714040,1
714045,1
714050,1
714053,1
714055,1
714060,1
714062,1
714065,1
714070,1
714074,1
714100,1
714101,1
714106,1
714112,1
714114,1
714119,1
714120,1
714129,1
714138,1
714140,1
714147,1
714157,1
714165,1
714169,1
714173,1
714175,1
714189,1
714192,1
714208,1
714210,1
714236,1
714242,1
714244,1
714255,1
714266,1
714273,1
714277,1
714282,1
714290,1
714293,1
714301,1
714309,1
714315,1
714320,1
714327,1
714329,1
714349,1
714352,1
714357,1
714359,1
714370,1
714373,1
714380,1
714383,1
714390,1
714392,1
714396,1
714398,1
714400,1
714428,1
714431,1
714452,1
714457,1
714464,1
714477,1
714481,1
714496,1
714502,1
714518,1
714527,1
714539,1
714558,1
714567,1
714574,1
714583,1
714585,1
714600,1
714604,1
714621,1
714633,1
714661,1
714667,1
714668,1
714673,1
714690,1
714727,1
714755,1
714764,1
714790,1
714820,1
714826,1
714834,1
714861,1
714872,1
714875,1
714876,1
714877,1
714893,1
714901,1
714910,1
714911,1
714920,1
714940,1
714941,1
714942,1
714957,1
714966,1
714975,1
714977,1
714984,1
715000,1
715001,1
715023,1
715024,1
715025,1
715038,1
715040,1
715046,1
715069,1
715087,1
715110,1
715111,1
715174,1
715181,1
715235,1
715249,1
715262,1
715369,1
715447,1
715480,1
715497,1
715498,1
715533,1
715629,1
715658,1
715661,1
715732,1
715733,1
715753,1
715766,1
715828,1
715835,1
715849,1
715878,1
715901,1
715946,1
715962,1
715969,1
715975,1
715976,1
715978,1
716163,1
716216,1
716300,1
716335,1
716390,1
716402,1
716419,1
716473,1
716519,1
716607,1
716614,1
716630,1
716692,1
716698,1
716781,1
716790,1
716854,1
716916,1
716949,1
716971,1
716987,1
716996,1
717021,1
717040,1
717041,1
717043,1
717057,1
717074,1
717076,1
717102,1
717105,1
717113,1
717122,1
717144,1
717145,1
717202,1
717206,1
717226,1
717240,1
717260,1
717283,1
717308,1
717340,1
717349,1
717366,1
717378,1
717397,1
717401,1
717433,1
717460,1
717494,1
717500,1
717502,1
717531,1
717532,1
717551,1
717552,1
717570,1
717589,1
717623,1
717637,1
717708,1
717725,1
717741,1
717743,1
717756,1
717779,1
717791,1
717803,1
717842,1
717865,1
717913,1
718005,1
718044,1
718060,1
718241,1
718263,1
718272,1
718290,1
718353,1
718358,1
718395,1
718461,1
718463,1
718470,1
718487,1
718506,1
718510,1
718531,1
718585,1
718606,1
718632,1
718669,1
718676,1
718678,1
718696,1
718802,1
718891,1
718978,1
719019,1
719031,1
719066,1
719105,1
719167,1
719218,1
719286,1
719316,1
719417,1
719446,1
719508,1
719539,1
719541,1
719572,1
719605,1
719630,1
719647,1
719806,1
719831,1
719877,1
719910,1
719922,1
719966,1
720057,1
720104,1
720220,1
720226,1
720242,1
720395,1
720406,1
720410,1
720442,1
720461,1
720597,1
720631,1
720632,1
720780,1
720781,1
720782,1
720828,1
720833,1
720834,1
720851,1
720859,1
720875,1
720959,1
720976,1
721000,1
721002,1
721011,1
721044,1
721088,1
721160,1
721227,1
721262,1
721270,1
721319,1
721381,1
721382,1
721407,1
721425,1
721438,1
721447,1
721472,1
721473,1
721508,1
721556,1
721590,1
721599,1
721645,1
721676,1
721687,1
721688,1
721704,1
721709,1
721816,1
721876,1
721878,1
721882,1
721920,1
722095,1
722166,1
722175,1
722180,1
722182,1
722198,1
722258,1
722275,1
722321,1
722403,1
722410,1
722470,1
722561,1
722672,1
722675,1
722725,1
722785,1
722786,1
722844,1
722856,1
722868,1
722894,1
722938,1
722953,1
722979,1
723049,1
723052,1
723206,1
723323,1
723399,1
723491,1
723572,1
723590,1
723608,1
723633,1
723677,1
723684,1
723700,1
723706,1
723751,1
723752,1
723869,1
723952,1
724011,1
724116,1
724140,1
724141,1
724199,1
724303,1
724363,1
724423,1
724439,1
724441,1
724499,1
724522,1
724548,1
724552,1
724588,1
724607,1
724618,1
724696,1
724698,1
724723,1
724771,1
724872,1
724888,1
724969,1
724993,1
725035,1
725085,1
725101,1
725135,1
725273,1
725324,1
725391,1
725443,1
725460,1
725512,1
725536,1
725545,1
725585,1
725622,1
725625,1
725659,1
725679,1
725695,1
725723,1
725814,1
725890,1
725924,1
726140,1
726145,1
726171,1
726213,1
726232,1
726235,1
726265,1
726271,1
726287,1
726364,1
726389,1
726410,1
726490,1
726491,1
726513,1
726551,1
726554,1
726607,1
726640,1
726698,1
726702,1
726763,1
726797,1
726847,1
726864,1
726865,1
726892,1
726898,1
726907,1
726929,1
726936,1
726959,1
726967,1
727036,1
727078,1
727086,1
727191,1
727282,1
727295,1
727317,1
727327,1
727349,1
727406,1
727415,1
727430,1
727447,1
727469,1
727541,1
727560,1
727588,1
727664,1
727779,1
727835,1
727917,1
727965,1
728009,1
728027,1
728043,1
728102,1
728125,1
728135,1
728139,1
728464,1
728645,1
728684,1
728814,1
728896,1
728998,1
729250,1
729261,1
729512,1
729549,1
729702,1
729886,1
729889,1
729899,1
730005,1
730109,1
730377,1
730407,1
730502,1
730547,1
730554,1
730736,1
730902,1
730964,1
730978,1
730987,1
731066,1
731106,1
731121,1
731164,1
731166,1
731197,1
731241,1
731309,1
731473,1
731509,1
731545,1
731553,1
731566,1
731603,1
731635,1
731758,1
731816,1
731824,1
731912,1
731981,1
732059,1
732113,1
732148,1
732230,1
732275,1
732417,1
732510,1
732531,1
732558,1
732686,1
732710,1
732774,1
732884,1
732941,1
733079,1
733095,1
733164,1
733553,1
733590,1
733663,1
733669,1
733713,1
733725,1
733874,1
733904,1
734099,1
734115,1
734148,1
734189,1
734253,1
734266,1
734274,1
734316,1
734329,1
734338,1
734356,1
734359,1
734377,1
734386,1
734473,1
734540,1
734598,1
734621,1
734642,1
734669,1
734678,1
734684,1
734687,1
734694,1
734708,1
734714,1
734750,1
734774,1
734812,1
734846,1
734945,1
734947,1
734958,1
734965,1
734980,1
735011,1
735025,1
735029,1
735057,1
735073,1
735080,1
735130,1
735154,1
735186,1
735202,1
735228,1
735288,1
735338,1
735358,1
735359,1
735363,1
735406,1
735411,1
735456,1
735509,1
735540,1
735551,1
735559,1
735575,1
735630,1
735653,1
735668,1
735677,1
735704,1
735753,1
735764,1
735923,1
735949,1
735966,1
736055,1
736089,1
736105,1
736119,1
736164,1
736200,1
736208,1
736239,1
736256,1
736263,1
736278,1
736317,1
736331,1
736336,1
736350,1
736366,1
736380,1
736400,1
736443,1
736505,1
736508,1
736511,1
736544,1
736564,1
736579,1
736613,1
736617,1
736641,1
736684,1
736694,1
736701,1
736742,1
736777,1
736861,1
736897,1
736902,1
736980,1
737025,1
737054,1
737057,1
737085,1
737180,1
737217,1
737225,1
737240,1
737277,1
737292,1
737342,1
737432,1
737560,1
737660,1
737671,1
737672,1
737747,1
737755,1
737764,1
737838,1
737843,1
737864,1
737883,1
737889,1
738024,1
738085,1
738154,1
738213,1
738226,1
738285,1
738294,1
738312,1
738392,1
738428,1
738538,1
738546,1
738590,1
738687,1
738719,1
738736,1
738742,1
738752,1
738758,1
738922,1
738942,1
738948,1
738958,1
738960,1
738962,1
739128,1
739211,1
739212,1
739270,1
739277,1
739297,1
739300,1
739372,1
739383,1
739397,1
739414,1
739472,1
739477,1
739495,1
739543,1
739577,1
739725,1
739736,1
739742,1
739771,1
739778,1
739790,1
739950,1
739956,1
739982,1
740020,1
740025,1
740035,1
740042,1
740059,1
740065,1
740121,1
740144,1
740158,1
740239,1
740246,1
740257,1
740278,1
740409,1
740486,1
740533,1
740581,1
740613,1
740629,1
740669,1
740674,1
740688,1
740694,1
740721,1
740787,1
740863,1
741019,1
741028,1
741051,1
741090,1
741113,1
741127,1
741163,1
741197,1
741211,1
741224,1
741234,1
741272,1
741295,1
741321,1
741405,1
741433,1
741465,1
741493,1
741540,1
741551,1
741586,1
741588,1
741592,1
741663,1
741701,1
741725,1
741728,1
741765,1
741792,1
741806,1
741863,1
741915,1
741939,1
741940,1
741993,1
742024,1
742038,1
742047,1
742049,1
742073,1
742123,1
742155,1
742161,1
742216,1
742220,1
742253,1
742269,1
742275,1
742289,1
742296,1
742313,1
742334,1
742363,1
742366,1
742454,1
742487,1
742532,1
742541,1
742564,1
742567,1
742609,1
742625,1
742629,1
742645,1
742646,1
742665,1
742700,1
742718,1
742735,1
742736,1
742741,1
742783,1
742794,1
742798,1
742845,1
742874,1
742916,1
742968,1
742997,1
743004,1
743010,1
743027,1
743052,1
743057,1
743073,1
743085,1
743096,1
743134,1
743201,1
743226,1
743372,1
743392,1
743400,1
743403,1
743418,1
743448,1
743459,1
743471,1
743526,1
743535,1
743582,1
743588,1
743594,1
743610,1
743612,1
743645,1
743676,1
743686,1
743695,1
743709,1
743719,1
743760,1
743784,1
743792,1
743811,1
743815,1
743819,1
743831,1
743847,1
743862,1
743866,1
743874,1
743889,1
743908,1
743918,1
743922,1
743947,1
743958,1
743963,1
743964,1
743968,1
743985,1
743988,1
744000,1
744002,1
744042,1
744053,1
744054,1
744067,1
744068,1
744071,1
744078,1
744132,1
744136,1
744137,1
744141,1
744161,1
744162,1
744168,1
744173,1
744186,1
744188,1
744193,1
744194,1
744195,1
744197,1
744200,1
744201,1
744212,1
744215,1
744232,1
744237,1
744247,1
744252,1
744272,1
744276,1
744281,1
744283,1
744287,1
744294,1
744298,1
744299,1
744301,1
744302,1
744309,1
744310,1
744322,1
744328,1
744332,1
744340,1
744346,1
744347,1
744361,1
744363,1
744366,1
744380,1
744394,1
744406,1
744419,1
744423,1
744429,1
744437,1
744439,1
744440,1
744447,1
744450,1
744452,1
744467,1
744471,1
744481,1
744491,1
744493,1
744503,1
744504,1
744506,1
744509,1
744510,1
744511,1
744515,1
744522,1
744524,1
744526,1
744527,1
744528,1
744538,1
744541,1
744546,1
744553,1
744560,1
744563,1
744568,1
744570,1
744571,1
744577,1
744580,1
744584,1
744590,1
744593,1
744596,1
744600,1
744610,1
744613,1
744618,1
744622,1
744623,1
744655,1
744675,1
744681,1
744690,1
744708,1
744710,1
744714,1
744727,1
744728,1
744731,1
744741,1
744758,1
744783,1
744789,1
744808,1
744817,1
744821,1
744827,1
744829,1
744860,1
744886,1
744887,1
744905,1
744916,1
744921,1
744923,1
744976,1
745004,1
745046,1
745049,1
745051,1
745056,1
745093,1
745094,1
745099,1
745105,1
745128,1
745130,1
745131,1
745137,1
745151,1
745160,1
745161,1
745192,1
745210,1
745243,1
745267,1
745271,1
745321,1
745339,1
745382,1
745413,1
745420,1
745425,1
745437,1
745448,1
745491,1
745495,1
745505,1
745531,1
745537,1
745596,1
745597,1
745609,1
745629,1
745740,1
745829,1
745832,1
745843,1
745880,1
745892,1
745930,1
745932,1
746012,1
746019,1
746031,1
746063,1
746075,1
746120,1
746122,1
746124,1
746126,1
746150,1
746172,1
746196,1
746210,1
746230,1
746369,1
746379,1
746425,1
746426,1
746435,1
746445,1
746531,1
746532,1
746544,1
746583,1
746959,1
747007,1
747064,1
747075,1
747125,1
747180,1
747189,1
747213,1
747220,1
747235,1
747258,1
747282,1
747299,1
747303,1
747325,1
747327,1
747361,1
747363,1
747371,1
747395,1
747400,1
747401,1
747409,1
747439,1
747452,1
747453,1
747487,1
747492,1
747504,1
747505,1
747594,1
747604,1
747624,1
747631,1
747703,1
747754,1
747786,1
747793,1
747852,1
747861,1
747872,1
747876,1
747901,1
747904,1
747912,1
747914,1
747921,1
747938,1
748009,1
748016,1
748057,1
748073,1
748083,1
748107,1
748129,1
748179,1
748188,1
748207,1
748249,1
748263,1
748288,1
748310,1
748337,1
748360,1
748379,1
748407,1
748469,1
748499,1
748503,1
748509,1
748584,1
748586,1
748601,1
748616,1
748620,1
748788,1
748815,1
748819,1
748845,1
748934,1
748937,1
748942,1
748954,1
748987,1
749064,1
749092,1
749131,1
749171,1
749329,1
749416,1
749494,1
749537,1
749726,1
749772,1
749785,1
749822,1
749841,1
749859,1
749869,1
749930,1
749982,1
749984,1
750014,1
750016,1
750124,1
750176,1
750281,1
750341,1
750357,1
750360,1
750451,1
750481,1
750530,1
750554,1
750644,1
750646,1
750703,1
750708,1
750762,1
750842,1
750851,1
750879,1
750889,1
750910,1
750949,1
751037,1
751065,1
751074,1
751090,1
751177,1
751204,1
751237,1
751280,1
751293,1
751310,1
751371,1
751372,1
751410,1
751427,1
751433,1
751480,1
751494,1
751496,1
751526,1
751530,1
751571,1
751580,1
751635,1
751651,1
751655,1
751656,1
751669,1
751691,1
751716,1
751731,1
751846,1
751868,1
751916,1
751922,1
751937,1
751967,1
751978,1
751983,1
752006,1
752030,1
752106,1
752110,1
752127,1
752170,1
752190,1
752206,1
752218,1
752233,1
752254,1
752279,1
752374,1
752380,1
752390,1
752412,1
752476,1
752562,1
752580,1
752630,1
752685,1
752730,1
752752,1
752757,1
752774,1
752804,1
752831,1
752835,1
752890,1
753021,1
753049,1
753175,1
753186,1
753216,1
753236,1
753251,1
753307,1
753329,1
753445,1
753466,1
753488,1
753534,1
753568,1
753647,1
753671,1
753681,1
753704,1
753738,1
753818,1
753844,1
753855,1
753870,1
753925,1
754009,1
754041,1
754056,1
754059,1
754246,1
754260,1
754277,1
754332,1
754346,1
754428,1
754456,1
754637,1
754745,1
754802,1
754803,1
754840,1
754861,1
754876,1
754905,1
755026,1
755090,1
755114,1
755121,1
755173,1
755239,1
755312,1
755314,1
755430,1
755436,1
755465,1
755621,1
755665,1
755802,1
755870,1
755887,1
755925,1
755942,1
755945,1
755998,1
756101,1
756129,1
756170,1
756176,1
756177,1
756197,1
756242,1
756315,1
756335,1
756340,1
756342,1
756373,1
756388,1
756421,1
756444,1
756492,1
756493,1
756665,1
756734,1
756735,1
756738,1
756781,1
756821,1
756946,1
756971,1
757032,1
757033,1
757068,1
757077,1
757110,1
757151,1
757281,1
757293,1
757321,1
757382,1
757467,1
757528,1
757550,1
757625,1
757684,1
757750,1
757795,1
757808,1
757828,1
757836,1
757888,1
757897,1
757986,1
758019,1
758021,1
758097,1
758129,1
758222,1
758304,1
758518,1
758588,1
758614,1
758652,1
758708,1
758719,1
758735,1
758768,1
758797,1
758891,1
758923,1
758943,1
758954,1
759014,1
759048,1
759094,1
759107,1
759241,1
759253,1
759279,1
759374,1
759406,1
759412,1
759419,1
759506,1
759511,1
759578,1
759699,1
759815,1
759818,1
759832,1
759878,1
760107,1
760114,1
760184,1
760251,1
760346,1
760359,1
760378,1
760392,1
760428,1
760447,1
760478,1
760528,1
760568,1
760594,1
760611,1
760669,1
760698,1
760772,1
760779,1
760834,1
760856,1
760879,1
760963,1
760972,1
760991,1
761039,1
761060,1
761112,1
761134,1
761212,1
761217,1
761254,1
761304,1
761315,1
761325,1
761349,1
761373,1
761375,1
761395,1
761398,1
761401,1
761452,1
761465,1
761466,1
761580,1
761618,1
761625,1
761683,1
761730,1
761791,1
761828,1
761845,1
761885,1
761951,1
762009,1
762194,1
762285,1
762325,1
762350,1
762435,1
762499,1
762584,1
762670,1
762765,1
762776,1
762802,1
762939,1
762961,1
763059,1
763063,1
763128,1
763170,1
763351,1
763483,1
763491,1
763602,1
763623,1
763659,1
763694,1
763732,1
763771,1
763788,1
763846,1
763854,1
763880,1
763926,1
763977,1
764010,1
764015,1
764096,1
764097,1
764101,1
764136,1
764141,1
764220,1
764283,1
764295,1
764332,1
764405,1
764495,1
764534,1
764577,1
764581,1
764604,1
764637,1
764663,1
764750,1
764758,1
764759,1
764785,1
764835,1
764855,1
764857,1
764895,1
764910,1
764922,1
764937,1
764950,1
764976,1
764980,1
764982,1
764992,1
765047,1
765079,1
765137,1
765161,1
765183,1
765244,1
765292,1
765404,1
765484,1
765653,1
765733,1
765741,1
765747,1
765758,1
765760,1
765772,1
765820,1
765828,1
765890,1
765901,1
765952,1
765962,1
766015,1
766025,1
766063,1
766066,1
766090,1
766113,1
766121,1
766124,1
766153,1
766160,1
766204,1
766219,1
766265,1
766283,1
766338,1
766348,1
766375,1
766381,1
766382,1
766385,1
766420,1
766463,1
766532,1
766569,1
766577,1
766613,1
766638,1
766680,1
766710,1
766749,1
766784,1
766803,1
766806,1
766809,1
766866,1
766945,1
766956,1
767060,1
767084,1
767090,1
767122,1
767155,1
767219,1
767264,1
767289,1
767399,1
767452,1
767470,1
767524,1
767525,1
767625,1
767659,1
767740,1
767751,1
767811,1
767825,1
767830,1
767906,1
767930,1
767934,1
767993,1
768002,1
768014,1
768018,1
768086,1
768088,1
768100,1
768200,1
768215,1
768224,1
768243,1
768285,1
768303,1
768314,1
768321,1
768369,1
768380,1
768439,1
768480,1
768494,1
768515,1
768640,1
768644,1
768704,1
768728,1
768854,1
768875,1
768896,1
768985,1
769003,1
769012,1
769015,1
769037,1
769048,1
769098,1
769117,1
769145,1
769200,1
769258,1
769280,1
769283,1
769386,1
769431,1
769463,1
769523,1
769547,1
769564,1
769596,1
769601,1
769602,1
769619,1
769626,1
769631,1
769652,1
769724,1
769725,1
769770,1
769773,1
769795,1
769801,1
769821,1
769831,1
769855,1
769894,1
769922,1
769928,1
769965,1
769973,1
769976,1
770008,1
770024,1
770037,1
770057,1
770092,1
770114,1
770144,1
770165,1
770183,1
770187,1
770213,1
770305,1
770405,1
770412,1
770431,1
770434,1
770436,1
770437,1
770526,1
770568,1
770651,1
770766,1
770814,1
770840,1
770870,1
770927,1
771015,1
771037,1
771052,1
771054,1
771195,1
771238,1
771249,1
771266,1
771294,1
771418,1
771452,1
771460,1
771490,1
771583,1
771613,1
771618,1
771619,1
771622,1
771650,1
771694,1
771708,1
771709,1
771849,1
771870,1
771928,1
771949,1
772004,1
772017,1
772037,1
772062,1
772089,1
772114,1
772150,1
772169,1
772247,1
772250,1
772278,1
772291,1
772350,1
772352,1
772368,1
772390,1
772401,1
772432,1
772438,1
772446,1
772447,1
772497,1
772531,1
772548,1
772551,1
772554,1
772559,1
772564,1
772565,1
772594,1
772611,1
772626,1
772656,1
772680,1
772700,1
772715,1
772720,1
772724,1
772727,1
772736,1
772742,1
772771,1
772794,1
772800,1
772867,1
772889,1
772943,1
772951,1
772970,1
772973,1
773083,1
773106,1
773120,1
773124,1
773132,1
773153,1
773166,1
773169,1
773171,1
773186,1
773189,1
773198,1
773212,1
773219,1
773237,1
773246,1
773247,1
773281,1
773296,1
773301,1
773324,1
773371,1
773396,1
773414,1
773439,1
773465,1
773467,1
773501,1
773506,1
773531,1
773553,1
773571,1
773588,1
773596,1
773607,1
773653,1
773655,1
773672,1
773681,1
773687,1
773701,1
773705,1
773757,1
773772,1
773794,1
773797,1
773810,1
773866,1
773879,1
773900,1
773903,1
773912,1
773964,1
773969,1
773973,1
773976,1
773979,1
773981,1
773983,1
773985,1
773986,1
773991,1
773995,1
774005,1
774008,1
774023,1
774027,1
774033,1
774034,1
774044,1
774057,1
774062,1
774064,1
774070,1
774074,1
774075,1
774076,1
774078,1
774085,1
774094,1
774095,1
774103,1
774112,1
774127,1
774140,1
774141,1
774145,1
774147,1
774149,1
774154,1
774156,1
774166,1
774171,1
774190,1
774195,1
774201,1
774204,1
774211,1
774213,1
774220,1
774240,1
774262,1
774275,1
774289,1
774290,1
774302,1
774311,1
774317,1
774319,1
774336,1
774339,1
774341,1
774352,1
774353,1
774364,1
774386,1
774391,1
774393,1
774396,1
774400,1
774403,1
774407,1
774408,1
774413,1
774416,1
774422,1
774424,1
774432,1
774449,1
774450,1
774452,1
774460,1
774466,1
774469,1
774471,1
774476,1
774485,1
774496,1
774498,1
774511,1
774520,1
774527,1
774529,1
774531,1
774537,1
774539,1
774546,1
774547,1
774550,1
774555,1
774558,1
774564,1
774566,1
774573,1
774574,1
774577,1
774580,1
774581,1
774587,1
774588,1
774590,1
774595,1
774606,1
774610,1
774612,1
774614,1
774616,1
774620,1
774628,1
774629,1
774637,1
774638,1
774642,1
774649,1
774680,1
774681,1
774690,1
774698,1
774708,1
774709,1
774734,1
774741,1
774748,1
774761,1
774769,1
774770,1
774772,1
774779,1
774796,1
774797,1
774798,1
774805,1
774812,1
774823,1
774836,1
774841,1
774847,1
774853,1
774873,1
774908,1
774912,1
774932,1
774943,1
774952,1
774962,1
774971,1
774974,1
774975,1
774986,1
774988,1
774993,1
774996,1
775007,1
775010,1
775013,1
775021,1
775037,1
775041,1
775056,1
775064,1
775082,1
775085,1
775101,1
775113,1
775118,1
775119,1
775129,1
775133,1
775139,1
775140,1
775149,1
775153,1
775171,1
775172,1
775175,1
775186,1
775202,1
775211,1
775212,1
775213,1
775227,1
775231,1
775235,1
775260,1
775262,1
775265,1
775268,1
775271,1
775278,1
775281,1
775309,1
775314,1
775327,1
775352,1
775365,1
775387,1
775407,1
775413,1
775438,1
775443,1
775444,1
775452,1
775457,1
775468,1
775469,1
775470,1
775478,1
775487,1
775494,1
775495,1
775501,1
775521,1
775538,1
775540,1
775548,1
775549,1
775551,1
775565,1
775581,1
775587,1
775588,1
775590,1
775595,1
775596,1
775613,1
775621,1
775657,1
775668,1
775681,1
775682,1
775683,1
775698,1
775701,1
775704,1
775707,1
775717,1
775720,1
775744,1
775774,1
775832,1
775833,1
775858,1
775872,1
775883,1
775884,1
775890,1
775896,1
775911,1
775916,1
775924,1
775935,1
775936,1
775944,1
775946,1
775948,1
775951,1
775953,1
775958,1
775962,1
775967,1
775969,1
775971,1
775980,1
775995,1
775999,1
776009,1
776017,1
776023,1
776025,1
776045,1
776049,1
776056,1
776071,1
776083,1
776090,1
776097,1
776101,1
776105,1
776106,1
776108,1
776116,1
776125,1
776139,1
776144,1
776148,1
776150,1
776152,1
776153,1
776156,1
776157,1
776160,1
776161,1
776169,1
776171,1
776174,1
776177,1
776185,1
776186,1
776195,1
776205,1
776208,1
776212,1
776218,1
776219,1
776221,1
776222,1
776224,1
776229,1
776230,1
776232,1
776233,1
776234,1
776236,1
776241,1
776245,1
776248,1
776256,1
776260,1
776265,1
776267,1
776273,1
776278,1
776279,1
776280,1
776281,1
776282,1
776292,1
776294,1
776295,1
776296,1
776310,1
776311,1
776312,1
776314,1
776316,1
776322,1
776324,1
776334,1
776335,1
776336,1
776342,1
776350,1
776352,1
776353,1
776357,1
776365,1
776368,1
776371,1
776372,1
776377,1
776379,1
776380,1
776381,1
776383,1
776385,1
776388,1
776389,1
776391,1
776392,1
776515,1
776588,1
776632,1
776712,1
776719,1
776794,1
776860,1
776944,1
776970,1
777000,1
777021,1
777083,1
777089,1
777124,1
777143,1
777157,1
777206,1
777224,1
777246,1
777254,1
777269,1
777274,1
777322,1
777336,1
777350,1
777362,1
777386,1
777399,1
777404,1
777430,1
777445,1
777450,1
777455,1
777456,1
777512,1
777515,1
777516,1
777521,1
777522,1
777524,1
777526,1
777528,1
777529,1
777530,1
777534,1
777537,1
777539,1
777545,1
777546,1
777547,1
777549,1
777550,1
777556,1
777558,1
777559,1
777562,1
777565,1
777567,1
777570,1
777579,1
777586,1
777587,1
777589,1
777591,1
777594,1
777595,1
777596,1
777602,1
777613,1
777614,1
777615,1
777616,1
777617,1
777619,1
777623,1
777637,1
777638,1
777639,1
777642,1
777644,1
777645,1
777646,1
777651,1
777653,1
777654,1
777659,1
777661,1
777664,1
777665,1
777666,1
777669,1
777670,1
777673,1
777681,1
777686,1
777690,1
777691,1
777693,1
777701,1
777703,1
777705,1
777707,1
777710,1
777711,1
777716,1
777720,1
777721,1
777722,1
777727,1
777730,1
777732,1
777734,1
777736,1
777740,1
777741,1
777742,1
777743,1
777744,1
777748,1
777749,1
777750,1
777751,1
777756,1
777757,1
777758,1
777759,1
777760,1
777762,1
777763,1
777765,1
777767,1
777771,1
777772,1
777788,1
777799,1
777811,1
777820,1
777827,1
777861,1
777868,1
777888,1
777915,1
777917,1
777919,1
777939,1
777975,1
777978,1
778001,1
778021,1
778045,1
778047,1
778067,1
778094,1
778095,1
778098,1
778158,1
778169,1
778177,1
778183,1
778187,1
778198,1
778199,1
778208,1
778213,1
778230,1
778242,1
778247,1
778248,1
778255,1
778258,1
778259,1
778266,1
778272,1
778274,1
778276,1
778278,1
778285,1
778290,1
778299,1
778300,1
778309,1
778311,1
778315,1
778318,1
778319,1
778326,1
778331,1
778358,1
778362,1
778371,1
778378,1
778393,1
778394,1
778401,1
778408,1
778411,1
778425,1
778430,1
778431,1
778434,1
778436,1
778439,1
778442,1
778458,1
778459,1
778460,1
778461,1
778468,1
778473,1
778482,1
778486,1
778487,1
778489,1
778490,1
778492,1
778497,1
778501,1
778505,1
778509,1
778519,1
778520,1
778522,1
778525,1
778534,1
778552,1
778554,1
778560,1
778563,1
778567,1
778570,1
778576,1
778581,1
778587,1
778595,1
778596,1
778613,1
778628,1
778647,1
778668,1
778683,1
778696,1
778706,1
778716,1
778723,1
778753,1
778771,1
778776,1
778788,1
778791,1
778809,1
778819,1
778842,1
778850,1
778864,1
778873,1
778880,1
778908,1
778920,1
778921,1
778935,1
778949,1
778959,1
778963,1
778986,1
778989,1
778991,1
778999,1
779009,1
779020,1
779089,1
779094,1
779109,1
779144,1
779169,1
779170,1
779171,1
779174,1
779175,1
779179,1
779191,1
779196,1
779198,1
779201,1
779211,1
779221,1
779222,1
779228,1
779229,1
779237,1
779242,1
779249,1
779251,1
779254,1
779255,1
779257,1
779259,1
779260,1
779261,1
779263,1
779279,1
779280,1
779283,1
779291,1
779293,1
779295,1
779297,1
779300,1
779301,1
779302,1
779304,1
779307,1
779312,1
779313,1
779318,1
779319,1
779326,1
779333,1
779335,1
779340,1
779341,1
779346,1
779350,1
779352,1
779355,1
779359,1
779360,1
779361,1
779363,1
779366,1
779367,1
779370,1
779373,1
779375,1
779380,1
779391,1
779396,1
779398,1
779400,1
779403,1
779406,1
779407,1
779414,1
779416,1
779418,1
779420,1
779421,1
779423,1
779426,1
779427,1
779438,1
779439,1
779441,1
779442,1
779444,1
779445,1
779454,1
779456,1
779458,1
779459,1
779478,1
779480,1
779483,1
779488,1
779492,1
779495,1
779496,1
779498,1
779500,1
779506,1
779507,1
779508,1
779511,1
779514,1
779516,1
779520,1
779525,1
779533,1
779535,1
779537,1
779543,1
779550,1
779553,1
779554,1
779556,1
779559,1
779560,1
779562,1
779569,1
779571,1
779576,1
779577,1
779582,1
779583,1
779585,1
779587,1
779593,1
779595,1
779597,1
779599,1
779602,1
779603,1
779605,1
779606,1
779607,1
779617,1
779622,1
779628,1
779631,1
779643,1
779644,1
779645,1
779655,1
779659,1
779660,1
779665,1
779667,1
779668,1
779673,1
779678,1
779682,1
779687,1
779688,1
779691,1
779695,1
779697,1
779700,1
779701,1
779702,1
779708,1
779709,1
779720,1
779722,1
779726,1
779730,1
779740,1
779751,1
779757,1
779759,1
779777,1
779778,1
779785,1
779787,1
779789,1
779814,1
779825,1
779830,1
779831,1
779834,1
779835,1
779848,1
779849,1
779851,1
779854,1
779856,1
779861,1
779867,1
779871,1
779882,1
779887,1
779893,1
779895,1
779901,1
779903,1
779919,1
779920,1
779922,1
779928,1
779929,1
779937,1
779943,1
779958,1
779959,1
779963,1
779977,1
779978,1
779994,1
779995,1
779997,1
780003,1
780006,1
780008,1
780017,1
780021,1
780027,1
780028,1
780030,1
780031,1
780036,1
780054,1
780059,1
780069,1
780077,1
780078,1
780082,1
780083,1
780084,1
780085,1
780091,1
780106,1
780109,1
780121,1
780128,1
780137,1
780154,1
780158,1
780165,1
780177,1
780181,1
780196,1
780198,1
780199,1
780202,1
780207,1
780211,1
780214,1
780217,1
780229,1
780233,1
780234,1
780239,1
780245,1
780248,1
780266,1
780277,1
780280,1
780284,1
780287,1
780294,1
780302,1
780318,1
780321,1
780338,1
780343,1
780349,1
780350,1
780354,1
780358,1
780367,1
780377,1
780392,1
780394,1
780405,1
780406,1
780409,1
780424,1
780426,1
780431,1
780432,1
780440,1
780443,1
780444,1
780450,1
780456,1
780474,1
780483,1
780486,1
780492,1
780513,1
780524,1
780531,1
780549,1
780550,1
780556,1
780612,1
780632,1
780681,1
780696,1
780701,1
780703,1
780704,1
780709,1
780744,1
780776,1
780792,1
780793,1
780797,1
780802,1
780803,1
780808,1
780822,1
780835,1
780841,1
780849,1
780853,1
780857,1
780872,1
780898,1
780918,1
780921,1
780925,1
780934,1
780944,1
780972,1
780975,1
780996,1
781035,1
781041,1
781044,1
781049,1
781056,1
781076,1
781084,1
781091,1
781138,1
781140,1
781169,1
781219,1
781276,1
781291,1
781295,1
781303,1
781308,1
781313,1
781318,1
781343,1
781347,1
781355,1
781369,1
781380,1
781400,1
781409,1
781432,1
781440,1
781448,1
781449,1
781465,1
781507,1
781553,1
781566,1
781568,1
781581,1
781588,1
781592,1
781628,1
781637,1
781639,1
781669,1
781686,1
781688,1
781699,1
781754,1
781759,1
781792,1
781811,1
781814,1
781819,1
781846,1
781855,1
781895,1
781917,1
781937,1
781947,1
781960,1
781967,1
781985,1
782005,1
782013,1
782021,1
782050,1
782056,1
782059,1
782063,1
782073,1
782078,1
782085,1
782087,1
782096,1
782137,1
782145,1
782153,1
782180,1
782205,1
782207,1
782219,1
782254,1
782298,1
782305,1
782313,1
782324,1
782325,1
782328,1
782329,1
782345,1
782354,1
782356,1
782357,1
782361,1
782375,1
782378,1
782381,1
782397,1
782402,1
782405,1
782408,1
782427,1
782440,1
782441,1
782444,1
782451,1
782454,1
782456,1
782459,1
782464,1
782467,1
782471,1
782472,1
782478,1
782482,1
782483,1
782484,1
782488,1
782491,1
782494,1
782504,1
782505,1
782508,1
782521,1
782522,1
782523,1
782527,1
782535,1
782537,1
782541,1
782564,1
782574,1
782583,1
782596,1
782601,1
782610,1
782619,1
782628,1
782631,1
782639,1
782645,1
782662,1
782664,1
782692,1
782700,1
782709,1
782716,1
782752,1
782765,1
782832,1
782856,1
782863,1
782913,1
782929,1
782978,1
783016,1
783035,1
783078,1
783138,1
783140,1
783150,1
783163,1
783171,1
783174,1
783176,1
783180,1
783188,1
783194,1
783198,1
783202,1
783203,1
783213,1
783216,1
783237,1
783246,1
783248,1
783253,1
783263,1
783270,1
783349,1
783358,1
783377,1
783381,1
783390,1
783395,1
783406,1
783417,1
783432,1
783435,1
783459,1
783494,1
783497,1
783509,1
783514,1
783520,1
783521,1
783539,1
783613,1
783618,1
783622,1
783630,1
783631,1
783633,1
783634,1
783649,1
783650,1
783654,1
783665,1
783666,1
783667,1
783671,1
783673,1
783680,1
783681,1
783684,1
783686,1
783691,1
783692,1
783703,1
783708,1
783718,1
783719,1
783722,1
783724,1
783727,1
783728,1
783729,1
783730,1
783734,1
783735,1
783738,1
783740,1
783752,1
783756,1
783765,1
783769,1
783777,1
783783,1
783786,1
783787,1
783792,1
783794,1
783799,1
783802,1
783805,1
783806,1
783809,1
783810,1
783814,1
783815,1
783819,1
783827,1
783831,1
783847,1
783848,1
783856,1
783858,1
783859,1
783861,1
783864,1
783865,1
783875,1
783878,1
783881,1
783883,1
783886,1
783888,1
783889,1
783895,1
783897,1
783900,1
783907,1
783909,1
783915,1
783917,1
783919,1
783921,1
783927,1
783930,1
783932,1
783935,1
783937,1
783938,1
783940,1
783941,1
783946,1
783949,1
783954,1
783955,1
783959,1
783960,1
783962,1
783963,1
783965,1
783971,1
783976,1
783979,1
783982,1
783983,1
783984,1
783993,1
783994,1
783996,1
784003,1
784004,1
784013,1
784015,1
784022,1
784024,1
784051,1
784053,1
784055,1
784063,1
784064,1
784066,1
784070,1
784076,1
784079,1
784081,1
784086,1
784087,1
784089,1
784103,1
784105,1
784111,1
784112,1
784114,1
784116,1
784128,1
784132,1
784138,1
784148,1
784151,1
784156,1
784162,1
784171,1
784186,1
784201,1
784217,1
784233,1
784266,1
784274,1
784279,1
784280,1
784284,1
784300,1
784304,1
784307,1
784314,1
784318,1
784320,1
784323,1
784325,1
784328,1
784331,1
784332,1
784333,1
784334,1
784339,1
784340,1
784341,1
784344,1
784346,1
784353,1
784354,1
784355,1
784357,1
784360,1
784361,1
784362,1
784363,1
784365,1
784367,1
784370,1
784371,1
784372,1
784373,1
784375,1
784378,1
784386,1
784391,1
784400,1
784406,1
784407,1
784412,1
784417,1
784420,1
784421,1
784422,1
784423,1
784424,1
784426,1
784431,1
784433,1
784435,1
784436,1
784438,1
784441,1
784442,1
784452,1
784453,1
784456,1
784458,1
784463,1
784464,1
784466,1
784467,1
784473,1
784474,1
784480,1
784481,1
784483,1
784485,1
784486,1
784490,1
784495,1
784497,1
784499,1
784505,1
784508,1
784511,1
784513,1
784515,1
784523,1
784529,1
784538,1
784539,1
784542,1
784546,1
784549,1
784550,1
784558,1
784561,1
784569,1
784574,1
784575,1
784576,1
784578,1
784579,1
784584,1
784585,1
784587,1
784589,1
784590,1
784592,1
784594,1
784595,1
784596,1
784597,1
784598,1
784601,1
784606,1
784607,1
784608,1
784621,1
784624,1
784627,1
784628,1
784631,1
784632,1
784640,1
784641,1
784650,1
784652,1
784654,1
784655,1
784658,1
784661,1
784662,1
784671,1
784673,1
784675,1
784680,1
784682,1
784683,1
784688,1
784689,1
784694,1
784697,1
784700,1
784702,1
784704,1
784708,1
784710,1
784712,1
784717,1
784720,1
784726,1
784727,1
784730,1
784735,1
784737,1
784743,1
784749,1
784751,1
784752,1
784754,1
784755,1
784757,1
784759,1
784760,1
784761,1
784762,1
784768,1
784769,1
784770,1
784774,1
784775,1
784776,1
784782,1
784783,1
784784,1
784786,1
784787,1
784789,1
784790,1
784793,1
784794,1
784796,1
784801,1
784808,1
784811,1
784812,1
784815,1
784820,1
784823,1
784824,1
784826,1
784829,1
784830,1
784832,1
784833,1
784836,1
784840,1
784841,1
784843,1
784845,1
784846,1
784847,1
784850,1
784851,1
784865,1
784874,1
784876,1
784877,1
784878,1
784880,1
784881,1
784883,1
784885,1
784887,1
784888,1
784895,1
784903,1
784907,1
784910,1
784912,1
784913,1
784914,1
784918,1
784919,1
784922,1
784929,1
784931,1
784936,1
784938,1
784945,1
784947,1
784948,1
784955,1
784966,1
784972,1
784982,1
784988,1
784994,1
784997,1
784998,1
784999,1
785002,1
785012,1
785013,1
785017,1
785018,1
785021,1
785022,1
785024,1
785026,1
785027,1
785030,1
785032,1
785035,1
785036,1
785043,1
785045,1
785051,1
785061,1
785062,1
785065,1
785071,1
785073,1
785074,1
785078,1
785079,1
785081,1
785085,1
785086,1
785087,1
785088,1
785090,1
785091,1
785092,1
785096,1
785098,1
785104,1
785110,1
785114,1
785115,1
785121,1
785122,1
785123,1
785128,1
785130,1
785134,1
785139,1
785141,1
785145,1
785150,1
785152,1
785154,1
785155,1
785159,1
785160,1
785161,1
785164,1
785171,1
785172,1
785173,1
785176,1
785178,1
785183,1
785184,1
785187,1
785188,1
785192,1
785193,1
785194,1
785195,1
785196,1
785199,1
785202,1
785212,1
785224,1
785229,1
785233,1
785236,1
785237,1
785238,1
785240,1
785242,1
785243,1
785246,1
785250,1
785255,1
785257,1
785258,1
785260,1
785261,1
785267,1
785272,1
785273,1
785282,1
785283,1
785285,1
785287,1
785288,1
785289,1
785298,1
785302,1
785303,1
785305,1
785310,1
785314,1
785317,1
785319,1
785322,1
785327,1
785329,1
785332,1
785341,1
785342,1
785344,1
785348,1
785350,1
785351,1
785353,1
785362,1
785363,1
785368,1
785371,1
785372,1
785375,1
785377,1
785379,1
785380,1
785381,1
785382,1
785383,1
785384,1
785386,1
785389,1
785394,1
785396,1
785398,1
785405,1
785409,1
785414,1
785415,1
785416,1
785417,1
785423,1
785425,1
785426,1
785430,1
785432,1
785437,1
785438,1
785439,1
785446,1
785451,1
785453,1
785454,1
785456,1
785457,1
785461,1
785464,1
785465,1
785468,1
785472,1
785475,1
785479,1
785481,1
785486,1
785489,1
785490,1
785491,1
785492,1
785493,1
785494,1
785498,1
785499,1
785500,1
785503,1
785504,1
785510,1
785511,1
785513,1
785517,1
785523,1
785524,1
785526,1
785529,1
785532,1
785533,1
785536,1
785537,1
785539,1
785550,1
785551,1
785556,1
785559,1
785560,1
785561,1
785564,1
785565,1
785567,1
785569,1
785570,1
785571,1
785572,1
785576,1
785578,1
785579,1
785580,1
785584,1
785586,1
785590,1
785594,1
785596,1
785597,1
785598,1
785599,1
785602,1
785609,1
785612,1
785614,1
785617,1
785622,1
785627,1
785635,1
785637,1
785643,1
785644,1
785647,1
785651,1
785655,1
785656,1
785658,1
785660,1
785664,1
785668,1
785670,1
785671,1
785674,1
785681,1
785686,1
785689,1
785694,1
785695,1
785699,1
785700,1
785702,1
785709,1
785710,1
785713,1
785716,1
785721,1
785723,1
785725,1
785726,1
785727,1
785731,1
785742,1
785746,1
785750,1
785752,1
785754,1
785761,1
785762,1
785763,1
785764,1
785767,1
785772,1
785776,1
785779,1
785781,1
785788,1
785789,1
785790,1
785798,1
785799,1
785800,1
785804,1
785807,1
785814,1
785815,1
785816,1
785817,1
785820,1
785821,1
785825,1
785828,1
785834,1
785835,1
785836,1
785841,1
785842,1
785843,1
785844,1
785846,1
785848,1
785849,1
785851,1
785853,1
785854,1
785855,1
785857,1
785859,1
785864,1
785867,1
785868,1
785870,1
785871,1
785876,1
785881,1
785882,1
785883,1
785884,1
785885,1
785893,1
785895,1
785896,1
785899,1
785902,1
785907,1
785910,1
785911,1
785912,1
785921,1
785923,1
785925,1
785927,1
785928,1
785939,1
785941,1
785944,1
785945,1
785946,1
785949,1
785953,1
785955,1
785958,1
785961,1
785967,1
785968,1
785972,1
785974,1
785978,1
785981,1
785982,1
785986,1
785987,1
785991,1
785992,1
785995,1
785996,1
785997,1
785998,1
786000,1
786003,1
786004,1
786006,1
786008,1
786011,1
786015,1
786016,1
786019,1
786020,1
786024,1
786027,1
786028,1
786031,1
786033,1
786034,1
786039,1
786040,1
786041,1
786048,1
786050,1
786057,1
786059,1
786063,1
786065,1
786066,1
786069,1
786070,1
786075,1
786077,1
786078,1
786081,1
786082,1
786083,1
786087,1
786091,1
786093,1
786098,1
786099,1
786103,1
786104,1
786106,1
786112,1
786120,1
786122,1
786124,1
786125,1
786129,1
786130,1
786132,1
786134,1
786138,1
786143,1
786146,1
786148,1
786150,1
786153,1
786161,1
786162,1
786177,1
786178,1
786179,1
786181,1
786184,1
786189,1
786190,1
786199,1
786204,1
786209,1
786212,1
786218,1
786219,1
786226,1
786227,1
786238,1
786242,1
786243,1
786245,1
786259,1
786261,1
786301,1
786313,1
786314,1
786315,1
786333,1
786338,1
786372,1
786389,1
786391,1
786394,1
786419,1
786427,1
786430,1
786432,1
786435,1
786457,1
786459,1
786463,1
786471,1
786485,1
786494,1
786495,1
786514,1
786515,1
786529,1
786541,1
786553,1
786554,1
786565,1
786569,1
786574,1
786581,1
786586,1
786594,1
786595,1
786596,1
786600,1
786604,1
786609,1
786626,1
786627,1
786634,1
786649,1
786650,1
786655,1
786662,1
786670,1
786679,1
786681,1
786684,1
786695,1
786698,1
786699,1
786700,1
786703,1
786713,1
786714,1
786738,1
786741,1
786750,1
786757,1
786771,1
786778,1
786781,1
786785,1
786786,1
786788,1
786801,1
786803,1
786808,1
786819,1
786845,1
786852,1
786885,1
786888,1
786898,1
786920,1
786921,1
786927,1
786936,1
786937,1
786943,1
786959,1
786969,1
786986,1
786994,1
786998,1
787022,1
787041,1
787046,1
787051,1
787072,1
787098,1
787119,1
787131,1
787133,1
787151,1
787168,1
787183,1
787191,1
787197,1
787229,1
787235,1
787248,1
787267,1
787285,1
787294,1
787295,1
787296,1
787299,1
787302,1
787310,1
787320,1
787326,1
787333,1
787342,1
787346,1
787350,1
787356,1
787372,1
787377,1
787384,1
787396,1
787406,1
787419,1
787433,1
787435,1
787440,1
787447,1
787450,1
787455,1
787456,1
787458,1
787460,1
787464,1
787476,1
787487,1
787499,1
787502,1
787503,1
787505,1
787515,1
787518,1
787519,1
787520,1
787522,1
787524,1
787529,1
787530,1
787534,1
787539,1
787542,1
787550,1
787551,1
787555,1
787557,1
787561,1
787563,1
787569,1
787579,1
787580,1
787589,1
787590,1
787591,1
787595,1
787601,1
787611,1
787617,1
787619,1
787620,1
787622,1
787625,1
787628,1
787629,1
787630,1
787633,1
787636,1
787638,1
787640,1
787641,1
787643,1
787649,1
787650,1
787652,1
787654,1
787655,1
787659,1
787665,1
787666,1
787667,1
787668,1
787673,1
787674,1
787675,1
787680,1
787683,1
787688,1
787689,1
787690,1
787692,1
787693,1
787694,1
787695,1
787702,1
787703,1
787704,1
787709,1
787715,1
787717,1
787719,1
787720,1
787721,1
787723,1
787725,1
787726,1
787728,1
787734,1
787735,1
787737,1
787739,1
787740,1
787741,1
787742,1
787744,1
787746,1
787749,1
787750,1
787751,1
787753,1
787754,1
787756,1
787757,1
787760,1
787761,1
787762,1
787763,1
787766,1
787768,1
787770,1
787774,1
787775,1
787776,1
787777,1
787778,1
787780,1
787783,1
787784,1
787785,1
787787,1
787789,1
787791,1
787792,1
787799,1
787802,1
787803,1
787805,1
787807,1
787811,1
787812,1
787815,1
787818,1
787822,1
787823,1
787824,1
787826,1
787827,1
787834,1
787838,1
787842,1
787844,1
787848,1
787852,1
787854,1
787855,1
787856,1
787860,1
787861,1
787862,1
787866,1
787867,1
787871,1
787876,1
787878,1
787883,1
787885,1
787887,1
787889,1
787892,1
787894,1
787895,1
787899,1
787900,1
787904,1
787905,1
787906,1
787907,1
787909,1
787917,1
787918,1
787920,1
787923,1
787929,1
787931,1
787935,1
787937,1
787941,1
787944,1
787949,1
787974,1
787977,1
787981,1
787985,1
787986,1
787995,1
788006,1
788010,1
788023,1
788027,1
788041,1
788044,1
788045,1
788060,1
788061,1
788069,1
788070,1
788071,1
788082,1
788084,1
788091,1
788097,1
788098,1
788103,1
788110,1
788113,1
788115,1
788129,1
788131,1
788133,1
788144,1
788147,1
788149,1
788150,1
788160,1
788164,1
788167,1
788175,1
788198,1
788208,1
788212,1
788213,1
788214,1
788231,1
788235,1
788244,1
788249,1
788253,1
788265,1
788284,1
788293,1
788294,1
788302,1
788331,1
788332,1
788334,1
788348,1
788355,1
788357,1
788361,1
788366,1
788370,1
788376,1
788378,1
788381,1
788383,1
788385,1
788386,1
788393,1
788400,1
788402,1
788404,1
788408,1
788410,1
788416,1
788432,1
788434,1
788438,1
788441,1
788444,1
788448,1
788451,1
788455,1
788456,1
788461,1
788462,1
788466,1
788468,1
788471,1
788472,1
788478,1
788480,1
788482,1
788494,1
788495,1
788497,1
788512,1
788517,1
788520,1
788528,1
788533,1
788539,1
788553,1
788556,1
788572,1
788583,1
788591,1
788598,1
788600,1
788608,1
788612,1
788624,1
788635,1
788636,1
788637,1
788638,1
788639,1
788640,1
788641,1
788642,1
788643,1
788644,1
788645,1
788646,1
788647,1
788648,1
788649,1
788650,1
788651,1
788652,1
788653,1
788654,1
788655,1
788656,1
788657,1
788658,1
788659,1
788660,1
788661,1
788662,1
788663,1
788664,1
788665,1
788666,1
788667,1
788668,1
788669,1
788670,1
788671,1
788672,1
788673,1
788674,1
788675,1
788676,1
788677,1
788678,1
788679,1
788680,1
788681,1
788682,1
788683,1
788684,1
788685,1
788686,1
788687,1
788689,1
788690,1
788691,1
788692,1
788693,1
788694,1
788695,1
788696,1
788697,1
788698,1
788699,1
788700,1
788701,1
788702,1
788703,1
788704,1
788705,1
788706,1
788707,1
788708,1
788709,1
788710,1
788711,1
788712,1
788713,1
788714,1
788715,1
788716,1
788717,1
788718,1
788719,1
788720,1
788721,1
788722,1
788723,1
788724,1
788725,1
788726,1
788727,1
788728,1
788729,1
788730,1
788731,1
788732,1
788733,1
788734,1
788735,1
788736,1
788737,1
788738,1
788739,1
788740,1
788741,1
788742,1
788743,1
788744,1
788745,1
788746,1
788747,1
788748,1
788749,1
788750,1
788751,1
788752,1
788753,1
788754,1
788755,1
788756,1
788757,1
788758,1
788759,1
788760,1
788761,1
788762,1
788763,1
788764,1
788765,1
788766,1
788767,1
788768,1
788769,1
788770,1
788771,1
788772,1
788773,1
788774,1
788775,1
788776,1
788777,1
788778,1
788779,1
788780,1
788781,1
788782,1
788783,1
788784,1
788785,1
788786,1
788787,1
788788,1
788789,1
788790,1
788791,1
788792,1
788793,1
788794,1
788795,1
788796,1
788797,1
788798,1
788799,1
788800,1
788801,1
788802,1
788803,1
788804,1
788805,1
788806,1
788807,1
788808,1
788809,1
788810,1
788811,1
788812,1
788813,1
788814,1
788815,1
788816,1
788817,1
788818,1
788819,1
788820,1
788821,1
788822,1
788823,1
788824,1
788825,1
788826,1
788827,1
788828,1
788829,1
788830,1
788831,1
788832,1
788833,1
788834,1
788835,1
788836,1
788837,1
788838,1
788839,1
788840,1
788841,1
788842,1
788843,1
788844,1
788845,1
788846,1
788847,1
788848,1
788849,1
788850,1
788851,1
788852,1
788853,1
788854,1
788855,1
788856,1
788857,1
788858,1
788859,1
788860,1
788861,1
788862,1
788863,1
788864,1
788865,1
788866,1
788867,1
788868,1
788869,1
788870,1
788871,1
788872,1
788873,1
788874,1
788875,1
788876,1
788877,1
788878,1
788879,1
788880,1
788881,1
788882,1
788883,1
788884,1
788885,1
788886,1
788887,1
788888,1
788889,1
788890,1
788891,1
788892,1
788893,1
788894,1
788895,1
788896,1
788897,1
788898,1
788899,1
788900,1
788901,1
788902,1
788903,1
788904,1
788905,1
788906,1
788907,1
788908,1
788909,1
788910,1
788911,1
788912,1
788913,1
788914,1
788915,1
788916,1
788917,1
788918,1
788919,1
788920,1
788921,1
788922,1
788923,1
788924,1
788925,1
788926,1
788927,1
788928,1
788929,1
788930,1
788931,1
788932,1
788933,1
788934,1
788935,1
788936,1
788937,1
788938,1
788939,1
788940,1
788941,1
788942,1
788943,1
788944,1
788945,1
788946,1
788947,1
788948,1
788949,1
788950,1
788951,1
788952,1
788953,1
788954,1
788955,1
788956,1
788957,1
788958,1
788959,1
788960,1
788961,1
788962,1
788963,1
788964,1
788965,1
788966,1
788967,1
788968,1
788969,1
788970,1
788971,1
788972,1
788973,1
788974,1
788975,1
788976,1
788977,1
788978,1
788979,1
788980,1
788981,1
788982,1
788983,1
788984,1
788985,1
788986,1
788987,1
788988,1
788989,1
788990,1
788991,1
788992,1
788993,1
788994,1
788995,1
788996,1
788997,1
788998,1
788999,1
789000,1
789001,1
789002,1
789003,1
789004,1
789005,1
789006,1
789007,1
789008,1
789009,1
789010,1
789011,1
789012,1
789013,1
789014,1
789015,1
789016,1
789017,1
789018,1
789019,1
789020,1
789021,1
789022,1
789023,1
789024,1
789025,1
789026,1
789027,1
789028,1
789029,1
789030,1
789031,1
789032,1
789033,1
789034,1
789035,1
789036,1
789037,1
789038,1
789039,1
789040,1
789041,1
789042,1
789043,1
789044,1
789045,1
789046,1
789047,1
789048,1
789052,1
789053,1
789054,1
789055,1
789056,1
789057,1
789058,1
789059,1
789060,1
789061,1
789062,1
789063,1
789064,1
789065,1
789066,1
789067,1
789068,1
789069,1
789070,1
789071,1
789072,1
789073,1
789074,1
789075,1
789076,1
789077,1
789078,1
789079,1
789080,1
789081,1
789082,1
789083,1
789084,1
789085,1
789086,1
789087,1
789088,1
789089,1
789090,1
789091,1
789092,1
789093,1
789094,1
789095,1
789096,1
789097,1
789098,1
789099,1
789100,1
789101,1
789102,1
789103,1
789104,1
789105,1
789106,1
789107,1
789108,1
789109,1
789110,1
789111,1
789112,1
789113,1
789114,1
789115,1
789116,1
789117,1
789118,1
789119,1
789120,1
789121,1
789122,1
789123,1
789124,1
789125,1
789126,1
789127,1
789128,1
789129,1
789130,1
789131,1
789132,1
789133,1
789134,1
789135,1
789136,1
789137,1
789138,1
789139,1
789140,1
789141,1
789142,1
789143,1
789144,1
789145,1
789146,1
789147,1
789148,1
789149,1
789151,1
789152,1
789153,1
789154,1
789155,1
789156,1
789157,1
789158,1
789159,1
789160,1
789161,1
789162,1
789163,1
789164,1
789165,1
789166,1
789167,1
789168,1
789169,1
789170,1
789171,1
789172,1
789173,1
789174,1
789175,1
789176,1
789177,1
789178,1
789179,1
789180,1
789181,1
789182,1
789183,1
789184,1
789185,1
789186,1
789187,1
789188,1
789189,1
789190,1
789191,1
789192,1
789193,1
789194,1
789195,1
789196,1
789197,1
789198,1
789199,1
789200,1
789201,1
789202,1
789203,1
789204,1
789205,1
789206,1
789207,1
789239,1
789293,1
789294,1
789295,1
789296,1
789300,1
789301,1
789304,1
789308,1
789313,1
789314,1
789316,1
789320,1
789328,1
789336,1
789345,1
789348,1
789358,1
789359,1
789368,1
789380,1
789382,1
789388,1
789391,1
789393,1
789404,1
789405,1
789414,1
789418,1
789433,1
789440,1
789446,1
789461,1
789462,1
789463,1
789464,1
789465,1
789466,1
789467,1
789468,1
789469,1
789470,1
789471,1
789472,1
789473,1
789474,1
789475,1
789476,1
789477,1
789478,1
789479,1
789480,1
789481,1
789482,1
789483,1
789484,1
789485,1
789486,1
789487,1
789488,1
789489,1
789490,1
789491,1
789494,1
789495,1
789496,1
789497,1
789498,1
789499,1
789500,1
789501,1
789502,1
789503,1
789504,1
789505,1
789511,1
789515,1
789516,1
789517,1
789521,1
789524,1
789528,1
789535,1
789536,1
789541,1
789546,1
789552,1
789554,1
789563,1
789566,1
789568,1
789570,1
789576,1
789587,1
789597,1
789599,1
789600,1
789601,1
789602,1
789603,1
789605,1
789606,1
789611,1
789612,1
789617,1
789619,1
789621,1
789628,1
789629,1
789633,1
789636,1
789637,1
789643,1
789644,1
789656,1
789668,1
789669,1
789672,1
789675,1
789677,1
789680,1
789684,1
789689,1
789691,1
789694,1
789698,1
789699,1
789702,1
789703,1
789704,1
789711,1
789717,1
789724,1
789726,1
789727,1
789733,1
789743,1
789746,1
789747,1
789748,1
789752,1
789755,1
789763,1
789765,1
789768,1
789773,1
789778,1
789779,1
789783,1
789784,1
789789,1
789791,1
789794,1
789795,1
789798,1
789803,1
789805,1
789806,1
789810,1
789813,1
789816,1
789817,1
789819,1
789820,1
789822,1
789831,1
789833,1
789838,1
789839,1
789841,1
789843,1
789845,1
789846,1
789847,1
789848,1
789849,1
789850,1
789851,1
789852,1
789853,1
789854,1
789855,1
789856,1
789857,1
789858,1
789859,1
789860,1
789861,1
789862,1
789863,1
789864,1
789865,1
789866,1
789867,1
789868,1
789869,1
789870,1
789871,1
789872,1
789873,1
789874,1
789875,1
789876,1
789877,1
789878,1
789879,1
789880,1
789881,1
789882,1
789883,1
789884,1
789885,1
789887,1
789888,1
789889,1
789891,1
789892,1
789893,1
789894,1
789895,1
789896,1
789897,1
789898,1
789899,1
789900,1
789901,1
789902,1
789903,1
789904,1
789905,1
789906,1
789907,1
789908,1
789909,1
789910,1
789911,1
789912,1
789913,1
789914,1
789915,1
789916,1
789917,1
789919,1
789920,1
789921,1
789922,1
789923,1
789924,1
789925,1
789926,1
789927,1
789928,1
789929,1
789930,1
789931,1
789932,1
789933,1
789934,1
789936,1
789937,1
789938,1
789939,1
789940,1
789941,1
789942,1
789943,1
789944,1
789945,1
789946,1
789947,1
789948,1
789949,1
789950,1
789951,1
789952,1
789953,1
789954,1
789955,1
789956,1
789957,1
789958,1
789959,1
789960,1
789961,1
789962,1
789963,1
789964,1
789965,1
789967,1
789968,1
789969,1
789970,1
789971,1
789972,1
789973,1
789974,1
789975,1
789976,1
789977,1
789978,1
789979,1
789980,1
789982,1
789983,1
789984,1
789985,1
789986,1
789987,1
789988,1
789989,1
789990,1
789991,1
789999,1
790000,1
790001,1
790002,1
790003,1
790004,1
790005,1
790006,1
790007,1
790010,1
790011,1
790012,1
790013,1
790014,1
790015,1
790016,1
790017,1
790018,1
790019,1
790020,1
790022,1
790023,1
790024,1
790025,1
790026,1
790027,1
790028,1
790029,1
790030,1
790031,1
790032,1
790033,1
790034,1
790035,1
790036,1
790037,1
790038,1
790039,1
790040,1
790041,1
790042,1
790043,1
790044,1
790045,1
790046,1
790047,1
790048,1
790049,1
790050,1
790051,1
790052,1
790053,1
790054,1
790055,1
790056,1
790057,1
790058,1
790059,1
790060,1
790061,1
790062,1
790063,1
790064,1
790065,1
790066,1
790067,1
790068,1
790069,1
790070,1
790071,1
790072,1
790073,1
790074,1
790075,1
790076,1
790077,1
790078,1
790079,1
790080,1
790081,1
790082,1
790083,1
790084,1
790085,1
790086,1
790087,1
790088,1
790089,1
790090,1
790091,1
790092,1
790093,1
790094,1
790095,1
790096,1
790097,1
790098,1
790099,1
790100,1
790101,1
790102,1
790103,1
790104,1
790105,1
790106,1
790107,1
790108,1
790109,1
790110,1
790111,1
790112,1
790113,1
790114,1
790115,1
790116,1
790117,1
790118,1
790119,1
790120,1
790121,1
790122,1
790123,1
790124,1
790125,1
790126,1
790127,1
790128,1
790129,1
790130,1
790131,1
790132,1
790133,1
790134,1
790135,1
790136,1
790137,1
790138,1
790139,1
790140,1
790141,1
790142,1
790143,1
790144,1
790145,1
790146,1
790147,1
790148,1
790149,1
790150,1
790151,1
790152,1
790153,1
790154,1
790155,1
790159,1
790160,1
790161,1
790162,1
790163,1
790169,1
790171,1
790172,1
790173,1
790174,1
790176,1
790177,1
790178,1
790179,1
790180,1
790181,1
790182,1
790183,1
790184,1
790185,1
790186,1
790187,1
790188,1
790189,1
790190,1
790191,1
790192,1
790194,1
790195,1
790196,1
790197,1
790198,1
790200,1
790201,1
790202,1
790203,1
790204,1
790208,1
790209,1
790211,1
790213,1
790214,1
790215,1
790216,1
790217,1
790218,1
790219,1
790220,1
790221,1
790222,1
790224,1
790225,1
790226,1
790227,1
790228,1
790229,1
790230,1
790231,1
790232,1
790233,1
790234,1
790235,1
790236,1
790237,1
790238,1
790239,1
790240,1
790244,1
790245,1
790248,1
790249,1
790250,1
790251,1
790252,1
790253,1
790254,1
790255,1
790256,1
790257,1
790258,1
790259,1
790260,1
790261,1
790262,1
790267,1
790268,1
790269,1
790270,1
790271,1
790272,1
790274,1
790275,1
790276,1
790277,1
790278,1
790279,1
790280,1
790281,1
790282,1
790283,1
790284,1
790285,1
790286,1
790287,1
790288,1
790289,1
790290,1
790291,1
790292,1
790293,1
790294,1
790295,1
790296,1
790297,1
790299,1
790300,1
790301,1
790302,1
790303,1
790304,1
790313,1
790318,1
790320,1
790326,1
790327,1
790328,1
790329,1
790330,1
790331,1
790332,1
790333,1
790334,1
790335,1
790336,1
790337,1
790338,1
790339,1
790340,1
790341,1
790342,1
790343,1
790344,1
790345,1
790346,1
790347,1
790348,1
790349,1
790350,1
790351,1
790352,1
790353,1
790354,1
790355,1
790356,1
790357,1
790358,1
790359,1
790360,1
790361,1
790362,1
790363,1
790364,1
790365,1
790366,1
790367,1
790368,1
790369,1
790370,1
790371,1
790372,1
790373,1
790374,1
790375,1
790377,1
790378,1
790379,1
790380,1
790381,1
790382,1
790383,1
790384,1
790385,1
790386,1
790387,1
790389,1
790390,1
790391,1
790393,1
790394,1
790396,1
790397,1
790398,1
790399,1
790400,1
790401,1
790402,1
790403,1
790404,1
790405,1
790406,1
790407,1
790408,1
790409,1
790410,1
790411,1
790412,1
790413,1
790414,1
790415,1
790416,1
790417,1
790418,1
790419,1
790420,1
790421,1
790422,1
790423,1
790424,1
790425,1
790426,1
790427,1
790428,1
790429,1
790430,1
790431,1
790432,1
790433,1
790434,1
790437,1
790438,1
790439,1
790440,1
790441,1
790442,1
790443,1
790444,1
790445,1
790446,1
790447,1
790448,1
790449,1
790450,1
790451,1
790452,1
790453,1
790454,1
790456,1
790457,1
790458,1
790459,1
790460,1
790461,1
790462,1
790463,1
790464,1
790465,1
790466,1
790467,1
790468,1
790469,1
790470,1
790471,1
790472,1
790473,1
790474,1
790475,1
790476,1
790477,1
790478,1
790479,1
790480,1
790481,1
790482,1
790483,1
790484,1
790485,1
790487,1
790488,1
790489,1
790490,1
790491,1
790492,1
790493,1
790494,1
790495,1
790496,1
790497,1
790498,1
790499,1
790500,1
790501,1
790503,1
790504,1
790505,1
790506,1
790507,1
790508,1
790509,1
790510,1
790511,1
790512,1
790513,1
790514,1
790515,1
790516,1
790517,1
790518,1
790519,1
790520,1
790521,1
790522,1
790523,1
790524,1
790525,1
790526,1
790527,1
790528,1
790529,1
790530,1
790531,1
790532,1
790533,1
790534,1
790535,1
790536,1
790537,1
790538,1
790539,1
790540,1
790541,1
790542,1
790543,1
790544,1
790545,1
790546,1
790547,1
790548,1
790549,1
790550,1
790551,1
790552,1
790553,1
790554,1
790555,1
790556,1
790557,1
790558,1
790559,1
790560,1
790561,1
790562,1
790563,1
790564,1
790565,1
790567,1
790568,1
790569,1
790570,1
790571,1
790572,1
790573,1
790574,1
790575,1
790576,1
790577,1
790578,1
790579,1
790580,1
790581,1
790582,1
790583,1
790584,1
790585,1
790586,1
790587,1
790588,1
790589,1
790590,1
790591,1
790592,1
790593,1
790594,1
790595,1
790596,1
790597,1
790598,1
790599,1
790600,1
790601,1
790602,1
790603,1
790604,1
790605,1
790606,1
790607,1
790608,1
790609,1
790610,1
790611,1
790612,1
790613,1
790614,1
790615,1
790616,1
790617,1
790618,1
790619,1
790620,1
790621,1
790622,1
790623,1
790624,1
790625,1
790626,1
790627,1
790628,1
790629,1
790630,1
790631,1
790632,1
790633,1
790634,1
790635,1
790636,1
790637,1
790638,1
790639,1
790640,1
790641,1
790642,1
790643,1
790644,1
790645,1
790646,1
790647,1
790648,1
790649,1
790650,1
790651,1
790652,1
790653,1
790654,1
790655,1
790656,1
790657,1
790658,1
790659,1
790660,1
790661,1
790662,1
790663,1
790664,1
790665,1
790666,1
790667,1
790668,1
790669,1
790670,1
790671,1
790672,1
790681,1
790682,1
790684,1
790685,1
790686,1
790687,1
790688,1
790689,1
790690,1
790691,1
790694,1
790695,1
790696,1
790697,1
790698,1
790699,1
790700,1
791366,1
791367,1
791371,1
791372,1
791373,1
791374,1
791375,1
791376,1
791377,1
791378,1
791379,1
791380,1
791381,1
791382,1
791383,1
791384,1
791385,1
791386,1
791387,1
791389,1
791390,1
791391,1
791392,1
791393,1
791394,1
791395,1
791396,1
791397,1
791398,1
791399,1
791400,1
791401,1
791402,1
791403,1
791404,1
791405,1
791406,1
791407,1
791408,1
791409,1
791410,1
791411,1
791412,1
791413,1
791414,1
791415,1
791416,1
791417,1
791418,1
791419,1
791420,1
791421,1
791422,1
791423,1
791424,1
791438,1
791439,1
791457,1
791461,1
791477,1
791478,1
791486,1
791487,1
791488,1
791489,1
791490,1
791491,1
791494,1
791495,1
791496,1
791497,1
791498,1
791499,1
791500,1
791501,1
791502,1
791503,1
791504,1
791505,1
791506,1
791507,1
791508,1
791509,1
791510,1
791511,1
791512,1
791513,1
791514,1
791515,1
791516,1
791517,1
791518,1
791519,1
791520,1
791521,1
791522,1
791523,1
791524,1
791525,1
791526,1
791527,1
791528,1
791529,1
791530,1
791531,1
791532,1
791533,1
791534,1
791535,1
791536,1
791537,1
791539,1
791540,1
791541,1
791542,1
791543,1
791544,1
791545,1
791546,1
791547,1
791548,1
791549,1
791550,1
791551,1
791552,1
791553,1
791554,1
791555,1
791556,1
791557,1
791558,1
791559,1
791560,1
791561,1
791562,1
791563,1
791564,1
791565,1
791566,1
791567,1
791568,1
791569,1
791570,1
791571,1
791572,1
791573,1
791574,1
791575,1
791576,1
791577,1
791578,1
791579,1
791580,1
791581,1
791582,1
791583,1
791584,1
791585,1
791586,1
791587,1
791588,1
791589,1
791590,1
791591,1
791592,1
791593,1
791594,1
791595,1
791596,1
791597,1
791598,1
791599,1
791600,1
791601,1
791602,1
791603,1
791604,1
791605,1
791606,1
791607,1
791608,1
791609,1
791610,1
791611,1
791612,1
791613,1
791614,1
791615,1
791616,1
791617,1
791618,1
791619,1
791620,1
791621,1
791622,1
791623,1
791624,1
791625,1
791626,1
791627,1
791628,1
791629,1
791630,1
791631,1
791632,1
791633,1
791634,1
791635,1
791636,1
791637,1
791638,1
791639,1
791640,1
791641,1
791642,1
791643,1
791644,1
791645,1
791646,1
791647,1
791648,1
791649,1
791650,1
791651,1
791652,1
791653,1
791654,1
791655,1
791656,1
791657,1
791658,1
791659,1
791660,1
791661,1
791662,1
791663,1
791664,1
791665,1
791666,1
791667,1
791668,1
791669,1
791670,1
791671,1
791672,1
791673,1
791674,1
791675,1
791676,1
791677,1
791678,1
791679,1
791680,1
791681,1
791682,1
791683,1
791684,1
791685,1
791686,1
791687,1
791688,1
791689,1
791690,1
791691,1
791692,1
791693,1
791694,1
791695,1
791696,1
791697,1
791698,1
791699,1
791700,1
791701,1
791702,1
791703,1
791704,1
791705,1
791706,1
791707,1
791708,1
791709,1
791710,1
791711,1
791712,1
791713,1
791714,1
791715,1
791716,1
791717,1
791718,1
791719,1
791720,1
791721,1
791722,1
791723,1
791724,1
791725,1
791726,1
791727,1
791728,1
791729,1
791730,1
791731,1
791732,1
791733,1
791734,1
791735,1
791736,1
791737,1
791739,1
791740,1
791741,1
791742,1
791743,1
791744,1
791745,1
791746,1
791747,1
791748,1
791749,1
791750,1
791751,1
791752,1
791753,1
791754,1
791755,1
791756,1
791757,1
791758,1
791759,1
791760,1
791761,1
791762,1
791763,1
791764,1
791765,1
791766,1
791767,1
791768,1
791769,1
791770,1
791771,1
791772,1
791773,1
791775,1
791776,1
791777,1
791778,1
791779,1
791780,1
791781,1
791782,1
791783,1
791784,1
791785,1
791786,1
791787,1
791788,1
791789,1
791790,1
791791,1
791792,1
791793,1
791794,1
791795,1
791796,1
791797,1
791799,1
791800,1
791801,1
791802,1
791803,1
791804,1
791805,1
791806,1
791807,1
791808,1
791809,1
791810,1
791811,1
791812,1
791813,1
791814,1
791815,1
791816,1
791817,1
791818,1
791819,1
791820,1
791821,1
791822,1
791823,1
791824,1
791825,1
791826,1
791827,1
791828,1
791829,1
791830,1
791831,1
791832,1
791833,1
791834,1
791835,1
791836,1
791837,1
791838,1
791839,1
791840,1
791841,1
791842,1
791843,1
791844,1
791845,1
791846,1
791847,1
791848,1
791849,1
791850,1
791851,1
791852,1
791853,1
791854,1
791855,1
791856,1
791857,1
791858,1
791859,1
791860,1
791861,1
791862,1
791863,1
791864,1
791865,1
791866,1
791867,1
791868,1
791869,1
791870,1
791871,1
791872,1
791873,1
791874,1
791875,1
791876,1
791877,1
791878,1
791879,1
791880,1
791881,1
791882,1
791883,1
791884,1
791885,1
791886,1
791887,1
791888,1
791889,1
791890,1
791891,1
791892,1
791893,1
791894,1
791895,1
791896,1
791897,1
791898,1
791899,1
791900,1
791901,1
791902,1
791903,1
791904,1
791905,1
791906,1
791907,1
791908,1
791909,1
791910,1
791911,1
791912,1
791913,1
791914,1
791915,1
791916,1
791917,1
791918,1
791919,1
791920,1
791921,1
791922,1
791923,1
791924,1
791925,1
791926,1
791927,1
791928,1
791929,1
791930,1
791931,1
791932,1
791933,1
791934,1
791935,1
791936,1
791937,1
791938,1
791939,1
791940,1
791941,1
791942,1
791943,1
791944,1
791945,1
791946,1
791947,1
791948,1
791949,1
791950,1
791951,1
791952,1
791953,1
791954,1
791955,1
791958,1
791960,1
791962,1
791966,1
791967,1
791970,1
791972,1
791976,1
791977,1
791978,1
791980,1
791983,1
791987,1
791989,1
791992,1
791996,1
792001,1
792010,1
792014,1
792015,1
792019,1
792022,1
792023,1
792026,1
792029,1
792032,1
792033,1
792037,1
792045,1
792046,1
792050,1
792051,1
792052,1
792060,1
792064,1
792069,1
792071,1
792073,1
792076,1
792081,1
792082,1
792084,1
792085,1
792091,1
792093,1
792094,1
792096,1
792101,1
792102,1
792105,1
792108,1
792110,1
792111,1
792112,1
792113,1
792114,1
792119,1
792123,1
792126,1
792127,1
792128,1
792132,1
792134,1
792136,1
792140,1
792141,1
792145,1
792149,1
792151,1
792152,1
792157,1
792158,1
792161,1
792162,1
792163,1
792164,1
792165,1
792166,1
792167,1
792186,1
792187,1
792190,1
792192,1
792193,1
792197,1
792224,1
792245,1
792246,1
792247,1
792255,1
792256,1
792257,1
792258,1
792259,1
792260,1
792261,1
792265,1
792266,1
792267,1
792268,1
792288,1
792289,1
792290,1
792291,1
792292,1
792293,1
792294,1
792295,1
792296,1
792306,1
792307,1
792308,1
792309,1
792310,1
792311,1
792312,1
792314,1
792315,1
792316,1
792317,1
792318,1
792319,1
792326,1
792327,1
792328,1
792329,1
792330,1
792331,1
792332,1
792333,1
792340,1
792342,1
792343,1
792344,1
792345,1
792351,1
792357,1
792358,1
792362,1
792363,1
792364,1
792365,1
792366,1
792370,1
792371,1
792372,1
792373,1
792374,1
792375,1
792376,1
792377,1
792382,1
792383,1
792384,1
792385,1
792386,1
792387,1
792388,1
792389,1
792394,1
792395,1
792399,1
792400,1
792401,1
792409,1
792410,1
792411,1
792412,1
792434,1
792435,1
792436,1
792437,1
792438,1
792439,1
792463,1
792464,1
792465,1
792466,1
792469,1
792470,1
792471,1
792472,1
792473,1
792474,1
792475,1
792476,1
792477,1
792478,1
792479,1
792480,1
792487,1
792488,1
792489,1
792490,1
792491,1
792492,1
792493,1
792494,1
792495,1
792496,1
792497,1
792498,1
792499,1
792500,1
792508,1
792509,1
792510,1
792511,1
792512,1
792513,1
792514,1
792515,1
792516,1
792517,1
792518,1
792519,1
792520,1
792584,1
792585,1
792586,1
792594,1
792595,1
792604,1
792618,1
792619,1
792620,1
792646,1
792647,1
792648,1
792649,1
792650,1
792651,1
792653,1
792654,1
792655,1
792656,1
792659,1
792661,1
792662,1
792663,1
792664,1
792666,1
792667,1
792668,1
792669,1
792670,1
792671,1
792672,1
792673,1
792674,1
792675,1
792676,1
792677,1
792678,1
792679,1
792680,1
792681,1
792682,1
792683,1
792684,1
792685,1
792686,1
792687,1
792688,1
792689,1
792690,1
792691,1
792692,1
792693,1
792694,1
792695,1
792696,1
792697,1
792698,1
792699,1
792700,1
792701,1
792702,1
792703,1
792704,1
792705,1
792711,1
792712,1
792713,1
792714,1
792715,1
792716,1
792717,1
792718,1
792719,1
792720,1
792721,1
792727,1
792728,1
792729,1
792730,1
792731,1
792732,1
792733,1
792734,1
792735,1
792736,1
792737,1
792739,1
792740,1
792741,1
792747,1
792748,1
792749,1
792759,1
792762,1
792763,1
792764,1
792765,1
792766,1
792767,1
792768,1
792769,1
792770,1
792771,1
792772,1
792781,1
792782,1
792783,1
792784,1
792785,1
792786,1
792787,1
792788,1
792796,1
792797,1
792798,1
792799,1
792800,1
792801,1
792802,1
792803,1
792804,1
792805,1
792809,1
792810,1
792811,1
792812,1
792813,1
792814,1
792815,1
792816,1
792817,1
792818,1
792819,1
792820,1
792821,1
792824,1
792825,1
792826,1
792827,1
792828,1
792829,1
792830,1
792831,1
792832,1
792833,1
792834,1
792835,1
792837,1
792838,1
792839,1
792840,1
792841,1
792842,1
792843,1
792844,1
792845,1
792846,1
792849,1
792852,1
792853,1
792855,1
792856,1
792861,1
792863,1
792864,1
792865,1
792867,1
792869,1
792870,1
792871,1
792872,1
792873,1
792874,1
792875,1
792876,1
792877,1
792878,1
792879,1
792880,1
792881,1
792882,1
792883,1
792885,1
792886,1
792887,1
792888,1
792889,1
792890,1
792891,1
792893,1
792895,1
792896,1
792898,1
792900,1
792901,1
792902,1
792903,1
792904,1
792905,1
792906,1
792907,1
792908,1
792909,1
792910,1
792912,1
792913,1
792914,1
792915,1
792916,1
792919,1
792920,1
792922,1
792923,1
792924,1
792926,1
792927,1
792928,1
792929,1
792930,1
792931,1
792932,1
792936,1
792937,1
792938,1
792939,1
792940,1
792942,1
792943,1
792944,1
792945,1
792946,1
792947,1
792948,1
792949,1
792950,1
792951,1
792952,1
792953,1
792954,1
792957,1
792958,1
792959,1
792960,1
792961,1
792962,1
792963,1
792964,1
792965,1
792966,1
792967,1
792968,1
792971,1
792972,1
792973,1
792974,1
792975,1
792976,1
792977,1
792979,1
792980,1
792981,1
792982,1
792983,1
792984,1
792985,1
792986,1
792987,1
792988,1
792990,1
792991,1
792992,1
792993,1
792995,1
792996,1
792997,1
792998,1
793001,1
793002,1
793003,1
793004,1
793005,1
793007,1
793008,1
793009,1
793010,1
793011,1
793012,1
793013,1
793015,1
793016,1
793017,1
793018,1
793019,1
793020,1
793021,1
793022,1
793023,1
793024,1
793025,1
793026,1
793027,1
793028,1
793030,1
793031,1
793032,1
793033,1
793035,1
793036,1
793037,1
793038,1
793039,1
793040,1
793042,1
793043,1
793044,1
793045,1
793046,1
793047,1
793048,1
793050,1
793051,1
793052,1
793053,1
793054,1
793055,1
793056,1
793057,1
793058,1
793059,1
793060,1
793061,1
793062,1
793063,1
793064,1
793065,1
793066,1
793068,1
793069,1
793070,1
793071,1
793072,1
793075,1
793077,1
793078,1
793079,1
793080,1
793081,1
793082,1
793084,1
793085,1
793086,1
793495,1
793496,1
793497,1
793498,1
793499,1
793500,1
793501,1
793507,1
793508,1
793516,1
793518,1
793523,1
793561,1
793563,1
793564,1
793565,1
793566,1
793567,1
793568,1
793569,1
793570,1
793571,1
793572,1
793578,1
793585,1
793586,1
793601,1
793602,1
793603,1
793604,1
793605,1
793608,1
793609,1
793610,1
793611,1
793612,1
793613,1
793614,1
793615,1
793616,1
793617,1
793621,1
793622,1
793623,1
793624,1
793625,1
793626,1
793627,1
793628,1
793629,1
793630,1
793635,1
793636,1
793637,1
793638,1
793639,1
793640,1
793641,1
793646,1
793647,1
793648,1
793649,1
793650,1
793651,1
793652,1
793653,1
793654,1
793655,1
793656,1
793657,1
793658,1
793659,1
793670,1
793671,1
793672,1
793691,1
793693,1
793694,1
793695,1
793696,1
793697,1
793698,1
793701,1
793702,1
793703,1
793704,1
793705,1
793706,1
793707,1
793708,1
793709,1
793710,1
793711,1
793712,1
793713,1
793714,1
793715,1
793716,1
793718,1
793719,1
793720,1
793721,1
793722,1
793723,1
793725,1
793731,1
793732,1
793733,1
793734,1
793735,1
793736,1
793737,1
793743,1
793744,1
793745,1
793746,1
793747,1
793748,1
793749,1
793750,1
793751,1
793752,1
793753,1
793755,1
793756,1
793757,1
793758,1
793759,1
793760,1
793761,1
793762,1
793771,1
793772,1
793773,1
793774,1
793775,1
793776,1
793777,1
793780,1
793782,1
793783,1
793784,1
793785,1
793786,1
793787,1
793788,1
793789,1
793790,1
793791,1
793792,1
793793,1
793794,1
793795,1
793796,1
793797,1
793798,1
793799,1
793800,1
793801,1
793802,1
793803,1
793804,1
793805,1
793806,1
793807,1
793808,1
793809,1
793810,1
793811,1
793812,1
793813,1
793814,1
793821,1
793830,1
793831,1
793833,1
793834,1
793835,1
793836,1
793837,1
793838,1
793839,1
793840,1
793841,1
793842,1
793843,1
793844,1
793845,1
793846,1
793956,1
793957,1
793958,1
793959,1
793960,1
793961,1
793962,1
793963,1
793964,1
793965,1
793966,1
793967,1
793968,1
793969,1
793982,1
793983,1
793986,1
793987,1
793988,1
793989,1
793990,1
793994,1
793995,1
794012,1
794014,1
794015,1
794016,1
794019,1
794020,1
794021,1
794022,1
794023,1
794024,1
794025,1
794026,1
794027,1
794031,1
794032,1
794033,1
794034,1
794035,1
794036,1
794037,1
794038,1
794039,1
794040,1
794046,1
794049,1
794050,1
794054,1
794055,1
794056,1
794057,1
794058,1
794059,1
794060,1
794061,1
794062,1
794063,1
794064,1
794065,1
794066,1
794067,1
794069,1
794070,1
794071,1
794073,1
794074,1
794075,1
794076,1
794077,1
794078,1
794079,1
794080,1
794081,1
794082,1
794083,1
794084,1
794085,1
794086,1
794087,1
794088,1
794089,1
794093,1
794094,1
794095,1
794096,1
794103,1
794104,1
794109,1
794110,1
794112,1
794113,1
794120,1
794121,1
794122,1
794125,1
794129,1
794134,1
794135,1
794141,1
794148,1
794154,1
794156,1
794162,1
794165,1
794168,1
794169,1
794170,1
794172,1
794173,1
794175,1
794176,1
794180,1
794181,1
794182,1
794183,1
794184,1
794185,1
794186,1
794187,1
794188,1
794189,1
794190,1
794191,1
794192,1
794193,1
794194,1
794195,1
794196,1
794197,1
794198,1
794199,1
794200,1
794201,1
794202,1
794203,1
794204,1
794205,1
794206,1
794207,1
794208,1
794209,1
794210,1
794211,1
794212,1
794213,1
794214,1
794215,1
794216,1
794217,1
794218,1
794219,1
794220,1
794221,1
794222,1
794223,1
794224,1
794225,1
794226,1
794227,1
794228,1
794229,1
794230,1
794231,1
794232,1
794233,1
794234,1
794235,1
794236,1
794237,1
794238,1
794239,1
794240,1
794241,1
794242,1
794243,1
794244,1
794245,1
794246,1
794247,1
794248,1
794249,1
794250,1
794251,1
794252,1
794253,1
794254,1
794255,1
794256,1
794257,1
794258,1
794259,1
794260,1
794261,1
794262,1
794263,1
794271,1
794272,1
794273,1
794274,1
794275,1
794276,1
794277,1
794278,1
794279,1
794280,1
794281,1
794282,1
794283,1
794284,1
794285,1
794286,1
794287,1
794288,1
794321,1
794327,1
794330,1
794331,1
794333,1
794334,1
794335,1
794336,1
794337,1
794338,1
794341,1
794342,1
794344,1
794371,1
794374,1
794419,1
794420,1
794421,1
794422,1
794423,1
794424,1
794455,1
794456,1
794457,1
794464,1
794465,1
794466,1
794467,1
794468,1
794469,1
794470,1
794471,1
794472,1
794474,1
794475,1
794476,1
794485,1
794500,1
794501,1
794502,1
794503,1
794504,1
794505,1
794506,1
794507,1
794508,1
794509,1
794510,1
794511,1
794512,1
794513,1
794514,1
794515,1
794516,1
794517,1
794518,1
794519,1
794520,1
794521,1
794522,1
794525,1
794526,1
794527,1
794528,1
794529,1
794530,1
794531,1
794532,1
794533,1
794534,1
794535,1
794537,1
794538,1
794539,1
794540,1
794541,1
794542,1
794543,1
794544,1
794545,1
794546,1
794547,1
794548,1
794549,1
794550,1
794551,1
794552,1
794553,1
794554,1
794555,1
794556,1
794557,1
794558,1
794563,1
794564,1
794565,1
794569,1
794570,1
794571,1
794572,1
794576,1
794577,1
794578,1
794579,1
794584,1
794586,1
794587,1
794588,1
794589,1
794590,1
794591,1
794594,1
794599,1
794601,1
794603,1
794604,1
794605,1
794606,1
794608,1
794612,1
794613,1
794614,1
794615,1
794618,1
794621,1
794623,1
794624,1
794625,1
794626,1
794627,1
794628,1
794629,1
794630,1
794631,1
794633,1
794634,1
794635,1
794636,1
794637,1
794638,1
794640,1
794642,1
794643,1
794644,1
794645,1
794646,1
794647,1
794648,1
794650,1
794651,1
794652,1
794653,1
794654,1
794655,1
794658,1
794660,1
794661,1
794662,1
794663,1
794664,1
794667,1
794669,1
794670,1
794672,1
794674,1
794675,1
794676,1
794678,1
794679,1
794682,1
794685,1
794686,1
794688,1
794692,1
794693,1
794694,1
794695,1
794696,1
794697,1
794699,1
794702,1
794704,1
794705,1
794706,1
794707,1
794708,1
794711,1
794712,1
794713,1
794715,1
794718,1
794723,1
794724,1
794726,1
794727,1
794728,1
794729,1
794932,1
794936,1
794937,1
794938,1
794940,1
794941,1
794942,1
794943,1
794944,1
794945,1
794946,1
794947,1
794949,1
794950,1
794951,1
794953,1
794954,1
794955,1
795033,1
795035,1
795036,1
795037,1
795038,1
795040,1
795041,1
795043,1
795044,1
795045,1
795046,1
795047,1
795050,1
795051,1
795052,1
795053,1
795054,1
795055,1
795056,1
795057,1
795058,1
795059,1
795060,1
795061,1
795062,1
795063,1
795064,1
795065,1
795067,1
795071,1
795072,1
795073,1
795074,1
795077,1
795078,1
795079,1
795081,1
795082,1
795083,1
795084,1
795085,1
795086,1
795087,1
795088,1
795089,1
795090,1
795091,1
795092,1
795093,1
795094,1
795095,1
795096,1
795097,1
795098,1
795099,1
795109,1
795110,1
795111,1
795112,1
795115,1
795116,1
795118,1
795119,1
795229,1
795230,1
795231,1
795232,1
795233,1
795234,1
795235,1
795236,1
795237,1
795238,1
795239,1
795240,1
795241,1
795242,1
795243,1
795244,1
795245,1
795246,1
795247,1
795248,1
795249,1
795250,1
795251,1
795252,1
795253,1
795254,1
795255,1
795256,1
795257,1
795258,1
795259,1
795260,1
795261,1
795262,1
795263,1
795264,1
795265,1
795266,1
795267,1
795268,1
795269,1
795270,1
795271,1
795272,1
795273,1
795274,1
795275,1
795276,1
795277,1
795278,1
795279,1
795280,1
795281,1
795283,1
795284,1
795285,1
795287,1
795288,1
795289,1
795290,1
795291,1
795292,1
795293,1
795294,1
795295,1
795296,1
795297,1
795298,1
795299,1
795300,1
795301,1
795302,1
795303,1
795304,1
795305,1
795306,1
795307,1
795308,1
795309,1
795310,1
795311,1
795312,1
795313,1
795314,1
795315,1
795317,1
795318,1
795319,1
795320,1
795321,1
795322,1
795323,1
795324,1
795325,1
795326,1
795327,1
795328,1
795329,1
795330,1
795331,1
795332,1
795333,1
795334,1
795335,1
795336,1
795337,1
795338,1
795340,1
795341,1
795342,1
795345,1
795346,1
795347,1
795352,1
795355,1
795356,1
795357,1
795358,1
795359,1
795360,1
795361,1
795373,1
795374,1
795375,1
795377,1
795382,1
795383,1
795388,1
795391,1
795392,1
795393,1
795394,1
795395,1
795396,1
795397,1
795398,1
795399,1
795400,1
795407,1
795409,1
795410,1
795411,1
795412,1
795413,1
795414,1
795417,1
795418,1
795419,1
795420,1
795421,1
795422,1
795423,1
795424,1
795425,1
795426,1
795427,1
795428,1
795429,1
795430,1
795431,1
795432,1
795433,1
795434,1
795435,1
795436,1
795441,1
795442,1
795445,1
795446,1
795447,1
795448,1
795449,1
795450,1
795451,1
795452,1
795453,1
795454,1
795456,1
795459,1
795460,1
795461,1
795464,1
795465,1
795467,1
795470,1
795471,1
795501,1
795502,1
795503,1
795504,1
795505,1
795506,1
795507,1
795522,1
795523,1
795524,1
795525,1
795526,1
795527,1
795528,1
795529,1
795530,1
795531,1
795532,1
795533,1
795534,1
795535,1
795536,1
795537,1
795538,1
795539,1
795540,1
795541,1
795542,1
795543,1
795544,1
795545,1
795546,1
795547,1
795548,1
795549,1
795550,1
795551,1
795552,1
795553,1
795554,1
795555,1
795556,1
795557,1
795558,1
795559,1
795560,1
795561,1
795562,1
795563,1
795564,1
795572,1
795573,1
795574,1
795575,1
795576,1
795579,1
795580,1
795581,1
795582,1
795583,1
795584,1
795585,1
795586,1
795587,1
795588,1
795590,1
795591,1
795592,1
795593,1
795594,1
795595,1
795596,1
795597,1
795598,1
795599,1
795600,1
795601,1
795603,1
795606,1
795607,1
795608,1
795609,1
795610,1
795611,1
795612,1
795613,1
795614,1
795615,1
795616,1
795617,1
795620,1
795621,1
795622,1
795623,1
795624,1
795625,1
795626,1
795627,1
795628,1
795629,1
795630,1
795631,1
795632,1
795633,1
795634,1
795635,1
795636,1
795637,1
795638,1
795639,1
795640,1
795641,1
795642,1
795643,1
795644,1
795645,1
795646,1
795647,1
795648,1
795649,1
795650,1
795651,1
795652,1
795653,1
795654,1
795655,1
795656,1
795657,1
795658,1
795661,1
795664,1
795667,1
795668,1
795669,1
795675,1
795677,1
795680,1
795682,1
795684,1
795685,1
795687,1
795689,1
795690,1
795691,1
795694,1
795697,1
795699,1
795700,1
795702,1
795703,1
795705,1
795709,1
795788,1
795798,1
795837,1
795840,1
795845,1
795862,1
795887,1
795888,1
795899,1
795913,1
795920,1
795924,1
795926,1
795930,1
795931,1
795940,1
795942,1
795943,1
795944,1
795946,1
795948,1
795949,1
795955,1
795956,1
795957,1
795958,1
795959,1
795960,1
795961,1
795962,1
795963,1
795964,1
795969,1
795970,1
795971,1
795977,1
795978,1
795979,1
795983,1
795984,1
795985,1
795986,1
795987,1
795988,1
795990,1
795991,1
795992,1
795998,1
795999,1
796000,1
796001,1
796002,1
796004,1
796005,1
796006,1
796008,1
796009,1
796010,1
796011,1
796012,1
796013,1
796014,1
796015,1
796016,1
796019,1
796021,1
796025,1
796027,1
796028,1
796029,1
796030,1
796031,1
796032,1
796033,1
796034,1
796035,1
796037,1
796038,1
796040,1
796041,1
796044,1
796045,1
796117,1
796118,1
796120,1
796121,1
796123,1
796124,1
796125,1
796127,1
796130,1
796175,1
796334,1
796335,1
796336,1
796357,1
796394,1
796396,1
796399,1
796401,1
796403,1
796406,1
796407,1
796408,1
796410,1
796411,1
796412,1
796413,1
796415,1
796443,1
796446,1
796447,1
796448,1
796452,1
796454,1
796499,1
796500,1
796501,1
796502,1
796503,1
796504,1
796510,1
796511,1
796512,1
796513,1
796514,1
796515,1
796516,1
796517,1
796518,1
796519,1
796520,1
796521,1
796522,1
796523,1
796524,1
796525,1
796526,1
796527,1
796528,1
796529,1
796530,1
796531,1
796532,1
796533,1
796534,1
796535,1
796536,1
796537,1
796538,1
796539,1
796540,1
796541,1
796542,1
796543,1
796544,1
796545,1
796546,1
796547,1
796548,1
796549,1
796550,1
796551,1
796552,1
796553,1
796554,1
796555,1
796556,1
796557,1
796558,1
796559,1
796560,1
796561,1
796562,1
796563,1
796564,1
796566,1
796567,1
796568,1
796569,1
796570,1
796571,1
796572,1
796573,1
796574,1
796575,1
796576,1
796577,1
796578,1
796582,1
796583,1
796586,1
796587,1
796592,1
796593,1
796597,1
796598,1
796599,1
796602,1
796603,1
796604,1
796605,1
796606,1
796607,1
796608,1
796609,1
796610,1
796790,1
796791,1
796792,1
796793,1
796794,1
796795,1
796796,1
796797,1
796798,1
796799,1
796800,1
796801,1
796802,1
796803,1
796804,1
796805,1
796806,1
796807,1
796808,1
796809,1
796810,1
796811,1
796812,1
796813,1
796814,1
796815,1
796816,1
796817,1
796818,1
796819,1
796820,1
796821,1
796822,1
796823,1
796824,1
796825,1
796826,1
796827,1
796828,1
796829,1
796830,1
796831,1
796832,1
796833,1
796834,1
796835,1
796836,1
796837,1
796838,1
796839,1
796840,1
796841,1
796842,1
796843,1
796844,1
796845,1
796846,1
796847,1
796848,1
796849,1
796850,1
796851,1
796852,1
796853,1
796854,1
796855,1
796856,1
796857,1
796858,1
796859,1
796860,1
796861,1
796862,1
796863,1
796864,1
796865,1
796866,1
796867,1
796868,1
796869,1
796870,1
796871,1
796872,1
796873,1
796878,1
796879,1
796880,1
796881,1
796882,1
796883,1
796884,1
796886,1
796887,1
796888,1
796889,1
796890,1
796891,1
796892,1
796893,1
796894,1
796895,1
796896,1
796897,1
796898,1
796899,1
796900,1
796901,1
796902,1
796903,1
796904,1
796905,1
796906,1
796907,1
796908,1
796909,1
796910,1
796911,1
796912,1
796913,1
796914,1
796915,1
796916,1
796917,1
796918,1
796919,1
796920,1
796921,1
796922,1
796924,1
796925,1
796926,1
796927,1
796928,1
796929,1
796930,1
796931,1
796932,1
796933,1
796934,1
796935,1
796936,1
796937,1
796938,1
796939,1
796940,1
796941,1
796942,1
796943,1
796944,1
796945,1
796946,1
796947,1
796948,1
796949,1
796950,1
796951,1
796952,1
796953,1
796954,1
796955,1
796956,1
796957,1
796958,1
796959,1
796960,1
796961,1
796962,1
796963,1
796964,1
796965,1
796966,1
796967,1
796968,1
796969,1
796970,1
796971,1
796972,1
796973,1
796974,1
796975,1
796976,1
796977,1
796978,1
796979,1
796980,1
796981,1
796982,1
796986,1
796987,1
796993,1
796994,1
796995,1
796997,1
796998,1
796999,1
797001,1
797002,1
797003,1
797004,1
797005,1
797006,1
797007,1
797008,1
797009,1
797010,1
797011,1
797012,1
797013,1
797014,1
797015,1
797016,1
797017,1
797018,1
797019,1
797020,1
797021,1
797023,1
797024,1
797026,1
797091,1
797092,1
797093,1
797095,1
797096,1
797097,1
797098,1
797099,1
797100,1
797134,1
797136,1
797137,1
797138,1
797141,1
797142,1
797143,1
797144,1
797145,1
797148,1
797150,1
797151,1
797155,1
797159,1
797161,1
797162,1
797165,1
797167,1
797168,1
797170,1
797171,1
797172,1
797173,1
797174,1
797175,1
797183,1
797186,1
797188,1
797189,1
797190,1
797191,1
797192,1
797193,1
797194,1
797195,1
797196,1
797197,1
797198,1
797199,1
797200,1
797201,1
797202,1
797203,1
797204,1
797205,1
797210,1
797212,1
797213,1
797215,1
797216,1
797217,1
797218,1
797220,1
797221,1
797222,1
797223,1
797224,1
797225,1
797226,1
797227,1
797228,1
797229,1
797231,1
797232,1
797233,1
797234,1
797235,1
797236,1
797237,1
797238,1
797239,1
797240,1
797241,1
797242,1
797243,1
797244,1
797245,1
797246,1
797247,1
797249,1
797250,1
797251,1
797252,1
797253,1
797254,1
797255,1
797256,1
797257,1
797258,1
797259,1
797260,1
797261,1
797262,1
797263,1
797264,1
797265,1
797266,1
797267,1
797268,1
797269,1
797270,1
797271,1
797272,1
797273,1
797274,1
797275,1
797276,1
797277,1
797278,1
797279,1
797281,1
797282,1
797283,1
797284,1
797285,1
797286,1
797287,1
797288,1
797289,1
797290,1
797291,1
797292,1
797293,1
797294,1
797295,1
797296,1
797297,1
797298,1
797299,1
797300,1
797302,1
797303,1
797304,1
797305,1
797306,1
797307,1
797308,1
797309,1
797310,1
797311,1
797312,1
797313,1
797314,1
797316,1
797318,1
797319,1
797321,1
797322,1
797323,1
797324,1
797325,1
797326,1
797327,1
797328,1
797329,1
797331,1
797332,1
797333,1
797334,1
797335,1
797336,1
797337,1
797338,1
797339,1
797340,1
797341,1
797342,1
797343,1
797344,1
797345,1
797346,1
797347,1
797348,1
797350,1
797351,1
797353,1
797356,1
797357,1
797358,1
797359,1
797361,1
797362,1
797363,1
797364,1
797365,1
797366,1
797367,1
797368,1
797369,1
797371,1
797372,1
797373,1
797374,1
797375,1
797376,1
797377,1
797378,1
797379,1
797380,1
797381,1
797382,1
797383,1
797384,1
797385,1
797386,1
797387,1
797388,1
797389,1
797390,1
797391,1
797392,1
797393,1
797394,1
797395,1
797396,1
797397,1
797398,1
797399,1
797400,1
797401,1
797402,1
797403,1
797405,1
797406,1
797407,1
797408,1
797409,1
797410,1
797411,1
797412,1
797413,1
797414,1
797415,1
797416,1
797417,1
797418,1
797419,1
797420,1
797421,1
797422,1
797423,1
797425,1
797426,1
797429,1
797430,1
797431,1
797432,1
797433,1
797434,1
797435,1
797436,1
797437,1
797438,1
797439,1
797440,1
797441,1
797442,1
797443,1
797444,1
797445,1
797446,1
797447,1
797448,1
797449,1
797450,1
797451,1
797452,1
797453,1
797454,1
797455,1
797456,1
797457,1
797458,1
797459,1
797460,1
797461,1
797463,1
797464,1
797465,1
797466,1
797467,1
797468,1
797469,1
797470,1
797471,1
797472,1
797473,1
797474,1
797475,1
797476,1
797477,1
797478,1
797479,1
797480,1
797481,1
797482,1
797485,1
797487,1
797488,1
797489,1
797490,1
797491,1
797492,1
797493,1
797495,1
797496,1
797497,1
797498,1
797499,1
797500,1
797501,1
797502,1
797503,1
797504,1
797506,1
797507,1
797510,1
797677,1
797678,1
797679,1
797680,1
797681,1
797682,1
797683,1
797684,1
797685,1
797686,1
797687,1
797688,1
797689,1
797690,1
797691,1
797692,1
797693,1
797694,1
797695,1
797696,1
797697,1
797698,1
797699,1
797700,1
797701,1
797702,1
797703,1
797704,1
797705,1
797706,1
797707,1
797708,1
797709,1
797710,1
797711,1
797712,1
797713,1
797714,1
797715,1
797716,1
797717,1
797718,1
797719,1
797720,1
797721,1
797722,1
797723,1
797724,1
797725,1
797726,1
797727,1
797728,1
797729,1
797730,1
797731,1
797732,1
797733,1
797734,1
797735,1
797736,1
797737,1
797738,1
797739,1
797740,1
797741,1
797742,1
797743,1
797744,1
797745,1
797746,1
797747,1
797748,1
797749,1
797750,1
797751,1
797752,1
797753,1
797754,1
797755,1
797756,1
797757,1
797758,1
797759,1
797760,1
797761,1
797762,1
797763,1
797764,1
797765,1
797766,1
797767,1
797768,1
797769,1
797770,1
797771,1
797772,1
797773,1
797774,1
797775,1
797776,1
797777,1
797778,1
797779,1
797780,1
797781,1
797782,1
797783,1
797784,1
797785,1
797786,1
797787,1
797788,1
797789,1
797790,1
797791,1
797792,1
797793,1
797794,1
797795,1
797796,1
797797,1
797798,1
797799,1
797800,1
797801,1
797802,1
797803,1
797804,1
797805,1
797806,1
797807,1
797808,1
797809,1
797810,1
797811,1
797812,1
797813,1
797814,1
797815,1
797816,1
797817,1
797818,1
797819,1
797820,1
797821,1
797822,1
797823,1
797824,1
797825,1
797826,1
797827,1
797828,1
797829,1
797830,1
797831,1
797832,1
797833,1
797834,1
797835,1
797836,1
797837,1
797838,1
797839,1
797840,1
797841,1
797842,1
797843,1
797844,1
797845,1
797846,1
797847,1
797848,1
797849,1
797850,1
797851,1
797852,1
797853,1
797854,1
797855,1
797856,1
797857,1
797858,1
797859,1
797860,1
797861,1
797862,1
797863,1
797864,1
797865,1
797866,1
797867,1
797868,1
797869,1
797870,1
797871,1
797872,1
797873,1
797874,1
797875,1
797876,1
797877,1
797878,1
797879,1
797880,1
797881,1
797882,1
797883,1
797884,1
797885,1
797886,1
797887,1
797888,1
797889,1
797890,1
797891,1
797892,1
797893,1
797894,1
797895,1
797896,1
797897,1
797898,1
797899,1
797900,1
797901,1
797902,1
797903,1
797904,1
797905,1
797906,1
797907,1
797908,1
797909,1
797910,1
797911,1
797912,1
797913,1
797914,1
797915,1
797916,1
797917,1
797918,1
797919,1
797920,1
797921,1
797922,1
797923,1
797924,1
797925,1
797926,1
797927,1
797928,1
797929,1
797930,1
797931,1
797932,1
797933,1
797934,1
797935,1
797936,1
797937,1
797938,1
797939,1
797940,1
797941,1
797943,1
797944,1
797945,1
797946,1
797947,1
797948,1
797949,1
797950,1
797951,1
797952,1
797953,1
797954,1
797955,1
797956,1
797957,1
797958,1
797959,1
797960,1
797961,1
797962,1
797963,1
797964,1
797965,1
797966,1
797967,1
797968,1
797969,1
797970,1
797971,1
797972,1
797973,1
797974,1
797975,1
797976,1
797977,1
797978,1
797979,1
797980,1
797981,1
797982,1
797983,1
797984,1
797985,1
797986,1
797987,1
797988,1
797989,1
797990,1
797991,1
797992,1
797993,1
797994,1
797995,1
797996,1
797997,1
797998,1
797999,1
798000,1
798001,1
798002,1
798003,1
798004,1
798005,1
798006,1
798007,1
798008,1
798009,1
798010,1
798011,1
798012,1
798013,1
798014,1
798015,1
798016,1
798017,1
798018,1
798019,1
798020,1
798040,1
798041,1
798042,1
798043,1
798044,1
798045,1
798046,1
798047,1
798048,1
798049,1
798050,1
798051,1
798052,1
798053,1
798054,1
798055,1
798056,1
798057,1
798058,1
798059,1
798060,1
798061,1
798062,1
798063,1
798064,1
798065,1
798066,1
798067,1
798068,1
798069,1
798070,1
798071,1
798072,1
798073,1
798074,1
798075,1
798076,1
798077,1
798078,1
798079,1
798080,1
798081,1
798082,1
798083,1
798084,1
798085,1
798086,1
798087,1
798088,1
798089,1
798090,1
798091,1
798092,1
798093,1
798094,1
798095,1
798096,1
798097,1
798098,1
798099,1
798100,1
798101,1
798102,1
798103,1
798104,1
798105,1
798106,1
798107,1
798108,1
798109,1
798110,1
798111,1
798112,1
798113,1
798114,1
798115,1
798116,1
798117,1
798118,1
798119,1
798120,1
798121,1
798122,1
798123,1
798124,1
798125,1
798126,1
798127,1
798128,1
798129,1
798130,1
798131,1
798132,1
798133,1
798134,1
798135,1
798136,1
798137,1
798138,1
798139,1
798140,1
798141,1
798142,1
798143,1
798144,1
798145,1
798146,1
798147,1
798148,1
798149,1
798150,1
798151,1
798152,1
798153,1
798154,1
798155,1
798156,1
798157,1
798158,1
798159,1
798160,1
798161,1
798162,1
798163,1
798164,1
798165,1
798166,1
798167,1
798168,1
798169,1
798170,1
798171,1
798172,1
798173,1
798174,1
798175,1
798176,1
798177,1
798178,1
798179,1
798180,1
798181,1
798182,1
798183,1
798184,1
798185,1
798186,1
798191,1
798192,1
798193,1
798194,1
798195,1
798196,1
798201,1
798202,1
798203,1
798212,1
798213,1
798214,1
798215,1
798216,1
798217,1
798218,1
798219,1
798220,1
798223,1
798224,1
798225,1
798226,1
798227,1
798228,1
798229,1
798230,1
798232,1
798235,1
798237,1
798238,1
798239,1
798240,1
798241,1
798242,1
798243,1
798244,1
798245,1
798248,1
798249,1
798250,1
798254,1
798255,1
798256,1
798258,1
798259,1
798260,1
798263,1
798264,1
798266,1
798267,1
798268,1
798270,1
798272,1
798273,1
798274,1
798275,1
798276,1
798277,1
798278,1
798279,1
798280,1
798281,1
798282,1
798283,1
798284,1
798285,1
798286,1
798287,1
798288,1
798293,1
798297,1
798299,1
798306,1
798307,1
798310,1
798313,1
798320,1
798324,1
798327,1
798328,1
798330,1
798341,1
798345,1
798388,1
798389,1
798390,1
799318,1
799319,1
799320,1
799321,1
799323,1
799339,1
799341,1
799342,1
799343,1
799344,1
799345,1
799349,1
799375,1
799376,1
799393,1
799394,1
799473,1
799475,1
799476,1
799477,1
799481,1
799482,1
799485,1
799487,1
799488,1
799490,1
799491,1
799493,1
799498,1
799499,1
799501,1
799502,1
799504,1
799505,1
799507,1
799508,1
799509,1
799510,1
799511,1
799512,1
799513,1
799514,1
799515,1
799516,1
799517,1
799518,1
799521,1
799522,1
799523,1
799530,1
799531,1
799532,1
799533,1
799534,1
799536,1
799537,1
799541,1
799542,1
799543,1
799545,1
799546,1
799547,1
799548,1
799549,1
799550,1
799551,1
799552,1
799553,1
799554,1
799555,1
799556,1
799557,1
799558,1
799559,1
799560,1
799561,1
799562,1
799563,1
799564,1
799565,1
799566,1
799567,1
799568,1
799569,1
799570,1
799571,1
799572,1
799573,1
799574,1
799575,1
799576,1
799577,1
799578,1
799579,1
799580,1
799581,1
799582,1
799583,1
799584,1
799585,1
799586,1
799587,1
799588,1
799589,1
799590,1
799591,1
799592,1
799593,1
799594,1
799595,1
799596,1
799597,1
799598,1
799599,1
799600,1
799601,1
799602,1
799603,1
799604,1
799605,1
799606,1
799607,1
799608,1
799609,1
799610,1
799611,1
799612,1
799613,1
799614,1
799615,1
799616,1
799617,1
799618,1
799619,1
799620,1
799621,1
799622,1
799623,1
799627,1
799628,1
799629,1
799630,1
799631,1
799632,1
799633,1
799634,1
799635,1
799636,1
799637,1
799638,1
799639,1
799640,1
799641,1
799642,1
799643,1
799644,1
799645,1
799648,1
799649,1
799650,1
799651,1
799652,1
799657,1
799658,1
799661,1
799662,1
799663,1
799664,1
799665,1
799666,1
799667,1
799668,1
799669,1
799670,1
799671,1
799672,1
799673,1
799676,1
799677,1
799678,1
799679,1
799680,1
799681,1
799682,1
799683,1
799684,1
799685,1
799686,1
799687,1
799688,1
799689,1
799690,1
799691,1
799692,1
799693,1
799694,1
799695,1
799696,1
799697,1
799698,1
799699,1
799700,1
799704,1
799705,1
799706,1
799707,1
799708,1
799709,1
799710,1
799712,1
799713,1
799714,1
799715,1
799716,1
799717,1
799718,1
799719,1
799720,1
799721,1
799722,1
799723,1
799724,1
799725,1
799726,1
799727,1
799728,1
799729,1
799730,1
799731,1
799732,1
799733,1
799734,1
799735,1
799736,1
799737,1
799738,1
799739,1
799740,1
799741,1
799742,1
799743,1
799744,1
799750,1
799751,1
799752,1
799753,1
799754,1
799755,1
799756,1
799757,1
799758,1
799759,1
799760,1
799761,1
799762,1
799763,1
799764,1
799765,1
799766,1
799767,1
799768,1
799769,1
799770,1
799771,1
799772,1
799773,1
799774,1
799775,1
799776,1
799777,1
799778,1
799779,1
799780,1
799781,1
799782,1
799783,1
799784,1
799785,1
799786,1
799787,1
799788,1
799790,1
799791,1
799792,1
799793,1
799794,1
799795,1
799796,1
799797,1
799798,1
799799,1
799800,1
799801,1
799802,1
799803,1
799804,1
799805,1
799806,1
799807,1
799808,1
799809,1
799810,1
799811,1
799812,1
799813,1
799814,1
799815,1
799816,1
799817,1
799818,1
799819,1
799820,1
799821,1
799822,1
799823,1
799824,1
799825,1
799826,1
799827,1
799828,1
799829,1
799830,1
799831,1
799832,1
799833,1
799834,1
799835,1
799836,1
799837,1
799838,1
799839,1
799840,1
799841,1
799842,1
799843,1
799844,1
799846,1
799847,1
799849,1
799851,1
799852,1
799853,1
799854,1
799855,1
799856,1
799857,1
799858,1
799859,1
799860,1
799861,1
799862,1
799863,1
799864,1
799865,1
799866,1
799867,1
799868,1
799870,1
799871,1
799872,1
799873,1
799874,1
799875,1
799876,1
799877,1
799878,1
799879,1
799880,1
799881,1
799890,1
799892,1
799894,1
799900,1
799902,1
799905,1
799906,1
799908,1
799912,1
799917,1
799923,1
799924,1
799928,1
799931,1
799936,1
799943,1
799945,1
799951,1
799952,1
799956,1
799958,1
799962,1
799966,1
799968,1
799976,1
799979,1
799980,1
799983,1
799989,1
799996,1
800002,1
800006,1
800010,1
800014,1
800022,1
800025,1
800026,1
800030,1
800031,1
800032,1
800033,1
800074,1
800083,1
800088,1
800092,1
800095,1
800096,1
800097,1
800098,1
800099,1
800100,1
800101,1
800102,1
800103,1
800104,1
800105,1
800106,1
800107,1
800108,1
800109,1
800110,1
800111,1
800112,1
800113,1
800114,1
800115,1
800117,1
800118,1
800119,1
800120,1
800121,1
800122,1
800123,1
800124,1
800125,1
800126,1
800127,1
800128,1
800129,1
800130,1
800131,1
800132,1
800133,1
800134,1
800135,1
800136,1
800137,1
800138,1
800139,1
800140,1
800141,1
800142,1
800143,1
800144,1
800145,1
800146,1
800147,1
800148,1
800149,1
800150,1
800151,1
800152,1
800153,1
800154,1
800155,1
800156,1
800157,1
800158,1
800159,1
800160,1
800161,1
800162,1
800163,1
800164,1
800165,1
800166,1
800167,1
800168,1
800169,1
800170,1
800171,1
800172,1
800173,1
800174,1
800175,1
800176,1
800177,1
800178,1
800179,1
800180,1
800181,1
800182,1
800183,1
800184,1
800185,1
800186,1
800187,1
800188,1
800189,1
800190,1
800191,1
800192,1
800193,1
800194,1
800195,1
800196,1
800197,1
800198,1
800199,1
800200,1
800201,1
800202,1
800203,1
800204,1
800205,1
800206,1
800207,1
800208,1
800209,1
800210,1
800211,1
800212,1
800213,1
800214,1
800215,1
800216,1
800217,1
800218,1
800219,1
800220,1
800221,1
800222,1
800223,1
800224,1
800225,1
800226,1
800227,1
800228,1
800229,1
800230,1
800231,1
800232,1
800233,1
800234,1
800235,1
800236,1
800237,1
800238,1
800239,1
800240,1
800241,1
800242,1
800243,1
800244,1
800245,1
800246,1
800247,1
800248,1
800249,1
800250,1
800251,1
800252,1
800253,1
800254,1
800255,1
800256,1
800257,1
800258,1
800259,1
800260,1
800261,1
800262,1
800263,1
800264,1
800265,1
800266,1
800267,1
800268,1
800269,1
800270,1
800271,1
800272,1
800273,1
800274,1
800275,1
800276,1
800277,1
800278,1
800279,1
800280,1
800281,1
800282,1
800283,1
800284,1
800285,1
800286,1
800287,1
800288,1
800289,1
800290,1
800291,1
800292,1
800293,1
800294,1
800295,1
800296,1
800297,1
800298,1
800299,1
800300,1
800301,1
800302,1
800303,1
800304,1
800305,1
800306,1
800307,1
800308,1
800309,1
800310,1
800311,1
800312,1
800313,1
800314,1
800315,1
800316,1
800317,1
800318,1
800319,1
800320,1
800321,1
800322,1
800323,1
800324,1
800325,1
800326,1
800327,1
800328,1
800329,1
800330,1
800331,1
800332,1
800333,1
800334,1
800335,1
800336,1
800337,1
800338,1
800339,1
800340,1
800341,1
800342,1
800343,1
800344,1
800346,1
800347,1
800348,1
800349,1
800350,1
800351,1
800352,1
800353,1
800354,1
800355,1
800356,1
800357,1
800358,1
800359,1
800360,1
800361,1
800362,1
800363,1
800364,1
800365,1
800366,1
800367,1
800368,1
800369,1
800370,1
800371,1
800372,1
800373,1
800374,1
800375,1
800376,1
800377,1
800378,1
800379,1
800380,1
800381,1
800382,1
800383,1
800384,1
800385,1
800386,1
800387,1
800388,1
800389,1
800390,1
800391,1
800392,1
800393,1
800394,1
800395,1
800396,1
800397,1
800398,1
800399,1
800400,1
800401,1
800402,1
800403,1
800404,1
800405,1
800406,1
800407,1
800408,1
800409,1
800410,1
800411,1
800412,1
800413,1
800414,1
800415,1
800416,1
800417,1
800418,1
800419,1
800420,1
800421,1
800422,1
800423,1
800424,1
800425,1
800426,1
800427,1
800428,1
800429,1
800430,1
800431,1
800432,1
800433,1
800434,1
800435,1
800436,1
800437,1
800438,1
800439,1
800440,1
800441,1
800442,1
800443,1
800444,1
800445,1
800446,1
800447,1
800448,1
800449,1
800450,1
800451,1
800452,1
800453,1
800454,1
800455,1
800456,1
800457,1
800458,1
800459,1
800460,1
800461,1
800462,1
800463,1
800464,1
800465,1
800471,1
800472,1
800475,1
800476,1
800477,1
800478,1
800479,1
800480,1
800481,1
800482,1
800483,1
800484,1
800485,1
800486,1
800487,1
800488,1
800489,1
800490,1
800491,1
800492,1
800493,1
800494,1
800495,1
800496,1
800497,1
800498,1
800503,1
800504,1
800506,1
800537,1
800615,1
800623,1
800624,1
800625,1
800626,1
800627,1
800628,1
800629,1
800630,1
800631,1
800632,1
800633,1
800634,1
800635,1
800636,1
800637,1
800638,1
800639,1
800641,1
800643,1
800644,1
800645,1
800647,1
800649,1
800651,1
800686,1
800687,1
800688,1
800689,1
800690,1
800692,1
800693,1
800695,1
800696,1
800697,1
800698,1
800699,1
800700,1
800701,1
800703,1
800704,1
800705,1
800706,1
800707,1
800708,1
800709,1
800710,1
800711,1
800712,1
800713,1
800714,1
800715,1
800716,1
800717,1
800718,1
800719,1
800720,1
800721,1
800722,1
800723,1
800724,1
800725,1
800726,1
800728,1
800729,1
800730,1
800731,1
800732,1
800734,1
800735,1
800736,1
800737,1
800739,1
800740,1
800741,1
800742,1
800743,1
800744,1
800745,1
800747,1
800748,1
800749,1
800750,1
800751,1
800752,1
800753,1
800754,1
800755,1
800756,1
800757,1
800758,1
800760,1
800761,1
800762,1
800763,1
800764,1
800765,1
800767,1
800768,1
800769,1
800770,1
800771,1
800772,1
800773,1
800774,1
800775,1
800777,1
800778,1
800779,1
800780,1
800781,1
800782,1
800783,1
800784,1
800786,1
800787,1
800788,1
800789,1
800790,1
800791,1
800792,1
800793,1
800794,1
800795,1
800796,1
800797,1
800798,1
800799,1
800800,1
800801,1
800802,1
800803,1
800804,1
800805,1
800806,1
800807,1
800808,1
800809,1
800810,1
800811,1
800812,1
800813,1
800814,1
800815,1
800829,1
800830,1
800832,1
800833,1
800834,1
800835,1
800836,1
800837,1
800838,1
800839,1
800840,1
800841,1
800842,1
800843,1
800844,1
800845,1
800846,1
800849,1
800851,1
800852,1
800853,1
800854,1
800855,1
800856,1
800860,1
800861,1
800862,1
800864,1
800865,1
800866,1
800867,1
800887,1
800888,1
800889,1
800890,1
800891,1
800892,1
800956,1
800957,1
800958,1
800959,1
800960,1
800961,1
800962,1
800963,1
800964,1
800965,1
800966,1
800968,1
800969,1
800971,1
800972,1
800973,1
800974,1
800976,1
800977,1
800978,1
800979,1
800980,1
800981,1
800982,1
800983,1
800984,1
800985,1
800986,1
800987,1
800988,1
800989,1
800990,1
800991,1
800992,1
800993,1
800994,1
800995,1
800996,1
800997,1
800998,1
800999,1
801000,1
801001,1
801002,1
801003,1
801004,1
801005,1
801006,1
801007,1
801008,1
801009,1
801011,1
801012,1
801013,1
801014,1
801015,1
801016,1
801017,1
801018,1
801019,1
801021,1
801022,1
801023,1
801024,1
801025,1
801026,1
801027,1
801028,1
801029,1
801030,1
801031,1
801032,1
801033,1
801034,1
801035,1
801036,1
801037,1
801038,1
801039,1
801040,1
801041,1
801042,1
801043,1
801044,1
801045,1
801046,1
801047,1
801048,1
801049,1
801050,1
801051,1
801052,1
801053,1
801054,1
801055,1
801056,1
801057,1
801058,1
801059,1
801060,1
801061,1
801062,1
801063,1
801064,1
801065,1
801066,1
801067,1
801068,1
801069,1
801070,1
801071,1
801072,1
801073,1
801074,1
801075,1
801076,1
801077,1
801078,1
801079,1
801080,1
801081,1
801082,1
801085,1
801088,1
801089,1
801102,1
801103,1
801104,1
801105,1
801107,1
801112,1
801113,1
801114,1
801115,1
801116,1
801117,1
801118,1
801119,1
801133,1
801136,1
801139,1
801141,1
801142,1
801143,1
801144,1
801145,1
801146,1
801147,1
801148,1
801149,1
801150,1
801151,1
801152,1
801153,1
801154,1
801156,1
801157,1
801158,1
801159,1
801161,1
801162,1
801163,1
801164,1
801165,1
801166,1
801167,1
801168,1
801169,1
801170,1
801171,1
801172,1
801173,1
801174,1
801178,1
801179,1
801180,1
801181,1
801182,1
801183,1
801184,1
801185,1
801187,1
801188,1
801191,1
801192,1
801193,1
801194,1
801195,1
801197,1
801199,1
801201,1
801241,1
801257,1
801269,1
801272,1
801277,1
801286,1
801314,1
801329,1
801335,1
801348,1
801352,1
801358,1
801362,1
801379,1
801382,1
801386,1
801396,1
801399,1
801401,1
801405,1
801407,1
801408,1
801411,1
801417,1
801418,1
801435,1
801476,1
801479,1
801480,1
801482,1
801485,1
801489,1
801501,1
801503,1
801511,1
801520,1
801529,1
801537,1
801538,1
801539,1
801540,1
801541,1
801545,1
801546,1
801563,1
801564,1
801566,1
801567,1
801581,1
801592,1
801594,1
801602,1
