parcel_id,building_type_id,year_built,building_sqft,residential_units,job_spaces,county_id,DEVTYPE,note,unit_price_non_residential,res_price_per_sqft,residential_price,non_residential_price,stories,non_residential_sqft
2237,6,2024,15000,0,0,57,develop,assessor or aerials,0,0,0,0,1,15000
2238,6,2024,15000,0,0,57,develop,assessor or aerials,0,0,0,0,1,15000
2239,6,2024,15000,0,0,57,develop,assessor or aerials,0,0,0,0,1,15000
2240,6,2024,15000,0,0,57,develop,assessor or aerials,0,0,0,0,1,15000
2241,6,2024,15000,0,0,57,develop,assessor or aerials,0,0,0,0,1,15000
2509,1,2026,89890,17,0,35,develop,assessor or aerials,0,0,0,0,1,0
2510,1,2025,89891,22,0,35,develop,assessor or aerials,0,0,0,0,1,0
2511,1,2026,89891,6,0,35,develop,assessor or aerials,0,0,0,0,1,0
2520,1,2028,133408,30,0,35,develop,assessor or aerials,0,0,0,0,1,0
2521,1,2026,133408,23,0,35,develop,assessor or aerials,0,0,0,0,1,0
2522,2,2027,83670,115,0,35,develop,assessor or aerials,0,0,0,0,1,0
2523,2,2027,83670,80,0,35,develop,assessor or aerials,0,0,0,0,1,0
3086,1,2025,3805,1,0,57,develop,assessor or aerials,0,0,0,0,1,0
3087,1,2025,30967,4,0,57,develop,assessor or aerials,0,0,0,0,1,0
3088,1,2025,30967,4,0,57,develop,assessor or aerials,0,0,0,0,1,0
13716,2,2026,76591,34,0,11,develop,assessor or aerials,0,0,0,0,1,0
14009,1,2027,32202,14,0,11,develop,assessor or aerials,0,0,0,0,1,0
14592,8,2025,9122,0,0,57,develop,assessor or aerials,0,0,0,0,1,9122
14682,1,2027,3920,15,0,57,develop,assessor or aerials,0,0,0,0,1,0
20680,1,2024,2448,0,0,57,develop,assessor or aerials,0,0,0,0,1,0
20893,1,2024,1900,1,0,57,develop,assessor or aerials,0,0,0,0,1,0
21005,2,2024,86542,84,0,57,develop,assessor or aerials,0,0,0,0,1,0
21118,1,2024,1120,1,0,57,develop,assessor or aerials,0,0,0,0,1,0
21282,1,2024,1668,1,0,57,develop,assessor or aerials,0,0,0,0,1,0
21379,1,2024,4062,2,0,57,develop,assessor or aerials,0,0,0,0,1,0
21380,1,2024,2206,1,0,57,develop,assessor or aerials,0,0,0,0,1,0
21421,5,2026,2460,0,0,57,develop,assessor or aerials,0,0,0,0,1,2460
21497,2,2025,20220,11,0,57,develop,assessor or aerials,0,0,0,0,1,0
21498,2,2025,16380,7,0,57,develop,assessor or aerials,0,0,0,0,1,0
21512,1,2024,3867,1,0,57,develop,assessor or aerials,0,0,0,0,1,0
21609,1,2025,2665,1,0,57,develop,assessor or aerials,0,0,0,0,1,0
21870,1,2024,7456,1,0,57,develop,assessor or aerials,0,0,0,0,1,0
21896,1,2025,1500,1,0,57,develop,assessor or aerials,0,0,0,0,1,0
21919,1,2024,2892,1,0,57,develop,assessor or aerials,0,0,0,0,1,0
21926,1,2024,3028,1,0,57,develop,assessor or aerials,0,0,0,0,1,0
21937,1,2024,1444,1,0,57,develop,assessor or aerials,0,0,0,0,1,0
21988,1,2024,5040,1,0,57,develop,assessor or aerials,0,0,0,0,1,0
22037,2,2026,48,36,0,57,develop,assessor or aerials,0,0,0,0,1,0
22296,1,2024,2391,1,0,57,develop,assessor or aerials,0,0,0,0,1,0
22743,1,2024,2607,1,0,57,develop,assessor or aerials,0,0,0,0,1,0
22905,2,2024,63413,30,0,57,develop,assessor or aerials,0,0,0,0,1,0
23045,1,2024,1658,1,0,57,develop,assessor or aerials,0,0,0,0,1,0
23149,1,2024,1296,1,0,57,develop,assessor or aerials,0,0,0,0,1,0
23196,1,2024,2288,1,0,57,develop,assessor or aerials,0,0,0,0,1,0
23381,1,2027,8243,0,0,57,develop,assessor or aerials,0,0,0,0,1,0
23383,1,2027,19564,7,0,57,develop,assessor or aerials,0,0,0,0,1,0
23472,1,2024,2933,1,0,57,develop,assessor or aerials,0,0,0,0,1,0
23662,1,2027,9243,16,0,57,develop,assessor or aerials,0,0,0,0,1,0
23744,1,2028,331646,144,0,57,develop,assessor or aerials,0,0,0,0,1,0
24076,1,2024,2098,1,0,57,develop,assessor or aerials,0,0,0,0,1,0
24129,1,2024,4425,1,0,57,develop,assessor or aerials,0,0,0,0,1,0
24131,1,2024,2773,1,0,57,develop,assessor or aerials,0,0,0,0,1,0
24152,1,2024,3342,1,0,57,develop,assessor or aerials,0,0,0,0,1,0
24178,1,2024,4428,1,0,57,develop,assessor or aerials,0,0,0,0,1,0
24196,1,2024,1785,1,0,57,develop,assessor or aerials,0,0,0,0,1,0
24539,1,2024,1824,1,0,57,develop,assessor or aerials,0,0,0,0,1,0
24622,1,2024,1554,1,0,57,develop,assessor or aerials,0,0,0,0,1,0
24813,4,2025,5151,0,0,57,develop,assessor or aerials,0,0,0,0,1,5151
24861,1,2025,9865,1,0,57,develop,assessor or aerials,0,0,0,0,1,0
25224,1,2024,3637,1,0,57,develop,assessor or aerials,0,0,0,0,1,0
32045,6,2025,132190,0,0,35,develop,assessor or aerials,0,0,0,0,1,132190
38667,3,2025,321600,0,0,35,develop,assessor or aerials,0,0,0,0,1,321600
43865,3,2025,1135901,0,0,35,develop,assessor or aerials,0,0,0,0,1,1135901
50634,2,2025,20653,24,0,35,develop,assessor or aerials,0,0,0,0,1,0
56548,2,2025,6570,3,0,35,develop,assessor or aerials,0,0,0,0,1,0
58505,5,2025,56144,0,0,35,develop,assessor or aerials,0,0,0,0,1,56144
59090,4,2025,6509,0,0,35,develop,assessor or aerials,0,0,0,0,1,6509
59091,4,2025,5400,0,0,35,develop,assessor or aerials,0,0,0,0,1,5400
59092,4,2025,7000,0,0,35,develop,assessor or aerials,0,0,0,0,1,7000
59104,4,2025,7533,0,0,35,develop,assessor or aerials,0,0,0,0,1,7533
59105,4,2025,22524,0,0,35,develop,assessor or aerials,0,0,0,0,1,22524
59291,1,2024,2128,1,0,57,develop,assessor or aerials,0,0,0,0,1,0
59619,2,2024,101991,139,0,35,develop,assessor or aerials,0,0,0,0,1,0
60122,6,2025,74412,0,0,11,develop,assessor or aerials,0,0,0,0,1,74412
60123,1,2027,36082,18,0,11,develop,assessor or aerials,0,0,0,0,1,0
60316,1,2025,34267,27,0,11,develop,assessor or aerials,0,0,0,0,1,0
61112,4,2025,70000,0,0,11,develop,assessor or aerials,0,0,0,0,1,70000
61650,1,2024,36304,19,0,57,develop,assessor or aerials,0,0,0,0,1,0
61651,1,2028,35196,25,0,57,develop,assessor or aerials,0,0,0,0,1,0
61652,1,2027,160,27,0,57,develop,assessor or aerials,0,0,0,0,1,0
61689,1,2024,1890,0,0,57,develop,assessor or aerials,0,0,0,0,1,0
61691,1,2024,2551,0,0,57,develop,assessor or aerials,0,0,0,0,1,0
61693,6,2024,300000,0,0,57,develop,assessor or aerials,0,0,0,0,1,300000
62240,2,2025,69048,69,0,57,develop,assessor or aerials,0,0,0,0,1,0
63323,1,2024,22088,9,0,57,develop,assessor or aerials,0,0,0,0,1,0
63324,1,2025,15184,11,0,57,develop,assessor or aerials,0,0,0,0,1,0
63325,1,2024,15968,12,0,57,develop,assessor or aerials,0,0,0,0,1,0
63931,1,2027,53739,22,0,57,develop,assessor or aerials,0,0,0,0,1,0
63964,1,2025,49704,6,0,57,develop,assessor or aerials,0,0,0,0,1,0
64015,1,2026,6613,3,0,57,develop,assessor or aerials,0,0,0,0,1,0
64078,1,2025,22794,15,0,57,develop,assessor or aerials,0,0,0,0,1,0
64079,1,2027,47389,16,0,57,develop,assessor or aerials,0,0,0,0,1,0
64080,1,2025,26142,19,0,57,develop,assessor or aerials,0,0,0,0,1,0
64082,1,2028,1838,15,0,57,develop,assessor or aerials,0,0,0,0,1,0
64096,1,2027,43728,16,0,57,develop,assessor or aerials,0,0,0,0,1,0
64097,1,2027,43728,16,0,57,develop,assessor or aerials,0,0,0,0,1,0
64182,6,2025,15000,0,0,57,develop,assessor or aerials,0,0,0,0,1,15000
64184,1,2027,3320,15,0,57,develop,assessor or aerials,0,0,0,0,1,0
64185,1,2026,52728,15,0,57,develop,assessor or aerials,0,0,0,0,1,0
64457,1,2025,3777,10,0,57,develop,assessor or aerials,0,0,0,0,1,0
64458,1,2025,33712,5,0,57,develop,assessor or aerials,0,0,0,0,1,0
64459,1,2026,33712,8,0,57,develop,assessor or aerials,0,0,0,0,1,0
64460,1,2027,33712,5,0,57,develop,assessor or aerials,0,0,0,0,1,0
64488,1,2024,5111,7,0,57,develop,assessor or aerials,0,0,0,0,1,0
64489,1,2024,7193,9,0,57,develop,assessor or aerials,0,0,0,0,1,0
64490,1,2024,2387,2,0,57,develop,assessor or aerials,0,0,0,0,1,0
64491,1,2025,28841,30,0,57,develop,assessor or aerials,0,0,0,0,1,0
64492,2,2026,27885,32,0,57,develop,assessor or aerials,0,0,0,0,1,0
64495,2,2025,27885,12,0,57,develop,assessor or aerials,0,0,0,0,1,0
67444,4,2025,56658,0,0,35,develop,assessor or aerials,0,0,0,0,1,56658
67876,1,2025,29338,2,0,57,develop,assessor or aerials,0,0,0,0,1,0
68204,1,2025,89726,26,0,35,develop,assessor or aerials,0,0,0,0,1,0
68205,1,2025,89726,27,0,35,develop,assessor or aerials,0,0,0,0,1,0
69058,4,2025,109000,0,0,35,develop,assessor or aerials,0,0,0,0,1,109000
90090,1,2024,4260,1,0,57,develop,assessor or aerials,0,0,0,0,1,0
119454,1,2024,1440,1,0,57,develop,assessor or aerials,0,0,0,0,1,0
148735,2,2025,27200,22,0,35,develop,assessor or aerials,0,0,0,0,1,0
241601,1,2024,1378,1,0,57,develop,assessor or aerials,0,0,0,0,1,0
448622,2,2024,840,14,0,35,develop,assessor or aerials,0,0,0,0,1,0
469732,2,2024,5916,19,0,11,develop,assessor or aerials,0,0,0,0,1,0
469735,2,2024,5928,13,0,11,develop,assessor or aerials,0,0,0,0,1,0
469740,2,2024,10367,8,0,11,develop,assessor or aerials,0,0,0,0,1,0
469755,1,2024,14489,1,0,35,develop,assessor or aerials,0,0,0,0,1,0
469758,1,2024,11234,1,0,35,develop,assessor or aerials,0,0,0,0,1,0
469864,2,2024,159362,180,0,57,develop,assessor or aerials,0,0,0,0,1,0
470883,1,2024,3419,1,0,57,develop,assessor or aerials,0,0,0,0,1,0
471117,1,2024,1537,1,0,57,develop,assessor or aerials,0,0,0,0,1,0
471118,1,2024,1898,1,0,57,develop,assessor or aerials,0,0,0,0,1,0
471120,1,2024,2238,1,0,57,develop,assessor or aerials,0,0,0,0,1,0
471121,1,2024,2325,1,0,57,develop,assessor or aerials,0,0,0,0,1,0
471126,1,2024,2206,1,0,57,develop,assessor or aerials,0,0,0,0,1,0
471129,1,2024,2206,1,0,57,develop,assessor or aerials,0,0,0,0,1,0
471130,1,2024,2260,1,0,57,develop,assessor or aerials,0,0,0,0,1,0
471131,1,2024,2260,1,0,57,develop,assessor or aerials,0,0,0,0,1,0
471132,1,2024,2206,1,0,57,develop,assessor or aerials,0,0,0,0,1,0
471133,1,2024,2334,1,0,57,develop,assessor or aerials,0,0,0,0,1,0
471134,1,2024,2210,1,0,57,develop,assessor or aerials,0,0,0,0,1,0
471135,1,2024,1626,1,0,57,develop,assessor or aerials,0,0,0,0,1,0
471136,1,2024,2260,1,0,57,develop,assessor or aerials,0,0,0,0,1,0
471137,1,2024,1626,1,0,57,develop,assessor or aerials,0,0,0,0,1,0
471138,1,2024,1940,1,0,57,develop,assessor or aerials,0,0,0,0,1,0
471139,1,2024,2206,1,0,57,develop,assessor or aerials,0,0,0,0,1,0
471140,1,2024,2566,1,0,57,develop,assessor or aerials,0,0,0,0,1,0
471141,1,2024,2260,1,0,57,develop,assessor or aerials,0,0,0,0,1,0
471142,1,2024,1626,1,0,57,develop,assessor or aerials,0,0,0,0,1,0
471143,1,2024,2210,1,0,57,develop,assessor or aerials,0,0,0,0,1,0
471144,1,2024,2232,1,0,57,develop,assessor or aerials,0,0,0,0,1,0
471146,1,2024,2232,1,0,57,develop,assessor or aerials,0,0,0,0,1,0
471147,1,2024,1537,1,0,57,develop,assessor or aerials,0,0,0,0,1,0
471148,1,2024,2253,1,0,57,develop,assessor or aerials,0,0,0,0,1,0
471149,1,2024,1537,1,0,57,develop,assessor or aerials,0,0,0,0,1,0
471189,1,2024,1876,1,0,57,develop,assessor or aerials,0,0,0,0,1,0
471190,1,2024,1867,1,0,57,develop,assessor or aerials,0,0,0,0,1,0
471192,1,2024,2205,1,0,57,develop,assessor or aerials,0,0,0,0,1,0
471193,1,2024,1696,1,0,57,develop,assessor or aerials,0,0,0,0,1,0
471195,1,2024,2558,1,0,57,develop,assessor or aerials,0,0,0,0,1,0
471196,1,2024,2798,1,0,57,develop,assessor or aerials,0,0,0,0,1,0
471197,1,2024,1916,1,0,57,develop,assessor or aerials,0,0,0,0,1,0
471199,1,2024,1896,1,0,57,develop,assessor or aerials,0,0,0,0,1,0
471201,1,2024,2611,1,0,57,develop,assessor or aerials,0,0,0,0,1,0
471202,1,2024,2082,1,0,57,develop,assessor or aerials,0,0,0,0,1,0
471203,1,2024,3767,1,0,57,develop,assessor or aerials,0,0,0,0,1,0
471204,1,2024,2910,1,0,57,develop,assessor or aerials,0,0,0,0,1,0
471205,1,2024,1657,1,0,57,develop,assessor or aerials,0,0,0,0,1,0
471206,1,2024,1727,1,0,57,develop,assessor or aerials,0,0,0,0,1,0
471207,1,2024,2894,1,0,57,develop,assessor or aerials,0,0,0,0,1,0
471209,1,2024,3188,1,0,57,develop,assessor or aerials,0,0,0,0,1,0
471211,1,2024,3442,1,0,57,develop,assessor or aerials,0,0,0,0,1,0
471212,1,2024,3546,1,0,57,develop,assessor or aerials,0,0,0,0,1,0
471215,1,2024,2108,1,0,57,develop,assessor or aerials,0,0,0,0,1,0
471217,1,2024,3398,1,0,57,develop,assessor or aerials,0,0,0,0,1,0
471218,1,2024,2669,1,0,57,develop,assessor or aerials,0,0,0,0,1,0
471219,1,2024,2963,1,0,57,develop,assessor or aerials,0,0,0,0,1,0
471226,1,2024,2910,1,0,57,develop,assessor or aerials,0,0,0,0,1,0
471266,1,2024,3652,1,0,57,develop,assessor or aerials,0,0,0,0,1,0
471267,1,2024,1903,1,0,57,develop,assessor or aerials,0,0,0,0,1,0
471268,1,2024,3004,1,0,57,develop,assessor or aerials,0,0,0,0,1,0
471269,1,2024,2322,1,0,57,develop,assessor or aerials,0,0,0,0,1,0
471271,1,2024,3214,1,0,57,develop,assessor or aerials,0,0,0,0,1,0
471308,1,2024,1727,1,0,57,develop,assessor or aerials,0,0,0,0,1,0
471313,1,2024,2896,1,0,57,develop,assessor or aerials,0,0,0,0,1,0
471314,1,2024,2935,1,0,57,develop,assessor or aerials,0,0,0,0,1,0
471318,1,2024,1681,1,0,57,develop,assessor or aerials,0,0,0,0,1,0
471320,1,2024,3388,1,0,57,develop,assessor or aerials,0,0,0,0,1,0
471321,1,2024,5795,1,0,57,develop,assessor or aerials,0,0,0,0,1,0
471322,1,2024,1525,1,0,57,develop,assessor or aerials,0,0,0,0,1,0
471323,1,2024,4010,1,0,57,develop,assessor or aerials,0,0,0,0,1,0
471324,1,2024,1738,1,0,57,develop,assessor or aerials,0,0,0,0,1,0
471326,1,2024,2820,1,0,57,develop,assessor or aerials,0,0,0,0,1,0
471328,1,2024,1573,1,0,57,develop,assessor or aerials,0,0,0,0,1,0
471329,1,2024,1607,1,0,57,develop,assessor or aerials,0,0,0,0,1,0
471330,1,2024,1828,1,0,57,develop,assessor or aerials,0,0,0,0,1,0
471331,1,2024,1733,1,0,57,develop,assessor or aerials,0,0,0,0,1,0
471333,1,2024,1776,1,0,57,develop,assessor or aerials,0,0,0,0,1,0
471334,1,2024,3634,1,0,57,develop,assessor or aerials,0,0,0,0,1,0
471335,1,2024,2214,1,0,57,develop,assessor or aerials,0,0,0,0,1,0
471344,1,2024,2037,1,0,57,develop,assessor or aerials,0,0,0,0,1,0
471345,1,2024,2015,1,0,57,develop,assessor or aerials,0,0,0,0,1,0
471353,1,2024,1609,1,0,57,develop,assessor or aerials,0,0,0,0,1,0
471354,1,2024,3027,1,0,57,develop,assessor or aerials,0,0,0,0,1,0
471360,1,2024,400,1,0,57,develop,assessor or aerials,0,0,0,0,1,0
471389,1,2024,2240,1,0,57,develop,assessor or aerials,0,0,0,0,1,0
471467,1,2024,4277,1,0,57,develop,assessor or aerials,0,0,0,0,1,0
471503,1,2024,2219,1,0,57,develop,assessor or aerials,0,0,0,0,1,0
471504,1,2024,3123,1,0,57,develop,assessor or aerials,0,0,0,0,1,0
471505,1,2024,2595,1,0,57,develop,assessor or aerials,0,0,0,0,1,0
471510,1,2024,1702,1,0,57,develop,assessor or aerials,0,0,0,0,1,0
471512,1,2024,2558,1,0,57,develop,assessor or aerials,0,0,0,0,1,0
471513,1,2024,1730,1,0,57,develop,assessor or aerials,0,0,0,0,1,0
471516,1,2024,1614,1,0,57,develop,assessor or aerials,0,0,0,0,1,0
471560,1,2024,2858,1,0,57,develop,assessor or aerials,0,0,0,0,1,0
471561,1,2024,1813,1,0,57,develop,assessor or aerials,0,0,0,0,1,0
471564,1,2024,1790,1,0,57,develop,assessor or aerials,0,0,0,0,1,0
471566,1,2024,2548,1,0,57,develop,assessor or aerials,0,0,0,0,1,0
471567,1,2024,2889,1,0,57,develop,assessor or aerials,0,0,0,0,1,0
471630,1,2024,1550,1,0,57,develop,assessor or aerials,0,0,0,0,1,0
471632,1,2024,1993,1,0,57,develop,assessor or aerials,0,0,0,0,1,0
471634,1,2024,1685,1,0,57,develop,assessor or aerials,0,0,0,0,1,0
471635,1,2024,1668,1,0,57,develop,assessor or aerials,0,0,0,0,1,0
471636,1,2024,3527,1,0,57,develop,assessor or aerials,0,0,0,0,1,0
471638,1,2024,1542,1,0,57,develop,assessor or aerials,0,0,0,0,1,0
471639,1,2024,1562,1,0,57,develop,assessor or aerials,0,0,0,0,1,0
471640,1,2024,2644,1,0,57,develop,assessor or aerials,0,0,0,0,1,0
471642,1,2024,1956,1,0,57,develop,assessor or aerials,0,0,0,0,1,0
471643,1,2024,1582,1,0,57,develop,assessor or aerials,0,0,0,0,1,0
471644,1,2024,1504,1,0,57,develop,assessor or aerials,0,0,0,0,1,0
471645,1,2024,2237,1,0,57,develop,assessor or aerials,0,0,0,0,1,0
471646,1,2024,4217,1,0,57,develop,assessor or aerials,0,0,0,0,1,0
471648,1,2024,2036,1,0,57,develop,assessor or aerials,0,0,0,0,1,0
471649,1,2024,2271,1,0,57,develop,assessor or aerials,0,0,0,0,1,0
471650,1,2024,1358,1,0,57,develop,assessor or aerials,0,0,0,0,1,0
471651,1,2024,1492,1,0,57,develop,assessor or aerials,0,0,0,0,1,0
471682,1,2024,1712,1,0,57,develop,assessor or aerials,0,0,0,0,1,0
471717,1,2024,2997,1,0,57,develop,assessor or aerials,0,0,0,0,1,0
471760,1,2024,2084,1,0,57,develop,assessor or aerials,0,0,0,0,1,0
471761,1,2024,3310,1,0,57,develop,assessor or aerials,0,0,0,0,1,0
471762,1,2024,2363,1,0,57,develop,assessor or aerials,0,0,0,0,1,0
471763,1,2024,2000,1,0,57,develop,assessor or aerials,0,0,0,0,1,0
471764,1,2024,3478,1,0,57,develop,assessor or aerials,0,0,0,0,1,0
471765,1,2024,2339,1,0,57,develop,assessor or aerials,0,0,0,0,1,0
471766,1,2024,1991,1,0,57,develop,assessor or aerials,0,0,0,0,1,0
471767,1,2024,2084,1,0,57,develop,assessor or aerials,0,0,0,0,1,0
471768,1,2024,3310,1,0,57,develop,assessor or aerials,0,0,0,0,1,0
471769,1,2024,3244,1,0,57,develop,assessor or aerials,0,0,0,0,1,0
471770,1,2024,2311,1,0,57,develop,assessor or aerials,0,0,0,0,1,0
471772,1,2024,2432,1,0,57,develop,assessor or aerials,0,0,0,0,1,0
471773,1,2024,2704,1,0,57,develop,assessor or aerials,0,0,0,0,1,0
471774,1,2024,1710,1,0,57,develop,assessor or aerials,0,0,0,0,1,0
471776,1,2024,2393,1,0,57,develop,assessor or aerials,0,0,0,0,1,0
471777,1,2024,3244,1,0,57,develop,assessor or aerials,0,0,0,0,1,0
471778,1,2024,1953,1,0,57,develop,assessor or aerials,0,0,0,0,1,0
471779,1,2024,2393,1,0,57,develop,assessor or aerials,0,0,0,0,1,0
471780,1,2024,2363,1,0,57,develop,assessor or aerials,0,0,0,0,1,0
471781,1,2024,2030,1,0,57,develop,assessor or aerials,0,0,0,0,1,0
471782,1,2024,1730,1,0,57,develop,assessor or aerials,0,0,0,0,1,0
471794,1,2024,1650,1,0,57,develop,assessor or aerials,0,0,0,0,1,0
471797,1,2024,2008,1,0,57,develop,assessor or aerials,0,0,0,0,1,0
471798,1,2024,1704,1,0,57,develop,assessor or aerials,0,0,0,0,1,0
471799,1,2024,1912,1,0,57,develop,assessor or aerials,0,0,0,0,1,0
471800,1,2024,1707,1,0,57,develop,assessor or aerials,0,0,0,0,1,0
471803,1,2024,1260,1,0,57,develop,assessor or aerials,0,0,0,0,1,0
471872,1,2024,1689,1,0,57,develop,assessor or aerials,0,0,0,0,1,0
471873,1,2024,2724,1,0,57,develop,assessor or aerials,0,0,0,0,1,0
471874,1,2024,2481,1,0,57,develop,assessor or aerials,0,0,0,0,1,0
471875,1,2024,2365,1,0,57,develop,assessor or aerials,0,0,0,0,1,0
471877,1,2024,1746,1,0,57,develop,assessor or aerials,0,0,0,0,1,0
471879,1,2024,2916,1,0,57,develop,assessor or aerials,0,0,0,0,1,0
471880,1,2024,3070,1,0,57,develop,assessor or aerials,0,0,0,0,1,0
471881,1,2024,1808,1,0,57,develop,assessor or aerials,0,0,0,0,1,0
471882,1,2024,2251,1,0,57,develop,assessor or aerials,0,0,0,0,1,0
471915,1,2024,2280,1,0,57,develop,assessor or aerials,0,0,0,0,1,0
471916,1,2024,2605,1,0,57,develop,assessor or aerials,0,0,0,0,1,0
471917,1,2024,2280,1,0,57,develop,assessor or aerials,0,0,0,0,1,0
471918,1,2024,2284,1,0,57,develop,assessor or aerials,0,0,0,0,1,0
471919,1,2024,2614,1,0,57,develop,assessor or aerials,0,0,0,0,1,0
471920,1,2024,2424,1,0,57,develop,assessor or aerials,0,0,0,0,1,0
471921,1,2024,2284,1,0,57,develop,assessor or aerials,0,0,0,0,1,0
471922,1,2024,2284,1,0,57,develop,assessor or aerials,0,0,0,0,1,0
471923,1,2024,2607,1,0,57,develop,assessor or aerials,0,0,0,0,1,0
471924,1,2024,2614,1,0,57,develop,assessor or aerials,0,0,0,0,1,0
471927,1,2024,2889,1,0,57,develop,assessor or aerials,0,0,0,0,1,0
471928,1,2024,2263,1,0,57,develop,assessor or aerials,0,0,0,0,1,0
471949,1,2024,1829,1,0,57,develop,assessor or aerials,0,0,0,0,1,0
471950,1,2024,1494,1,0,57,develop,assessor or aerials,0,0,0,0,1,0
471951,1,2024,1566,1,0,57,develop,assessor or aerials,0,0,0,0,1,0
471952,1,2024,1532,1,0,57,develop,assessor or aerials,0,0,0,0,1,0
471953,1,2024,1566,1,0,57,develop,assessor or aerials,0,0,0,0,1,0
471955,1,2024,1994,1,0,57,develop,assessor or aerials,0,0,0,0,1,0
471959,1,2024,1745,1,0,57,develop,assessor or aerials,0,0,0,0,1,0
471960,1,2024,1420,1,0,57,develop,assessor or aerials,0,0,0,0,1,0
471961,1,2024,1946,1,0,57,develop,assessor or aerials,0,0,0,0,1,0
471962,1,2024,1840,1,0,57,develop,assessor or aerials,0,0,0,0,1,0
471963,1,2024,1767,1,0,57,develop,assessor or aerials,0,0,0,0,1,0
471964,1,2024,1755,1,0,57,develop,assessor or aerials,0,0,0,0,1,0
471965,1,2024,1834,1,0,57,develop,assessor or aerials,0,0,0,0,1,0
471966,1,2024,2039,1,0,57,develop,assessor or aerials,0,0,0,0,1,0
471967,1,2024,1420,1,0,57,develop,assessor or aerials,0,0,0,0,1,0
471968,1,2024,1834,1,0,57,develop,assessor or aerials,0,0,0,0,1,0
471969,1,2024,1545,1,0,57,develop,assessor or aerials,0,0,0,0,1,0
471970,1,2024,1778,1,0,57,develop,assessor or aerials,0,0,0,0,1,0
471971,1,2024,1420,1,0,57,develop,assessor or aerials,0,0,0,0,1,0
471972,1,2024,2088,1,0,57,develop,assessor or aerials,0,0,0,0,1,0
471991,1,2024,2098,1,0,57,develop,assessor or aerials,0,0,0,0,1,0
471996,1,2024,2332,1,0,57,develop,assessor or aerials,0,0,0,0,1,0
472001,1,2024,1821,1,0,57,develop,assessor or aerials,0,0,0,0,1,0
472002,1,2024,1821,1,0,57,develop,assessor or aerials,0,0,0,0,1,0
472003,1,2024,1880,1,0,57,develop,assessor or aerials,0,0,0,0,1,0
472004,1,2024,1872,1,0,57,develop,assessor or aerials,0,0,0,0,1,0
472005,1,2024,2314,1,0,57,develop,assessor or aerials,0,0,0,0,1,0
472006,1,2024,2314,1,0,57,develop,assessor or aerials,0,0,0,0,1,0
472007,1,2024,2314,1,0,57,develop,assessor or aerials,0,0,0,0,1,0
472008,1,2024,2314,1,0,57,develop,assessor or aerials,0,0,0,0,1,0
472009,1,2024,2314,1,0,57,develop,assessor or aerials,0,0,0,0,1,0
472011,1,2024,3543,1,0,57,develop,assessor or aerials,0,0,0,0,1,0
472012,1,2024,1640,1,0,57,develop,assessor or aerials,0,0,0,0,1,0
472013,1,2024,2295,1,0,57,develop,assessor or aerials,0,0,0,0,1,0
472014,1,2024,1906,1,0,57,develop,assessor or aerials,0,0,0,0,1,0
472018,1,2024,2224,1,0,57,develop,assessor or aerials,0,0,0,0,1,0
472022,1,2024,2224,1,0,57,develop,assessor or aerials,0,0,0,0,1,0
472023,1,2024,1683,1,0,57,develop,assessor or aerials,0,0,0,0,1,0
472025,1,2024,2204,1,0,57,develop,assessor or aerials,0,0,0,0,1,0
472026,1,2024,2106,1,0,57,develop,assessor or aerials,0,0,0,0,1,0
472027,1,2024,1502,1,0,57,develop,assessor or aerials,0,0,0,0,1,0
472030,1,2024,2292,1,0,57,develop,assessor or aerials,0,0,0,0,1,0
472033,1,2024,2832,1,0,57,develop,assessor or aerials,0,0,0,0,1,0
472037,1,2024,1840,1,0,57,develop,assessor or aerials,0,0,0,0,1,0
472046,1,2024,1900,1,0,57,develop,assessor or aerials,0,0,0,0,1,0
472047,1,2024,2830,1,0,57,develop,assessor or aerials,0,0,0,0,1,0
472048,1,2024,2594,1,0,57,develop,assessor or aerials,0,0,0,0,1,0
472049,1,2024,2594,1,0,57,develop,assessor or aerials,0,0,0,0,1,0
472050,1,2024,2085,1,0,57,develop,assessor or aerials,0,0,0,0,1,0
472051,1,2024,2001,1,0,57,develop,assessor or aerials,0,0,0,0,1,0
472052,1,2024,2286,1,0,57,develop,assessor or aerials,0,0,0,0,1,0
472056,1,2024,2500,1,0,57,develop,assessor or aerials,0,0,0,0,1,0
472057,1,2024,2504,1,0,57,develop,assessor or aerials,0,0,0,0,1,0
472058,1,2024,2314,1,0,57,develop,assessor or aerials,0,0,0,0,1,0
472059,1,2024,2001,1,0,57,develop,assessor or aerials,0,0,0,0,1,0
472060,1,2024,2522,1,0,57,develop,assessor or aerials,0,0,0,0,1,0
472061,1,2024,2935,1,0,57,develop,assessor or aerials,0,0,0,0,1,0
472063,1,2024,1468,1,0,57,develop,assessor or aerials,0,0,0,0,1,0
472066,1,2024,2039,1,0,57,develop,assessor or aerials,0,0,0,0,1,0
472067,1,2024,2176,1,0,57,develop,assessor or aerials,0,0,0,0,1,0
472068,1,2024,1829,1,0,57,develop,assessor or aerials,0,0,0,0,1,0
472069,1,2024,1543,1,0,57,develop,assessor or aerials,0,0,0,0,1,0
472070,1,2024,2039,1,0,57,develop,assessor or aerials,0,0,0,0,1,0
472071,1,2024,1946,1,0,57,develop,assessor or aerials,0,0,0,0,1,0
472072,1,2024,1946,1,0,57,develop,assessor or aerials,0,0,0,0,1,0
472073,1,2024,1744,1,0,57,develop,assessor or aerials,0,0,0,0,1,0
472074,1,2024,1796,1,0,57,develop,assessor or aerials,0,0,0,0,1,0
472075,1,2024,1765,1,0,57,develop,assessor or aerials,0,0,0,0,1,0
472076,1,2024,1524,1,0,57,develop,assessor or aerials,0,0,0,0,1,0
472077,1,2024,1948,1,0,57,develop,assessor or aerials,0,0,0,0,1,0
472078,1,2024,1537,1,0,57,develop,assessor or aerials,0,0,0,0,1,0
472079,1,2024,2240,1,0,57,develop,assessor or aerials,0,0,0,0,1,0
472080,1,2024,2042,1,0,57,develop,assessor or aerials,0,0,0,0,1,0
472081,1,2024,1744,1,0,57,develop,assessor or aerials,0,0,0,0,1,0
472083,1,2024,2816,1,0,57,develop,assessor or aerials,0,0,0,0,1,0
472084,1,2024,4524,1,0,57,develop,assessor or aerials,0,0,0,0,1,0
472085,1,2024,1953,1,0,57,develop,assessor or aerials,0,0,0,0,1,0
472086,1,2024,1837,1,0,57,develop,assessor or aerials,0,0,0,0,1,0
472087,1,2024,2039,1,0,57,develop,assessor or aerials,0,0,0,0,1,0
472088,1,2024,2206,1,0,57,develop,assessor or aerials,0,0,0,0,1,0
472089,1,2024,1953,1,0,57,develop,assessor or aerials,0,0,0,0,1,0
472090,1,2024,1791,1,0,57,develop,assessor or aerials,0,0,0,0,1,0
472092,1,2024,2017,1,0,57,develop,assessor or aerials,0,0,0,0,1,0
472093,1,2024,1953,1,0,57,develop,assessor or aerials,0,0,0,0,1,0
472094,1,2024,1860,1,0,57,develop,assessor or aerials,0,0,0,0,1,0
472095,1,2024,2206,1,0,57,develop,assessor or aerials,0,0,0,0,1,0
472096,1,2024,2777,1,0,57,develop,assessor or aerials,0,0,0,0,1,0
472097,1,2024,2206,1,0,57,develop,assessor or aerials,0,0,0,0,1,0
472098,1,2024,2829,1,0,57,develop,assessor or aerials,0,0,0,0,1,0
472170,1,2024,1525,1,0,57,develop,assessor or aerials,0,0,0,0,1,0
472171,1,2024,1962,1,0,57,develop,assessor or aerials,0,0,0,0,1,0
472174,1,2024,1735,1,0,57,develop,assessor or aerials,0,0,0,0,1,0
472182,1,2024,1812,1,0,57,develop,assessor or aerials,0,0,0,0,1,0
472183,1,2024,1774,1,0,57,develop,assessor or aerials,0,0,0,0,1,0
472185,1,2024,1989,1,0,57,develop,assessor or aerials,0,0,0,0,1,0
472189,1,2024,2907,1,0,57,develop,assessor or aerials,0,0,0,0,1,0
472190,1,2024,3229,1,0,57,develop,assessor or aerials,0,0,0,0,1,0
472194,1,2024,2583,1,0,57,develop,assessor or aerials,0,0,0,0,1,0
472197,1,2024,843,1,0,57,develop,assessor or aerials,0,0,0,0,1,0
472208,2,2024,67908,26,0,57,develop,assessor or aerials,0,0,0,0,1,0
472358,2,2024,30667,22,0,57,develop,assessor or aerials,0,0,0,0,1,0
472414,1,2024,2644,1,0,11,develop,assessor or aerials,0,0,0,0,1,0
472424,1,2024,2334,1,0,11,develop,assessor or aerials,0,0,0,0,1,0
472488,1,2024,1728,1,0,11,develop,assessor or aerials,0,0,0,0,1,0
472489,1,2024,2080,1,0,11,develop,assessor or aerials,0,0,0,0,1,0
472490,1,2024,1583,1,0,11,develop,assessor or aerials,0,0,0,0,1,0
472494,1,2024,6177,1,0,11,develop,assessor or aerials,0,0,0,0,1,0
472496,1,2024,1763,1,0,11,develop,assessor or aerials,0,0,0,0,1,0
472600,1,2024,3028,1,0,11,develop,assessor or aerials,0,0,0,0,1,0
472630,1,2024,2726,1,0,11,develop,assessor or aerials,0,0,0,0,1,0
472842,1,2024,3432,1,0,11,develop,assessor or aerials,0,0,0,0,1,0
472845,1,2024,3060,1,0,11,develop,assessor or aerials,0,0,0,0,1,0
472846,1,2024,1466,1,0,11,develop,assessor or aerials,0,0,0,0,1,0
472847,1,2024,2430,1,0,11,develop,assessor or aerials,0,0,0,0,1,0
472848,1,2024,2438,1,0,11,develop,assessor or aerials,0,0,0,0,1,0
472864,1,2024,2677,1,0,11,develop,assessor or aerials,0,0,0,0,1,0
472866,1,2024,2622,1,0,11,develop,assessor or aerials,0,0,0,0,1,0
472884,1,2024,581,1,0,11,develop,assessor or aerials,0,0,0,0,1,0
472888,1,2024,1585,1,0,11,develop,assessor or aerials,0,0,0,0,1,0
472889,1,2024,1734,1,0,11,develop,assessor or aerials,0,0,0,0,1,0
472893,1,2024,1918,1,0,11,develop,assessor or aerials,0,0,0,0,1,0
472929,1,2024,1917,1,0,11,develop,assessor or aerials,0,0,0,0,1,0
472930,1,2024,1581,1,0,11,develop,assessor or aerials,0,0,0,0,1,0
472931,1,2024,1856,1,0,11,develop,assessor or aerials,0,0,0,0,1,0
472932,1,2024,629,1,0,11,develop,assessor or aerials,0,0,0,0,1,0
472933,1,2024,2046,1,0,11,develop,assessor or aerials,0,0,0,0,1,0
472934,1,2024,2590,1,0,11,develop,assessor or aerials,0,0,0,0,1,0
472935,1,2024,2086,1,0,11,develop,assessor or aerials,0,0,0,0,1,0
472936,1,2024,2673,1,0,11,develop,assessor or aerials,0,0,0,0,1,0
472938,1,2024,2518,1,0,11,develop,assessor or aerials,0,0,0,0,1,0
472940,1,2024,1973,1,0,11,develop,assessor or aerials,0,0,0,0,1,0
472941,1,2024,1788,1,0,11,develop,assessor or aerials,0,0,0,0,1,0
472952,2,2024,442827,300,0,11,develop,assessor or aerials,0,0,0,0,1,0
472953,1,2024,6846,1,0,11,develop,assessor or aerials,0,0,0,0,1,0
472956,1,2024,7305,1,0,11,develop,assessor or aerials,0,0,0,0,1,0
472958,1,2024,1139,1,0,11,develop,assessor or aerials,0,0,0,0,1,0
472964,1,2024,1916,1,0,11,develop,assessor or aerials,0,0,0,0,1,0
472965,1,2024,1073,1,0,11,develop,assessor or aerials,0,0,0,0,1,0
472972,1,2024,4208,1,0,11,develop,assessor or aerials,0,0,0,0,1,0
472975,1,2024,1727,1,0,11,develop,assessor or aerials,0,0,0,0,1,0
472993,1,2024,2282,1,0,11,develop,assessor or aerials,0,0,0,0,1,0
472994,1,2024,16582,1,0,11,develop,assessor or aerials,0,0,0,0,1,0
473058,1,2024,2652,1,0,11,develop,assessor or aerials,0,0,0,0,1,0
473062,1,2024,4024,1,0,11,develop,assessor or aerials,0,0,0,0,1,0
473067,1,2024,2644,1,0,11,develop,assessor or aerials,0,0,0,0,1,0
473069,1,2024,2291,1,0,11,develop,assessor or aerials,0,0,0,0,1,0
473070,1,2024,1992,1,0,11,develop,assessor or aerials,0,0,0,0,1,0
473071,1,2024,2736,1,0,11,develop,assessor or aerials,0,0,0,0,1,0
473136,1,2024,866,1,0,11,develop,assessor or aerials,0,0,0,0,1,0
473137,1,2024,752,1,0,11,develop,assessor or aerials,0,0,0,0,1,0
473138,1,2024,1559,1,0,11,develop,assessor or aerials,0,0,0,0,1,0
473146,1,2024,864,1,0,11,develop,assessor or aerials,0,0,0,0,1,0
473147,1,2024,891,1,0,11,develop,assessor or aerials,0,0,0,0,1,0
473148,1,2024,855,1,0,11,develop,assessor or aerials,0,0,0,0,1,0
473177,1,2024,1583,1,0,11,develop,assessor or aerials,0,0,0,0,1,0
473178,1,2024,1466,1,0,11,develop,assessor or aerials,0,0,0,0,1,0
473185,1,2024,904,1,0,11,develop,assessor or aerials,0,0,0,0,1,0
473186,1,2024,862,1,0,11,develop,assessor or aerials,0,0,0,0,1,0
473187,1,2024,862,1,0,11,develop,assessor or aerials,0,0,0,0,1,0
473188,1,2024,862,1,0,11,develop,assessor or aerials,0,0,0,0,1,0
473189,1,2024,861,1,0,11,develop,assessor or aerials,0,0,0,0,1,0
473190,1,2024,581,1,0,11,develop,assessor or aerials,0,0,0,0,1,0
473191,1,2024,581,1,0,11,develop,assessor or aerials,0,0,0,0,1,0
473192,1,2024,581,1,0,11,develop,assessor or aerials,0,0,0,0,1,0
473193,1,2024,581,1,0,11,develop,assessor or aerials,0,0,0,0,1,0
473194,1,2024,581,1,0,11,develop,assessor or aerials,0,0,0,0,1,0
473195,1,2024,581,1,0,11,develop,assessor or aerials,0,0,0,0,1,0
473196,1,2024,608,1,0,11,develop,assessor or aerials,0,0,0,0,1,0
473197,1,2024,521,1,0,11,develop,assessor or aerials,0,0,0,0,1,0
473198,1,2024,542,1,0,11,develop,assessor or aerials,0,0,0,0,1,0
473199,1,2024,542,1,0,11,develop,assessor or aerials,0,0,0,0,1,0
473200,1,2024,542,1,0,11,develop,assessor or aerials,0,0,0,0,1,0
473201,1,2024,542,1,0,11,develop,assessor or aerials,0,0,0,0,1,0
473202,1,2024,785,1,0,11,develop,assessor or aerials,0,0,0,0,1,0
473203,1,2024,769,1,0,11,develop,assessor or aerials,0,0,0,0,1,0
473204,1,2024,759,1,0,11,develop,assessor or aerials,0,0,0,0,1,0
473205,1,2024,721,1,0,11,develop,assessor or aerials,0,0,0,0,1,0
473206,1,2024,558,1,0,11,develop,assessor or aerials,0,0,0,0,1,0
473207,1,2024,542,1,0,11,develop,assessor or aerials,0,0,0,0,1,0
473208,1,2024,542,1,0,11,develop,assessor or aerials,0,0,0,0,1,0
473209,1,2024,542,1,0,11,develop,assessor or aerials,0,0,0,0,1,0
473210,1,2024,542,1,0,11,develop,assessor or aerials,0,0,0,0,1,0
473211,1,2024,542,1,0,11,develop,assessor or aerials,0,0,0,0,1,0
473212,1,2024,542,1,0,11,develop,assessor or aerials,0,0,0,0,1,0
473213,1,2024,542,1,0,11,develop,assessor or aerials,0,0,0,0,1,0
473214,1,2024,542,1,0,11,develop,assessor or aerials,0,0,0,0,1,0
473215,1,2024,542,1,0,11,develop,assessor or aerials,0,0,0,0,1,0
473216,1,2024,542,1,0,11,develop,assessor or aerials,0,0,0,0,1,0
473217,1,2024,630,1,0,11,develop,assessor or aerials,0,0,0,0,1,0
473218,1,2024,662,1,0,11,develop,assessor or aerials,0,0,0,0,1,0
473219,1,2024,1906,1,0,11,develop,assessor or aerials,0,0,0,0,1,0
473220,1,2024,1861,1,0,11,develop,assessor or aerials,0,0,0,0,1,0
473221,1,2024,895,1,0,11,develop,assessor or aerials,0,0,0,0,1,0
473222,1,2024,896,1,0,11,develop,assessor or aerials,0,0,0,0,1,0
473223,1,2024,896,1,0,11,develop,assessor or aerials,0,0,0,0,1,0
473224,1,2024,834,1,0,11,develop,assessor or aerials,0,0,0,0,1,0
473225,1,2024,861,1,0,11,develop,assessor or aerials,0,0,0,0,1,0
473226,1,2024,861,1,0,11,develop,assessor or aerials,0,0,0,0,1,0
473227,1,2024,861,1,0,11,develop,assessor or aerials,0,0,0,0,1,0
473228,1,2024,861,1,0,11,develop,assessor or aerials,0,0,0,0,1,0
473229,1,2024,907,1,0,11,develop,assessor or aerials,0,0,0,0,1,0
473230,1,2024,860,1,0,11,develop,assessor or aerials,0,0,0,0,1,0
473231,1,2024,861,1,0,11,develop,assessor or aerials,0,0,0,0,1,0
473232,1,2024,861,1,0,11,develop,assessor or aerials,0,0,0,0,1,0
473233,1,2024,861,1,0,11,develop,assessor or aerials,0,0,0,0,1,0
473234,1,2024,865,1,0,11,develop,assessor or aerials,0,0,0,0,1,0
473235,1,2024,923,1,0,11,develop,assessor or aerials,0,0,0,0,1,0
473236,1,2024,870,1,0,11,develop,assessor or aerials,0,0,0,0,1,0
473237,1,2024,872,1,0,11,develop,assessor or aerials,0,0,0,0,1,0
473238,1,2024,581,1,0,11,develop,assessor or aerials,0,0,0,0,1,0
473239,1,2024,581,1,0,11,develop,assessor or aerials,0,0,0,0,1,0
473240,1,2024,581,1,0,11,develop,assessor or aerials,0,0,0,0,1,0
473241,1,2024,609,1,0,11,develop,assessor or aerials,0,0,0,0,1,0
473242,1,2024,753,1,0,11,develop,assessor or aerials,0,0,0,0,1,0
473243,1,2024,748,1,0,11,develop,assessor or aerials,0,0,0,0,1,0
473254,1,2024,1605,1,0,11,develop,assessor or aerials,0,0,0,0,1,0
473256,1,2024,1618,1,0,11,develop,assessor or aerials,0,0,0,0,1,0
473258,1,2024,1728,1,0,11,develop,assessor or aerials,0,0,0,0,1,0
473259,1,2024,1536,1,0,11,develop,assessor or aerials,0,0,0,0,1,0
473260,1,2024,1602,1,0,11,develop,assessor or aerials,0,0,0,0,1,0
473261,1,2024,1532,1,0,11,develop,assessor or aerials,0,0,0,0,1,0
473263,1,2024,1540,1,0,11,develop,assessor or aerials,0,0,0,0,1,0
473264,1,2024,1653,1,0,11,develop,assessor or aerials,0,0,0,0,1,0
473265,1,2024,1669,1,0,11,develop,assessor or aerials,0,0,0,0,1,0
473266,1,2024,1537,1,0,11,develop,assessor or aerials,0,0,0,0,1,0
473267,1,2024,2158,1,0,11,develop,assessor or aerials,0,0,0,0,1,0
473290,1,2024,1969,1,0,11,develop,assessor or aerials,0,0,0,0,1,0
473291,1,2024,1917,1,0,11,develop,assessor or aerials,0,0,0,0,1,0
473322,1,2024,1231,1,0,11,develop,assessor or aerials,0,0,0,0,1,0
473323,1,2024,1316,1,0,11,develop,assessor or aerials,0,0,0,0,1,0
473374,1,2024,1360,1,0,11,develop,assessor or aerials,0,0,0,0,1,0
473413,1,2024,1662,1,0,11,develop,assessor or aerials,0,0,0,0,1,0
473414,1,2024,1643,1,0,11,develop,assessor or aerials,0,0,0,0,1,0
473415,1,2024,2126,1,0,11,develop,assessor or aerials,0,0,0,0,1,0
473417,1,2024,1861,1,0,11,develop,assessor or aerials,0,0,0,0,1,0
473420,1,2024,1779,1,0,11,develop,assessor or aerials,0,0,0,0,1,0
473421,1,2024,1779,1,0,11,develop,assessor or aerials,0,0,0,0,1,0
473426,1,2024,1912,1,0,11,develop,assessor or aerials,0,0,0,0,1,0
473427,1,2024,1902,1,0,11,develop,assessor or aerials,0,0,0,0,1,0
473429,1,2024,3458,1,0,11,develop,assessor or aerials,0,0,0,0,1,0
473430,1,2024,2532,1,0,11,develop,assessor or aerials,0,0,0,0,1,0
473433,1,2024,2663,1,0,11,develop,assessor or aerials,0,0,0,0,1,0
473434,1,2024,1196,1,0,11,develop,assessor or aerials,0,0,0,0,1,0
473435,1,2024,1200,1,0,11,develop,assessor or aerials,0,0,0,0,1,0
473436,1,2024,1204,1,0,11,develop,assessor or aerials,0,0,0,0,1,0
473437,1,2024,1211,1,0,11,develop,assessor or aerials,0,0,0,0,1,0
473440,1,2024,1139,1,0,11,develop,assessor or aerials,0,0,0,0,1,0
473446,1,2024,1162,1,0,11,develop,assessor or aerials,0,0,0,0,1,0
473447,1,2024,1221,1,0,11,develop,assessor or aerials,0,0,0,0,1,0
473448,1,2024,1221,1,0,11,develop,assessor or aerials,0,0,0,0,1,0
473449,1,2024,1164,1,0,11,develop,assessor or aerials,0,0,0,0,1,0
473450,1,2024,1360,1,0,11,develop,assessor or aerials,0,0,0,0,1,0
473451,1,2024,1360,1,0,11,develop,assessor or aerials,0,0,0,0,1,0
473452,1,2024,1360,1,0,11,develop,assessor or aerials,0,0,0,0,1,0
473453,1,2024,1360,1,0,11,develop,assessor or aerials,0,0,0,0,1,0
473454,1,2024,1360,1,0,11,develop,assessor or aerials,0,0,0,0,1,0
473455,1,2024,1332,1,0,11,develop,assessor or aerials,0,0,0,0,1,0
473457,1,2024,3245,1,0,11,develop,assessor or aerials,0,0,0,0,1,0
473458,1,2024,1587,1,0,11,develop,assessor or aerials,0,0,0,0,1,0
473459,1,2024,1925,1,0,11,develop,assessor or aerials,0,0,0,0,1,0
473460,1,2024,1655,1,0,11,develop,assessor or aerials,0,0,0,0,1,0
473461,1,2024,1666,1,0,11,develop,assessor or aerials,0,0,0,0,1,0
473473,1,2024,1891,1,0,11,develop,assessor or aerials,0,0,0,0,1,0
473474,1,2024,1937,1,0,11,develop,assessor or aerials,0,0,0,0,1,0
473475,1,2024,1654,1,0,11,develop,assessor or aerials,0,0,0,0,1,0
473478,1,2024,2118,1,0,11,develop,assessor or aerials,0,0,0,0,1,0
473480,1,2024,3267,1,0,11,develop,assessor or aerials,0,0,0,0,1,0
473483,1,2024,1357,1,0,11,develop,assessor or aerials,0,0,0,0,1,0
473484,1,2024,1308,1,0,11,develop,assessor or aerials,0,0,0,0,1,0
473485,1,2024,1307,1,0,11,develop,assessor or aerials,0,0,0,0,1,0
473486,1,2024,1357,1,0,11,develop,assessor or aerials,0,0,0,0,1,0
473487,1,2024,2298,1,0,11,develop,assessor or aerials,0,0,0,0,1,0
473488,1,2024,2298,1,0,11,develop,assessor or aerials,0,0,0,0,1,0
473489,1,2024,1362,1,0,11,develop,assessor or aerials,0,0,0,0,1,0
473490,1,2024,1381,1,0,11,develop,assessor or aerials,0,0,0,0,1,0
473491,1,2024,1743,1,0,11,develop,assessor or aerials,0,0,0,0,1,0
473492,1,2024,1441,1,0,11,develop,assessor or aerials,0,0,0,0,1,0
473493,1,2024,1382,1,0,11,develop,assessor or aerials,0,0,0,0,1,0
473505,1,2024,1356,1,0,11,develop,assessor or aerials,0,0,0,0,1,0
473510,1,2024,1369,1,0,11,develop,assessor or aerials,0,0,0,0,1,0
473515,1,2024,1369,1,0,11,develop,assessor or aerials,0,0,0,0,1,0
473519,1,2024,1364,1,0,11,develop,assessor or aerials,0,0,0,0,1,0
473529,1,2024,1429,1,0,11,develop,assessor or aerials,0,0,0,0,1,0
473534,1,2024,2949,1,0,11,develop,assessor or aerials,0,0,0,0,1,0
473571,1,2024,1919,1,0,11,develop,assessor or aerials,0,0,0,0,1,0
473573,1,2024,2588,1,0,11,develop,assessor or aerials,0,0,0,0,1,0
473574,1,2024,1871,1,0,11,develop,assessor or aerials,0,0,0,0,1,0
473575,1,2024,1932,1,0,11,develop,assessor or aerials,0,0,0,0,1,0
473578,1,2024,1905,1,0,11,develop,assessor or aerials,0,0,0,0,1,0
473580,1,2024,1969,1,0,11,develop,assessor or aerials,0,0,0,0,1,0
473582,1,2024,2718,1,0,11,develop,assessor or aerials,0,0,0,0,1,0
473589,1,2024,2348,1,0,11,develop,assessor or aerials,0,0,0,0,1,0
473594,1,2024,803,1,0,11,develop,assessor or aerials,0,0,0,0,1,0
473595,1,2024,803,1,0,11,develop,assessor or aerials,0,0,0,0,1,0
473596,1,2024,872,1,0,11,develop,assessor or aerials,0,0,0,0,1,0
473598,1,2024,1154,1,0,11,develop,assessor or aerials,0,0,0,0,1,0
473599,1,2024,1151,1,0,11,develop,assessor or aerials,0,0,0,0,1,0
473600,1,2024,1239,1,0,11,develop,assessor or aerials,0,0,0,0,1,0
473601,1,2024,1668,1,0,11,develop,assessor or aerials,0,0,0,0,1,0
473602,1,2024,1233,1,0,11,develop,assessor or aerials,0,0,0,0,1,0
473603,1,2024,1246,1,0,11,develop,assessor or aerials,0,0,0,0,1,0
473604,1,2024,1345,1,0,11,develop,assessor or aerials,0,0,0,0,1,0
473605,1,2024,1419,1,0,11,develop,assessor or aerials,0,0,0,0,1,0
473606,1,2024,1238,1,0,11,develop,assessor or aerials,0,0,0,0,1,0
473607,1,2024,1238,1,0,11,develop,assessor or aerials,0,0,0,0,1,0
473608,1,2024,1238,1,0,11,develop,assessor or aerials,0,0,0,0,1,0
473616,1,2024,1821,1,0,11,develop,assessor or aerials,0,0,0,0,1,0
473617,1,2024,1703,1,0,11,develop,assessor or aerials,0,0,0,0,1,0
473620,1,2024,1908,1,0,11,develop,assessor or aerials,0,0,0,0,1,0
473621,1,2024,1807,1,0,11,develop,assessor or aerials,0,0,0,0,1,0
473623,1,2024,1815,1,0,11,develop,assessor or aerials,0,0,0,0,1,0
473626,1,2024,2082,1,0,11,develop,assessor or aerials,0,0,0,0,1,0
473631,1,2024,2046,1,0,11,develop,assessor or aerials,0,0,0,0,1,0
473633,1,2024,1930,1,0,11,develop,assessor or aerials,0,0,0,0,1,0
473634,1,2024,1985,1,0,11,develop,assessor or aerials,0,0,0,0,1,0
473635,1,2024,1560,1,0,11,develop,assessor or aerials,0,0,0,0,1,0
473638,1,2024,1711,1,0,11,develop,assessor or aerials,0,0,0,0,1,0
473639,1,2024,1890,1,0,11,develop,assessor or aerials,0,0,0,0,1,0
473640,1,2024,1549,1,0,11,develop,assessor or aerials,0,0,0,0,1,0
473641,1,2024,1624,1,0,11,develop,assessor or aerials,0,0,0,0,1,0
473643,1,2024,2710,1,0,11,develop,assessor or aerials,0,0,0,0,1,0
473644,1,2024,2180,1,0,11,develop,assessor or aerials,0,0,0,0,1,0
474394,1,2024,1407,1,0,11,develop,assessor or aerials,0,0,0,0,1,0
474395,1,2024,1562,1,0,11,develop,assessor or aerials,0,0,0,0,1,0
474401,1,2024,2079,1,0,11,develop,assessor or aerials,0,0,0,0,1,0
474412,1,2024,905,1,0,11,develop,assessor or aerials,0,0,0,0,1,0
474413,1,2024,872,1,0,11,develop,assessor or aerials,0,0,0,0,1,0
474420,1,2024,866,1,0,11,develop,assessor or aerials,0,0,0,0,1,0
474422,1,2024,702,1,0,11,develop,assessor or aerials,0,0,0,0,1,0
474423,1,2024,678,1,0,11,develop,assessor or aerials,0,0,0,0,1,0
474424,1,2024,683,1,0,11,develop,assessor or aerials,0,0,0,0,1,0
474425,1,2024,652,1,0,11,develop,assessor or aerials,0,0,0,0,1,0
474426,1,2024,905,1,0,11,develop,assessor or aerials,0,0,0,0,1,0
474427,1,2024,804,1,0,11,develop,assessor or aerials,0,0,0,0,1,0
474430,1,2024,838,1,0,11,develop,assessor or aerials,0,0,0,0,1,0
474431,1,2024,842,1,0,11,develop,assessor or aerials,0,0,0,0,1,0
474432,1,2024,927,1,0,11,develop,assessor or aerials,0,0,0,0,1,0
474438,1,2024,989,1,0,11,develop,assessor or aerials,0,0,0,0,1,0
474450,1,2024,1695,1,0,11,develop,assessor or aerials,0,0,0,0,1,0
474451,1,2024,1707,1,0,11,develop,assessor or aerials,0,0,0,0,1,0
474504,1,2024,3311,1,0,11,develop,assessor or aerials,0,0,0,0,1,0
474510,1,2024,2842,1,0,11,develop,assessor or aerials,0,0,0,0,1,0
474523,1,2024,1659,1,0,11,develop,assessor or aerials,0,0,0,0,1,0
474535,1,2024,2553,1,0,11,develop,assessor or aerials,0,0,0,0,1,0
474536,1,2024,2999,1,0,11,develop,assessor or aerials,0,0,0,0,1,0
474537,1,2024,2153,1,0,11,develop,assessor or aerials,0,0,0,0,1,0
474538,1,2024,3302,1,0,11,develop,assessor or aerials,0,0,0,0,1,0
474547,1,2024,2153,1,0,11,develop,assessor or aerials,0,0,0,0,1,0
474551,1,2024,1989,1,0,11,develop,assessor or aerials,0,0,0,0,1,0
474562,1,2024,1988,1,0,11,develop,assessor or aerials,0,0,0,0,1,0
474564,1,2024,1988,1,0,11,develop,assessor or aerials,0,0,0,0,1,0
474566,1,2024,1989,1,0,11,develop,assessor or aerials,0,0,0,0,1,0
474568,1,2024,2145,1,0,11,develop,assessor or aerials,0,0,0,0,1,0
474570,1,2024,1915,1,0,11,develop,assessor or aerials,0,0,0,0,1,0
474571,1,2024,1855,1,0,11,develop,assessor or aerials,0,0,0,0,1,0
474614,1,2024,2449,1,0,11,develop,assessor or aerials,0,0,0,0,1,0
474632,1,2024,1068,1,0,11,develop,assessor or aerials,0,0,0,0,1,0
474640,1,2024,1767,1,0,11,develop,assessor or aerials,0,0,0,0,1,0
474644,1,2024,1631,1,0,11,develop,assessor or aerials,0,0,0,0,1,0
474649,1,2024,1791,1,0,11,develop,assessor or aerials,0,0,0,0,1,0
474657,1,2024,814,1,0,11,develop,assessor or aerials,0,0,0,0,1,0
474658,1,2024,838,1,0,11,develop,assessor or aerials,0,0,0,0,1,0
474659,1,2024,838,1,0,11,develop,assessor or aerials,0,0,0,0,1,0
474660,1,2024,838,1,0,11,develop,assessor or aerials,0,0,0,0,1,0
474661,1,2024,838,1,0,11,develop,assessor or aerials,0,0,0,0,1,0
474686,1,2024,997,1,0,11,develop,assessor or aerials,0,0,0,0,1,0
474687,1,2024,1008,1,0,11,develop,assessor or aerials,0,0,0,0,1,0
474688,1,2024,1008,1,0,11,develop,assessor or aerials,0,0,0,0,1,0
474694,1,2024,1368,2,0,11,develop,assessor or aerials,0,0,0,0,1,0
474697,1,2024,6436,1,0,11,develop,assessor or aerials,0,0,0,0,1,0
474702,1,2024,4278,1,0,11,develop,assessor or aerials,0,0,0,0,1,0
474704,1,2024,3643,1,0,11,develop,assessor or aerials,0,0,0,0,1,0
474710,1,2024,6478,1,0,11,develop,assessor or aerials,0,0,0,0,1,0
474712,1,2024,13634,1,0,11,develop,assessor or aerials,0,0,0,0,1,0
474713,1,2024,10634,1,0,11,develop,assessor or aerials,0,0,0,0,1,0
474715,1,2024,2468,1,0,11,develop,assessor or aerials,0,0,0,0,1,0
474757,1,2024,2872,1,0,11,develop,assessor or aerials,0,0,0,0,1,0
474758,1,2024,2819,1,0,11,develop,assessor or aerials,0,0,0,0,1,0
474762,1,2024,5281,1,0,11,develop,assessor or aerials,0,0,0,0,1,0
474763,1,2024,2892,1,0,11,develop,assessor or aerials,0,0,0,0,1,0
474767,1,2024,1285,1,0,11,develop,assessor or aerials,0,0,0,0,1,0
474770,1,2024,1798,1,0,11,develop,assessor or aerials,0,0,0,0,1,0
474772,1,2024,2817,1,0,11,develop,assessor or aerials,0,0,0,0,1,0
474773,1,2024,2817,1,0,11,develop,assessor or aerials,0,0,0,0,1,0
474774,1,2024,2817,1,0,11,develop,assessor or aerials,0,0,0,0,1,0
474815,1,2024,4347,1,0,11,develop,assessor or aerials,0,0,0,0,1,0
474816,1,2024,3039,1,0,11,develop,assessor or aerials,0,0,0,0,1,0
474817,1,2024,1149,1,0,11,develop,assessor or aerials,0,0,0,0,1,0
474818,1,2024,1284,1,0,11,develop,assessor or aerials,0,0,0,0,1,0
474820,1,2024,1993,1,0,11,develop,assessor or aerials,0,0,0,0,1,0
474821,1,2024,1077,1,0,11,develop,assessor or aerials,0,0,0,0,1,0
474831,1,2024,1163,1,0,11,develop,assessor or aerials,0,0,0,0,1,0
474843,1,2024,5005,1,0,11,develop,assessor or aerials,0,0,0,0,1,0
474844,1,2024,18093,1,0,11,develop,assessor or aerials,0,0,0,0,1,0
474845,1,2024,10760,1,0,11,develop,assessor or aerials,0,0,0,0,1,0
474847,2,2024,10263,5,0,11,develop,assessor or aerials,0,0,0,0,1,0
474850,1,2024,3046,1,0,11,develop,assessor or aerials,0,0,0,0,1,0
474851,1,2024,18982,1,0,11,develop,assessor or aerials,0,0,0,0,1,0
474861,1,2024,3125,1,0,11,develop,assessor or aerials,0,0,0,0,1,0
474862,1,2024,2399,1,0,11,develop,assessor or aerials,0,0,0,0,1,0
474864,1,2024,2809,1,0,11,develop,assessor or aerials,0,0,0,0,1,0
474865,1,2024,3093,1,0,11,develop,assessor or aerials,0,0,0,0,1,0
474867,1,2024,2579,1,0,11,develop,assessor or aerials,0,0,0,0,1,0
474869,1,2024,3211,1,0,11,develop,assessor or aerials,0,0,0,0,1,0
474870,1,2024,4012,1,0,11,develop,assessor or aerials,0,0,0,0,1,0
474874,2,2024,54791,93,0,11,develop,assessor or aerials,0,0,0,0,1,0
474877,1,2024,2187,1,0,11,develop,assessor or aerials,0,0,0,0,1,0
474878,1,2024,1262,1,0,11,develop,assessor or aerials,0,0,0,0,1,0
474879,1,2024,2243,1,0,11,develop,assessor or aerials,0,0,0,0,1,0
474880,1,2024,1487,1,0,11,develop,assessor or aerials,0,0,0,0,1,0
474881,1,2024,1042,1,0,11,develop,assessor or aerials,0,0,0,0,1,0
474889,2,2024,28956,31,0,11,develop,assessor or aerials,0,0,0,0,1,0
474891,1,2024,3186,1,0,11,develop,assessor or aerials,0,0,0,0,1,0
474894,1,2024,1860,1,0,11,develop,assessor or aerials,0,0,0,0,1,0
474922,1,2024,1955,1,0,11,develop,assessor or aerials,0,0,0,0,1,0
474925,1,2024,1060,1,0,11,develop,assessor or aerials,0,0,0,0,1,0
474926,1,2024,1055,1,0,11,develop,assessor or aerials,0,0,0,0,1,0
474927,1,2024,1010,1,0,11,develop,assessor or aerials,0,0,0,0,1,0
474928,1,2024,2041,1,0,11,develop,assessor or aerials,0,0,0,0,1,0
474929,1,2024,2681,1,0,11,develop,assessor or aerials,0,0,0,0,1,0
474932,2,2024,27646,23,0,11,develop,assessor or aerials,0,0,0,0,1,0
474933,1,2024,1043,1,0,11,develop,assessor or aerials,0,0,0,0,1,0
474934,1,2024,1082,1,0,11,develop,assessor or aerials,0,0,0,0,1,0
474935,1,2024,1276,1,0,11,develop,assessor or aerials,0,0,0,0,1,0
474936,1,2024,1298,1,0,11,develop,assessor or aerials,0,0,0,0,1,0
474937,1,2024,1186,1,0,11,develop,assessor or aerials,0,0,0,0,1,0
474938,1,2024,4103,1,0,11,develop,assessor or aerials,0,0,0,0,1,0
474945,1,2024,1969,1,0,11,develop,assessor or aerials,0,0,0,0,1,0
474946,1,2024,2399,1,0,11,develop,assessor or aerials,0,0,0,0,1,0
474947,1,2024,1696,1,0,11,develop,assessor or aerials,0,0,0,0,1,0
474948,1,2024,2204,1,0,11,develop,assessor or aerials,0,0,0,0,1,0
474949,1,2024,2159,1,0,11,develop,assessor or aerials,0,0,0,0,1,0
474950,1,2024,2207,1,0,11,develop,assessor or aerials,0,0,0,0,1,0
474954,1,2024,2218,1,0,11,develop,assessor or aerials,0,0,0,0,1,0
474956,2,2025,5294,15,0,11,develop,assessor or aerials,0,0,0,0,1,0
474957,2,2025,10945,27,0,11,develop,assessor or aerials,0,0,0,0,1,0
474958,2,2024,45813,208,0,11,develop,assessor or aerials,0,0,0,0,1,0
474959,1,2024,2905,1,0,11,develop,assessor or aerials,0,0,0,0,1,0
474978,1,2024,1662,1,0,11,develop,assessor or aerials,0,0,0,0,1,0
474979,1,2024,1146,1,0,11,develop,assessor or aerials,0,0,0,0,1,0
474980,1,2024,1576,1,0,11,develop,assessor or aerials,0,0,0,0,1,0
474981,1,2024,2078,1,0,11,develop,assessor or aerials,0,0,0,0,1,0
474982,1,2024,1591,1,0,11,develop,assessor or aerials,0,0,0,0,1,0
474984,1,2024,2027,1,0,11,develop,assessor or aerials,0,0,0,0,1,0
474985,1,2024,1935,1,0,11,develop,assessor or aerials,0,0,0,0,1,0
474986,1,2024,2127,1,0,11,develop,assessor or aerials,0,0,0,0,1,0
474988,1,2024,2534,1,0,11,develop,assessor or aerials,0,0,0,0,1,0
474989,1,2024,1888,1,0,11,develop,assessor or aerials,0,0,0,0,1,0
474990,1,2024,1664,1,0,11,develop,assessor or aerials,0,0,0,0,1,0
474991,1,2024,1773,1,0,11,develop,assessor or aerials,0,0,0,0,1,0
474992,1,2024,1828,1,0,11,develop,assessor or aerials,0,0,0,0,1,0
474993,1,2024,944,1,0,11,develop,assessor or aerials,0,0,0,0,1,0
474994,1,2024,1007,1,0,11,develop,assessor or aerials,0,0,0,0,1,0
474995,1,2024,521,1,0,11,develop,assessor or aerials,0,0,0,0,1,0
474996,1,2024,905,1,0,11,develop,assessor or aerials,0,0,0,0,1,0
475007,2,2024,55143,16,0,35,develop,assessor or aerials,0,0,0,0,1,0
475375,2,2024,55063,88,0,35,develop,assessor or aerials,0,0,0,0,1,0
475405,2,2024,204620,262,0,35,develop,assessor or aerials,0,0,0,0,1,0
475424,2,2024,439235,372,0,35,develop,assessor or aerials,0,0,0,0,1,0
475425,2,2024,126851,359,0,35,develop,assessor or aerials,0,0,0,0,1,0
475426,2,2024,53536,110,0,35,develop,assessor or aerials,0,0,0,0,1,0
475429,2,2024,109972,1,0,35,develop,assessor or aerials,0,0,0,0,1,0
475430,2,2024,36094,264,0,35,develop,assessor or aerials,0,0,0,0,1,0
475519,2,2024,259621,328,0,35,develop,assessor or aerials,0,0,0,0,1,0
475754,2,2024,48038,217,0,35,develop,assessor or aerials,0,0,0,0,1,0
475902,2,2024,244081,305,0,35,develop,assessor or aerials,0,0,0,0,1,0
476045,2,2024,107224,130,0,35,develop,assessor or aerials,0,0,0,0,1,0
476128,2,2024,179543,204,0,35,develop,assessor or aerials,0,0,0,0,1,0
476145,1,2024,5176,1,0,35,develop,assessor or aerials,0,0,0,0,1,0
477643,2,2024,11918,423,0,35,develop,assessor or aerials,0,0,0,0,1,0
478264,1,2024,2045,1,0,35,develop,assessor or aerials,0,0,0,0,1,0
478265,1,2024,2052,1,0,35,develop,assessor or aerials,0,0,0,0,1,0
478266,1,2024,2013,1,0,35,develop,assessor or aerials,0,0,0,0,1,0
478267,1,2024,1685,1,0,35,develop,assessor or aerials,0,0,0,0,1,0
478268,1,2024,1689,1,0,35,develop,assessor or aerials,0,0,0,0,1,0
478269,1,2024,1343,1,0,35,develop,assessor or aerials,0,0,0,0,1,0
478270,1,2024,947,1,0,35,develop,assessor or aerials,0,0,0,0,1,0
478271,1,2024,947,1,0,35,develop,assessor or aerials,0,0,0,0,1,0
478272,1,2024,1340,1,0,35,develop,assessor or aerials,0,0,0,0,1,0
478273,2,2024,27008,30,0,35,develop,assessor or aerials,0,0,0,0,1,0
478297,1,2024,1270,1,0,35,develop,assessor or aerials,0,0,0,0,1,0
478298,1,2024,1270,1,0,35,develop,assessor or aerials,0,0,0,0,1,0
478299,1,2024,1277,1,0,35,develop,assessor or aerials,0,0,0,0,1,0
478300,1,2024,1277,1,0,35,develop,assessor or aerials,0,0,0,0,1,0
478301,1,2024,1412,1,0,35,develop,assessor or aerials,0,0,0,0,1,0
478302,1,2024,1520,1,0,35,develop,assessor or aerials,0,0,0,0,1,0
478303,1,2024,1345,1,0,35,develop,assessor or aerials,0,0,0,0,1,0
478304,1,2024,1345,1,0,35,develop,assessor or aerials,0,0,0,0,1,0
478305,1,2024,1345,1,0,35,develop,assessor or aerials,0,0,0,0,1,0
478306,1,2024,1523,1,0,35,develop,assessor or aerials,0,0,0,0,1,0
478307,1,2024,1570,1,0,35,develop,assessor or aerials,0,0,0,0,1,0
478308,1,2024,1570,1,0,35,develop,assessor or aerials,0,0,0,0,1,0
478309,1,2024,2005,1,0,35,develop,assessor or aerials,0,0,0,0,1,0
478310,1,2024,1837,1,0,35,develop,assessor or aerials,0,0,0,0,1,0
478311,1,2024,2616,1,0,35,develop,assessor or aerials,0,0,0,0,1,0
478312,1,2024,3267,1,0,35,develop,assessor or aerials,0,0,0,0,1,0
478313,1,2024,1038,1,0,35,develop,assessor or aerials,0,0,0,0,1,0
478314,1,2024,1038,1,0,35,develop,assessor or aerials,0,0,0,0,1,0
478315,1,2024,1038,1,0,35,develop,assessor or aerials,0,0,0,0,1,0
478316,1,2024,1038,1,0,35,develop,assessor or aerials,0,0,0,0,1,0
478317,1,2024,1038,1,0,35,develop,assessor or aerials,0,0,0,0,1,0
478318,1,2024,1038,1,0,35,develop,assessor or aerials,0,0,0,0,1,0
478319,1,2024,1062,1,0,35,develop,assessor or aerials,0,0,0,0,1,0
478320,2,2024,4885,2,0,35,develop,assessor or aerials,0,0,0,0,1,0
478321,1,2024,2342,1,0,35,develop,assessor or aerials,0,0,0,0,1,0
478322,1,2024,2327,1,0,35,develop,assessor or aerials,0,0,0,0,1,0
478323,1,2024,1570,1,0,35,develop,assessor or aerials,0,0,0,0,1,0
478324,1,2024,1570,1,0,35,develop,assessor or aerials,0,0,0,0,1,0
478325,1,2024,1570,1,0,35,develop,assessor or aerials,0,0,0,0,1,0
478326,1,2024,2575,1,0,35,develop,assessor or aerials,0,0,0,0,1,0
478327,1,2024,2267,1,0,35,develop,assessor or aerials,0,0,0,0,1,0
478328,1,2024,2267,1,0,35,develop,assessor or aerials,0,0,0,0,1,0
478329,1,2024,2267,1,0,35,develop,assessor or aerials,0,0,0,0,1,0
478330,1,2024,2267,1,0,35,develop,assessor or aerials,0,0,0,0,1,0
478331,1,2024,2267,1,0,35,develop,assessor or aerials,0,0,0,0,1,0
478332,1,2024,87,1,0,35,develop,assessor or aerials,0,0,0,0,1,0
478333,1,2024,2267,1,0,35,develop,assessor or aerials,0,0,0,0,1,0
478334,1,2024,1591,1,0,35,develop,assessor or aerials,0,0,0,0,1,0
478335,1,2024,1038,1,0,35,develop,assessor or aerials,0,0,0,0,1,0
478336,1,2024,1115,1,0,35,develop,assessor or aerials,0,0,0,0,1,0
478337,1,2024,1641,1,0,35,develop,assessor or aerials,0,0,0,0,1,0
478338,1,2024,1378,1,0,35,develop,assessor or aerials,0,0,0,0,1,0
478339,1,2024,1495,1,0,35,develop,assessor or aerials,0,0,0,0,1,0
478340,1,2024,1188,1,0,35,develop,assessor or aerials,0,0,0,0,1,0
478341,1,2024,1270,1,0,35,develop,assessor or aerials,0,0,0,0,1,0
478342,1,2024,1270,1,0,35,develop,assessor or aerials,0,0,0,0,1,0
478343,1,2024,1270,1,0,35,develop,assessor or aerials,0,0,0,0,1,0
478344,1,2024,1297,1,0,35,develop,assessor or aerials,0,0,0,0,1,0
478345,1,2024,1275,1,0,35,develop,assessor or aerials,0,0,0,0,1,0
478346,1,2024,1275,1,0,35,develop,assessor or aerials,0,0,0,0,1,0
478347,1,2024,1275,1,0,35,develop,assessor or aerials,0,0,0,0,1,0
478348,1,2024,1332,1,0,35,develop,assessor or aerials,0,0,0,0,1,0
478349,1,2024,1056,1,0,35,develop,assessor or aerials,0,0,0,0,1,0
478350,1,2024,1051,1,0,35,develop,assessor or aerials,0,0,0,0,1,0
478351,1,2024,1049,1,0,35,develop,assessor or aerials,0,0,0,0,1,0
478352,1,2024,1171,1,0,35,develop,assessor or aerials,0,0,0,0,1,0
478353,1,2024,1079,1,0,35,develop,assessor or aerials,0,0,0,0,1,0
478354,1,2024,1570,1,0,35,develop,assessor or aerials,0,0,0,0,1,0
478355,1,2024,2725,1,0,35,develop,assessor or aerials,0,0,0,0,1,0
478356,1,2024,3892,1,0,35,develop,assessor or aerials,0,0,0,0,1,0
478357,1,2024,2868,1,0,35,develop,assessor or aerials,0,0,0,0,1,0
478358,1,2024,1915,1,0,35,develop,assessor or aerials,0,0,0,0,1,0
478359,1,2024,2371,1,0,35,develop,assessor or aerials,0,0,0,0,1,0
478360,1,2024,2612,1,0,35,develop,assessor or aerials,0,0,0,0,1,0
478361,1,2024,2414,1,0,35,develop,assessor or aerials,0,0,0,0,1,0
478362,2,2024,4580,2,0,35,develop,assessor or aerials,0,0,0,0,1,0
478363,2,2024,3863,2,0,35,develop,assessor or aerials,0,0,0,0,1,0
478364,1,2024,1919,1,0,35,develop,assessor or aerials,0,0,0,0,1,0
478365,1,2024,1919,1,0,35,develop,assessor or aerials,0,0,0,0,1,0
478366,1,2024,1919,1,0,35,develop,assessor or aerials,0,0,0,0,1,0
478367,1,2024,2721,1,0,35,develop,assessor or aerials,0,0,0,0,1,0
478368,1,2024,4199,1,0,35,develop,assessor or aerials,0,0,0,0,1,0
478369,1,2024,3696,2,0,35,develop,assessor or aerials,0,0,0,0,1,0
478370,1,2024,1402,1,0,35,develop,assessor or aerials,0,0,0,0,1,0
478371,1,2024,776,1,0,35,develop,assessor or aerials,0,0,0,0,1,0
478372,1,2024,828,1,0,35,develop,assessor or aerials,0,0,0,0,1,0
478373,1,2024,1111,1,0,35,develop,assessor or aerials,0,0,0,0,1,0
478374,1,2024,1470,1,0,35,develop,assessor or aerials,0,0,0,0,1,0
478375,1,2024,1379,1,0,35,develop,assessor or aerials,0,0,0,0,1,0
478376,1,2024,1602,1,0,35,develop,assessor or aerials,0,0,0,0,1,0
478377,1,2024,1567,1,0,35,develop,assessor or aerials,0,0,0,0,1,0
478378,1,2024,1587,1,0,35,develop,assessor or aerials,0,0,0,0,1,0
478379,1,2024,1573,1,0,35,develop,assessor or aerials,0,0,0,0,1,0
478380,1,2024,1378,1,0,35,develop,assessor or aerials,0,0,0,0,1,0
478381,1,2024,1227,1,0,35,develop,assessor or aerials,0,0,0,0,1,0
478382,1,2024,1379,1,0,35,develop,assessor or aerials,0,0,0,0,1,0
478383,1,2024,1378,1,0,35,develop,assessor or aerials,0,0,0,0,1,0
478384,1,2024,1379,1,0,35,develop,assessor or aerials,0,0,0,0,1,0
478385,1,2024,1379,1,0,35,develop,assessor or aerials,0,0,0,0,1,0
478386,1,2024,1782,1,0,35,develop,assessor or aerials,0,0,0,0,1,0
478387,1,2024,2108,1,0,35,develop,assessor or aerials,0,0,0,0,1,0
478388,1,2024,2081,1,0,35,develop,assessor or aerials,0,0,0,0,1,0
478389,1,2024,1851,1,0,35,develop,assessor or aerials,0,0,0,0,1,0
478390,1,2024,1669,1,0,35,develop,assessor or aerials,0,0,0,0,1,0
478391,1,2024,1537,1,0,35,develop,assessor or aerials,0,0,0,0,1,0
478392,1,2024,1537,1,0,35,develop,assessor or aerials,0,0,0,0,1,0
478393,1,2024,1537,1,0,35,develop,assessor or aerials,0,0,0,0,1,0
478394,1,2024,1537,1,0,35,develop,assessor or aerials,0,0,0,0,1,0
478395,1,2024,1537,1,0,35,develop,assessor or aerials,0,0,0,0,1,0
478396,1,2024,1537,1,0,35,develop,assessor or aerials,0,0,0,0,1,0
478397,1,2024,1537,1,0,35,develop,assessor or aerials,0,0,0,0,1,0
478398,1,2024,1537,1,0,35,develop,assessor or aerials,0,0,0,0,1,0
478399,1,2024,1537,1,0,35,develop,assessor or aerials,0,0,0,0,1,0
478400,1,2024,1537,1,0,35,develop,assessor or aerials,0,0,0,0,1,0
478401,1,2024,2930,1,0,35,develop,assessor or aerials,0,0,0,0,1,0
478402,1,2024,2028,1,0,35,develop,assessor or aerials,0,0,0,0,1,0
478403,1,2024,2472,1,0,35,develop,assessor or aerials,0,0,0,0,1,0
478404,1,2024,2090,1,0,35,develop,assessor or aerials,0,0,0,0,1,0
478405,1,2024,1531,1,0,35,develop,assessor or aerials,0,0,0,0,1,0
478406,1,2024,1470,1,0,35,develop,assessor or aerials,0,0,0,0,1,0
478407,1,2024,2057,1,0,35,develop,assessor or aerials,0,0,0,0,1,0
478408,1,2024,1379,1,0,35,develop,assessor or aerials,0,0,0,0,1,0
478409,1,2024,1470,1,0,35,develop,assessor or aerials,0,0,0,0,1,0
478410,1,2024,1379,1,0,35,develop,assessor or aerials,0,0,0,0,1,0
478411,1,2024,1470,1,0,35,develop,assessor or aerials,0,0,0,0,1,0
478412,1,2024,1770,1,0,35,develop,assessor or aerials,0,0,0,0,1,0
478413,1,2024,1226,1,0,35,develop,assessor or aerials,0,0,0,0,1,0
478414,1,2024,1470,1,0,35,develop,assessor or aerials,0,0,0,0,1,0
478415,1,2024,1379,1,0,35,develop,assessor or aerials,0,0,0,0,1,0
478416,1,2024,1379,1,0,35,develop,assessor or aerials,0,0,0,0,1,0
478417,1,2024,1379,1,0,35,develop,assessor or aerials,0,0,0,0,1,0
478418,1,2024,2442,1,0,35,develop,assessor or aerials,0,0,0,0,1,0
478419,1,2024,2198,1,0,35,develop,assessor or aerials,0,0,0,0,1,0
478420,1,2024,2093,1,0,35,develop,assessor or aerials,0,0,0,0,1,0
478421,1,2024,2233,1,0,35,develop,assessor or aerials,0,0,0,0,1,0
478422,1,2024,2093,1,0,35,develop,assessor or aerials,0,0,0,0,1,0
478423,1,2024,2198,1,0,35,develop,assessor or aerials,0,0,0,0,1,0
478424,1,2024,2087,1,0,35,develop,assessor or aerials,0,0,0,0,1,0
478425,1,2024,2287,1,0,35,develop,assessor or aerials,0,0,0,0,1,0
478426,1,2024,2056,1,0,35,develop,assessor or aerials,0,0,0,0,1,0
478427,1,2024,2461,1,0,35,develop,assessor or aerials,0,0,0,0,1,0
478428,1,2024,2093,1,0,35,develop,assessor or aerials,0,0,0,0,1,0
478429,1,2024,2117,1,0,35,develop,assessor or aerials,0,0,0,0,1,0
478430,1,2024,2093,1,0,35,develop,assessor or aerials,0,0,0,0,1,0
478431,1,2024,2093,1,0,35,develop,assessor or aerials,0,0,0,0,1,0
478432,1,2024,2093,1,0,35,develop,assessor or aerials,0,0,0,0,1,0
478433,1,2024,2093,1,0,35,develop,assessor or aerials,0,0,0,0,1,0
478434,1,2024,2124,1,0,35,develop,assessor or aerials,0,0,0,0,1,0
478435,1,2024,2093,1,0,35,develop,assessor or aerials,0,0,0,0,1,0
478436,1,2024,2093,1,0,35,develop,assessor or aerials,0,0,0,0,1,0
478437,1,2024,2093,1,0,35,develop,assessor or aerials,0,0,0,0,1,0
478438,1,2024,2093,1,0,35,develop,assessor or aerials,0,0,0,0,1,0
478439,1,2024,2093,1,0,35,develop,assessor or aerials,0,0,0,0,1,0
478440,1,2024,2102,1,0,35,develop,assessor or aerials,0,0,0,0,1,0
478441,1,2024,2093,1,0,35,develop,assessor or aerials,0,0,0,0,1,0
478442,1,2024,2093,1,0,35,develop,assessor or aerials,0,0,0,0,1,0
478443,1,2024,2093,1,0,35,develop,assessor or aerials,0,0,0,0,1,0
478444,1,2024,2092,1,0,35,develop,assessor or aerials,0,0,0,0,1,0
478445,1,2024,2216,1,0,35,develop,assessor or aerials,0,0,0,0,1,0
478446,1,2024,2093,1,0,35,develop,assessor or aerials,0,0,0,0,1,0
478447,1,2024,2093,1,0,35,develop,assessor or aerials,0,0,0,0,1,0
478448,1,2024,2093,1,0,35,develop,assessor or aerials,0,0,0,0,1,0
478449,1,2024,2093,1,0,35,develop,assessor or aerials,0,0,0,0,1,0
478450,1,2024,2093,1,0,35,develop,assessor or aerials,0,0,0,0,1,0
478451,1,2024,2140,1,0,35,develop,assessor or aerials,0,0,0,0,1,0
478452,1,2024,2159,1,0,35,develop,assessor or aerials,0,0,0,0,1,0
478453,1,2024,2094,1,0,35,develop,assessor or aerials,0,0,0,0,1,0
478454,1,2024,2093,1,0,35,develop,assessor or aerials,0,0,0,0,1,0
478455,1,2024,1388,1,0,35,develop,assessor or aerials,0,0,0,0,1,0
478456,1,2024,1323,1,0,35,develop,assessor or aerials,0,0,0,0,1,0
478457,1,2024,1224,1,0,35,develop,assessor or aerials,0,0,0,0,1,0
478458,1,2024,1483,1,0,35,develop,assessor or aerials,0,0,0,0,1,0
478459,1,2024,1684,1,0,35,develop,assessor or aerials,0,0,0,0,1,0
478460,1,2024,1404,1,0,35,develop,assessor or aerials,0,0,0,0,1,0
478461,1,2024,1234,1,0,35,develop,assessor or aerials,0,0,0,0,1,0
478462,1,2024,1277,1,0,35,develop,assessor or aerials,0,0,0,0,1,0
478463,1,2024,1270,1,0,35,develop,assessor or aerials,0,0,0,0,1,0
478464,1,2024,1277,1,0,35,develop,assessor or aerials,0,0,0,0,1,0
478465,1,2024,1270,1,0,35,develop,assessor or aerials,0,0,0,0,1,0
478466,1,2024,1277,1,0,35,develop,assessor or aerials,0,0,0,0,1,0
478467,1,2024,2698,1,0,35,develop,assessor or aerials,0,0,0,0,1,0
478468,1,2024,1954,1,0,35,develop,assessor or aerials,0,0,0,0,1,0
478469,1,2024,1334,1,0,35,develop,assessor or aerials,0,0,0,0,1,0
478470,1,2024,1809,1,0,35,develop,assessor or aerials,0,0,0,0,1,0
478471,2,2024,3091,1,0,35,develop,assessor or aerials,0,0,0,0,1,0
478472,2,2024,3357,1,0,35,develop,assessor or aerials,0,0,0,0,1,0
478473,1,2024,2406,1,0,35,develop,assessor or aerials,0,0,0,0,1,0
478474,1,2024,1040,1,0,35,develop,assessor or aerials,0,0,0,0,1,0
478475,1,2024,1343,1,0,35,develop,assessor or aerials,0,0,0,0,1,0
478476,1,2024,1249,1,0,35,develop,assessor or aerials,0,0,0,0,1,0
478477,1,2024,1389,1,0,35,develop,assessor or aerials,0,0,0,0,1,0
478478,2,2024,1388,1,0,35,develop,assessor or aerials,0,0,0,0,1,0
478479,2,2024,1437,1,0,35,develop,assessor or aerials,0,0,0,0,1,0
478480,2,2024,1635,1,0,35,develop,assessor or aerials,0,0,0,0,1,0
478481,2,2024,2426,1,0,35,develop,assessor or aerials,0,0,0,0,1,0
478483,1,2024,1687,1,0,35,develop,assessor or aerials,0,0,0,0,1,0
478484,1,2024,1245,1,0,35,develop,assessor or aerials,0,0,0,0,1,0
478485,1,2024,1896,1,0,35,develop,assessor or aerials,0,0,0,0,1,0
478486,1,2024,1334,1,0,35,develop,assessor or aerials,0,0,0,0,1,0
478487,1,2024,1334,1,0,35,develop,assessor or aerials,0,0,0,0,1,0
478488,1,2024,1334,1,0,35,develop,assessor or aerials,0,0,0,0,1,0
478489,1,2024,1512,1,0,35,develop,assessor or aerials,0,0,0,0,1,0
478490,1,2024,1725,1,0,35,develop,assessor or aerials,0,0,0,0,1,0
478491,1,2024,1099,1,0,35,develop,assessor or aerials,0,0,0,0,1,0
478492,1,2024,1294,1,0,35,develop,assessor or aerials,0,0,0,0,1,0
478493,1,2024,1524,1,0,35,develop,assessor or aerials,0,0,0,0,1,0
478494,1,2024,977,1,0,35,develop,assessor or aerials,0,0,0,0,1,0
478495,1,2024,977,1,0,35,develop,assessor or aerials,0,0,0,0,1,0
478496,1,2024,1159,1,0,35,develop,assessor or aerials,0,0,0,0,1,0
478497,1,2024,1127,1,0,35,develop,assessor or aerials,0,0,0,0,1,0
478498,1,2024,1157,1,0,35,develop,assessor or aerials,0,0,0,0,1,0
478499,1,2024,1765,1,0,35,develop,assessor or aerials,0,0,0,0,1,0
478500,1,2024,1200,1,0,35,develop,assessor or aerials,0,0,0,0,1,0
478501,1,2024,1343,1,0,35,develop,assessor or aerials,0,0,0,0,1,0
478503,2,2024,22665,58,0,35,develop,assessor or aerials,0,0,0,0,1,0
478504,1,2024,2148,1,0,35,develop,assessor or aerials,0,0,0,0,1,0
478505,1,2024,3438,1,0,35,develop,assessor or aerials,0,0,0,0,1,0
478506,1,2024,1979,1,0,35,develop,assessor or aerials,0,0,0,0,1,0
478507,1,2024,2765,1,0,35,develop,assessor or aerials,0,0,0,0,1,0
478508,1,2024,2836,1,0,35,develop,assessor or aerials,0,0,0,0,1,0
478509,1,2024,2981,1,0,35,develop,assessor or aerials,0,0,0,0,1,0
478510,1,2024,2528,1,0,35,develop,assessor or aerials,0,0,0,0,1,0
478511,1,2024,2694,1,0,35,develop,assessor or aerials,0,0,0,0,1,0
478512,1,2024,2997,1,0,35,develop,assessor or aerials,0,0,0,0,1,0
478513,1,2024,5136,1,0,35,develop,assessor or aerials,0,0,0,0,1,0
478515,1,2024,8349,2,0,35,develop,assessor or aerials,0,0,0,0,1,0
478516,1,2024,6194,2,0,35,develop,assessor or aerials,0,0,0,0,1,0
478517,1,2024,5300,2,0,35,develop,assessor or aerials,0,0,0,0,1,0
478518,1,2024,11298,1,0,35,develop,assessor or aerials,0,0,0,0,1,0
478519,1,2024,9802,2,0,35,develop,assessor or aerials,0,0,0,0,1,0
478520,2,2024,5416,5,0,35,develop,assessor or aerials,0,0,0,0,1,0
478521,1,2024,1509,1,0,35,develop,assessor or aerials,0,0,0,0,1,0
478522,1,2024,1506,1,0,35,develop,assessor or aerials,0,0,0,0,1,0
478523,1,2024,1509,1,0,35,develop,assessor or aerials,0,0,0,0,1,0
478524,1,2024,1504,1,0,35,develop,assessor or aerials,0,0,0,0,1,0
478525,1,2024,1511,1,0,35,develop,assessor or aerials,0,0,0,0,1,0
478526,1,2024,1392,1,0,35,develop,assessor or aerials,0,0,0,0,1,0
478527,1,2024,1392,1,0,35,develop,assessor or aerials,0,0,0,0,1,0
478528,1,2024,1392,1,0,35,develop,assessor or aerials,0,0,0,0,1,0
478529,1,2024,1392,1,0,35,develop,assessor or aerials,0,0,0,0,1,0
478530,1,2024,1516,1,0,35,develop,assessor or aerials,0,0,0,0,1,0
478531,1,2024,1500,1,0,35,develop,assessor or aerials,0,0,0,0,1,0
478532,1,2024,1346,1,0,35,develop,assessor or aerials,0,0,0,0,1,0
478533,1,2024,1387,1,0,35,develop,assessor or aerials,0,0,0,0,1,0
478534,1,2024,1389,1,0,35,develop,assessor or aerials,0,0,0,0,1,0
478535,1,2024,1346,1,0,35,develop,assessor or aerials,0,0,0,0,1,0
478536,1,2024,1346,1,0,35,develop,assessor or aerials,0,0,0,0,1,0
478537,1,2024,1346,1,0,35,develop,assessor or aerials,0,0,0,0,1,0
478538,1,2024,1612,1,0,35,develop,assessor or aerials,0,0,0,0,1,0
478546,1,2024,1422,1,0,35,develop,assessor or aerials,0,0,0,0,1,0
478547,1,2024,1682,1,0,35,develop,assessor or aerials,0,0,0,0,1,0
478548,1,2024,1632,1,0,35,develop,assessor or aerials,0,0,0,0,1,0
478549,1,2024,3007,1,0,35,develop,assessor or aerials,0,0,0,0,1,0
478550,1,2024,3241,1,0,35,develop,assessor or aerials,0,0,0,0,1,0
478551,1,2024,2602,1,0,35,develop,assessor or aerials,0,0,0,0,1,0
478552,1,2024,2848,1,0,35,develop,assessor or aerials,0,0,0,0,1,0
478553,1,2024,1573,1,0,35,develop,assessor or aerials,0,0,0,0,1,0
478576,1,2024,4302,1,0,35,develop,assessor or aerials,0,0,0,0,1,0
478582,1,2024,4157,1,0,35,develop,assessor or aerials,0,0,0,0,1,0
478599,1,2024,6299,1,0,35,develop,assessor or aerials,0,0,0,0,1,0
478600,1,2024,1793,1,0,35,develop,assessor or aerials,0,0,0,0,1,0
478601,1,2024,1845,1,0,35,develop,assessor or aerials,0,0,0,0,1,0
478602,1,2024,2576,1,0,35,develop,assessor or aerials,0,0,0,0,1,0
478603,1,2024,2216,1,0,35,develop,assessor or aerials,0,0,0,0,1,0
478604,1,2024,1978,1,0,35,develop,assessor or aerials,0,0,0,0,1,0
478605,1,2024,1609,1,0,35,develop,assessor or aerials,0,0,0,0,1,0
478606,1,2024,1638,1,0,35,develop,assessor or aerials,0,0,0,0,1,0
478607,1,2024,1638,1,0,35,develop,assessor or aerials,0,0,0,0,1,0
478608,1,2024,1680,1,0,35,develop,assessor or aerials,0,0,0,0,1,0
478609,1,2024,1500,1,0,35,develop,assessor or aerials,0,0,0,0,1,0
478610,1,2024,1500,1,0,35,develop,assessor or aerials,0,0,0,0,1,0
478611,1,2024,1500,1,0,35,develop,assessor or aerials,0,0,0,0,1,0
478612,1,2024,1639,1,0,35,develop,assessor or aerials,0,0,0,0,1,0
478613,1,2024,1652,1,0,35,develop,assessor or aerials,0,0,0,0,1,0
478614,1,2024,1909,1,0,35,develop,assessor or aerials,0,0,0,0,1,0
478615,1,2024,1753,1,0,35,develop,assessor or aerials,0,0,0,0,1,0
478616,1,2024,2366,1,0,35,develop,assessor or aerials,0,0,0,0,1,0
478617,1,2024,2366,1,0,35,develop,assessor or aerials,0,0,0,0,1,0
478618,1,2024,2366,1,0,35,develop,assessor or aerials,0,0,0,0,1,0
478619,1,2024,2367,1,0,35,develop,assessor or aerials,0,0,0,0,1,0
478620,1,2024,2291,1,0,35,develop,assessor or aerials,0,0,0,0,1,0
478621,1,2024,2567,1,0,35,develop,assessor or aerials,0,0,0,0,1,0
478622,1,2024,2407,1,0,35,develop,assessor or aerials,0,0,0,0,1,0
478623,1,2024,2783,1,0,35,develop,assessor or aerials,0,0,0,0,1,0
478624,1,2024,2429,1,0,35,develop,assessor or aerials,0,0,0,0,1,0
478625,1,2024,2293,1,0,35,develop,assessor or aerials,0,0,0,0,1,0
478626,1,2024,2327,1,0,35,develop,assessor or aerials,0,0,0,0,1,0
478627,1,2024,2389,1,0,35,develop,assessor or aerials,0,0,0,0,1,0
478628,1,2024,2352,1,0,35,develop,assessor or aerials,0,0,0,0,1,0
478629,1,2024,2200,1,0,35,develop,assessor or aerials,0,0,0,0,1,0
478630,1,2024,2553,1,0,35,develop,assessor or aerials,0,0,0,0,1,0
478631,1,2024,2103,1,0,35,develop,assessor or aerials,0,0,0,0,1,0
478632,1,2024,2137,1,0,35,develop,assessor or aerials,0,0,0,0,1,0
478633,1,2024,2143,1,0,35,develop,assessor or aerials,0,0,0,0,1,0
478634,1,2024,1489,1,0,35,develop,assessor or aerials,0,0,0,0,1,0
478635,1,2025,2093,1,0,35,develop,assessor or aerials,0,0,0,0,1,0
478636,1,2025,2218,1,0,35,develop,assessor or aerials,0,0,0,0,1,0
478637,1,2025,2096,1,0,35,develop,assessor or aerials,0,0,0,0,1,0
478638,1,2025,2229,1,0,35,develop,assessor or aerials,0,0,0,0,1,0
478639,1,2024,1481,1,0,35,develop,assessor or aerials,0,0,0,0,1,0
478640,1,2025,1423,1,0,35,develop,assessor or aerials,0,0,0,0,1,0
478641,1,2025,1207,1,0,35,develop,assessor or aerials,0,0,0,0,1,0
478642,1,2025,1321,1,0,35,develop,assessor or aerials,0,0,0,0,1,0
478643,1,2024,937,1,0,35,develop,assessor or aerials,0,0,0,0,1,0
478644,1,2024,1078,1,0,35,develop,assessor or aerials,0,0,0,0,1,0
478645,1,2024,848,1,0,35,develop,assessor or aerials,0,0,0,0,1,0
478646,1,2024,835,1,0,35,develop,assessor or aerials,0,0,0,0,1,0
478647,1,2024,867,1,0,35,develop,assessor or aerials,0,0,0,0,1,0
478648,1,2024,1314,1,0,35,develop,assessor or aerials,0,0,0,0,1,0
478649,1,2024,2014,1,0,35,develop,assessor or aerials,0,0,0,0,1,0
478650,1,2024,2406,1,0,35,develop,assessor or aerials,0,0,0,0,1,0
478651,1,2024,2474,1,0,35,develop,assessor or aerials,0,0,0,0,1,0
478652,1,2024,2533,1,0,35,develop,assessor or aerials,0,0,0,0,1,0
478653,1,2025,1018,1,0,35,develop,assessor or aerials,0,0,0,0,1,0
478654,1,2024,1086,1,0,35,develop,assessor or aerials,0,0,0,0,1,0
478655,1,2024,1418,1,0,35,develop,assessor or aerials,0,0,0,0,1,0
478656,1,2024,1908,1,0,35,develop,assessor or aerials,0,0,0,0,1,0
478657,1,2024,2574,1,0,35,develop,assessor or aerials,0,0,0,0,1,0
478658,1,2024,1429,1,0,35,develop,assessor or aerials,0,0,0,0,1,0
478659,1,2024,1405,1,0,35,develop,assessor or aerials,0,0,0,0,1,0
478660,1,2024,1481,1,0,35,develop,assessor or aerials,0,0,0,0,1,0
478661,1,2024,1489,1,0,35,develop,assessor or aerials,0,0,0,0,1,0
478662,1,2024,1489,1,0,35,develop,assessor or aerials,0,0,0,0,1,0
478663,1,2024,1490,1,0,35,develop,assessor or aerials,0,0,0,0,1,0
478664,1,2024,1490,1,0,35,develop,assessor or aerials,0,0,0,0,1,0
478665,1,2024,1491,1,0,35,develop,assessor or aerials,0,0,0,0,1,0
478666,1,2024,1493,1,0,35,develop,assessor or aerials,0,0,0,0,1,0
478667,1,2024,1554,1,0,35,develop,assessor or aerials,0,0,0,0,1,0
478668,1,2024,1570,1,0,35,develop,assessor or aerials,0,0,0,0,1,0
478669,1,2024,1491,1,0,35,develop,assessor or aerials,0,0,0,0,1,0
478670,1,2024,1536,1,0,35,develop,assessor or aerials,0,0,0,0,1,0
478671,1,2024,1686,1,0,35,develop,assessor or aerials,0,0,0,0,1,0
478672,2,2024,18347,34,0,35,develop,assessor or aerials,0,0,0,0,1,0
478673,2,2024,43750,68,0,35,develop,assessor or aerials,0,0,0,0,1,0
478674,1,2024,900,1,0,35,develop,assessor or aerials,0,0,0,0,1,0
478675,1,2024,895,1,0,35,develop,assessor or aerials,0,0,0,0,1,0
478676,1,2024,894,1,0,35,develop,assessor or aerials,0,0,0,0,1,0
478677,1,2024,894,1,0,35,develop,assessor or aerials,0,0,0,0,1,0
478678,1,2024,894,1,0,35,develop,assessor or aerials,0,0,0,0,1,0
478679,1,2024,894,1,0,35,develop,assessor or aerials,0,0,0,0,1,0
478680,1,2024,894,1,0,35,develop,assessor or aerials,0,0,0,0,1,0
478681,1,2024,894,1,0,35,develop,assessor or aerials,0,0,0,0,1,0
478682,1,2024,894,1,0,35,develop,assessor or aerials,0,0,0,0,1,0
478683,1,2024,907,1,0,35,develop,assessor or aerials,0,0,0,0,1,0
478684,1,2024,861,1,0,35,develop,assessor or aerials,0,0,0,0,1,0
478685,1,2024,894,1,0,35,develop,assessor or aerials,0,0,0,0,1,0
478686,1,2024,894,1,0,35,develop,assessor or aerials,0,0,0,0,1,0
478687,1,2024,894,1,0,35,develop,assessor or aerials,0,0,0,0,1,0
478688,1,2024,894,1,0,35,develop,assessor or aerials,0,0,0,0,1,0
478689,1,2024,894,1,0,35,develop,assessor or aerials,0,0,0,0,1,0
478690,1,2024,894,1,0,35,develop,assessor or aerials,0,0,0,0,1,0
478691,1,2024,894,1,0,35,develop,assessor or aerials,0,0,0,0,1,0
478692,1,2024,921,1,0,35,develop,assessor or aerials,0,0,0,0,1,0
478693,1,2024,1353,1,0,35,develop,assessor or aerials,0,0,0,0,1,0
478694,1,2024,1426,1,0,35,develop,assessor or aerials,0,0,0,0,1,0
478695,1,2024,1186,1,0,35,develop,assessor or aerials,0,0,0,0,1,0
478696,1,2024,1241,1,0,35,develop,assessor or aerials,0,0,0,0,1,0
478697,1,2024,1673,1,0,35,develop,assessor or aerials,0,0,0,0,1,0
478698,1,2024,1279,1,0,35,develop,assessor or aerials,0,0,0,0,1,0
478699,1,2024,949,1,0,35,develop,assessor or aerials,0,0,0,0,1,0
478700,1,2024,905,1,0,35,develop,assessor or aerials,0,0,0,0,1,0
478701,1,2024,1010,1,0,35,develop,assessor or aerials,0,0,0,0,1,0
478702,1,2024,893,1,0,35,develop,assessor or aerials,0,0,0,0,1,0
478703,1,2024,892,1,0,35,develop,assessor or aerials,0,0,0,0,1,0
478704,1,2024,2191,1,0,35,develop,assessor or aerials,0,0,0,0,1,0
478705,1,2024,2185,1,0,35,develop,assessor or aerials,0,0,0,0,1,0
478706,1,2024,2184,1,0,35,develop,assessor or aerials,0,0,0,0,1,0
478707,1,2024,2184,1,0,35,develop,assessor or aerials,0,0,0,0,1,0
478708,1,2024,2056,1,0,35,develop,assessor or aerials,0,0,0,0,1,0
478709,1,2024,1194,1,0,35,develop,assessor or aerials,0,0,0,0,1,0
478710,1,2024,1397,1,0,35,develop,assessor or aerials,0,0,0,0,1,0
478711,1,2024,1183,1,0,35,develop,assessor or aerials,0,0,0,0,1,0
478712,1,2024,1233,1,0,35,develop,assessor or aerials,0,0,0,0,1,0
478713,1,2024,1439,1,0,35,develop,assessor or aerials,0,0,0,0,1,0
478714,1,2024,1204,1,0,35,develop,assessor or aerials,0,0,0,0,1,0
478715,1,2024,4697,1,0,35,develop,assessor or aerials,0,0,0,0,1,0
478716,1,2024,4791,1,0,35,develop,assessor or aerials,0,0,0,0,1,0
478717,1,2024,4741,1,0,35,develop,assessor or aerials,0,0,0,0,1,0
478719,1,2024,4552,1,0,35,develop,assessor or aerials,0,0,0,0,1,0
478720,1,2024,5873,1,0,35,develop,assessor or aerials,0,0,0,0,1,0
478721,1,2024,8214,1,0,35,develop,assessor or aerials,0,0,0,0,1,0
478722,1,2024,4035,1,0,35,develop,assessor or aerials,0,0,0,0,1,0
478723,1,2024,5960,1,0,35,develop,assessor or aerials,0,0,0,0,1,0
478724,1,2024,5767,1,0,35,develop,assessor or aerials,0,0,0,0,1,0
478725,1,2024,4699,1,0,35,develop,assessor or aerials,0,0,0,0,1,0
478726,1,2024,4315,1,0,35,develop,assessor or aerials,0,0,0,0,1,0
478727,1,2024,4315,1,0,35,develop,assessor or aerials,0,0,0,0,1,0
478728,1,2024,4315,1,0,35,develop,assessor or aerials,0,0,0,0,1,0
478729,1,2024,6698,1,0,35,develop,assessor or aerials,0,0,0,0,1,0
478730,1,2024,2689,1,0,35,develop,assessor or aerials,0,0,0,0,1,0
478731,1,2024,2624,1,0,35,develop,assessor or aerials,0,0,0,0,1,0
478732,1,2024,2641,1,0,35,develop,assessor or aerials,0,0,0,0,1,0
478733,1,2024,2874,1,0,35,develop,assessor or aerials,0,0,0,0,1,0
478734,1,2024,2835,1,0,35,develop,assessor or aerials,0,0,0,0,1,0
478735,1,2024,2654,1,0,35,develop,assessor or aerials,0,0,0,0,1,0
478736,1,2024,2773,1,0,35,develop,assessor or aerials,0,0,0,0,1,0
478737,1,2024,1020,1,0,35,develop,assessor or aerials,0,0,0,0,1,0
478738,1,2024,1069,1,0,35,develop,assessor or aerials,0,0,0,0,1,0
478739,1,2024,962,1,0,35,develop,assessor or aerials,0,0,0,0,1,0
478740,1,2024,1016,1,0,35,develop,assessor or aerials,0,0,0,0,1,0
478741,1,2024,1016,1,0,35,develop,assessor or aerials,0,0,0,0,1,0
478742,1,2024,1084,1,0,35,develop,assessor or aerials,0,0,0,0,1,0
478799,1,2024,1892,1,0,35,develop,assessor or aerials,0,0,0,0,1,0
478800,1,2024,1887,1,0,35,develop,assessor or aerials,0,0,0,0,1,0
478801,1,2024,1805,1,0,35,develop,assessor or aerials,0,0,0,0,1,0
478802,1,2024,1737,1,0,35,develop,assessor or aerials,0,0,0,0,1,0
478808,1,2024,3894,1,0,35,develop,assessor or aerials,0,0,0,0,1,0
478809,1,2024,3293,1,0,35,develop,assessor or aerials,0,0,0,0,1,0
478810,1,2024,6119,1,0,35,develop,assessor or aerials,0,0,0,0,1,0
478811,1,2024,4271,1,0,35,develop,assessor or aerials,0,0,0,0,1,0
478813,1,2024,1812,1,0,35,develop,assessor or aerials,0,0,0,0,1,0
478814,1,2024,1705,1,0,35,develop,assessor or aerials,0,0,0,0,1,0
478815,1,2024,1599,1,0,35,develop,assessor or aerials,0,0,0,0,1,0
478816,1,2024,1638,1,0,35,develop,assessor or aerials,0,0,0,0,1,0
478817,1,2024,1647,1,0,35,develop,assessor or aerials,0,0,0,0,1,0
478818,1,2024,1793,1,0,35,develop,assessor or aerials,0,0,0,0,1,0
478819,1,2024,1256,1,0,35,develop,assessor or aerials,0,0,0,0,1,0
478820,1,2024,1256,1,0,35,develop,assessor or aerials,0,0,0,0,1,0
478821,1,2024,1256,1,0,35,develop,assessor or aerials,0,0,0,0,1,0
478822,1,2024,1256,1,0,35,develop,assessor or aerials,0,0,0,0,1,0
478823,1,2024,1570,1,0,35,develop,assessor or aerials,0,0,0,0,1,0
478824,1,2024,1256,1,0,35,develop,assessor or aerials,0,0,0,0,1,0
478825,1,2024,1256,1,0,35,develop,assessor or aerials,0,0,0,0,1,0
478826,1,2024,1570,1,0,35,develop,assessor or aerials,0,0,0,0,1,0
478827,1,2024,1256,1,0,35,develop,assessor or aerials,0,0,0,0,1,0
478828,1,2024,1403,1,0,35,develop,assessor or aerials,0,0,0,0,1,0
478829,1,2024,1694,1,0,35,develop,assessor or aerials,0,0,0,0,1,0
478830,1,2024,1819,1,0,35,develop,assessor or aerials,0,0,0,0,1,0
478831,1,2024,2692,1,0,35,develop,assessor or aerials,0,0,0,0,1,0
478832,1,2024,1480,1,0,35,develop,assessor or aerials,0,0,0,0,1,0
478833,1,2024,1434,1,0,35,develop,assessor or aerials,0,0,0,0,1,0
478834,1,2024,1173,1,0,35,develop,assessor or aerials,0,0,0,0,1,0
478835,1,2024,1196,1,0,35,develop,assessor or aerials,0,0,0,0,1,0
478836,1,2024,1219,1,0,35,develop,assessor or aerials,0,0,0,0,1,0
478837,1,2024,1555,1,0,35,develop,assessor or aerials,0,0,0,0,1,0
478838,1,2024,1591,1,0,35,develop,assessor or aerials,0,0,0,0,1,0
478839,1,2024,1627,1,0,35,develop,assessor or aerials,0,0,0,0,1,0
478840,1,2024,1662,1,0,35,develop,assessor or aerials,0,0,0,0,1,0
478841,1,2024,1598,1,0,35,develop,assessor or aerials,0,0,0,0,1,0
478842,1,2024,2144,1,0,35,develop,assessor or aerials,0,0,0,0,1,0
478843,1,2024,2258,1,0,35,develop,assessor or aerials,0,0,0,0,1,0
478844,1,2024,1418,1,0,35,develop,assessor or aerials,0,0,0,0,1,0
478845,1,2024,1381,1,0,35,develop,assessor or aerials,0,0,0,0,1,0
478846,1,2024,2106,1,0,35,develop,assessor or aerials,0,0,0,0,1,0
478847,1,2024,2428,1,0,35,develop,assessor or aerials,0,0,0,0,1,0
478849,1,2024,1858,1,0,35,develop,assessor or aerials,0,0,0,0,1,0
478850,1,2024,1814,1,0,35,develop,assessor or aerials,0,0,0,0,1,0
478851,1,2024,1814,1,0,35,develop,assessor or aerials,0,0,0,0,1,0
478852,1,2024,1814,1,0,35,develop,assessor or aerials,0,0,0,0,1,0
478853,1,2024,1814,1,0,35,develop,assessor or aerials,0,0,0,0,1,0
478854,1,2024,2002,1,0,35,develop,assessor or aerials,0,0,0,0,1,0
478855,1,2024,1814,1,0,35,develop,assessor or aerials,0,0,0,0,1,0
478856,1,2024,1815,1,0,35,develop,assessor or aerials,0,0,0,0,1,0
478857,1,2024,2196,1,0,35,develop,assessor or aerials,0,0,0,0,1,0
478858,1,2024,1814,1,0,35,develop,assessor or aerials,0,0,0,0,1,0
478859,1,2024,1814,1,0,35,develop,assessor or aerials,0,0,0,0,1,0
478860,1,2024,1814,1,0,35,develop,assessor or aerials,0,0,0,0,1,0
478861,1,2024,2115,1,0,35,develop,assessor or aerials,0,0,0,0,1,0
478862,1,2024,1814,1,0,35,develop,assessor or aerials,0,0,0,0,1,0
478863,1,2024,1814,1,0,35,develop,assessor or aerials,0,0,0,0,1,0
478864,1,2024,1814,1,0,35,develop,assessor or aerials,0,0,0,0,1,0
478865,1,2024,1814,1,0,35,develop,assessor or aerials,0,0,0,0,1,0
478866,1,2024,2002,1,0,35,develop,assessor or aerials,0,0,0,0,1,0
478867,1,2024,1814,1,0,35,develop,assessor or aerials,0,0,0,0,1,0
478868,1,2024,1814,1,0,35,develop,assessor or aerials,0,0,0,0,1,0
478869,1,2024,1814,1,0,35,develop,assessor or aerials,0,0,0,0,1,0
478870,1,2024,1814,1,0,35,develop,assessor or aerials,0,0,0,0,1,0
478871,1,2024,2047,1,0,35,develop,assessor or aerials,0,0,0,0,1,0
478872,1,2024,1837,1,0,35,develop,assessor or aerials,0,0,0,0,1,0
478873,1,2024,2153,1,0,35,develop,assessor or aerials,0,0,0,0,1,0
478874,1,2024,2369,1,0,35,develop,assessor or aerials,0,0,0,0,1,0
478875,1,2024,2612,1,0,35,develop,assessor or aerials,0,0,0,0,1,0
478876,1,2024,2322,1,0,35,develop,assessor or aerials,0,0,0,0,1,0
478877,1,2024,1691,1,0,35,develop,assessor or aerials,0,0,0,0,1,0
478878,1,2024,2459,1,0,35,develop,assessor or aerials,0,0,0,0,1,0
478879,1,2024,1588,1,0,35,develop,assessor or aerials,0,0,0,0,1,0
478880,1,2024,1992,1,0,35,develop,assessor or aerials,0,0,0,0,1,0
478881,1,2024,1662,1,0,35,develop,assessor or aerials,0,0,0,0,1,0
478882,1,2024,4567,1,0,35,develop,assessor or aerials,0,0,0,0,1,0
478883,1,2024,6769,1,0,35,develop,assessor or aerials,0,0,0,0,1,0
478884,1,2024,4615,1,0,35,develop,assessor or aerials,0,0,0,0,1,0
478885,1,2024,4536,1,0,35,develop,assessor or aerials,0,0,0,0,1,0
478886,1,2024,4536,1,0,35,develop,assessor or aerials,0,0,0,0,1,0
478887,1,2024,4621,1,0,35,develop,assessor or aerials,0,0,0,0,1,0
478888,1,2024,4542,1,0,35,develop,assessor or aerials,0,0,0,0,1,0
478889,1,2024,4542,1,0,35,develop,assessor or aerials,0,0,0,0,1,0
478890,1,2024,4709,1,0,35,develop,assessor or aerials,0,0,0,0,1,0
478891,1,2024,4542,1,0,35,develop,assessor or aerials,0,0,0,0,1,0
478892,1,2024,4542,1,0,35,develop,assessor or aerials,0,0,0,0,1,0
478893,1,2024,4568,1,0,35,develop,assessor or aerials,0,0,0,0,1,0
478894,1,2024,7229,1,0,35,develop,assessor or aerials,0,0,0,0,1,0
478895,1,2024,4542,1,0,35,develop,assessor or aerials,0,0,0,0,1,0
478896,1,2024,4532,1,0,35,develop,assessor or aerials,0,0,0,0,1,0
478897,1,2024,4538,1,0,35,develop,assessor or aerials,0,0,0,0,1,0
478898,1,2024,3516,1,0,35,develop,assessor or aerials,0,0,0,0,1,0
478899,1,2024,7075,1,0,35,develop,assessor or aerials,0,0,0,0,1,0
478900,1,2024,4501,1,0,35,develop,assessor or aerials,0,0,0,0,1,0
478901,1,2024,4542,1,0,35,develop,assessor or aerials,0,0,0,0,1,0
478902,1,2024,4542,1,0,35,develop,assessor or aerials,0,0,0,0,1,0
478903,1,2024,4396,1,0,35,develop,assessor or aerials,0,0,0,0,1,0
478904,1,2024,3660,1,0,35,develop,assessor or aerials,0,0,0,0,1,0
478905,1,2024,3657,1,0,35,develop,assessor or aerials,0,0,0,0,1,0
478906,1,2024,5644,1,0,35,develop,assessor or aerials,0,0,0,0,1,0
478908,1,2024,4804,1,0,35,develop,assessor or aerials,0,0,0,0,1,0
478909,1,2024,4542,1,0,35,develop,assessor or aerials,0,0,0,0,1,0
478910,1,2024,5654,1,0,35,develop,assessor or aerials,0,0,0,0,1,0
478911,1,2024,6175,1,0,35,develop,assessor or aerials,0,0,0,0,1,0
478912,1,2024,3522,1,0,35,develop,assessor or aerials,0,0,0,0,1,0
478914,1,2024,3752,1,0,35,develop,assessor or aerials,0,0,0,0,1,0
478915,1,2024,6377,1,0,35,develop,assessor or aerials,0,0,0,0,1,0
478918,1,2024,2111,1,0,35,develop,assessor or aerials,0,0,0,0,1,0
478919,1,2024,3585,1,0,35,develop,assessor or aerials,0,0,0,0,1,0
478920,1,2024,2969,1,0,35,develop,assessor or aerials,0,0,0,0,1,0
478921,1,2024,4794,1,0,35,develop,assessor or aerials,0,0,0,0,1,0
478922,1,2024,2946,1,0,35,develop,assessor or aerials,0,0,0,0,1,0
478923,1,2024,2120,1,0,35,develop,assessor or aerials,0,0,0,0,1,0
478924,1,2024,3233,1,0,35,develop,assessor or aerials,0,0,0,0,1,0
478925,1,2024,2967,1,0,35,develop,assessor or aerials,0,0,0,0,1,0
478926,1,2024,2967,1,0,35,develop,assessor or aerials,0,0,0,0,1,0
478927,1,2024,2923,1,0,35,develop,assessor or aerials,0,0,0,0,1,0
478928,1,2024,2197,1,0,35,develop,assessor or aerials,0,0,0,0,1,0
478929,1,2024,6852,1,0,35,develop,assessor or aerials,0,0,0,0,1,0
478932,1,2024,4590,1,0,35,develop,assessor or aerials,0,0,0,0,1,0
478933,1,2024,4284,1,0,35,develop,assessor or aerials,0,0,0,0,1,0
478934,1,2024,8557,1,0,35,develop,assessor or aerials,0,0,0,0,1,0
478936,1,2024,4301,1,0,35,develop,assessor or aerials,0,0,0,0,1,0
478938,1,2024,4234,1,0,35,develop,assessor or aerials,0,0,0,0,1,0
478941,1,2024,4625,1,0,35,develop,assessor or aerials,0,0,0,0,1,0
478943,1,2024,6275,1,0,35,develop,assessor or aerials,0,0,0,0,1,0
478944,1,2024,3873,1,0,35,develop,assessor or aerials,0,0,0,0,1,0
478945,1,2024,4318,1,0,35,develop,assessor or aerials,0,0,0,0,1,0
478946,1,2024,9375,1,0,35,develop,assessor or aerials,0,0,0,0,1,0
478947,1,2024,4501,1,0,35,develop,assessor or aerials,0,0,0,0,1,0
478948,1,2024,3865,1,0,35,develop,assessor or aerials,0,0,0,0,1,0
478949,1,2024,3829,1,0,35,develop,assessor or aerials,0,0,0,0,1,0
478950,1,2024,7991,1,0,35,develop,assessor or aerials,0,0,0,0,1,0
478952,1,2024,7994,1,0,35,develop,assessor or aerials,0,0,0,0,1,0
478953,1,2024,7150,1,0,35,develop,assessor or aerials,0,0,0,0,1,0
478954,1,2024,6380,1,0,35,develop,assessor or aerials,0,0,0,0,1,0
478955,1,2024,5846,1,0,35,develop,assessor or aerials,0,0,0,0,1,0
478956,1,2024,7215,2,0,35,develop,assessor or aerials,0,0,0,0,1,0
478957,1,2025,11780,1,0,35,develop,assessor or aerials,0,0,0,0,1,0
478958,1,2024,11291,1,0,35,develop,assessor or aerials,0,0,0,0,1,0
478960,1,2024,1258,1,0,35,develop,assessor or aerials,0,0,0,0,1,0
478961,1,2024,1647,1,0,35,develop,assessor or aerials,0,0,0,0,1,0
478962,1,2024,1268,1,0,35,develop,assessor or aerials,0,0,0,0,1,0
478963,1,2024,1382,1,0,35,develop,assessor or aerials,0,0,0,0,1,0
478964,1,2024,1251,1,0,35,develop,assessor or aerials,0,0,0,0,1,0
478965,1,2024,1378,1,0,35,develop,assessor or aerials,0,0,0,0,1,0
478966,1,2024,1249,1,0,35,develop,assessor or aerials,0,0,0,0,1,0
478967,1,2024,1282,1,0,35,develop,assessor or aerials,0,0,0,0,1,0
478968,1,2024,1210,1,0,35,develop,assessor or aerials,0,0,0,0,1,0
478969,1,2024,1482,1,0,35,develop,assessor or aerials,0,0,0,0,1,0
478970,1,2024,1249,1,0,35,develop,assessor or aerials,0,0,0,0,1,0
478971,1,2024,1484,1,0,35,develop,assessor or aerials,0,0,0,0,1,0
478972,1,2024,1353,1,0,35,develop,assessor or aerials,0,0,0,0,1,0
478973,1,2024,1352,1,0,35,develop,assessor or aerials,0,0,0,0,1,0
478974,1,2024,1373,1,0,35,develop,assessor or aerials,0,0,0,0,1,0
478975,1,2024,1183,1,0,35,develop,assessor or aerials,0,0,0,0,1,0
478977,1,2024,5634,1,0,35,develop,assessor or aerials,0,0,0,0,1,0
478981,1,2025,11310,1,0,35,develop,assessor or aerials,0,0,0,0,1,0
478982,1,2024,2711,1,0,35,develop,assessor or aerials,0,0,0,0,1,0
478985,1,2024,6241,1,0,35,develop,assessor or aerials,0,0,0,0,1,0
478987,1,2024,3402,1,0,35,develop,assessor or aerials,0,0,0,0,1,0
478988,1,2024,3418,1,0,35,develop,assessor or aerials,0,0,0,0,1,0
478992,1,2024,367,1,0,35,develop,assessor or aerials,0,0,0,0,1,0
478993,1,2024,367,1,0,35,develop,assessor or aerials,0,0,0,0,1,0
478994,1,2024,367,1,0,35,develop,assessor or aerials,0,0,0,0,1,0
478995,1,2024,367,1,0,35,develop,assessor or aerials,0,0,0,0,1,0
478996,1,2024,367,1,0,35,develop,assessor or aerials,0,0,0,0,1,0
478997,2,2024,1817,3,0,35,develop,assessor or aerials,0,0,0,0,1,0
478998,2,2024,1817,3,0,35,develop,assessor or aerials,0,0,0,0,1,0
478999,1,2024,1773,1,0,35,develop,assessor or aerials,0,0,0,0,1,0
479000,1,2024,1464,1,0,35,develop,assessor or aerials,0,0,0,0,1,0
479001,1,2024,1317,1,0,35,develop,assessor or aerials,0,0,0,0,1,0
479002,1,2024,1311,1,0,35,develop,assessor or aerials,0,0,0,0,1,0
479003,1,2024,1231,1,0,35,develop,assessor or aerials,0,0,0,0,1,0
479004,1,2024,1098,1,0,35,develop,assessor or aerials,0,0,0,0,1,0
479005,1,2024,1098,1,0,35,develop,assessor or aerials,0,0,0,0,1,0
479006,1,2024,1098,1,0,35,develop,assessor or aerials,0,0,0,0,1,0
479007,1,2024,1098,1,0,35,develop,assessor or aerials,0,0,0,0,1,0
479008,1,2024,1098,1,0,35,develop,assessor or aerials,0,0,0,0,1,0
479009,1,2024,1098,1,0,35,develop,assessor or aerials,0,0,0,0,1,0
479010,1,2024,1193,1,0,35,develop,assessor or aerials,0,0,0,0,1,0
479011,1,2024,3140,1,0,35,develop,assessor or aerials,0,0,0,0,1,0
479012,1,2024,2516,1,0,35,develop,assessor or aerials,0,0,0,0,1,0
479013,1,2024,2690,1,0,35,develop,assessor or aerials,0,0,0,0,1,0
479014,1,2024,2624,1,0,35,develop,assessor or aerials,0,0,0,0,1,0
479015,1,2024,2708,1,0,35,develop,assessor or aerials,0,0,0,0,1,0
479016,1,2024,5216,1,0,35,develop,assessor or aerials,0,0,0,0,1,0
479018,1,2024,2083,1,0,35,develop,assessor or aerials,0,0,0,0,1,0
479019,1,2024,1507,1,0,35,develop,assessor or aerials,0,0,0,0,1,0
479020,1,2024,1507,1,0,35,develop,assessor or aerials,0,0,0,0,1,0
479021,1,2024,1508,1,0,35,develop,assessor or aerials,0,0,0,0,1,0
479022,1,2024,1508,1,0,35,develop,assessor or aerials,0,0,0,0,1,0
479023,1,2024,1508,1,0,35,develop,assessor or aerials,0,0,0,0,1,0
479024,1,2024,1498,1,0,35,develop,assessor or aerials,0,0,0,0,1,0
479025,1,2024,2035,1,0,35,develop,assessor or aerials,0,0,0,0,1,0
479026,1,2025,1483,1,0,35,develop,assessor or aerials,0,0,0,0,1,0
479027,1,2024,1524,1,0,35,develop,assessor or aerials,0,0,0,0,1,0
479028,1,2025,1228,1,0,35,develop,assessor or aerials,0,0,0,0,1,0
479029,1,2024,1286,1,0,35,develop,assessor or aerials,0,0,0,0,1,0
479030,1,2024,1588,1,0,35,develop,assessor or aerials,0,0,0,0,1,0
479031,1,2024,1758,1,0,35,develop,assessor or aerials,0,0,0,0,1,0
479032,1,2024,1759,1,0,35,develop,assessor or aerials,0,0,0,0,1,0
479033,1,2024,1730,1,0,35,develop,assessor or aerials,0,0,0,0,1,0
479034,1,2024,1749,1,0,35,develop,assessor or aerials,0,0,0,0,1,0
479035,1,2025,1436,1,0,35,develop,assessor or aerials,0,0,0,0,1,0
479036,1,2025,1265,1,0,35,develop,assessor or aerials,0,0,0,0,1,0
479037,1,2024,1164,1,0,35,develop,assessor or aerials,0,0,0,0,1,0
479038,1,2024,1141,1,0,35,develop,assessor or aerials,0,0,0,0,1,0
479039,1,2024,1076,1,0,35,develop,assessor or aerials,0,0,0,0,1,0
479040,1,2024,1110,1,0,35,develop,assessor or aerials,0,0,0,0,1,0
479041,1,2024,1107,1,0,35,develop,assessor or aerials,0,0,0,0,1,0
479042,1,2024,1052,1,0,35,develop,assessor or aerials,0,0,0,0,1,0
479043,1,2024,1057,1,0,35,develop,assessor or aerials,0,0,0,0,1,0
479044,1,2025,1483,1,0,35,develop,assessor or aerials,0,0,0,0,1,0
479045,1,2025,1193,1,0,35,develop,assessor or aerials,0,0,0,0,1,0
479046,1,2024,1431,1,0,35,develop,assessor or aerials,0,0,0,0,1,0
479047,1,2024,1474,1,0,35,develop,assessor or aerials,0,0,0,0,1,0
479048,1,2024,1780,1,0,35,develop,assessor or aerials,0,0,0,0,1,0
479049,1,2024,1305,1,0,35,develop,assessor or aerials,0,0,0,0,1,0
479050,1,2025,1273,1,0,35,develop,assessor or aerials,0,0,0,0,1,0
479051,1,2025,1035,1,0,35,develop,assessor or aerials,0,0,0,0,1,0
479052,1,2025,2908,1,0,35,develop,assessor or aerials,0,0,0,0,1,0
479055,1,2024,1047,1,0,35,develop,assessor or aerials,0,0,0,0,1,0
479056,1,2024,1047,1,0,35,develop,assessor or aerials,0,0,0,0,1,0
479057,1,2024,1047,1,0,35,develop,assessor or aerials,0,0,0,0,1,0
479058,1,2024,1047,1,0,35,develop,assessor or aerials,0,0,0,0,1,0
479059,1,2024,989,1,0,35,develop,assessor or aerials,0,0,0,0,1,0
479060,1,2024,1430,1,0,35,develop,assessor or aerials,0,0,0,0,1,0
479061,1,2024,1428,1,0,35,develop,assessor or aerials,0,0,0,0,1,0
479062,1,2024,1154,1,0,35,develop,assessor or aerials,0,0,0,0,1,0
479063,1,2024,1729,1,0,35,develop,assessor or aerials,0,0,0,0,1,0
479064,1,2024,1798,1,0,35,develop,assessor or aerials,0,0,0,0,1,0
479065,1,2024,1426,1,0,35,develop,assessor or aerials,0,0,0,0,1,0
479066,1,2024,2289,1,0,35,develop,assessor or aerials,0,0,0,0,1,0
479067,1,2024,1450,1,0,35,develop,assessor or aerials,0,0,0,0,1,0
479068,1,2024,1463,1,0,35,develop,assessor or aerials,0,0,0,0,1,0
479069,1,2024,1588,1,0,35,develop,assessor or aerials,0,0,0,0,1,0
479070,1,2024,1675,1,0,35,develop,assessor or aerials,0,0,0,0,1,0
479072,1,2024,1376,1,0,35,develop,assessor or aerials,0,0,0,0,1,0
479073,1,2024,1318,1,0,35,develop,assessor or aerials,0,0,0,0,1,0
479074,1,2024,1296,1,0,35,develop,assessor or aerials,0,0,0,0,1,0
479075,1,2024,1296,1,0,35,develop,assessor or aerials,0,0,0,0,1,0
479076,1,2024,1296,1,0,35,develop,assessor or aerials,0,0,0,0,1,0
479077,1,2024,1296,1,0,35,develop,assessor or aerials,0,0,0,0,1,0
479078,1,2024,1296,1,0,35,develop,assessor or aerials,0,0,0,0,1,0
479079,1,2024,1296,1,0,35,develop,assessor or aerials,0,0,0,0,1,0
479080,1,2024,1323,1,0,35,develop,assessor or aerials,0,0,0,0,1,0
479081,1,2024,1320,1,0,35,develop,assessor or aerials,0,0,0,0,1,0
479082,1,2024,1310,1,0,35,develop,assessor or aerials,0,0,0,0,1,0
479083,1,2024,1307,1,0,35,develop,assessor or aerials,0,0,0,0,1,0
479084,1,2024,1321,1,0,35,develop,assessor or aerials,0,0,0,0,1,0
479085,1,2024,2377,1,0,35,develop,assessor or aerials,0,0,0,0,1,0
479086,1,2024,1443,1,0,35,develop,assessor or aerials,0,0,0,0,1,0
479087,1,2024,1296,1,0,35,develop,assessor or aerials,0,0,0,0,1,0
479088,1,2024,1322,1,0,35,develop,assessor or aerials,0,0,0,0,1,0
479089,1,2024,1799,1,0,35,develop,assessor or aerials,0,0,0,0,1,0
479090,1,2024,1301,1,0,35,develop,assessor or aerials,0,0,0,0,1,0
479098,1,2024,2647,1,0,35,develop,assessor or aerials,0,0,0,0,1,0
479100,1,2024,12748,1,0,35,develop,assessor or aerials,0,0,0,0,1,0
479102,1,2025,5158,1,0,35,develop,assessor or aerials,0,0,0,0,1,0
479103,1,2024,3869,1,0,35,develop,assessor or aerials,0,0,0,0,1,0
479104,1,2024,7353,1,0,35,develop,assessor or aerials,0,0,0,0,1,0
479107,1,2024,4131,1,0,35,develop,assessor or aerials,0,0,0,0,1,0
479109,1,2024,1980,1,0,35,develop,assessor or aerials,0,0,0,0,1,0
479112,1,2025,4343,1,0,35,develop,assessor or aerials,0,0,0,0,1,0
479113,1,2025,4289,1,0,35,develop,assessor or aerials,0,0,0,0,1,0
479114,1,2025,4507,1,0,35,develop,assessor or aerials,0,0,0,0,1,0
479115,1,2025,2705,1,0,35,develop,assessor or aerials,0,0,0,0,1,0
479116,1,2025,2121,1,0,35,develop,assessor or aerials,0,0,0,0,1,0
479120,2,2024,41929,18,0,35,develop,assessor or aerials,0,0,0,0,1,0
479122,1,2024,1942,1,0,35,develop,assessor or aerials,0,0,0,0,1,0
479123,1,2024,5640,1,0,35,develop,assessor or aerials,0,0,0,0,1,0
479125,1,2024,1378,1,0,35,develop,assessor or aerials,0,0,0,0,1,0
479126,1,2024,1444,1,0,35,develop,assessor or aerials,0,0,0,0,1,0
479127,1,2024,2297,1,0,35,develop,assessor or aerials,0,0,0,0,1,0
479128,1,2024,1347,1,0,35,develop,assessor or aerials,0,0,0,0,1,0
479129,1,2024,1390,1,0,35,develop,assessor or aerials,0,0,0,0,1,0
479130,1,2025,1914,1,0,35,develop,assessor or aerials,0,0,0,0,1,0
479131,1,2025,1608,1,0,35,develop,assessor or aerials,0,0,0,0,1,0
479132,1,2024,1663,1,0,35,develop,assessor or aerials,0,0,0,0,1,0
479133,1,2024,2161,1,0,35,develop,assessor or aerials,0,0,0,0,1,0
479134,1,2025,1793,1,0,35,develop,assessor or aerials,0,0,0,0,1,0
479135,1,2024,1654,1,0,35,develop,assessor or aerials,0,0,0,0,1,0
479136,1,2024,4065,1,0,35,develop,assessor or aerials,0,0,0,0,1,0
479137,1,2025,4092,1,0,35,develop,assessor or aerials,0,0,0,0,1,0
479138,1,2025,3663,1,0,35,develop,assessor or aerials,0,0,0,0,1,0
479139,1,2025,3496,1,0,35,develop,assessor or aerials,0,0,0,0,1,0
479140,1,2025,3499,1,0,35,develop,assessor or aerials,0,0,0,0,1,0
479141,1,2025,3502,1,0,35,develop,assessor or aerials,0,0,0,0,1,0
479142,1,2025,3631,1,0,35,develop,assessor or aerials,0,0,0,0,1,0
479143,1,2025,4542,1,0,35,develop,assessor or aerials,0,0,0,0,1,0
479144,1,2025,3599,1,0,35,develop,assessor or aerials,0,0,0,0,1,0
479149,1,2024,3559,1,0,35,develop,assessor or aerials,0,0,0,0,1,0
479150,1,2024,3599,1,0,35,develop,assessor or aerials,0,0,0,0,1,0
479151,1,2024,3620,1,0,35,develop,assessor or aerials,0,0,0,0,1,0
479152,1,2025,3819,1,0,35,develop,assessor or aerials,0,0,0,0,1,0
479153,1,2025,3550,1,0,35,develop,assessor or aerials,0,0,0,0,1,0
479154,1,2024,2545,1,0,35,develop,assessor or aerials,0,0,0,0,1,0
479155,1,2024,2808,1,0,35,develop,assessor or aerials,0,0,0,0,1,0
479156,1,2024,2610,1,0,35,develop,assessor or aerials,0,0,0,0,1,0
479157,1,2025,1468,1,0,35,develop,assessor or aerials,0,0,0,0,1,0
479158,1,2025,1211,1,0,35,develop,assessor or aerials,0,0,0,0,1,0
479159,1,2025,1211,1,0,35,develop,assessor or aerials,0,0,0,0,1,0
479160,1,2025,1211,1,0,35,develop,assessor or aerials,0,0,0,0,1,0
479161,1,2025,2612,1,0,35,develop,assessor or aerials,0,0,0,0,1,0
479162,1,2025,2706,1,0,35,develop,assessor or aerials,0,0,0,0,1,0
479163,1,2025,2695,1,0,35,develop,assessor or aerials,0,0,0,0,1,0
479164,1,2025,2687,1,0,35,develop,assessor or aerials,0,0,0,0,1,0
479166,1,2024,5176,1,0,35,develop,assessor or aerials,0,0,0,0,1,0
479167,1,2025,20680,1,0,35,develop,assessor or aerials,0,0,0,0,1,0
479169,1,2024,472,1,0,35,develop,assessor or aerials,0,0,0,0,1,0
479201,1,2025,1649,1,0,35,develop,assessor or aerials,0,0,0,0,1,0
479202,1,2025,1654,1,0,35,develop,assessor or aerials,0,0,0,0,1,0
479203,1,2025,1351,1,0,35,develop,assessor or aerials,0,0,0,0,1,0
479204,1,2025,1556,1,0,35,develop,assessor or aerials,0,0,0,0,1,0
479205,1,2025,1756,1,0,35,develop,assessor or aerials,0,0,0,0,1,0
479206,1,2025,1743,1,0,35,develop,assessor or aerials,0,0,0,0,1,0
479207,1,2025,1685,1,0,35,develop,assessor or aerials,0,0,0,0,1,0
479208,1,2025,1853,1,0,35,develop,assessor or aerials,0,0,0,0,1,0
479209,1,2025,1736,1,0,35,develop,assessor or aerials,0,0,0,0,1,0
479210,1,2024,2116,1,0,35,develop,assessor or aerials,0,0,0,0,1,0
479211,1,2024,1767,1,0,35,develop,assessor or aerials,0,0,0,0,1,0
479212,1,2024,2689,1,0,35,develop,assessor or aerials,0,0,0,0,1,0
479213,1,2024,3425,1,0,35,develop,assessor or aerials,0,0,0,0,1,0
479218,1,2024,2666,1,0,35,develop,assessor or aerials,0,0,0,0,1,0
479219,1,2024,1814,1,0,35,develop,assessor or aerials,0,0,0,0,1,0
479220,1,2024,1814,1,0,35,develop,assessor or aerials,0,0,0,0,1,0
479221,1,2024,1814,1,0,35,develop,assessor or aerials,0,0,0,0,1,0
479222,1,2024,1814,1,0,35,develop,assessor or aerials,0,0,0,0,1,0
479223,1,2024,1814,1,0,35,develop,assessor or aerials,0,0,0,0,1,0
479224,1,2024,1820,1,0,35,develop,assessor or aerials,0,0,0,0,1,0
479225,1,2024,1817,1,0,35,develop,assessor or aerials,0,0,0,0,1,0
479226,1,2024,1816,1,0,35,develop,assessor or aerials,0,0,0,0,1,0
479227,1,2024,1814,1,0,35,develop,assessor or aerials,0,0,0,0,1,0
479228,1,2024,1814,1,0,35,develop,assessor or aerials,0,0,0,0,1,0
479229,1,2025,1814,1,0,35,develop,assessor or aerials,0,0,0,0,1,0
479230,1,2025,1814,1,0,35,develop,assessor or aerials,0,0,0,0,1,0
479231,1,2025,1814,1,0,35,develop,assessor or aerials,0,0,0,0,1,0
479232,1,2025,1814,1,0,35,develop,assessor or aerials,0,0,0,0,1,0
479233,1,2025,1814,1,0,35,develop,assessor or aerials,0,0,0,0,1,0
479234,1,2025,1819,1,0,35,develop,assessor or aerials,0,0,0,0,1,0
479235,1,2025,1818,1,0,35,develop,assessor or aerials,0,0,0,0,1,0
479236,1,2025,1814,1,0,35,develop,assessor or aerials,0,0,0,0,1,0
479237,1,2025,1814,1,0,35,develop,assessor or aerials,0,0,0,0,1,0
479238,1,2024,1814,1,0,35,develop,assessor or aerials,0,0,0,0,1,0
479239,1,2024,1814,1,0,35,develop,assessor or aerials,0,0,0,0,1,0
479240,1,2024,1814,1,0,35,develop,assessor or aerials,0,0,0,0,1,0
479241,1,2024,1814,1,0,35,develop,assessor or aerials,0,0,0,0,1,0
479242,1,2025,1814,1,0,35,develop,assessor or aerials,0,0,0,0,1,0
479243,1,2025,1814,1,0,35,develop,assessor or aerials,0,0,0,0,1,0
479244,1,2025,1837,1,0,35,develop,assessor or aerials,0,0,0,0,1,0
479245,1,2025,1837,1,0,35,develop,assessor or aerials,0,0,0,0,1,0
479246,1,2025,1814,1,0,35,develop,assessor or aerials,0,0,0,0,1,0
479247,1,2025,1814,1,0,35,develop,assessor or aerials,0,0,0,0,1,0
479248,1,2025,1814,1,0,35,develop,assessor or aerials,0,0,0,0,1,0
479249,1,2025,1814,1,0,35,develop,assessor or aerials,0,0,0,0,1,0
479250,1,2025,1814,1,0,35,develop,assessor or aerials,0,0,0,0,1,0
479251,1,2024,1626,1,0,35,develop,assessor or aerials,0,0,0,0,1,0
479259,2,2024,13586,10,0,35,develop,assessor or aerials,0,0,0,0,1,0
479262,1,2024,2426,1,0,11,develop,assessor or aerials,0,0,0,0,1,0
479263,1,2024,1924,1,0,11,develop,assessor or aerials,0,0,0,0,1,0
479264,1,2024,1633,1,0,11,develop,assessor or aerials,0,0,0,0,1,0
479265,1,2024,1809,1,0,11,develop,assessor or aerials,0,0,0,0,1,0
479266,1,2024,1699,1,0,11,develop,assessor or aerials,0,0,0,0,1,0
479267,1,2024,1699,1,0,11,develop,assessor or aerials,0,0,0,0,1,0
479268,1,2024,1773,1,0,11,develop,assessor or aerials,0,0,0,0,1,0
479269,1,2024,1608,1,0,11,develop,assessor or aerials,0,0,0,0,1,0
479270,1,2024,2134,1,0,11,develop,assessor or aerials,0,0,0,0,1,0
479271,1,2024,2259,1,0,11,develop,assessor or aerials,0,0,0,0,1,0
479272,1,2024,1492,1,0,11,develop,assessor or aerials,0,0,0,0,1,0
479273,1,2024,1573,1,0,11,develop,assessor or aerials,0,0,0,0,1,0
479274,1,2024,1538,1,0,11,develop,assessor or aerials,0,0,0,0,1,0
479275,1,2024,1562,1,0,11,develop,assessor or aerials,0,0,0,0,1,0
479278,2,2024,9888,8,0,11,develop,assessor or aerials,0,0,0,0,1,0
479281,2,2024,12218,9,0,11,develop,assessor or aerials,0,0,0,0,1,0
479298,2,2024,8091,20,0,35,develop,assessor or aerials,0,0,0,0,1,0
479299,2,2025,32732,70,0,35,develop,assessor or aerials,0,0,0,0,1,0
479328,2,2024,76855,142,0,35,develop,assessor or aerials,0,0,0,0,1,0
479340,1,2024,2066,1,0,11,develop,assessor or aerials,0,0,0,0,1,0
479341,1,2024,2853,1,0,11,develop,assessor or aerials,0,0,0,0,1,0
479342,1,2024,2290,1,0,11,develop,assessor or aerials,0,0,0,0,1,0
479343,1,2025,2291,1,0,11,develop,assessor or aerials,0,0,0,0,1,0
479344,1,2025,2159,1,0,11,develop,assessor or aerials,0,0,0,0,1,0
479345,1,2024,2374,1,0,11,develop,assessor or aerials,0,0,0,0,1,0
479346,1,2024,1346,1,0,11,develop,assessor or aerials,0,0,0,0,1,0
479347,1,2024,1990,1,0,11,develop,assessor or aerials,0,0,0,0,1,0
479348,1,2024,1989,1,0,11,develop,assessor or aerials,0,0,0,0,1,0
479349,1,2025,1989,1,0,11,develop,assessor or aerials,0,0,0,0,1,0
479350,1,2024,1989,1,0,11,develop,assessor or aerials,0,0,0,0,1,0
479351,1,2024,1538,1,0,11,develop,assessor or aerials,0,0,0,0,1,0
479352,1,2025,1300,1,0,11,develop,assessor or aerials,0,0,0,0,1,0
479353,1,2024,1985,1,0,11,develop,assessor or aerials,0,0,0,0,1,0
479354,1,2025,1985,1,0,11,develop,assessor or aerials,0,0,0,0,1,0
479355,1,2025,1985,1,0,11,develop,assessor or aerials,0,0,0,0,1,0
479356,1,2024,1985,1,0,11,develop,assessor or aerials,0,0,0,0,1,0
479357,1,2025,1985,1,0,11,develop,assessor or aerials,0,0,0,0,1,0
479358,1,2024,2142,1,0,11,develop,assessor or aerials,0,0,0,0,1,0
479359,1,2024,1346,1,0,11,develop,assessor or aerials,0,0,0,0,1,0
487642,2,2024,24495,32,0,3,develop,assessor or aerials,0,0,0,0,1,0
488266,2,2024,25405,20,0,3,develop,assessor or aerials,0,0,0,0,1,0
488293,2,2024,15538,22,0,3,develop,assessor or aerials,0,0,0,0,1,0
488485,3,2024,105770,0,0,11,develop,assessor or aerials,0,0,0,0,1,105770
488544,3,2024,8531,0,0,11,develop,assessor or aerials,0,0,0,0,1,8531
488550,3,2024,155896,0,0,11,develop,assessor or aerials,0,0,0,0,1,155896
488559,4,2024,4455,0,0,11,develop,assessor or aerials,0,0,0,0,1,4455
488575,3,2024,116226,0,0,11,develop,assessor or aerials,0,0,0,0,1,116226
488590,5,2024,30645,0,0,11,develop,assessor or aerials,0,0,0,0,1,30645
488595,4,2024,6022,0,0,11,develop,assessor or aerials,0,0,0,0,1,6022
488599,5,2024,12207,0,0,11,develop,assessor or aerials,0,0,0,0,1,12207
488600,3,2024,10800,0,0,11,develop,assessor or aerials,0,0,0,0,1,10800
488621,5,2024,102978,0,0,11,develop,assessor or aerials,0,0,0,0,1,102978
488651,6,2025,86213,0,0,11,develop,assessor or aerials,0,0,0,0,1,86213
488684,3,2024,132251,0,0,11,develop,assessor or aerials,0,0,0,0,1,132251
488688,4,2024,4000,0,0,11,develop,assessor or aerials,0,0,0,0,1,4000
488690,4,2024,2538,0,0,11,develop,assessor or aerials,0,0,0,0,1,2538
488697,5,2024,6562,0,0,11,develop,assessor or aerials,0,0,0,0,1,6562
488698,4,2024,1110,0,0,11,develop,assessor or aerials,0,0,0,0,1,1110
488700,4,2024,4797,0,0,11,develop,assessor or aerials,0,0,0,0,1,4797
488706,4,2024,4590,0,0,11,develop,assessor or aerials,0,0,0,0,1,4590
488837,4,2024,11867,0,0,35,develop,assessor or aerials,0,0,0,0,1,11867
489544,6,2024,54000,0,0,35,develop,assessor or aerials,0,0,0,0,1,54000
490636,1,2025,2183,1,0,35,develop,assessor or aerials,0,0,0,0,1,0
490637,1,2025,2183,1,0,35,develop,assessor or aerials,0,0,0,0,1,0
490638,1,2025,2294,1,0,35,develop,assessor or aerials,0,0,0,0,1,0
490639,1,2025,2125,1,0,35,develop,assessor or aerials,0,0,0,0,1,0
490640,1,2025,2047,1,0,35,develop,assessor or aerials,0,0,0,0,1,0
490641,1,2025,1499,1,0,35,develop,assessor or aerials,0,0,0,0,1,0
490642,1,2025,1493,1,0,35,develop,assessor or aerials,0,0,0,0,1,0
490643,1,2025,1243,1,0,35,develop,assessor or aerials,0,0,0,0,1,0
490644,1,2025,1157,1,0,35,develop,assessor or aerials,0,0,0,0,1,0
490645,1,2025,2607,1,0,35,develop,assessor or aerials,0,0,0,0,1,0
490646,1,2025,2039,1,0,35,develop,assessor or aerials,0,0,0,0,1,0
490647,1,2025,2627,1,0,35,develop,assessor or aerials,0,0,0,0,1,0
490728,1,2027,2358,1,0,35,develop,assessor or aerials,0,0,0,0,1,0
490731,1,2027,2292,1,0,35,develop,assessor or aerials,0,0,0,0,1,0
490736,1,2027,2136,1,0,35,develop,assessor or aerials,0,0,0,0,1,0
490737,1,2027,2147,1,0,35,develop,assessor or aerials,0,0,0,0,1,0
490750,1,2025,2139,1,0,35,develop,assessor or aerials,0,0,0,0,1,0
490751,1,2025,2414,1,0,35,develop,assessor or aerials,0,0,0,0,1,0
490752,1,2025,1500,1,0,35,develop,assessor or aerials,0,0,0,0,1,0
490753,1,2025,1500,1,0,35,develop,assessor or aerials,0,0,0,0,1,0
490754,1,2025,1500,1,0,35,develop,assessor or aerials,0,0,0,0,1,0
490755,1,2025,1813,1,0,35,develop,assessor or aerials,0,0,0,0,1,0
490756,1,2025,3118,1,0,35,develop,assessor or aerials,0,0,0,0,1,0
490757,1,2025,1984,1,0,35,develop,assessor or aerials,0,0,0,0,1,0
490758,1,2025,1639,1,0,35,develop,assessor or aerials,0,0,0,0,1,0
490759,1,2025,1639,1,0,35,develop,assessor or aerials,0,0,0,0,1,0
490760,1,2025,1639,1,0,35,develop,assessor or aerials,0,0,0,0,1,0
490761,1,2025,1639,1,0,35,develop,assessor or aerials,0,0,0,0,1,0
490762,1,2025,1639,1,0,35,develop,assessor or aerials,0,0,0,0,1,0
490763,1,2025,1984,1,0,35,develop,assessor or aerials,0,0,0,0,1,0
490764,1,2025,1984,1,0,35,develop,assessor or aerials,0,0,0,0,1,0
490765,1,2025,1639,1,0,35,develop,assessor or aerials,0,0,0,0,1,0
490766,1,2025,1639,1,0,35,develop,assessor or aerials,0,0,0,0,1,0
490767,1,2025,1639,1,0,35,develop,assessor or aerials,0,0,0,0,1,0
490768,1,2025,1639,1,0,35,develop,assessor or aerials,0,0,0,0,1,0
490769,1,2025,1639,1,0,35,develop,assessor or aerials,0,0,0,0,1,0
490770,1,2025,1639,1,0,35,develop,assessor or aerials,0,0,0,0,1,0
490771,1,2025,1639,1,0,35,develop,assessor or aerials,0,0,0,0,1,0
490772,1,2025,1639,1,0,35,develop,assessor or aerials,0,0,0,0,1,0
490773,1,2025,1639,1,0,35,develop,assessor or aerials,0,0,0,0,1,0
490774,1,2027,1639,1,0,35,develop,assessor or aerials,0,0,0,0,1,0
490775,1,2027,1639,1,0,35,develop,assessor or aerials,0,0,0,0,1,0
490776,1,2027,2452,1,0,35,develop,assessor or aerials,0,0,0,0,1,0
490777,1,2027,1984,1,0,35,develop,assessor or aerials,0,0,0,0,1,0
490778,1,2027,1639,1,0,35,develop,assessor or aerials,0,0,0,0,1,0
490779,1,2027,1639,1,0,35,develop,assessor or aerials,0,0,0,0,1,0
490780,1,2025,1639,1,0,35,develop,assessor or aerials,0,0,0,0,1,0
490781,1,2025,1639,1,0,35,develop,assessor or aerials,0,0,0,0,1,0
490782,1,2027,1639,1,0,35,develop,assessor or aerials,0,0,0,0,1,0
490783,1,2027,1639,1,0,35,develop,assessor or aerials,0,0,0,0,1,0
490784,1,2027,1639,1,0,35,develop,assessor or aerials,0,0,0,0,1,0
490785,1,2027,1639,1,0,35,develop,assessor or aerials,0,0,0,0,1,0
490786,1,2027,1639,1,0,35,develop,assessor or aerials,0,0,0,0,1,0
490787,1,2027,1639,1,0,35,develop,assessor or aerials,0,0,0,0,1,0
490788,1,2027,1639,1,0,35,develop,assessor or aerials,0,0,0,0,1,0
490789,1,2027,2452,1,0,35,develop,assessor or aerials,0,0,0,0,1,0
490790,1,2027,1984,1,0,35,develop,assessor or aerials,0,0,0,0,1,0
490791,1,2027,1639,1,0,35,develop,assessor or aerials,0,0,0,0,1,0
490792,1,2027,1639,1,0,35,develop,assessor or aerials,0,0,0,0,1,0
490793,1,2025,1500,1,0,35,develop,assessor or aerials,0,0,0,0,1,0
490794,1,2025,1500,1,0,35,develop,assessor or aerials,0,0,0,0,1,0
490795,1,2025,1500,1,0,35,develop,assessor or aerials,0,0,0,0,1,0
490796,1,2025,1500,1,0,35,develop,assessor or aerials,0,0,0,0,1,0
490797,1,2025,1500,1,0,35,develop,assessor or aerials,0,0,0,0,1,0
490798,1,2025,1500,1,0,35,develop,assessor or aerials,0,0,0,0,1,0
490799,1,2027,1500,1,0,35,develop,assessor or aerials,0,0,0,0,1,0
490800,1,2027,1500,1,0,35,develop,assessor or aerials,0,0,0,0,1,0
490801,1,2027,1500,1,0,35,develop,assessor or aerials,0,0,0,0,1,0
490802,1,2027,2241,1,0,35,develop,assessor or aerials,0,0,0,0,1,0
490803,1,2027,1812,1,0,35,develop,assessor or aerials,0,0,0,0,1,0
490804,1,2027,1500,1,0,35,develop,assessor or aerials,0,0,0,0,1,0
490805,1,2027,1500,1,0,35,develop,assessor or aerials,0,0,0,0,1,0
490806,1,2027,1836,1,0,35,develop,assessor or aerials,0,0,0,0,1,0
490807,1,2027,1836,1,0,35,develop,assessor or aerials,0,0,0,0,1,0
490808,1,2027,1836,1,0,35,develop,assessor or aerials,0,0,0,0,1,0
490809,1,2027,1836,1,0,35,develop,assessor or aerials,0,0,0,0,1,0
490810,1,2027,1836,1,0,35,develop,assessor or aerials,0,0,0,0,1,0
490811,1,2027,1836,1,0,35,develop,assessor or aerials,0,0,0,0,1,0
490812,1,2027,1836,1,0,35,develop,assessor or aerials,0,0,0,0,1,0
490813,2,2025,325,1,0,35,develop,assessor or aerials,0,0,0,0,1,0
490814,2,2025,325,1,0,35,develop,assessor or aerials,0,0,0,0,1,0
490815,2,2025,325,1,0,35,develop,assessor or aerials,0,0,0,0,1,0
490816,2,2025,325,1,0,35,develop,assessor or aerials,0,0,0,0,1,0
490817,2,2025,325,1,0,35,develop,assessor or aerials,0,0,0,0,1,0
490818,2,2025,325,1,0,35,develop,assessor or aerials,0,0,0,0,1,0
490819,2,2025,325,1,0,35,develop,assessor or aerials,0,0,0,0,1,0
490820,2,2025,325,1,0,35,develop,assessor or aerials,0,0,0,0,1,0
490821,2,2025,325,1,0,35,develop,assessor or aerials,0,0,0,0,1,0
490822,2,2025,325,1,0,35,develop,assessor or aerials,0,0,0,0,1,0
490823,2,2025,325,1,0,35,develop,assessor or aerials,0,0,0,0,1,0
490824,2,2025,325,1,0,35,develop,assessor or aerials,0,0,0,0,1,0
490825,2,2025,325,1,0,35,develop,assessor or aerials,0,0,0,0,1,0
490826,2,2025,325,1,0,35,develop,assessor or aerials,0,0,0,0,1,0
490827,2,2025,325,1,0,35,develop,assessor or aerials,0,0,0,0,1,0
490828,2,2025,325,1,0,35,develop,assessor or aerials,0,0,0,0,1,0
490829,2,2025,325,1,0,35,develop,assessor or aerials,0,0,0,0,1,0
490830,2,2025,325,1,0,35,develop,assessor or aerials,0,0,0,0,1,0
490831,2,2025,282,1,0,35,develop,assessor or aerials,0,0,0,0,1,0
490832,2,2025,296,1,0,35,develop,assessor or aerials,0,0,0,0,1,0
490833,2,2025,296,1,0,35,develop,assessor or aerials,0,0,0,0,1,0
490834,2,2025,296,1,0,35,develop,assessor or aerials,0,0,0,0,1,0
490835,2,2025,296,1,0,35,develop,assessor or aerials,0,0,0,0,1,0
490836,2,2025,282,1,0,35,develop,assessor or aerials,0,0,0,0,1,0
490837,2,2025,282,1,0,35,develop,assessor or aerials,0,0,0,0,1,0
490838,2,2025,296,1,0,35,develop,assessor or aerials,0,0,0,0,1,0
490839,2,2025,282,1,0,35,develop,assessor or aerials,0,0,0,0,1,0
490840,2,2025,282,1,0,35,develop,assessor or aerials,0,0,0,0,1,0
490841,2,2025,296,1,0,35,develop,assessor or aerials,0,0,0,0,1,0
490842,2,2025,282,1,0,35,develop,assessor or aerials,0,0,0,0,1,0
490843,2,2025,325,1,0,35,develop,assessor or aerials,0,0,0,0,1,0
490844,2,2025,325,1,0,35,develop,assessor or aerials,0,0,0,0,1,0
490845,2,2025,325,1,0,35,develop,assessor or aerials,0,0,0,0,1,0
490846,2,2025,325,1,0,35,develop,assessor or aerials,0,0,0,0,1,0
490847,2,2025,325,1,0,35,develop,assessor or aerials,0,0,0,0,1,0
490848,2,2025,325,1,0,35,develop,assessor or aerials,0,0,0,0,1,0
490849,2,2025,325,1,0,35,develop,assessor or aerials,0,0,0,0,1,0
490850,2,2025,325,1,0,35,develop,assessor or aerials,0,0,0,0,1,0
490851,2,2025,325,1,0,35,develop,assessor or aerials,0,0,0,0,1,0
490852,2,2025,282,1,0,35,develop,assessor or aerials,0,0,0,0,1,0
490853,2,2025,296,1,0,35,develop,assessor or aerials,0,0,0,0,1,0
490854,2,2025,296,1,0,35,develop,assessor or aerials,0,0,0,0,1,0
490855,2,2025,310,1,0,35,develop,assessor or aerials,0,0,0,0,1,0
490856,2,2025,282,1,0,35,develop,assessor or aerials,0,0,0,0,1,0
490857,2,2025,296,1,0,35,develop,assessor or aerials,0,0,0,0,1,0
490858,2,2025,296,1,0,35,develop,assessor or aerials,0,0,0,0,1,0
490859,2,2025,310,1,0,35,develop,assessor or aerials,0,0,0,0,1,0
490860,2,2025,310,1,0,35,develop,assessor or aerials,0,0,0,0,1,0
490861,2,2025,296,1,0,35,develop,assessor or aerials,0,0,0,0,1,0
490862,2,2025,296,1,0,35,develop,assessor or aerials,0,0,0,0,1,0
490863,2,2025,282,1,0,35,develop,assessor or aerials,0,0,0,0,1,0
490864,2,2025,282,1,0,35,develop,assessor or aerials,0,0,0,0,1,0
490865,2,2025,296,1,0,35,develop,assessor or aerials,0,0,0,0,1,0
490866,2,2025,296,1,0,35,develop,assessor or aerials,0,0,0,0,1,0
490867,2,2025,296,1,0,35,develop,assessor or aerials,0,0,0,0,1,0
490868,2,2025,282,1,0,35,develop,assessor or aerials,0,0,0,0,1,0
490869,2,2027,325,1,0,35,develop,assessor or aerials,0,0,0,0,1,0
490870,2,2027,325,1,0,35,develop,assessor or aerials,0,0,0,0,1,0
490871,2,2027,325,1,0,35,develop,assessor or aerials,0,0,0,0,1,0
490872,2,2027,325,1,0,35,develop,assessor or aerials,0,0,0,0,1,0
490873,2,2027,326,1,0,35,develop,assessor or aerials,0,0,0,0,1,0
490874,2,2027,325,1,0,35,develop,assessor or aerials,0,0,0,0,1,0
490875,2,2027,325,1,0,35,develop,assessor or aerials,0,0,0,0,1,0
490876,2,2027,325,1,0,35,develop,assessor or aerials,0,0,0,0,1,0
490877,2,2026,325,1,0,35,develop,assessor or aerials,0,0,0,0,1,0
490878,2,2026,325,1,0,35,develop,assessor or aerials,0,0,0,0,1,0
490879,2,2026,325,1,0,35,develop,assessor or aerials,0,0,0,0,1,0
490880,2,2026,325,1,0,35,develop,assessor or aerials,0,0,0,0,1,0
490881,2,2026,325,1,0,35,develop,assessor or aerials,0,0,0,0,1,0
490882,2,2025,325,1,0,35,develop,assessor or aerials,0,0,0,0,1,0
490883,2,2025,325,1,0,35,develop,assessor or aerials,0,0,0,0,1,0
490884,2,2025,325,1,0,35,develop,assessor or aerials,0,0,0,0,1,0
490885,2,2025,325,1,0,35,develop,assessor or aerials,0,0,0,0,1,0
490886,2,2025,325,1,0,35,develop,assessor or aerials,0,0,0,0,1,0
490887,2,2027,325,1,0,35,develop,assessor or aerials,0,0,0,0,1,0
490888,2,2027,325,1,0,35,develop,assessor or aerials,0,0,0,0,1,0
490889,2,2027,325,1,0,35,develop,assessor or aerials,0,0,0,0,1,0
490890,2,2027,325,1,0,35,develop,assessor or aerials,0,0,0,0,1,0
490891,2,2027,325,1,0,35,develop,assessor or aerials,0,0,0,0,1,0
490892,2,2027,325,1,0,35,develop,assessor or aerials,0,0,0,0,1,0
490893,2,2027,325,1,0,35,develop,assessor or aerials,0,0,0,0,1,0
490894,2,2027,325,1,0,35,develop,assessor or aerials,0,0,0,0,1,0
490895,2,2027,325,1,0,35,develop,assessor or aerials,0,0,0,0,1,0
490896,2,2027,325,1,0,35,develop,assessor or aerials,0,0,0,0,1,0
490897,2,2027,325,1,0,35,develop,assessor or aerials,0,0,0,0,1,0
490898,2,2027,325,1,0,35,develop,assessor or aerials,0,0,0,0,1,0
490899,2,2027,325,1,0,35,develop,assessor or aerials,0,0,0,0,1,0
490900,2,2027,325,1,0,35,develop,assessor or aerials,0,0,0,0,1,0
490901,2,2027,325,1,0,35,develop,assessor or aerials,0,0,0,0,1,0
490902,2,2027,325,1,0,35,develop,assessor or aerials,0,0,0,0,1,0
490903,2,2027,325,1,0,35,develop,assessor or aerials,0,0,0,0,1,0
490904,2,2025,282,1,0,35,develop,assessor or aerials,0,0,0,0,1,0
490905,2,2025,296,1,0,35,develop,assessor or aerials,0,0,0,0,1,0
490906,2,2025,296,1,0,35,develop,assessor or aerials,0,0,0,0,1,0
490907,2,2025,296,1,0,35,develop,assessor or aerials,0,0,0,0,1,0
490908,2,2025,296,1,0,35,develop,assessor or aerials,0,0,0,0,1,0
490909,2,2025,282,1,0,35,develop,assessor or aerials,0,0,0,0,1,0
490910,2,2025,282,1,0,35,develop,assessor or aerials,0,0,0,0,1,0
490911,2,2025,296,1,0,35,develop,assessor or aerials,0,0,0,0,1,0
490912,2,2025,296,1,0,35,develop,assessor or aerials,0,0,0,0,1,0
490913,2,2025,296,1,0,35,develop,assessor or aerials,0,0,0,0,1,0
490914,2,2025,282,1,0,35,develop,assessor or aerials,0,0,0,0,1,0
490915,2,2026,288,1,0,35,develop,assessor or aerials,0,0,0,0,1,0
490916,2,2026,296,1,0,35,develop,assessor or aerials,0,0,0,0,1,0
490917,2,2026,296,1,0,35,develop,assessor or aerials,0,0,0,0,1,0
490918,2,2026,303,1,0,35,develop,assessor or aerials,0,0,0,0,1,0
490919,2,2026,282,1,0,35,develop,assessor or aerials,0,0,0,0,1,0
490920,2,2026,296,1,0,35,develop,assessor or aerials,0,0,0,0,1,0
490921,2,2026,296,1,0,35,develop,assessor or aerials,0,0,0,0,1,0
490922,2,2026,296,1,0,35,develop,assessor or aerials,0,0,0,0,1,0
490923,2,2026,282,1,0,35,develop,assessor or aerials,0,0,0,0,1,0
490924,2,2027,282,1,0,35,develop,assessor or aerials,0,0,0,0,1,0
490925,2,2027,296,1,0,35,develop,assessor or aerials,0,0,0,0,1,0
490926,2,2027,296,1,0,35,develop,assessor or aerials,0,0,0,0,1,0
490927,2,2027,310,1,0,35,develop,assessor or aerials,0,0,0,0,1,0
490928,2,2027,282,1,0,35,develop,assessor or aerials,0,0,0,0,1,0
490929,2,2027,296,1,0,35,develop,assessor or aerials,0,0,0,0,1,0
490930,2,2027,296,1,0,35,develop,assessor or aerials,0,0,0,0,1,0
490931,2,2027,296,1,0,35,develop,assessor or aerials,0,0,0,0,1,0
490932,2,2027,282,1,0,35,develop,assessor or aerials,0,0,0,0,1,0
490933,2,2027,282,1,0,35,develop,assessor or aerials,0,0,0,0,1,0
490934,2,2027,296,1,0,35,develop,assessor or aerials,0,0,0,0,1,0
490935,2,2027,296,1,0,35,develop,assessor or aerials,0,0,0,0,1,0
490936,2,2027,296,1,0,35,develop,assessor or aerials,0,0,0,0,1,0
490937,2,2027,282,1,0,35,develop,assessor or aerials,0,0,0,0,1,0
490938,2,2027,282,1,0,35,develop,assessor or aerials,0,0,0,0,1,0
490939,2,2027,296,1,0,35,develop,assessor or aerials,0,0,0,0,1,0
490940,2,2027,296,1,0,35,develop,assessor or aerials,0,0,0,0,1,0
490941,2,2027,296,1,0,35,develop,assessor or aerials,0,0,0,0,1,0
490942,2,2027,282,1,0,35,develop,assessor or aerials,0,0,0,0,1,0
490943,2,2027,282,1,0,35,develop,assessor or aerials,0,0,0,0,1,0
490944,2,2027,296,1,0,35,develop,assessor or aerials,0,0,0,0,1,0
490945,2,2027,296,1,0,35,develop,assessor or aerials,0,0,0,0,1,0
490946,2,2027,296,1,0,35,develop,assessor or aerials,0,0,0,0,1,0
490947,2,2027,296,1,0,35,develop,assessor or aerials,0,0,0,0,1,0
490948,2,2027,282,1,0,35,develop,assessor or aerials,0,0,0,0,1,0
490949,2,2027,282,1,0,35,develop,assessor or aerials,0,0,0,0,1,0
490950,2,2027,296,1,0,35,develop,assessor or aerials,0,0,0,0,1,0
490951,2,2027,296,1,0,35,develop,assessor or aerials,0,0,0,0,1,0
490952,2,2027,296,1,0,35,develop,assessor or aerials,0,0,0,0,1,0
490953,2,2027,296,1,0,35,develop,assessor or aerials,0,0,0,0,1,0
490954,2,2027,282,1,0,35,develop,assessor or aerials,0,0,0,0,1,0
491050,5,2026,111899,0,0,35,develop,assessor or aerials,0,0,0,0,1,111899
491452,1,2024,2632,1,0,57,develop,assessor or aerials,0,0,0,0,1,0
491453,1,2024,4605,1,0,57,develop,assessor or aerials,0,0,0,0,1,0
491461,1,2024,3438,1,0,57,develop,assessor or aerials,0,0,0,0,1,0
491466,1,2024,5045,1,0,57,develop,assessor or aerials,0,0,0,0,1,0
491467,1,2024,3997,1,0,57,develop,assessor or aerials,0,0,0,0,1,0
491468,1,2024,3367,1,0,57,develop,assessor or aerials,0,0,0,0,1,0
491473,1,2025,1834,1,0,57,develop,assessor or aerials,0,0,0,0,1,0
491474,1,2025,1834,1,0,57,develop,assessor or aerials,0,0,0,0,1,0
491475,1,2025,1886,1,0,57,develop,assessor or aerials,0,0,0,0,1,0
491476,1,2025,2342,1,0,57,develop,assessor or aerials,0,0,0,0,1,0
491477,1,2026,1834,1,0,57,develop,assessor or aerials,0,0,0,0,1,0
491478,1,2026,1834,1,0,57,develop,assessor or aerials,0,0,0,0,1,0
491479,1,2024,2747,1,0,57,develop,assessor or aerials,0,0,0,0,1,0
491480,1,2026,1834,1,0,57,develop,assessor or aerials,0,0,0,0,1,0
491481,1,2026,1834,1,0,57,develop,assessor or aerials,0,0,0,0,1,0
491482,1,2025,1885,1,0,57,develop,assessor or aerials,0,0,0,0,1,0
491483,1,2024,2342,1,0,57,develop,assessor or aerials,0,0,0,0,1,0
491484,1,2025,1886,1,0,57,develop,assessor or aerials,0,0,0,0,1,0
491485,1,2026,1886,1,0,57,develop,assessor or aerials,0,0,0,0,1,0
491486,1,2026,1886,1,0,57,develop,assessor or aerials,0,0,0,0,1,0
491487,1,2026,1886,1,0,57,develop,assessor or aerials,0,0,0,0,1,0
491488,1,2026,1886,1,0,57,develop,assessor or aerials,0,0,0,0,1,0
491491,1,2024,2516,1,0,57,develop,assessor or aerials,0,0,0,0,1,0
491493,1,2025,2594,1,0,57,develop,assessor or aerials,0,0,0,0,1,0
491494,1,2024,2413,1,0,57,develop,assessor or aerials,0,0,0,0,1,0
491496,1,2024,2313,1,0,57,develop,assessor or aerials,0,0,0,0,1,0
491497,1,2024,1992,1,0,57,develop,assessor or aerials,0,0,0,0,1,0
491498,1,2024,2229,1,0,57,develop,assessor or aerials,0,0,0,0,1,0
491499,1,2025,2593,1,0,57,develop,assessor or aerials,0,0,0,0,1,0
491500,1,2024,2037,1,0,57,develop,assessor or aerials,0,0,0,0,1,0
491501,1,2025,2593,1,0,57,develop,assessor or aerials,0,0,0,0,1,0
491502,1,2025,2593,1,0,57,develop,assessor or aerials,0,0,0,0,1,0
491504,1,2025,2595,1,0,57,develop,assessor or aerials,0,0,0,0,1,0
491505,1,2025,2595,1,0,57,develop,assessor or aerials,0,0,0,0,1,0
491506,1,2024,2096,1,0,57,develop,assessor or aerials,0,0,0,0,1,0
491507,1,2025,2597,1,0,57,develop,assessor or aerials,0,0,0,0,1,0
491508,1,2025,3566,1,0,57,develop,assessor or aerials,0,0,0,0,1,0
491509,1,2024,2456,1,0,57,develop,assessor or aerials,0,0,0,0,1,0
491513,1,2024,2658,1,0,57,develop,assessor or aerials,0,0,0,0,1,0
491516,1,2024,2626,1,0,57,develop,assessor or aerials,0,0,0,0,1,0
491517,1,2025,1886,1,0,57,develop,assessor or aerials,0,0,0,0,1,0
491518,1,2025,1886,1,0,57,develop,assessor or aerials,0,0,0,0,1,0
491519,1,2025,1886,1,0,57,develop,assessor or aerials,0,0,0,0,1,0
491520,1,2025,2314,1,0,57,develop,assessor or aerials,0,0,0,0,1,0
491523,1,2026,64116,20,0,57,develop,assessor or aerials,0,0,0,0,1,0
491525,1,2026,4301,1,0,57,develop,assessor or aerials,0,0,0,0,1,0
491527,1,2025,2135,1,0,57,develop,assessor or aerials,0,0,0,0,1,0
491528,1,2026,39901,14,0,57,develop,assessor or aerials,0,0,0,0,1,0
491529,1,2024,3316,1,0,57,develop,assessor or aerials,0,0,0,0,1,0
491530,1,2024,1991,1,0,57,develop,assessor or aerials,0,0,0,0,1,0
491531,1,2025,3200,1,0,57,develop,assessor or aerials,0,0,0,0,1,0
491532,1,2025,2135,1,0,57,develop,assessor or aerials,0,0,0,0,1,0
491533,1,2024,3478,1,0,57,develop,assessor or aerials,0,0,0,0,1,0
491534,1,2024,2379,1,0,57,develop,assessor or aerials,0,0,0,0,1,0
491535,1,2025,2019,1,0,57,develop,assessor or aerials,0,0,0,0,1,0
491536,1,2024,2030,1,0,57,develop,assessor or aerials,0,0,0,0,1,0
491537,1,2024,3316,1,0,57,develop,assessor or aerials,0,0,0,0,1,0
491538,1,2025,2019,1,0,57,develop,assessor or aerials,0,0,0,0,1,0
491539,1,2024,2379,1,0,57,develop,assessor or aerials,0,0,0,0,1,0
491540,1,2024,2393,1,0,57,develop,assessor or aerials,0,0,0,0,1,0
491541,1,2025,2019,1,0,57,develop,assessor or aerials,0,0,0,0,1,0
491542,1,2025,2019,1,0,57,develop,assessor or aerials,0,0,0,0,1,0
491543,1,2025,2019,1,0,57,develop,assessor or aerials,0,0,0,0,1,0
491544,1,2025,2135,1,0,57,develop,assessor or aerials,0,0,0,0,1,0
491545,1,2024,2030,1,0,57,develop,assessor or aerials,0,0,0,0,1,0
491546,1,2025,2019,1,0,57,develop,assessor or aerials,0,0,0,0,1,0
491547,1,2024,2030,1,0,57,develop,assessor or aerials,0,0,0,0,1,0
491548,1,2024,2030,1,0,57,develop,assessor or aerials,0,0,0,0,1,0
491549,1,2025,2135,1,0,57,develop,assessor or aerials,0,0,0,0,1,0
491550,1,2024,2582,1,0,57,develop,assessor or aerials,0,0,0,0,1,0
491551,1,2024,3316,1,0,57,develop,assessor or aerials,0,0,0,0,1,0
491552,1,2024,2030,1,0,57,develop,assessor or aerials,0,0,0,0,1,0
491553,1,2024,2030,1,0,57,develop,assessor or aerials,0,0,0,0,1,0
491554,1,2025,2019,1,0,57,develop,assessor or aerials,0,0,0,0,1,0
491555,1,2025,2019,1,0,57,develop,assessor or aerials,0,0,0,0,1,0
491556,1,2024,2363,1,0,57,develop,assessor or aerials,0,0,0,0,1,0
491557,1,2025,2135,1,0,57,develop,assessor or aerials,0,0,0,0,1,0
491558,1,2024,2778,1,0,57,develop,assessor or aerials,0,0,0,0,1,0
491559,1,2024,2379,1,0,57,develop,assessor or aerials,0,0,0,0,1,0
491598,1,2024,2248,1,0,57,develop,assessor or aerials,0,0,0,0,1,0
491606,1,2027,3577,1,0,57,develop,assessor or aerials,0,0,0,0,1,0
491607,1,2027,3414,1,0,57,develop,assessor or aerials,0,0,0,0,1,0
491608,1,2027,3416,1,0,57,develop,assessor or aerials,0,0,0,0,1,0
491609,1,2027,3419,1,0,57,develop,assessor or aerials,0,0,0,0,1,0
491610,1,2027,3422,1,0,57,develop,assessor or aerials,0,0,0,0,1,0
491611,1,2027,3425,1,0,57,develop,assessor or aerials,0,0,0,0,1,0
491612,1,2025,3428,1,0,57,develop,assessor or aerials,0,0,0,0,1,0
491613,1,2024,2507,1,0,57,develop,assessor or aerials,0,0,0,0,1,0
491614,1,2027,3173,1,0,57,develop,assessor or aerials,0,0,0,0,1,0
491615,1,2027,3181,1,0,57,develop,assessor or aerials,0,0,0,0,1,0
491616,1,2027,2991,1,0,57,develop,assessor or aerials,0,0,0,0,1,0
491617,1,2027,3188,1,0,57,develop,assessor or aerials,0,0,0,0,1,0
491618,1,2027,2821,1,0,57,develop,assessor or aerials,0,0,0,0,1,0
491619,1,2027,2808,1,0,57,develop,assessor or aerials,0,0,0,0,1,0
491620,1,2027,2819,1,0,57,develop,assessor or aerials,0,0,0,0,1,0
491621,1,2027,2640,1,0,57,develop,assessor or aerials,0,0,0,0,1,0
491622,1,2027,2810,1,0,57,develop,assessor or aerials,0,0,0,0,1,0
491623,1,2027,2940,1,0,57,develop,assessor or aerials,0,0,0,0,1,0
491624,1,2024,2720,1,0,57,develop,assessor or aerials,0,0,0,0,1,0
491625,1,2025,3026,1,0,57,develop,assessor or aerials,0,0,0,0,1,0
491626,1,2027,3026,1,0,57,develop,assessor or aerials,0,0,0,0,1,0
491627,1,2027,3026,1,0,57,develop,assessor or aerials,0,0,0,0,1,0
491628,1,2027,3026,1,0,57,develop,assessor or aerials,0,0,0,0,1,0
491629,1,2025,3299,1,0,57,develop,assessor or aerials,0,0,0,0,1,0
491630,1,2027,3436,1,0,57,develop,assessor or aerials,0,0,0,0,1,0
491631,1,2027,3026,1,0,57,develop,assessor or aerials,0,0,0,0,1,0
491632,1,2027,3026,1,0,57,develop,assessor or aerials,0,0,0,0,1,0
491633,1,2027,3026,1,0,57,develop,assessor or aerials,0,0,0,0,1,0
491634,1,2027,3026,1,0,57,develop,assessor or aerials,0,0,0,0,1,0
491635,1,2027,2680,1,0,57,develop,assessor or aerials,0,0,0,0,1,0
491636,1,2027,2681,1,0,57,develop,assessor or aerials,0,0,0,0,1,0
491637,1,2025,2804,1,0,57,develop,assessor or aerials,0,0,0,0,1,0
491638,1,2027,3787,1,0,57,develop,assessor or aerials,0,0,0,0,1,0
491639,1,2025,4449,1,0,57,develop,assessor or aerials,0,0,0,0,1,0
491640,1,2027,3893,1,0,57,develop,assessor or aerials,0,0,0,0,1,0
491641,1,2027,2738,1,0,57,develop,assessor or aerials,0,0,0,0,1,0
491642,1,2027,2739,1,0,57,develop,assessor or aerials,0,0,0,0,1,0
491643,1,2027,2821,1,0,57,develop,assessor or aerials,0,0,0,0,1,0
491644,1,2027,2741,1,0,57,develop,assessor or aerials,0,0,0,0,1,0
491645,1,2027,2754,1,0,57,develop,assessor or aerials,0,0,0,0,1,0
491646,1,2027,2785,1,0,57,develop,assessor or aerials,0,0,0,0,1,0
491648,1,2024,5003,1,0,57,develop,assessor or aerials,0,0,0,0,1,0
491650,1,2024,4125,1,0,57,develop,assessor or aerials,0,0,0,0,1,0
491652,1,2024,6940,1,0,57,develop,assessor or aerials,0,0,0,0,1,0
491656,1,2024,3050,1,0,57,develop,assessor or aerials,0,0,0,0,1,0
491662,1,2024,2204,1,0,57,develop,assessor or aerials,0,0,0,0,1,0
491669,1,2024,2349,1,0,57,develop,assessor or aerials,0,0,0,0,1,0
491670,1,2024,2349,1,0,57,develop,assessor or aerials,0,0,0,0,1,0
491671,1,2024,2377,1,0,57,develop,assessor or aerials,0,0,0,0,1,0
491672,1,2024,2329,1,0,57,develop,assessor or aerials,0,0,0,0,1,0
491673,1,2024,2333,1,0,57,develop,assessor or aerials,0,0,0,0,1,0
491708,1,2024,1908,1,0,57,develop,assessor or aerials,0,0,0,0,1,0
491719,1,2024,1908,1,0,57,develop,assessor or aerials,0,0,0,0,1,0
491721,1,2024,1908,1,0,57,develop,assessor or aerials,0,0,0,0,1,0
491728,1,2024,1915,1,0,57,develop,assessor or aerials,0,0,0,0,1,0
491731,1,2024,1908,1,0,57,develop,assessor or aerials,0,0,0,0,1,0
491732,1,2024,1908,1,0,57,develop,assessor or aerials,0,0,0,0,1,0
491733,1,2024,1908,1,0,57,develop,assessor or aerials,0,0,0,0,1,0
491735,1,2024,1908,1,0,57,develop,assessor or aerials,0,0,0,0,1,0
491736,1,2024,1908,1,0,57,develop,assessor or aerials,0,0,0,0,1,0
491737,1,2024,1908,1,0,57,develop,assessor or aerials,0,0,0,0,1,0
491738,1,2024,1908,1,0,57,develop,assessor or aerials,0,0,0,0,1,0
491745,2,2024,1714,1,0,57,develop,assessor or aerials,0,0,0,0,1,0
491746,2,2024,1714,1,0,57,develop,assessor or aerials,0,0,0,0,1,0
491765,2,2024,1714,1,0,57,develop,assessor or aerials,0,0,0,0,1,0
491766,2,2024,1714,1,0,57,develop,assessor or aerials,0,0,0,0,1,0
491767,2,2024,1714,1,0,57,develop,assessor or aerials,0,0,0,0,1,0
491768,2,2024,1714,1,0,57,develop,assessor or aerials,0,0,0,0,1,0
491769,2,2024,1714,1,0,57,develop,assessor or aerials,0,0,0,0,1,0
491770,2,2024,1714,1,0,57,develop,assessor or aerials,0,0,0,0,1,0
491774,1,2027,728,1,0,57,develop,assessor or aerials,0,0,0,0,1,0
491775,1,2027,728,1,0,57,develop,assessor or aerials,0,0,0,0,1,0
491776,1,2027,728,1,0,57,develop,assessor or aerials,0,0,0,0,1,0
491777,1,2027,728,1,0,57,develop,assessor or aerials,0,0,0,0,1,0
491778,1,2027,728,1,0,57,develop,assessor or aerials,0,0,0,0,1,0
491779,1,2027,841,1,0,57,develop,assessor or aerials,0,0,0,0,1,0
491780,1,2027,728,1,0,57,develop,assessor or aerials,0,0,0,0,1,0
491781,1,2027,841,1,0,57,develop,assessor or aerials,0,0,0,0,1,0
491782,1,2027,728,1,0,57,develop,assessor or aerials,0,0,0,0,1,0
491783,1,2027,728,1,0,57,develop,assessor or aerials,0,0,0,0,1,0
491784,1,2027,728,1,0,57,develop,assessor or aerials,0,0,0,0,1,0
491785,1,2027,841,1,0,57,develop,assessor or aerials,0,0,0,0,1,0
491786,1,2027,841,1,0,57,develop,assessor or aerials,0,0,0,0,1,0
491787,1,2027,728,1,0,57,develop,assessor or aerials,0,0,0,0,1,0
491788,1,2027,728,1,0,57,develop,assessor or aerials,0,0,0,0,1,0
491789,1,2027,728,1,0,57,develop,assessor or aerials,0,0,0,0,1,0
491790,1,2027,841,1,0,57,develop,assessor or aerials,0,0,0,0,1,0
491791,1,2027,728,1,0,57,develop,assessor or aerials,0,0,0,0,1,0
491792,1,2027,728,1,0,57,develop,assessor or aerials,0,0,0,0,1,0
491793,1,2027,728,1,0,57,develop,assessor or aerials,0,0,0,0,1,0
491794,1,2027,728,1,0,57,develop,assessor or aerials,0,0,0,0,1,0
491797,1,2024,1734,1,0,57,develop,assessor or aerials,0,0,0,0,1,0
491798,1,2024,1677,1,0,57,develop,assessor or aerials,0,0,0,0,1,0
491810,2,2025,42858,56,0,57,develop,assessor or aerials,0,0,0,0,1,0
491817,2,2027,1800,1,0,57,develop,assessor or aerials,0,0,0,0,1,0
491818,2,2027,1800,1,0,57,develop,assessor or aerials,0,0,0,0,1,0
491819,2,2027,1800,1,0,57,develop,assessor or aerials,0,0,0,0,1,0
491820,2,2027,1800,1,0,57,develop,assessor or aerials,0,0,0,0,1,0
491821,2,2027,1800,1,0,57,develop,assessor or aerials,0,0,0,0,1,0
491822,2,2027,1800,1,0,57,develop,assessor or aerials,0,0,0,0,1,0
491823,2,2027,1800,1,0,57,develop,assessor or aerials,0,0,0,0,1,0
491824,2,2027,1800,1,0,57,develop,assessor or aerials,0,0,0,0,1,0
491825,2,2027,1800,1,0,57,develop,assessor or aerials,0,0,0,0,1,0
491826,2,2027,1800,1,0,57,develop,assessor or aerials,0,0,0,0,1,0
491827,2,2027,1800,1,0,57,develop,assessor or aerials,0,0,0,0,1,0
491828,2,2027,1800,1,0,57,develop,assessor or aerials,0,0,0,0,1,0
491829,2,2027,1800,1,0,57,develop,assessor or aerials,0,0,0,0,1,0
491832,2,2027,1800,1,0,57,develop,assessor or aerials,0,0,0,0,1,0
491833,2,2027,1800,1,0,57,develop,assessor or aerials,0,0,0,0,1,0
491834,2,2027,1800,1,0,57,develop,assessor or aerials,0,0,0,0,1,0
491835,2,2027,1800,1,0,57,develop,assessor or aerials,0,0,0,0,1,0
491836,2,2027,1800,1,0,57,develop,assessor or aerials,0,0,0,0,1,0
491837,2,2027,1800,1,0,57,develop,assessor or aerials,0,0,0,0,1,0
491838,2,2027,1800,1,0,57,develop,assessor or aerials,0,0,0,0,1,0
491839,2,2027,1800,1,0,57,develop,assessor or aerials,0,0,0,0,1,0
491840,2,2027,1800,1,0,57,develop,assessor or aerials,0,0,0,0,1,0
491841,2,2027,1800,1,0,57,develop,assessor or aerials,0,0,0,0,1,0
491842,2,2027,1800,1,0,57,develop,assessor or aerials,0,0,0,0,1,0
491843,2,2027,1800,1,0,57,develop,assessor or aerials,0,0,0,0,1,0
491844,2,2027,1800,1,0,57,develop,assessor or aerials,0,0,0,0,1,0
491845,2,2027,1800,1,0,57,develop,assessor or aerials,0,0,0,0,1,0
491846,2,2027,1800,1,0,57,develop,assessor or aerials,0,0,0,0,1,0
491847,2,2027,1800,1,0,57,develop,assessor or aerials,0,0,0,0,1,0
491848,2,2027,1800,1,0,57,develop,assessor or aerials,0,0,0,0,1,0
491849,2,2027,1800,1,0,57,develop,assessor or aerials,0,0,0,0,1,0
491850,2,2027,1800,1,0,57,develop,assessor or aerials,0,0,0,0,1,0
491851,2,2027,1800,1,0,57,develop,assessor or aerials,0,0,0,0,1,0
491852,2,2027,1800,1,0,57,develop,assessor or aerials,0,0,0,0,1,0
491853,2,2027,1800,1,0,57,develop,assessor or aerials,0,0,0,0,1,0
491854,2,2027,1800,1,0,57,develop,assessor or aerials,0,0,0,0,1,0
491855,2,2027,1800,1,0,57,develop,assessor or aerials,0,0,0,0,1,0
491856,2,2027,1800,1,0,57,develop,assessor or aerials,0,0,0,0,1,0
491857,2,2027,1800,1,0,57,develop,assessor or aerials,0,0,0,0,1,0
491858,2,2027,1800,1,0,57,develop,assessor or aerials,0,0,0,0,1,0
491859,2,2027,1800,1,0,57,develop,assessor or aerials,0,0,0,0,1,0
491860,2,2027,1800,1,0,57,develop,assessor or aerials,0,0,0,0,1,0
491861,2,2027,1800,1,0,57,develop,assessor or aerials,0,0,0,0,1,0
491862,2,2027,1800,1,0,57,develop,assessor or aerials,0,0,0,0,1,0
491863,2,2027,1800,1,0,57,develop,assessor or aerials,0,0,0,0,1,0
491864,2,2027,1800,1,0,57,develop,assessor or aerials,0,0,0,0,1,0
491865,2,2027,1800,1,0,57,develop,assessor or aerials,0,0,0,0,1,0
491866,2,2027,1800,1,0,57,develop,assessor or aerials,0,0,0,0,1,0
491867,2,2027,1800,1,0,57,develop,assessor or aerials,0,0,0,0,1,0
491868,2,2027,1800,1,0,57,develop,assessor or aerials,0,0,0,0,1,0
491869,2,2027,1800,1,0,57,develop,assessor or aerials,0,0,0,0,1,0
491870,2,2027,1800,1,0,57,develop,assessor or aerials,0,0,0,0,1,0
491871,2,2027,1800,1,0,57,develop,assessor or aerials,0,0,0,0,1,0
491872,2,2027,1800,1,0,57,develop,assessor or aerials,0,0,0,0,1,0
491873,2,2027,1800,1,0,57,develop,assessor or aerials,0,0,0,0,1,0
491874,2,2027,1800,1,0,57,develop,assessor or aerials,0,0,0,0,1,0
491875,2,2027,1800,1,0,57,develop,assessor or aerials,0,0,0,0,1,0
491876,2,2027,1800,1,0,57,develop,assessor or aerials,0,0,0,0,1,0
491877,2,2027,1800,1,0,57,develop,assessor or aerials,0,0,0,0,1,0
491878,2,2027,1800,1,0,57,develop,assessor or aerials,0,0,0,0,1,0
491879,2,2027,1800,1,0,57,develop,assessor or aerials,0,0,0,0,1,0
491880,2,2027,1800,1,0,57,develop,assessor or aerials,0,0,0,0,1,0
491881,2,2027,1800,1,0,57,develop,assessor or aerials,0,0,0,0,1,0
491882,2,2027,1800,1,0,57,develop,assessor or aerials,0,0,0,0,1,0
491883,2,2027,1800,1,0,57,develop,assessor or aerials,0,0,0,0,1,0
491884,2,2027,1800,1,0,57,develop,assessor or aerials,0,0,0,0,1,0
491885,2,2027,1800,1,0,57,develop,assessor or aerials,0,0,0,0,1,0
491886,2,2027,1800,1,0,57,develop,assessor or aerials,0,0,0,0,1,0
491894,1,2024,2566,1,0,57,develop,assessor or aerials,0,0,0,0,1,0
491895,1,2024,2566,1,0,57,develop,assessor or aerials,0,0,0,0,1,0
491896,1,2024,2564,1,0,57,develop,assessor or aerials,0,0,0,0,1,0
491900,1,2024,2206,1,0,57,develop,assessor or aerials,0,0,0,0,1,0
491901,1,2024,1537,1,0,57,develop,assessor or aerials,0,0,0,0,1,0
491902,1,2024,2260,1,0,57,develop,assessor or aerials,0,0,0,0,1,0
491903,1,2024,2260,1,0,57,develop,assessor or aerials,0,0,0,0,1,0
491904,1,2024,1559,1,0,57,develop,assessor or aerials,0,0,0,0,1,0
491905,1,2024,2260,1,0,57,develop,assessor or aerials,0,0,0,0,1,0
491906,1,2024,2566,1,0,57,develop,assessor or aerials,0,0,0,0,1,0
491907,1,2024,2260,1,0,57,develop,assessor or aerials,0,0,0,0,1,0
491909,1,2024,2260,1,0,57,develop,assessor or aerials,0,0,0,0,1,0
491916,1,2024,2232,1,0,57,develop,assessor or aerials,0,0,0,0,1,0
491917,1,2024,2260,1,0,57,develop,assessor or aerials,0,0,0,0,1,0
491920,1,2025,1942,1,0,57,develop,assessor or aerials,0,0,0,0,1,0
491921,1,2024,1529,1,0,57,develop,assessor or aerials,0,0,0,0,1,0
491922,1,2024,2790,1,0,57,develop,assessor or aerials,0,0,0,0,1,0
491924,1,2025,2024,1,0,57,develop,assessor or aerials,0,0,0,0,1,0
491925,1,2024,1815,1,0,57,develop,assessor or aerials,0,0,0,0,1,0
491927,1,2024,1936,1,0,57,develop,assessor or aerials,0,0,0,0,1,0
491928,1,2025,2248,1,0,57,develop,assessor or aerials,0,0,0,0,1,0
491930,1,2025,2151,1,0,57,develop,assessor or aerials,0,0,0,0,1,0
491932,1,2024,2295,1,0,57,develop,assessor or aerials,0,0,0,0,1,0
491938,1,2024,2317,1,0,57,develop,assessor or aerials,0,0,0,0,1,0
491940,1,2024,1734,1,0,57,develop,assessor or aerials,0,0,0,0,1,0
491941,1,2024,2039,1,0,57,develop,assessor or aerials,0,0,0,0,1,0
491942,1,2024,1542,1,0,57,develop,assessor or aerials,0,0,0,0,1,0
491943,1,2024,1761,1,0,57,develop,assessor or aerials,0,0,0,0,1,0
491944,1,2024,1829,1,0,57,develop,assessor or aerials,0,0,0,0,1,0
491945,1,2024,2039,1,0,57,develop,assessor or aerials,0,0,0,0,1,0
491946,1,2024,1808,1,0,57,develop,assessor or aerials,0,0,0,0,1,0
491947,1,2024,1765,1,0,57,develop,assessor or aerials,0,0,0,0,1,0
491948,1,2024,1946,1,0,57,develop,assessor or aerials,0,0,0,0,1,0
491949,1,2024,1829,1,0,57,develop,assessor or aerials,0,0,0,0,1,0
491950,1,2024,2039,1,0,57,develop,assessor or aerials,0,0,0,0,1,0
491951,1,2024,1545,1,0,57,develop,assessor or aerials,0,0,0,0,1,0
491952,1,2024,1420,1,0,57,develop,assessor or aerials,0,0,0,0,1,0
491953,1,2024,1834,1,0,57,develop,assessor or aerials,0,0,0,0,1,0
491958,2,2024,6832,4,0,57,develop,assessor or aerials,0,0,0,0,1,0
491959,2,2024,6832,4,0,57,develop,assessor or aerials,0,0,0,0,1,0
491960,2,2024,6892,4,0,57,develop,assessor or aerials,0,0,0,0,1,0
491961,2,2024,6892,4,0,57,develop,assessor or aerials,0,0,0,0,1,0
491962,2,2024,6892,4,0,57,develop,assessor or aerials,0,0,0,0,1,0
491963,2,2027,4500,3,0,57,develop,assessor or aerials,0,0,0,0,1,0
491964,2,2024,4596,3,0,57,develop,assessor or aerials,0,0,0,0,1,0
491965,2,2024,6070,2,0,57,develop,assessor or aerials,0,0,0,0,1,0
491966,2,2027,4500,3,0,57,develop,assessor or aerials,0,0,0,0,1,0
491967,2,2027,4500,3,0,57,develop,assessor or aerials,0,0,0,0,1,0
491968,2,2024,4508,3,0,57,develop,assessor or aerials,0,0,0,0,1,0
491969,2,2024,6070,4,0,57,develop,assessor or aerials,0,0,0,0,1,0
491970,2,2027,4500,3,0,57,develop,assessor or aerials,0,0,0,0,1,0
491971,2,2027,4500,3,0,57,develop,assessor or aerials,0,0,0,0,1,0
491972,2,2027,4500,3,0,57,develop,assessor or aerials,0,0,0,0,1,0
491973,2,2024,4596,3,0,57,develop,assessor or aerials,0,0,0,0,1,0
491974,2,2024,6070,4,0,57,develop,assessor or aerials,0,0,0,0,1,0
491975,2,2027,6000,4,0,57,develop,assessor or aerials,0,0,0,0,1,0
491976,2,2027,4500,3,0,57,develop,assessor or aerials,0,0,0,0,1,0
491977,2,2027,6000,4,0,57,develop,assessor or aerials,0,0,0,0,1,0
491978,2,2027,4500,3,0,57,develop,assessor or aerials,0,0,0,0,1,0
491979,2,2027,6000,4,0,57,develop,assessor or aerials,0,0,0,0,1,0
491980,2,2027,6000,4,0,57,develop,assessor or aerials,0,0,0,0,1,0
491981,2,2027,6000,4,0,57,develop,assessor or aerials,0,0,0,0,1,0
491982,2,2027,6000,4,0,57,develop,assessor or aerials,0,0,0,0,1,0
491983,2,2027,4500,3,0,57,develop,assessor or aerials,0,0,0,0,1,0
491984,2,2027,4500,3,0,57,develop,assessor or aerials,0,0,0,0,1,0
491985,2,2027,6000,4,0,57,develop,assessor or aerials,0,0,0,0,1,0
491986,2,2027,6000,4,0,57,develop,assessor or aerials,0,0,0,0,1,0
491987,2,2027,6000,4,0,57,develop,assessor or aerials,0,0,0,0,1,0
491988,2,2027,6000,4,0,57,develop,assessor or aerials,0,0,0,0,1,0
491989,2,2027,6000,4,0,57,develop,assessor or aerials,0,0,0,0,1,0
491990,2,2027,6000,4,0,57,develop,assessor or aerials,0,0,0,0,1,0
491991,2,2024,6892,4,0,57,develop,assessor or aerials,0,0,0,0,1,0
491992,2,2024,6892,4,0,57,develop,assessor or aerials,0,0,0,0,1,0
491993,2,2024,6832,4,0,57,develop,assessor or aerials,0,0,0,0,1,0
491994,2,2024,6832,4,0,57,develop,assessor or aerials,0,0,0,0,1,0
491995,2,2024,2968,2,0,57,develop,assessor or aerials,0,0,0,0,1,0
491996,2,2027,3000,2,0,57,develop,assessor or aerials,0,0,0,0,1,0
491997,2,2027,3000,2,0,57,develop,assessor or aerials,0,0,0,0,1,0
491998,2,2027,3000,2,0,57,develop,assessor or aerials,0,0,0,0,1,0
491999,2,2027,3000,2,0,57,develop,assessor or aerials,0,0,0,0,1,0
492000,2,2027,3000,2,0,57,develop,assessor or aerials,0,0,0,0,1,0
492001,2,2027,3000,2,0,57,develop,assessor or aerials,0,0,0,0,1,0
492002,2,2027,4500,3,0,57,develop,assessor or aerials,0,0,0,0,1,0
492003,2,2027,3000,2,0,57,develop,assessor or aerials,0,0,0,0,1,0
492004,2,2024,2968,2,0,57,develop,assessor or aerials,0,0,0,0,1,0
492005,2,2027,6000,4,0,57,develop,assessor or aerials,0,0,0,0,1,0
492006,2,2027,6000,4,0,57,develop,assessor or aerials,0,0,0,0,1,0
492007,2,2027,6000,4,0,57,develop,assessor or aerials,0,0,0,0,1,0
492008,2,2027,6000,4,0,57,develop,assessor or aerials,0,0,0,0,1,0
492009,2,2027,6000,4,0,57,develop,assessor or aerials,0,0,0,0,1,0
492010,2,2027,6000,4,0,57,develop,assessor or aerials,0,0,0,0,1,0
492011,2,2027,6000,4,0,57,develop,assessor or aerials,0,0,0,0,1,0
492012,2,2027,6000,4,0,57,develop,assessor or aerials,0,0,0,0,1,0
492013,2,2027,6000,4,0,57,develop,assessor or aerials,0,0,0,0,1,0
492014,2,2027,6000,4,0,57,develop,assessor or aerials,0,0,0,0,1,0
492015,2,2027,6000,4,0,57,develop,assessor or aerials,0,0,0,0,1,0
492016,2,2027,6000,4,0,57,develop,assessor or aerials,0,0,0,0,1,0
492017,2,2027,6000,4,0,57,develop,assessor or aerials,0,0,0,0,1,0
492018,2,2027,6000,4,0,57,develop,assessor or aerials,0,0,0,0,1,0
492019,2,2027,6000,4,0,57,develop,assessor or aerials,0,0,0,0,1,0
492020,2,2027,3000,2,0,57,develop,assessor or aerials,0,0,0,0,1,0
492021,2,2024,3056,2,0,57,develop,assessor or aerials,0,0,0,0,1,0
492024,1,2024,2618,1,0,57,develop,assessor or aerials,0,0,0,0,1,0
492025,1,2024,2284,1,0,57,develop,assessor or aerials,0,0,0,0,1,0
492026,1,2024,2890,1,0,57,develop,assessor or aerials,0,0,0,0,1,0
492027,1,2024,2771,1,0,57,develop,assessor or aerials,0,0,0,0,1,0
492028,1,2024,2424,1,0,57,develop,assessor or aerials,0,0,0,0,1,0
492029,1,2024,2627,1,0,57,develop,assessor or aerials,0,0,0,0,1,0
492030,1,2024,2280,1,0,57,develop,assessor or aerials,0,0,0,0,1,0
492031,1,2024,2628,1,0,57,develop,assessor or aerials,0,0,0,0,1,0
492032,1,2024,2633,1,0,57,develop,assessor or aerials,0,0,0,0,1,0
492033,1,2024,2949,1,0,57,develop,assessor or aerials,0,0,0,0,1,0
492034,1,2024,2898,1,0,57,develop,assessor or aerials,0,0,0,0,1,0
492035,1,2024,2617,1,0,57,develop,assessor or aerials,0,0,0,0,1,0
492036,1,2024,2891,1,0,57,develop,assessor or aerials,0,0,0,0,1,0
492037,1,2024,2280,1,0,57,develop,assessor or aerials,0,0,0,0,1,0
492039,1,2024,2280,1,0,57,develop,assessor or aerials,0,0,0,0,1,0
492040,1,2024,2280,1,0,57,develop,assessor or aerials,0,0,0,0,1,0
492042,1,2024,2758,1,0,57,develop,assessor or aerials,0,0,0,0,1,0
492060,1,2024,3300,1,0,57,develop,assessor or aerials,0,0,0,0,1,0
492063,1,2024,2930,1,0,57,develop,assessor or aerials,0,0,0,0,1,0
492069,1,2024,1733,1,0,57,develop,assessor or aerials,0,0,0,0,1,0
492083,1,2024,1835,1,0,57,develop,assessor or aerials,0,0,0,0,1,0
492085,1,2024,5265,1,0,57,develop,assessor or aerials,0,0,0,0,1,0
492090,1,2024,2798,1,0,57,develop,assessor or aerials,0,0,0,0,1,0
492093,1,2024,2798,1,0,57,develop,assessor or aerials,0,0,0,0,1,0
492099,1,2024,1850,1,0,57,develop,assessor or aerials,0,0,0,0,1,0
492126,1,2024,1935,1,0,57,develop,assessor or aerials,0,0,0,0,1,0
492127,1,2024,1921,1,0,57,develop,assessor or aerials,0,0,0,0,1,0
492128,1,2024,1981,1,0,57,develop,assessor or aerials,0,0,0,0,1,0
492129,1,2024,3285,1,0,57,develop,assessor or aerials,0,0,0,0,1,0
492130,1,2024,2287,1,0,57,develop,assessor or aerials,0,0,0,0,1,0
492132,1,2024,2849,1,0,57,develop,assessor or aerials,0,0,0,0,1,0
492133,1,2024,1835,1,0,57,develop,assessor or aerials,0,0,0,0,1,0
492134,1,2024,1946,1,0,57,develop,assessor or aerials,0,0,0,0,1,0
492142,1,2024,2219,1,0,57,develop,assessor or aerials,0,0,0,0,1,0
492170,1,2025,36491,13,0,57,develop,assessor or aerials,0,0,0,0,1,0
492171,1,2025,1940,1,0,57,develop,assessor or aerials,0,0,0,0,1,0
492179,1,2024,2356,1,0,57,develop,assessor or aerials,0,0,0,0,1,0
492180,1,2024,2257,1,0,57,develop,assessor or aerials,0,0,0,0,1,0
492184,1,2024,2795,1,0,57,develop,assessor or aerials,0,0,0,0,1,0
492189,1,2025,600,1,0,57,develop,assessor or aerials,0,0,0,0,1,0
492193,1,2024,2880,1,0,57,develop,assessor or aerials,0,0,0,0,1,0
492200,1,2024,2300,1,0,57,develop,assessor or aerials,0,0,0,0,1,0
492206,1,2024,3113,1,0,57,develop,assessor or aerials,0,0,0,0,1,0
492208,1,2024,2504,1,0,57,develop,assessor or aerials,0,0,0,0,1,0
492209,1,2024,3675,1,0,57,develop,assessor or aerials,0,0,0,0,1,0
492238,2,2026,22100,13,0,35,develop,assessor or aerials,0,0,0,0,1,0
492244,6,2024,55000,0,0,35,develop,assessor or aerials,0,0,0,0,1,55000
492247,1,2027,1800,1,0,57,develop,assessor or aerials,0,0,0,0,1,0
492248,1,2027,1800,1,0,57,develop,assessor or aerials,0,0,0,0,1,0
492249,1,2024,1600,1,0,57,develop,assessor or aerials,0,0,0,0,1,0
492250,1,2027,1800,1,0,57,develop,assessor or aerials,0,0,0,0,1,0
492251,1,2027,1800,1,0,57,develop,assessor or aerials,0,0,0,0,1,0
492252,1,2024,1566,1,0,57,develop,assessor or aerials,0,0,0,0,1,0
492253,1,2024,1760,1,0,57,develop,assessor or aerials,0,0,0,0,1,0
492254,1,2024,1032,1,0,57,develop,assessor or aerials,0,0,0,0,1,0
527129,1,2024,58302,1,0,49,develop,assessor or aerials,0,0,0,0,1,0
527130,1,2024,58302,1,0,49,develop,assessor or aerials,0,0,0,0,1,0
527131,1,2024,58302,1,0,49,develop,assessor or aerials,0,0,0,0,1,0
527132,1,2024,58302,1,0,49,develop,assessor or aerials,0,0,0,0,1,0
528690,6,2026,49650,0,0,49,develop,assessor or aerials,0,0,0,0,1,49650
536599,1,2025,4065,1,0,49,develop,assessor or aerials,0,0,0,0,1,0
537933,1,2025,15294,1,0,49,develop,assessor or aerials,0,0,0,0,1,0
539671,1,2025,6018,1,0,49,develop,assessor or aerials,0,0,0,0,1,0
539834,1,2024,7864,1,0,49,develop,assessor or aerials,0,0,0,0,1,0
540239,1,2024,5800,1,0,49,develop,assessor or aerials,0,0,0,0,1,0
541881,1,2024,20539,1,0,49,develop,assessor or aerials,0,0,0,0,1,0
542287,1,2025,3444,1,0,49,develop,assessor or aerials,0,0,0,0,1,0
542979,5,2026,1153,0,0,49,develop,assessor or aerials,0,0,0,0,1,1153
543286,1,2025,3092,1,0,49,develop,assessor or aerials,0,0,0,0,1,0
543491,5,2026,907,0,0,49,develop,assessor or aerials,0,0,0,0,1,907
543515,1,2025,3616,1,0,49,develop,assessor or aerials,0,0,0,0,1,0
543754,1,2025,3012,1,0,49,develop,assessor or aerials,0,0,0,0,1,0
543797,1,2025,5250,1,0,49,develop,assessor or aerials,0,0,0,0,1,0
543860,1,2025,2615,1,0,49,develop,assessor or aerials,0,0,0,0,1,0
544014,1,2025,3935,1,0,49,develop,assessor or aerials,0,0,0,0,1,0
544166,1,2025,5203,1,0,49,develop,assessor or aerials,0,0,0,0,1,0
544267,1,2024,2802,1,0,49,develop,assessor or aerials,0,0,0,0,1,0
544484,1,2025,2802,1,0,49,develop,assessor or aerials,0,0,0,0,1,0
544817,1,2025,2615,1,0,49,develop,assessor or aerials,0,0,0,0,1,0
544858,1,2024,3981,1,0,49,develop,assessor or aerials,0,0,0,0,1,0
544937,1,2025,2615,1,0,49,develop,assessor or aerials,0,0,0,0,1,0
545090,1,2025,4585,1,0,49,develop,assessor or aerials,0,0,0,0,1,0
545140,1,2025,2989,1,0,49,develop,assessor or aerials,0,0,0,0,1,0
545337,1,2025,2977,1,0,49,develop,assessor or aerials,0,0,0,0,1,0
545552,1,2025,2753,1,0,49,develop,assessor or aerials,0,0,0,0,1,0
545803,1,2025,2649,1,0,49,develop,assessor or aerials,0,0,0,0,1,0
545854,1,2025,2615,1,0,49,develop,assessor or aerials,0,0,0,0,1,0
546004,1,2025,2615,1,0,49,develop,assessor or aerials,0,0,0,0,1,0
546150,1,2025,3022,1,0,49,develop,assessor or aerials,0,0,0,0,1,0
546170,1,2025,3174,1,0,49,develop,assessor or aerials,0,0,0,0,1,0
546199,1,2025,2989,1,0,49,develop,assessor or aerials,0,0,0,0,1,0
546259,1,2025,2713,1,0,49,develop,assessor or aerials,0,0,0,0,1,0
546426,1,2025,6147,1,0,49,develop,assessor or aerials,0,0,0,0,1,0
546550,1,2025,2615,1,0,49,develop,assessor or aerials,0,0,0,0,1,0
546787,1,2025,2652,1,0,49,develop,assessor or aerials,0,0,0,0,1,0
546967,2,2026,1162,1,0,49,develop,assessor or aerials,0,0,0,0,1,0
547406,2,2026,1273,1,0,49,develop,assessor or aerials,0,0,0,0,1,0
547573,1,2025,7100,1,0,49,develop,assessor or aerials,0,0,0,0,1,0
548370,2,2026,1162,1,0,49,develop,assessor or aerials,0,0,0,0,1,0
548938,2,2026,1162,1,0,49,develop,assessor or aerials,0,0,0,0,1,0
549275,2,2026,1162,1,0,49,develop,assessor or aerials,0,0,0,0,1,0
549348,2,2026,1162,1,0,49,develop,assessor or aerials,0,0,0,0,1,0
549592,2,2026,1162,1,0,49,develop,assessor or aerials,0,0,0,0,1,0
549943,1,2025,4277,1,0,49,develop,assessor or aerials,0,0,0,0,1,0
550327,2,2026,1162,1,0,49,develop,assessor or aerials,0,0,0,0,1,0
551326,1,2025,2950,1,0,49,develop,assessor or aerials,0,0,0,0,1,0
551368,1,2025,1274,1,0,49,develop,assessor or aerials,0,0,0,0,1,0
553383,1,2025,38814,1,0,49,develop,assessor or aerials,0,0,0,0,1,0
554514,1,2024,3322,1,0,49,develop,assessor or aerials,0,0,0,0,1,0
554537,1,2024,6462,1,0,49,develop,assessor or aerials,0,0,0,0,1,0
555324,1,2026,5844,1,0,49,develop,assessor or aerials,0,0,0,0,1,0
555943,1,2025,5302,1,0,49,develop,assessor or aerials,0,0,0,0,1,0
556080,1,2025,21089,1,0,49,develop,assessor or aerials,0,0,0,0,1,0
556137,1,2025,16110,1,0,49,develop,assessor or aerials,0,0,0,0,1,0
556557,1,2025,16752,1,0,49,develop,assessor or aerials,0,0,0,0,1,0
556708,1,2025,1456,1,0,49,develop,assessor or aerials,0,0,0,0,1,0
556744,1,2024,2106,1,0,49,develop,assessor or aerials,0,0,0,0,1,0
556841,1,2025,14238,1,0,49,develop,assessor or aerials,0,0,0,0,1,0
557071,1,2024,5764,1,0,49,develop,assessor or aerials,0,0,0,0,1,0
557646,1,2025,17059,1,0,49,develop,assessor or aerials,0,0,0,0,1,0
557893,1,2025,5214,1,0,49,develop,assessor or aerials,0,0,0,0,1,0
558187,6,2028,80000,0,0,49,develop,assessor or aerials,0,0,0,0,1,80000
558243,1,2024,49840,1,0,49,develop,assessor or aerials,0,0,0,0,1,0
558363,1,2025,18968,1,0,49,develop,assessor or aerials,0,0,0,0,1,0
558420,1,2025,5707,1,0,49,develop,assessor or aerials,0,0,0,0,1,0
558533,1,2024,16632,1,0,49,develop,assessor or aerials,0,0,0,0,1,0
558539,1,2025,3944,1,0,49,develop,assessor or aerials,0,0,0,0,1,0
558620,1,2025,5257,1,0,49,develop,assessor or aerials,0,0,0,0,1,0
558879,5,2026,1686,0,0,49,develop,assessor or aerials,0,0,0,0,1,1686
558892,1,2025,5843,1,0,49,develop,assessor or aerials,0,0,0,0,1,0
558915,1,2025,4205,1,0,49,develop,assessor or aerials,0,0,0,0,1,0
558973,1,2025,3159,1,0,49,develop,assessor or aerials,0,0,0,0,1,0
559026,1,2024,4107,1,0,49,develop,assessor or aerials,0,0,0,0,1,0
559253,1,2025,4005,1,0,49,develop,assessor or aerials,0,0,0,0,1,0
559319,1,2025,4873,1,0,49,develop,assessor or aerials,0,0,0,0,1,0
559397,1,2025,3694,1,0,49,develop,assessor or aerials,0,0,0,0,1,0
559486,1,2025,3801,1,0,49,develop,assessor or aerials,0,0,0,0,1,0
559497,1,2025,4080,1,0,49,develop,assessor or aerials,0,0,0,0,1,0
559562,1,2025,14200,1,0,49,develop,assessor or aerials,0,0,0,0,1,0
559661,1,2025,4231,1,0,49,develop,assessor or aerials,0,0,0,0,1,0
559694,1,2025,4988,1,0,49,develop,assessor or aerials,0,0,0,0,1,0
559773,1,2024,5106,1,0,49,develop,assessor or aerials,0,0,0,0,1,0
559779,1,2025,4825,1,0,49,develop,assessor or aerials,0,0,0,0,1,0
559792,1,2024,4393,1,0,49,develop,assessor or aerials,0,0,0,0,1,0
559796,1,2024,6181,1,0,49,develop,assessor or aerials,0,0,0,0,1,0
559802,1,2024,3583,1,0,49,develop,assessor or aerials,0,0,0,0,1,0
559813,1,2025,2848,1,0,49,develop,assessor or aerials,0,0,0,0,1,0
559840,1,2024,4573,1,0,49,develop,assessor or aerials,0,0,0,0,1,0
559870,1,2024,3171,1,0,49,develop,assessor or aerials,0,0,0,0,1,0
559887,1,2024,1913,1,0,49,develop,assessor or aerials,0,0,0,0,1,0
559891,1,2025,3444,1,0,49,develop,assessor or aerials,0,0,0,0,1,0
559933,1,2025,3303,1,0,49,develop,assessor or aerials,0,0,0,0,1,0
559941,1,2024,4017,1,0,49,develop,assessor or aerials,0,0,0,0,1,0
560000,1,2025,4900,1,0,49,develop,assessor or aerials,0,0,0,0,1,0
560022,1,2024,1623,1,0,49,develop,assessor or aerials,0,0,0,0,1,0
560047,1,2024,5506,1,0,49,develop,assessor or aerials,0,0,0,0,1,0
560049,1,2025,5541,1,0,49,develop,assessor or aerials,0,0,0,0,1,0
560055,1,2025,3699,1,0,49,develop,assessor or aerials,0,0,0,0,1,0
560082,1,2024,3778,1,0,49,develop,assessor or aerials,0,0,0,0,1,0
560084,1,2025,3604,1,0,49,develop,assessor or aerials,0,0,0,0,1,0
560170,1,2025,7582,1,0,49,develop,assessor or aerials,0,0,0,0,1,0
560171,1,2025,10994,1,0,49,develop,assessor or aerials,0,0,0,0,1,0
560281,1,2025,2658,1,0,49,develop,assessor or aerials,0,0,0,0,1,0
560321,1,2024,3794,1,0,49,develop,assessor or aerials,0,0,0,0,1,0
560344,1,2024,3091,1,0,49,develop,assessor or aerials,0,0,0,0,1,0
560385,1,2025,1663,1,0,49,develop,assessor or aerials,0,0,0,0,1,0
560430,1,2024,1623,1,0,49,develop,assessor or aerials,0,0,0,0,1,0
560433,1,2025,2521,1,0,49,develop,assessor or aerials,0,0,0,0,1,0
560447,1,2024,4402,1,0,49,develop,assessor or aerials,0,0,0,0,1,0
560468,1,2024,25047,1,0,49,develop,assessor or aerials,0,0,0,0,1,0
560508,1,2025,2733,1,0,49,develop,assessor or aerials,0,0,0,0,1,0
560533,1,2024,1888,1,0,49,develop,assessor or aerials,0,0,0,0,1,0
560542,1,2024,2612,1,0,49,develop,assessor or aerials,0,0,0,0,1,0
560554,1,2024,3759,1,0,49,develop,assessor or aerials,0,0,0,0,1,0
560560,1,2025,3964,1,0,49,develop,assessor or aerials,0,0,0,0,1,0
560571,2,2024,7822,9,0,49,develop,assessor or aerials,0,0,0,0,1,0
560594,1,2024,1623,1,0,49,develop,assessor or aerials,0,0,0,0,1,0
560595,1,2025,3710,1,0,49,develop,assessor or aerials,0,0,0,0,1,0
560615,1,2024,1745,1,0,49,develop,assessor or aerials,0,0,0,0,1,0
560650,1,2025,3588,1,0,49,develop,assessor or aerials,0,0,0,0,1,0
560682,1,2024,1623,1,0,49,develop,assessor or aerials,0,0,0,0,1,0
560701,1,2025,4573,1,0,49,develop,assessor or aerials,0,0,0,0,1,0
560711,2,2024,1099,1,0,49,develop,assessor or aerials,0,0,0,0,1,0
560712,1,2025,3775,1,0,49,develop,assessor or aerials,0,0,0,0,1,0
560762,1,2024,19619,1,0,49,develop,assessor or aerials,0,0,0,0,1,0
560798,1,2024,1255,1,0,49,develop,assessor or aerials,0,0,0,0,1,0
560823,2,2024,1092,1,0,49,develop,assessor or aerials,0,0,0,0,1,0
560856,1,2025,2007,1,0,49,develop,assessor or aerials,0,0,0,0,1,0
560871,1,2024,2045,1,0,49,develop,assessor or aerials,0,0,0,0,1,0
560877,1,2024,3996,1,0,49,develop,assessor or aerials,0,0,0,0,1,0
560882,1,2024,2249,1,0,49,develop,assessor or aerials,0,0,0,0,1,0
560902,1,2025,4186,1,0,49,develop,assessor or aerials,0,0,0,0,1,0
560910,1,2025,4524,1,0,49,develop,assessor or aerials,0,0,0,0,1,0
560911,1,2025,3741,1,0,49,develop,assessor or aerials,0,0,0,0,1,0
560915,2,2024,2375,1,0,49,develop,assessor or aerials,0,0,0,0,1,0
560936,1,2024,2061,1,0,49,develop,assessor or aerials,0,0,0,0,1,0
561023,1,2025,3087,1,0,49,develop,assessor or aerials,0,0,0,0,1,0
561025,2,2024,1194,1,0,49,develop,assessor or aerials,0,0,0,0,1,0
561029,2,2024,2551,1,0,49,develop,assessor or aerials,0,0,0,0,1,0
561040,1,2025,3370,1,0,49,develop,assessor or aerials,0,0,0,0,1,0
561044,1,2024,14317,1,0,49,develop,assessor or aerials,0,0,0,0,1,0
561054,1,2025,2293,1,0,49,develop,assessor or aerials,0,0,0,0,1,0
561075,1,2025,2548,1,0,49,develop,assessor or aerials,0,0,0,0,1,0
561090,1,2025,5532,1,0,49,develop,assessor or aerials,0,0,0,0,1,0
561099,1,2025,31576,1,0,49,develop,assessor or aerials,0,0,0,0,1,0
561148,1,2024,9791,1,0,49,develop,assessor or aerials,0,0,0,0,1,0
561172,1,2025,4430,1,0,49,develop,assessor or aerials,0,0,0,0,1,0
561178,1,2024,8650,1,0,49,develop,assessor or aerials,0,0,0,0,1,0
561194,2,2024,1101,1,0,49,develop,assessor or aerials,0,0,0,0,1,0
561230,1,2025,3589,1,0,49,develop,assessor or aerials,0,0,0,0,1,0
561235,1,2025,2972,1,0,49,develop,assessor or aerials,0,0,0,0,1,0
561273,1,2024,11685,1,0,49,develop,assessor or aerials,0,0,0,0,1,0
561347,1,2025,1904,1,0,49,develop,assessor or aerials,0,0,0,0,1,0
561350,1,2024,3752,1,0,49,develop,assessor or aerials,0,0,0,0,1,0
561359,1,2025,3427,1,0,49,develop,assessor or aerials,0,0,0,0,1,0
561374,2,2025,1141,1,0,49,develop,assessor or aerials,0,0,0,0,1,0
561387,8,2024,10540,0,0,49,develop,assessor or aerials,0,0,0,0,1,10540
561429,1,2024,6537,1,0,49,develop,assessor or aerials,0,0,0,0,1,0
561443,2,2024,827,1,0,49,develop,assessor or aerials,0,0,0,0,1,0
561447,1,2025,4449,1,0,49,develop,assessor or aerials,0,0,0,0,1,0
561450,1,2025,10700,1,0,49,develop,assessor or aerials,0,0,0,0,1,0
561467,1,2024,23830,1,0,49,develop,assessor or aerials,0,0,0,0,1,0
561487,1,2024,5647,1,0,49,develop,assessor or aerials,0,0,0,0,1,0
561489,1,2025,3946,1,0,49,develop,assessor or aerials,0,0,0,0,1,0
561493,2,2024,1545,1,0,49,develop,assessor or aerials,0,0,0,0,1,0
561528,1,2025,3742,1,0,49,develop,assessor or aerials,0,0,0,0,1,0
561549,1,2025,2417,1,0,49,develop,assessor or aerials,0,0,0,0,1,0
561557,4,2024,37000,0,0,49,develop,assessor or aerials,0,0,0,0,1,37000
561578,1,2024,5216,1,0,49,develop,assessor or aerials,0,0,0,0,1,0
561590,1,2024,7865,1,0,49,develop,assessor or aerials,0,0,0,0,1,0
561622,1,2025,2079,1,0,49,develop,assessor or aerials,0,0,0,0,1,0
561623,1,2025,5796,1,0,49,develop,assessor or aerials,0,0,0,0,1,0
561626,1,2025,2601,1,0,49,develop,assessor or aerials,0,0,0,0,1,0
561627,1,2025,8348,1,0,49,develop,assessor or aerials,0,0,0,0,1,0
561632,1,2025,1002,1,0,49,develop,assessor or aerials,0,0,0,0,1,0
561649,1,2025,5742,1,0,49,develop,assessor or aerials,0,0,0,0,1,0
561651,1,2024,3450,1,0,49,develop,assessor or aerials,0,0,0,0,1,0
561665,1,2024,1630,1,0,49,develop,assessor or aerials,0,0,0,0,1,0
561667,1,2025,2851,1,0,49,develop,assessor or aerials,0,0,0,0,1,0
561676,1,2025,2164,1,0,49,develop,assessor or aerials,0,0,0,0,1,0
561680,1,2025,2434,1,0,49,develop,assessor or aerials,0,0,0,0,1,0
561684,2,2024,1553,1,0,49,develop,assessor or aerials,0,0,0,0,1,0
561686,2,2024,1700,1,0,49,develop,assessor or aerials,0,0,0,0,1,0
561689,1,2025,794,1,0,49,develop,assessor or aerials,0,0,0,0,1,0
561691,5,2024,1678,0,0,49,develop,assessor or aerials,0,0,0,0,1,1678
561694,1,2024,2471,1,0,49,develop,assessor or aerials,0,0,0,0,1,0
561710,2,2024,1878,1,0,49,develop,assessor or aerials,0,0,0,0,1,0
561711,1,2025,2079,1,0,49,develop,assessor or aerials,0,0,0,0,1,0
561720,2,2024,2268,1,0,49,develop,assessor or aerials,0,0,0,0,1,0
561726,1,2024,4208,1,0,49,develop,assessor or aerials,0,0,0,0,1,0
561732,1,2025,2947,1,0,49,develop,assessor or aerials,0,0,0,0,1,0
561733,1,2025,7836,1,0,49,develop,assessor or aerials,0,0,0,0,1,0
561737,1,2024,2565,1,0,49,develop,assessor or aerials,0,0,0,0,1,0
561740,1,2024,2215,1,0,49,develop,assessor or aerials,0,0,0,0,1,0
561744,1,2024,2500,1,0,49,develop,assessor or aerials,0,0,0,0,1,0
561749,2,2025,2058,1,0,49,develop,assessor or aerials,0,0,0,0,1,0
561758,1,2025,3087,1,0,49,develop,assessor or aerials,0,0,0,0,1,0
561762,1,2025,3779,1,0,49,develop,assessor or aerials,0,0,0,0,1,0
561775,1,2025,850,1,0,49,develop,assessor or aerials,0,0,0,0,1,0
561783,1,2024,2293,1,0,49,develop,assessor or aerials,0,0,0,0,1,0
561787,2,2025,2086,1,0,49,develop,assessor or aerials,0,0,0,0,1,0
561806,1,2025,1523,1,0,49,develop,assessor or aerials,0,0,0,0,1,0
561815,1,2024,2063,1,0,49,develop,assessor or aerials,0,0,0,0,1,0
561821,1,2025,1196,1,0,49,develop,assessor or aerials,0,0,0,0,1,0
561822,1,2025,1886,1,0,49,develop,assessor or aerials,0,0,0,0,1,0
561828,2,2024,1608,1,0,49,develop,assessor or aerials,0,0,0,0,1,0
561841,2,2025,1294,1,0,49,develop,assessor or aerials,0,0,0,0,1,0
561843,1,2025,2167,1,0,49,develop,assessor or aerials,0,0,0,0,1,0
561854,1,2024,4459,1,0,49,develop,assessor or aerials,0,0,0,0,1,0
561855,1,2025,6722,1,0,49,develop,assessor or aerials,0,0,0,0,1,0
561857,1,2025,923,1,0,49,develop,assessor or aerials,0,0,0,0,1,0
561860,2,2024,1848,1,0,49,develop,assessor or aerials,0,0,0,0,1,0
561863,2,2024,1953,1,0,49,develop,assessor or aerials,0,0,0,0,1,0
561874,2,2024,1452,1,0,49,develop,assessor or aerials,0,0,0,0,1,0
561877,1,2025,3497,1,0,49,develop,assessor or aerials,0,0,0,0,1,0
561882,1,2025,5490,1,0,49,develop,assessor or aerials,0,0,0,0,1,0
561886,1,2025,1904,1,0,49,develop,assessor or aerials,0,0,0,0,1,0
561887,2,2024,86226,84,0,49,develop,assessor or aerials,0,0,0,0,1,0
561889,1,2025,2543,1,0,49,develop,assessor or aerials,0,0,0,0,1,0
561894,2,2024,1848,1,0,49,develop,assessor or aerials,0,0,0,0,1,0
561896,1,2024,1848,1,0,49,develop,assessor or aerials,0,0,0,0,1,0
561902,1,2024,1793,1,0,49,develop,assessor or aerials,0,0,0,0,1,0
561909,1,2024,2275,1,0,49,develop,assessor or aerials,0,0,0,0,1,0
561914,1,2025,875,1,0,49,develop,assessor or aerials,0,0,0,0,1,0
561916,2,2024,1846,1,0,49,develop,assessor or aerials,0,0,0,0,1,0
561925,1,2024,1122,1,0,49,develop,assessor or aerials,0,0,0,0,1,0
561927,2,2024,1608,1,0,49,develop,assessor or aerials,0,0,0,0,1,0
561928,1,2024,4285,1,0,49,develop,assessor or aerials,0,0,0,0,1,0
561932,1,2025,305,1,0,49,develop,assessor or aerials,0,0,0,0,1,0
561936,1,2024,5604,1,0,49,develop,assessor or aerials,0,0,0,0,1,0
561942,1,2024,4006,1,0,49,develop,assessor or aerials,0,0,0,0,1,0
561944,1,2025,3164,1,0,49,develop,assessor or aerials,0,0,0,0,1,0
561946,1,2024,2146,1,0,49,develop,assessor or aerials,0,0,0,0,1,0
561953,1,2024,3127,1,0,49,develop,assessor or aerials,0,0,0,0,1,0
561955,1,2024,2453,1,0,49,develop,assessor or aerials,0,0,0,0,1,0
561958,1,2024,3369,1,0,49,develop,assessor or aerials,0,0,0,0,1,0
561963,1,2025,2910,1,0,49,develop,assessor or aerials,0,0,0,0,1,0
561971,2,2024,1848,1,0,49,develop,assessor or aerials,0,0,0,0,1,0
561974,2,2024,1553,1,0,49,develop,assessor or aerials,0,0,0,0,1,0
561975,2,2025,468445,527,0,49,develop,assessor or aerials,0,0,0,0,1,0
561978,1,2025,3492,1,0,49,develop,assessor or aerials,0,0,0,0,1,0
561983,1,2025,3163,1,0,49,develop,assessor or aerials,0,0,0,0,1,0
561984,1,2025,12058,1,0,49,develop,assessor or aerials,0,0,0,0,1,0
561988,1,2024,1793,1,0,49,develop,assessor or aerials,0,0,0,0,1,0
561993,2,2024,1553,1,0,49,develop,assessor or aerials,0,0,0,0,1,0
561996,1,2024,3430,1,0,49,develop,assessor or aerials,0,0,0,0,1,0
561997,1,2025,745,1,0,49,develop,assessor or aerials,0,0,0,0,1,0
562007,2,2024,1878,1,0,49,develop,assessor or aerials,0,0,0,0,1,0
562008,1,2025,32273,1,0,49,develop,assessor or aerials,0,0,0,0,1,0
562013,1,2025,2979,1,0,49,develop,assessor or aerials,0,0,0,0,1,0
562014,1,2025,4709,1,0,49,develop,assessor or aerials,0,0,0,0,1,0
562016,1,2024,3430,1,0,49,develop,assessor or aerials,0,0,0,0,1,0
562019,2,2024,2055,1,0,49,develop,assessor or aerials,0,0,0,0,1,0
562020,1,2024,3450,1,0,49,develop,assessor or aerials,0,0,0,0,1,0
562024,2,2025,1015,1,0,49,develop,assessor or aerials,0,0,0,0,1,0
562032,1,2025,3066,1,0,49,develop,assessor or aerials,0,0,0,0,1,0
562045,1,2024,3263,1,0,49,develop,assessor or aerials,0,0,0,0,1,0
562050,2,2025,1473,1,0,49,develop,assessor or aerials,0,0,0,0,1,0
562052,1,2025,4661,1,0,49,develop,assessor or aerials,0,0,0,0,1,0
562055,1,2024,2117,1,0,49,develop,assessor or aerials,0,0,0,0,1,0
562057,1,2025,1891,1,0,49,develop,assessor or aerials,0,0,0,0,1,0
562080,1,2024,3448,1,0,49,develop,assessor or aerials,0,0,0,0,1,0
562084,1,2025,3041,1,0,49,develop,assessor or aerials,0,0,0,0,1,0
562091,1,2024,3993,1,0,49,develop,assessor or aerials,0,0,0,0,1,0
562093,1,2024,3795,1,0,49,develop,assessor or aerials,0,0,0,0,1,0
562094,1,2025,3828,1,0,49,develop,assessor or aerials,0,0,0,0,1,0
562097,1,2024,2013,1,0,49,develop,assessor or aerials,0,0,0,0,1,0
562100,1,2024,7127,1,0,49,develop,assessor or aerials,0,0,0,0,1,0
562101,1,2024,4314,1,0,49,develop,assessor or aerials,0,0,0,0,1,0
562103,1,2024,3127,1,0,49,develop,assessor or aerials,0,0,0,0,1,0
562105,1,2025,2111,1,0,49,develop,assessor or aerials,0,0,0,0,1,0
562108,1,2024,2558,1,0,49,develop,assessor or aerials,0,0,0,0,1,0
562112,1,2025,4684,1,0,49,develop,assessor or aerials,0,0,0,0,1,0
562118,2,2024,1608,1,0,49,develop,assessor or aerials,0,0,0,0,1,0
562121,1,2025,2027,1,0,49,develop,assessor or aerials,0,0,0,0,1,0
562126,1,2025,1350,1,0,49,develop,assessor or aerials,0,0,0,0,1,0
562127,1,2025,8222,1,0,49,develop,assessor or aerials,0,0,0,0,1,0
562136,1,2024,2275,1,0,49,develop,assessor or aerials,0,0,0,0,1,0
562140,1,2025,2399,1,0,49,develop,assessor or aerials,0,0,0,0,1,0
562142,1,2024,2021,1,0,49,develop,assessor or aerials,0,0,0,0,1,0
562154,1,2025,1110,1,0,49,develop,assessor or aerials,0,0,0,0,1,0
562156,1,2025,1970,1,0,49,develop,assessor or aerials,0,0,0,0,1,0
562162,1,2024,3449,1,0,49,develop,assessor or aerials,0,0,0,0,1,0
562166,1,2025,875,1,0,49,develop,assessor or aerials,0,0,0,0,1,0
562168,1,2025,2526,1,0,49,develop,assessor or aerials,0,0,0,0,1,0
562169,2,2024,1608,1,0,49,develop,assessor or aerials,0,0,0,0,1,0
562174,2,2024,10787,12,0,49,develop,assessor or aerials,0,0,0,0,1,0
562177,1,2025,2440,1,0,49,develop,assessor or aerials,0,0,0,0,1,0
562183,1,2025,3131,1,0,49,develop,assessor or aerials,0,0,0,0,1,0
562190,2,2024,1848,1,0,49,develop,assessor or aerials,0,0,0,0,1,0
562195,1,2025,2161,1,0,49,develop,assessor or aerials,0,0,0,0,1,0
562200,2,2024,1860,1,0,49,develop,assessor or aerials,0,0,0,0,1,0
562201,1,2025,3739,1,0,49,develop,assessor or aerials,0,0,0,0,1,0
562209,2,2024,1608,1,0,49,develop,assessor or aerials,0,0,0,0,1,0
562215,2,2024,10787,12,0,49,develop,assessor or aerials,0,0,0,0,1,0
562231,2,2024,1608,1,0,49,develop,assessor or aerials,0,0,0,0,1,0
562240,1,2024,5658,1,0,49,develop,assessor or aerials,0,0,0,0,1,0
562248,1,2024,1712,1,0,49,develop,assessor or aerials,0,0,0,0,1,0
562250,1,2024,2004,1,0,49,develop,assessor or aerials,0,0,0,0,1,0
562251,2,2024,1846,1,0,49,develop,assessor or aerials,0,0,0,0,1,0
562254,1,2025,7177,1,0,49,develop,assessor or aerials,0,0,0,0,1,0
562261,1,2024,2038,1,0,49,develop,assessor or aerials,0,0,0,0,1,0
562263,2,2025,1593,1,0,49,develop,assessor or aerials,0,0,0,0,1,0
562277,1,2025,5511,1,0,49,develop,assessor or aerials,0,0,0,0,1,0
562280,1,2025,882,1,0,49,develop,assessor or aerials,0,0,0,0,1,0
562285,1,2024,4060,1,0,49,develop,assessor or aerials,0,0,0,0,1,0
562294,1,2025,4056,1,0,49,develop,assessor or aerials,0,0,0,0,1,0
562296,1,2025,12207,1,0,49,develop,assessor or aerials,0,0,0,0,1,0
562297,1,2024,2586,1,0,49,develop,assessor or aerials,0,0,0,0,1,0
562307,1,2025,1972,1,0,49,develop,assessor or aerials,0,0,0,0,1,0
562312,1,2024,1878,1,0,49,develop,assessor or aerials,0,0,0,0,1,0
562315,1,2025,818,1,0,49,develop,assessor or aerials,0,0,0,0,1,0
562321,1,2024,2157,1,0,49,develop,assessor or aerials,0,0,0,0,1,0
562323,1,2024,1793,1,0,49,develop,assessor or aerials,0,0,0,0,1,0
562325,2,2024,1608,1,0,49,develop,assessor or aerials,0,0,0,0,1,0
562330,1,2025,4985,1,0,49,develop,assessor or aerials,0,0,0,0,1,0
562332,1,2025,859,1,0,49,develop,assessor or aerials,0,0,0,0,1,0
562335,1,2024,2394,1,0,49,develop,assessor or aerials,0,0,0,0,1,0
562338,2,2024,1553,1,0,49,develop,assessor or aerials,0,0,0,0,1,0
562340,1,2025,1904,1,0,49,develop,assessor or aerials,0,0,0,0,1,0
562344,1,2024,3240,1,0,49,develop,assessor or aerials,0,0,0,0,1,0
562356,2,2024,1553,1,0,49,develop,assessor or aerials,0,0,0,0,1,0
562361,1,2024,3228,1,0,49,develop,assessor or aerials,0,0,0,0,1,0
562362,1,2025,1958,1,0,49,develop,assessor or aerials,0,0,0,0,1,0
562365,1,2025,1566,1,0,49,develop,assessor or aerials,0,0,0,0,1,0
562372,1,2024,3677,1,0,49,develop,assessor or aerials,0,0,0,0,1,0
562386,1,2025,820,1,0,49,develop,assessor or aerials,0,0,0,0,1,0
562387,3,2024,84492,0,0,49,develop,assessor or aerials,0,0,0,0,1,84492
562393,1,2024,3239,1,0,49,develop,assessor or aerials,0,0,0,0,1,0
562395,1,2025,6355,1,0,49,develop,assessor or aerials,0,0,0,0,1,0
562400,4,2024,6689,0,0,49,develop,assessor or aerials,0,0,0,0,1,6689
562405,1,2025,1003,1,0,49,develop,assessor or aerials,0,0,0,0,1,0
562414,1,2025,12217,1,0,49,develop,assessor or aerials,0,0,0,0,1,0
562418,1,2025,1925,1,0,49,develop,assessor or aerials,0,0,0,0,1,0
562419,1,2025,5395,1,0,49,develop,assessor or aerials,0,0,0,0,1,0
562423,1,2024,3141,1,0,49,develop,assessor or aerials,0,0,0,0,1,0
562424,2,2024,2278,1,0,49,develop,assessor or aerials,0,0,0,0,1,0
562430,1,2024,2438,1,0,49,develop,assessor or aerials,0,0,0,0,1,0
562446,1,2025,3293,1,0,49,develop,assessor or aerials,0,0,0,0,1,0
562459,1,2024,8281,1,0,49,develop,assessor or aerials,0,0,0,0,1,0
562460,2,2024,1302,1,0,49,develop,assessor or aerials,0,0,0,0,1,0
562462,1,2025,2568,1,0,49,develop,assessor or aerials,0,0,0,0,1,0
562463,2,2024,1848,1,0,49,develop,assessor or aerials,0,0,0,0,1,0
562469,1,2025,3390,1,0,49,develop,assessor or aerials,0,0,0,0,1,0
562470,1,2025,700,1,0,49,develop,assessor or aerials,0,0,0,0,1,0
562471,1,2025,526,1,0,49,develop,assessor or aerials,0,0,0,0,1,0
562473,2,2025,933,1,0,49,develop,assessor or aerials,0,0,0,0,1,0
562475,2,2024,1888,1,0,49,develop,assessor or aerials,0,0,0,0,1,0
562481,1,2024,3826,1,0,49,develop,assessor or aerials,0,0,0,0,1,0
562488,1,2025,2503,1,0,49,develop,assessor or aerials,0,0,0,0,1,0
562490,1,2024,1176,1,0,49,develop,assessor or aerials,0,0,0,0,1,0
562491,1,2025,3436,1,0,49,develop,assessor or aerials,0,0,0,0,1,0
562500,1,2024,2600,1,0,49,develop,assessor or aerials,0,0,0,0,1,0
562504,1,2026,1030,1,0,49,develop,assessor or aerials,0,0,0,0,1,0
562516,2,2024,1341,1,0,49,develop,assessor or aerials,0,0,0,0,1,0
562525,1,2025,4963,1,0,49,develop,assessor or aerials,0,0,0,0,1,0
562526,2,2024,1452,1,0,49,develop,assessor or aerials,0,0,0,0,1,0
562532,1,2024,2608,1,0,49,develop,assessor or aerials,0,0,0,0,1,0
562533,1,2025,2795,1,0,49,develop,assessor or aerials,0,0,0,0,1,0
562542,1,2025,1711,1,0,49,develop,assessor or aerials,0,0,0,0,1,0
562543,1,2024,6392,1,0,49,develop,assessor or aerials,0,0,0,0,1,0
562546,1,2025,1627,1,0,49,develop,assessor or aerials,0,0,0,0,1,0
562557,2,2024,1337,1,0,49,develop,assessor or aerials,0,0,0,0,1,0
562571,2,2024,1084,1,0,49,develop,assessor or aerials,0,0,0,0,1,0
562576,1,2024,4316,1,0,49,develop,assessor or aerials,0,0,0,0,1,0
562582,1,2025,3598,1,0,49,develop,assessor or aerials,0,0,0,0,1,0
562583,2,2025,1092,1,0,49,develop,assessor or aerials,0,0,0,0,1,0
562586,2,2026,2898,1,0,49,develop,assessor or aerials,0,0,0,0,1,0
562587,1,2025,13467,1,0,49,develop,assessor or aerials,0,0,0,0,1,0
562590,1,2024,2558,1,0,49,develop,assessor or aerials,0,0,0,0,1,0
562591,1,2025,2645,1,0,49,develop,assessor or aerials,0,0,0,0,1,0
562605,2,2025,1374,1,0,49,develop,assessor or aerials,0,0,0,0,1,0
562607,2,2025,1592,1,0,49,develop,assessor or aerials,0,0,0,0,1,0
562608,2,2025,1374,1,0,49,develop,assessor or aerials,0,0,0,0,1,0
562610,2,2024,2233,1,0,49,develop,assessor or aerials,0,0,0,0,1,0
562613,1,2024,5352,1,0,49,develop,assessor or aerials,0,0,0,0,1,0
562630,1,2024,15303,1,0,49,develop,assessor or aerials,0,0,0,0,1,0
562633,2,2025,2209,1,0,49,develop,assessor or aerials,0,0,0,0,1,0
562641,1,2025,3608,1,0,49,develop,assessor or aerials,0,0,0,0,1,0
562645,1,2025,305,1,0,49,develop,assessor or aerials,0,0,0,0,1,0
562649,1,2025,1686,1,0,49,develop,assessor or aerials,0,0,0,0,1,0
562656,2,2025,2972,1,0,49,develop,assessor or aerials,0,0,0,0,1,0
562657,5,2026,3047,0,0,49,develop,assessor or aerials,0,0,0,0,1,3047
562659,1,2025,8435,1,0,49,develop,assessor or aerials,0,0,0,0,1,0
562662,2,2024,1084,1,0,49,develop,assessor or aerials,0,0,0,0,1,0
562675,2,2025,1092,1,0,49,develop,assessor or aerials,0,0,0,0,1,0
562676,1,2025,1724,1,0,49,develop,assessor or aerials,0,0,0,0,1,0
562677,2,2024,2225,1,0,49,develop,assessor or aerials,0,0,0,0,1,0
562678,1,2025,2522,1,0,49,develop,assessor or aerials,0,0,0,0,1,0
562679,2,2024,1792,1,0,49,develop,assessor or aerials,0,0,0,0,1,0
562686,1,2024,1481,1,0,49,develop,assessor or aerials,0,0,0,0,1,0
562688,1,2025,3387,1,0,49,develop,assessor or aerials,0,0,0,0,1,0
562689,1,2025,3264,1,0,49,develop,assessor or aerials,0,0,0,0,1,0
562699,1,2025,1858,1,0,49,develop,assessor or aerials,0,0,0,0,1,0
562701,1,2025,526,1,0,49,develop,assessor or aerials,0,0,0,0,1,0
562705,1,2024,395,1,0,49,develop,assessor or aerials,0,0,0,0,1,0
562706,1,2025,3576,1,0,49,develop,assessor or aerials,0,0,0,0,1,0
562709,2,2025,1084,1,0,49,develop,assessor or aerials,0,0,0,0,1,0
562711,1,2025,3084,1,0,49,develop,assessor or aerials,0,0,0,0,1,0
562713,2,2025,1092,1,0,49,develop,assessor or aerials,0,0,0,0,1,0
562715,2,2025,1561,1,0,49,develop,assessor or aerials,0,0,0,0,1,0
562737,2,2025,333,1,0,49,develop,assessor or aerials,0,0,0,0,1,0
562740,2,2025,1473,1,0,49,develop,assessor or aerials,0,0,0,0,1,0
562743,1,2025,99,1,0,49,develop,assessor or aerials,0,0,0,0,1,0
562746,2,2025,333,1,0,49,develop,assessor or aerials,0,0,0,0,1,0
562747,1,2024,3147,1,0,49,develop,assessor or aerials,0,0,0,0,1,0
562748,2,2024,2258,1,0,49,develop,assessor or aerials,0,0,0,0,1,0
562751,1,2025,1801,1,0,49,develop,assessor or aerials,0,0,0,0,1,0
562758,1,2025,2306,1,0,49,develop,assessor or aerials,0,0,0,0,1,0
562771,1,2024,1542,1,0,49,develop,assessor or aerials,0,0,0,0,1,0
562772,1,2025,3956,1,0,49,develop,assessor or aerials,0,0,0,0,1,0
562776,2,2025,1349,1,0,49,develop,assessor or aerials,0,0,0,0,1,0
562793,2,2025,1915,1,0,49,develop,assessor or aerials,0,0,0,0,1,0
562797,2,2025,3161,1,0,49,develop,assessor or aerials,0,0,0,0,1,0
562798,1,2025,975,1,0,49,develop,assessor or aerials,0,0,0,0,1,0
562805,2,2025,933,1,0,49,develop,assessor or aerials,0,0,0,0,1,0
562813,1,2024,2996,1,0,49,develop,assessor or aerials,0,0,0,0,1,0
562819,1,2024,2291,1,0,49,develop,assessor or aerials,0,0,0,0,1,0
562825,1,2025,2523,1,0,49,develop,assessor or aerials,0,0,0,0,1,0
562828,1,2025,96,1,0,49,develop,assessor or aerials,0,0,0,0,1,0
562831,1,2024,3073,1,0,49,develop,assessor or aerials,0,0,0,0,1,0
562836,1,2025,17242,1,0,49,develop,assessor or aerials,0,0,0,0,1,0
562838,1,2025,2014,1,0,49,develop,assessor or aerials,0,0,0,0,1,0
562839,1,2024,2756,1,0,49,develop,assessor or aerials,0,0,0,0,1,0
562842,2,2025,1374,1,0,49,develop,assessor or aerials,0,0,0,0,1,0
562846,1,2025,1595,1,0,49,develop,assessor or aerials,0,0,0,0,1,0
562849,1,2024,1260,1,0,49,develop,assessor or aerials,0,0,0,0,1,0
562850,1,2024,1176,1,0,49,develop,assessor or aerials,0,0,0,0,1,0
562853,1,2025,1949,1,0,49,develop,assessor or aerials,0,0,0,0,1,0
562855,2,2025,2503,1,0,49,develop,assessor or aerials,0,0,0,0,1,0
562859,1,2024,3348,1,0,49,develop,assessor or aerials,0,0,0,0,1,0
562860,2,2025,1092,1,0,49,develop,assessor or aerials,0,0,0,0,1,0
562862,2,2024,2290,1,0,49,develop,assessor or aerials,0,0,0,0,1,0
562870,1,2024,4755,1,0,49,develop,assessor or aerials,0,0,0,0,1,0
562879,1,2025,2523,1,0,49,develop,assessor or aerials,0,0,0,0,1,0
562881,2,2025,1464,1,0,49,develop,assessor or aerials,0,0,0,0,1,0
562883,1,2025,2902,1,0,49,develop,assessor or aerials,0,0,0,0,1,0
562884,2,2024,1341,1,0,49,develop,assessor or aerials,0,0,0,0,1,0
562885,2,2025,1092,1,0,49,develop,assessor or aerials,0,0,0,0,1,0
562886,2,2025,1092,1,0,49,develop,assessor or aerials,0,0,0,0,1,0
562895,3,2024,12203,0,0,49,develop,assessor or aerials,0,0,0,0,1,12203
562896,1,2025,1263,1,0,49,develop,assessor or aerials,0,0,0,0,1,0
562910,1,2024,2186,1,0,49,develop,assessor or aerials,0,0,0,0,1,0
562915,2,2025,1084,1,0,49,develop,assessor or aerials,0,0,0,0,1,0
562923,2,2024,2207,1,0,49,develop,assessor or aerials,0,0,0,0,1,0
562927,2,2024,1651,1,0,49,develop,assessor or aerials,0,0,0,0,1,0
562928,2,2024,1520,1,0,49,develop,assessor or aerials,0,0,0,0,1,0
562936,1,2025,3253,1,0,49,develop,assessor or aerials,0,0,0,0,1,0
562938,1,2024,3131,1,0,49,develop,assessor or aerials,0,0,0,0,1,0
562948,2,2025,1846,1,0,49,develop,assessor or aerials,0,0,0,0,1,0
562953,2,2025,1846,1,0,49,develop,assessor or aerials,0,0,0,0,1,0
562973,2,2025,1084,1,0,49,develop,assessor or aerials,0,0,0,0,1,0
562979,1,2024,5308,1,0,49,develop,assessor or aerials,0,0,0,0,1,0
562981,1,2025,5744,1,0,49,develop,assessor or aerials,0,0,0,0,1,0
562983,1,2025,1295,1,0,49,develop,assessor or aerials,0,0,0,0,1,0
562984,1,2024,2582,1,0,49,develop,assessor or aerials,0,0,0,0,1,0
562985,1,2025,1263,1,0,49,develop,assessor or aerials,0,0,0,0,1,0
562986,1,2024,1766,1,0,49,develop,assessor or aerials,0,0,0,0,1,0
562989,1,2024,2297,1,0,49,develop,assessor or aerials,0,0,0,0,1,0
562996,1,2024,2151,1,0,49,develop,assessor or aerials,0,0,0,0,1,0
563004,1,2025,2956,1,0,49,develop,assessor or aerials,0,0,0,0,1,0
563014,2,2025,1031,1,0,49,develop,assessor or aerials,0,0,0,0,1,0
563018,2,2025,1561,1,0,49,develop,assessor or aerials,0,0,0,0,1,0
563020,2,2025,1561,1,0,49,develop,assessor or aerials,0,0,0,0,1,0
563023,2,2025,952,1,0,49,develop,assessor or aerials,0,0,0,0,1,0
563026,1,2024,2726,1,0,49,develop,assessor or aerials,0,0,0,0,1,0
563031,2,2024,2463,1,0,49,develop,assessor or aerials,0,0,0,0,1,0
563047,2,2024,1405,1,0,49,develop,assessor or aerials,0,0,0,0,1,0
563050,1,2024,4946,1,0,49,develop,assessor or aerials,0,0,0,0,1,0
563060,1,2024,2082,1,0,49,develop,assessor or aerials,0,0,0,0,1,0
563062,2,2025,1561,1,0,49,develop,assessor or aerials,0,0,0,0,1,0
563073,1,2025,3792,1,0,49,develop,assessor or aerials,0,0,0,0,1,0
563074,2,2024,1442,1,0,49,develop,assessor or aerials,0,0,0,0,1,0
563076,1,2024,1760,1,0,49,develop,assessor or aerials,0,0,0,0,1,0
563086,1,2024,1899,1,0,49,develop,assessor or aerials,0,0,0,0,1,0
563090,1,2024,3085,1,0,49,develop,assessor or aerials,0,0,0,0,1,0
563093,1,2024,2977,1,0,49,develop,assessor or aerials,0,0,0,0,1,0
563107,1,2025,2405,1,0,49,develop,assessor or aerials,0,0,0,0,1,0
563109,2,2024,1062,1,0,49,develop,assessor or aerials,0,0,0,0,1,0
563110,1,2024,2977,1,0,49,develop,assessor or aerials,0,0,0,0,1,0
563114,2,2024,2233,1,0,49,develop,assessor or aerials,0,0,0,0,1,0
563122,1,2025,1296,1,0,49,develop,assessor or aerials,0,0,0,0,1,0
563123,1,2024,10824,1,0,49,develop,assessor or aerials,0,0,0,0,1,0
563124,1,2024,1746,1,0,49,develop,assessor or aerials,0,0,0,0,1,0
563125,1,2024,3728,1,0,49,develop,assessor or aerials,0,0,0,0,1,0
563126,2,2024,1442,1,0,49,develop,assessor or aerials,0,0,0,0,1,0
563130,2,2024,1651,1,0,49,develop,assessor or aerials,0,0,0,0,1,0
563132,1,2024,2676,1,0,49,develop,assessor or aerials,0,0,0,0,1,0
563137,1,2024,1030,1,0,49,develop,assessor or aerials,0,0,0,0,1,0
563138,1,2025,526,1,0,49,develop,assessor or aerials,0,0,0,0,1,0
563139,1,2024,2729,1,0,49,develop,assessor or aerials,0,0,0,0,1,0
563144,1,2024,6581,1,0,49,develop,assessor or aerials,0,0,0,0,1,0
563167,2,2025,4663,3,0,49,develop,assessor or aerials,0,0,0,0,1,0
563169,2,2024,3161,1,0,49,develop,assessor or aerials,0,0,0,0,1,0
563176,1,2025,526,1,0,49,develop,assessor or aerials,0,0,0,0,1,0
563188,2,2025,1084,1,0,49,develop,assessor or aerials,0,0,0,0,1,0
563190,1,2024,2975,1,0,49,develop,assessor or aerials,0,0,0,0,1,0
563196,1,2025,2549,1,0,49,develop,assessor or aerials,0,0,0,0,1,0
563209,1,2024,2166,1,0,49,develop,assessor or aerials,0,0,0,0,1,0
563212,2,2026,1153,1,0,49,develop,assessor or aerials,0,0,0,0,1,0
563213,1,2025,1908,1,0,49,develop,assessor or aerials,0,0,0,0,1,0
563214,1,2024,6648,1,0,49,develop,assessor or aerials,0,0,0,0,1,0
563215,1,2024,6194,1,0,49,develop,assessor or aerials,0,0,0,0,1,0
563216,1,2024,5216,1,0,49,develop,assessor or aerials,0,0,0,0,1,0
563219,1,2025,5008,1,0,49,develop,assessor or aerials,0,0,0,0,1,0
563221,1,2025,4967,1,0,49,develop,assessor or aerials,0,0,0,0,1,0
563224,1,2024,1862,1,0,49,develop,assessor or aerials,0,0,0,0,1,0
563228,2,2025,3161,1,0,49,develop,assessor or aerials,0,0,0,0,1,0
563238,2,2024,1442,1,0,49,develop,assessor or aerials,0,0,0,0,1,0
563242,1,2024,1467,1,0,49,develop,assessor or aerials,0,0,0,0,1,0
563244,2,2025,1092,1,0,49,develop,assessor or aerials,0,0,0,0,1,0
563247,2,2024,1341,1,0,49,develop,assessor or aerials,0,0,0,0,1,0
563259,2,2024,2258,1,0,49,develop,assessor or aerials,0,0,0,0,1,0
563264,1,2024,2611,1,0,49,develop,assessor or aerials,0,0,0,0,1,0
563265,1,2024,2952,1,0,49,develop,assessor or aerials,0,0,0,0,1,0
563267,2,2025,1101,1,0,49,develop,assessor or aerials,0,0,0,0,1,0
563270,1,2024,1502,1,0,49,develop,assessor or aerials,0,0,0,0,1,0
563271,2,2025,1294,1,0,49,develop,assessor or aerials,0,0,0,0,1,0
563277,2,2025,3161,1,0,49,develop,assessor or aerials,0,0,0,0,1,0
563282,1,2025,2378,1,0,49,develop,assessor or aerials,0,0,0,0,1,0
563286,2,2024,3161,1,0,49,develop,assessor or aerials,0,0,0,0,1,0
563299,2,2025,3161,1,0,49,develop,assessor or aerials,0,0,0,0,1,0
563301,2,2025,1036,1,0,49,develop,assessor or aerials,0,0,0,0,1,0
563307,1,2024,3607,1,0,49,develop,assessor or aerials,0,0,0,0,1,0
563308,1,2024,2488,1,0,49,develop,assessor or aerials,0,0,0,0,1,0
563315,1,2025,2721,1,0,49,develop,assessor or aerials,0,0,0,0,1,0
563320,2,2024,1237,1,0,49,develop,assessor or aerials,0,0,0,0,1,0
563321,2,2024,1957,1,0,49,develop,assessor or aerials,0,0,0,0,1,0
563323,1,2025,8826,1,0,49,develop,assessor or aerials,0,0,0,0,1,0
563324,1,2025,2137,1,0,49,develop,assessor or aerials,0,0,0,0,1,0
563325,1,2024,1458,1,0,49,develop,assessor or aerials,0,0,0,0,1,0
563329,1,2025,3118,1,0,49,develop,assessor or aerials,0,0,0,0,1,0
563331,2,2024,1651,1,0,49,develop,assessor or aerials,0,0,0,0,1,0
563334,2,2025,970,1,0,49,develop,assessor or aerials,0,0,0,0,1,0
563339,1,2024,3041,1,0,49,develop,assessor or aerials,0,0,0,0,1,0
563341,2,2024,1655,1,0,49,develop,assessor or aerials,0,0,0,0,1,0
563346,2,2024,970,1,0,49,develop,assessor or aerials,0,0,0,0,1,0
563347,2,2024,768,1,0,49,develop,assessor or aerials,0,0,0,0,1,0
563350,2,2025,333,1,0,49,develop,assessor or aerials,0,0,0,0,1,0
563352,1,2024,1781,1,0,49,develop,assessor or aerials,0,0,0,0,1,0
563354,1,2025,976,1,0,49,develop,assessor or aerials,0,0,0,0,1,0
563356,2,2024,1295,1,0,49,develop,assessor or aerials,0,0,0,0,1,0
563363,1,2025,4626,1,0,49,develop,assessor or aerials,0,0,0,0,1,0
563368,1,2025,2480,1,0,49,develop,assessor or aerials,0,0,0,0,1,0
563371,2,2025,1783,1,0,49,develop,assessor or aerials,0,0,0,0,1,0
563374,1,2024,6,1,0,49,develop,assessor or aerials,0,0,0,0,1,0
563379,1,2024,3741,1,0,49,develop,assessor or aerials,0,0,0,0,1,0
563384,2,2025,333,1,0,49,develop,assessor or aerials,0,0,0,0,1,0
563387,1,2025,1832,1,0,49,develop,assessor or aerials,0,0,0,0,1,0
563393,1,2025,4157,1,0,49,develop,assessor or aerials,0,0,0,0,1,0
563399,2,2024,1295,1,0,49,develop,assessor or aerials,0,0,0,0,1,0
563412,2,2025,347,1,0,49,develop,assessor or aerials,0,0,0,0,1,0
563413,2,2024,1287,1,0,49,develop,assessor or aerials,0,0,0,0,1,0
563426,2,2025,970,1,0,49,develop,assessor or aerials,0,0,0,0,1,0
563429,1,2024,3048,1,0,49,develop,assessor or aerials,0,0,0,0,1,0
563435,1,2024,3328,1,0,49,develop,assessor or aerials,0,0,0,0,1,0
563439,1,2024,3733,1,0,49,develop,assessor or aerials,0,0,0,0,1,0
563444,1,2025,5402,1,0,49,develop,assessor or aerials,0,0,0,0,1,0
563449,1,2024,3662,1,0,49,develop,assessor or aerials,0,0,0,0,1,0
563456,1,2024,1305,1,0,49,develop,assessor or aerials,0,0,0,0,1,0
563462,3,2024,41814,0,0,49,develop,assessor or aerials,0,0,0,0,1,41814
563463,2,2024,3278,1,0,49,develop,assessor or aerials,0,0,0,0,1,0
563467,1,2024,3853,1,0,49,develop,assessor or aerials,0,0,0,0,1,0
563481,1,2025,1735,1,0,49,develop,assessor or aerials,0,0,0,0,1,0
563491,2,2025,333,1,0,49,develop,assessor or aerials,0,0,0,0,1,0
563492,1,2025,1673,1,0,49,develop,assessor or aerials,0,0,0,0,1,0
563508,1,2024,1260,1,0,49,develop,assessor or aerials,0,0,0,0,1,0
563509,1,2024,1353,1,0,49,develop,assessor or aerials,0,0,0,0,1,0
563518,2,2024,970,1,0,49,develop,assessor or aerials,0,0,0,0,1,0
563527,1,2025,2139,1,0,49,develop,assessor or aerials,0,0,0,0,1,0
563531,2,2024,2420,1,0,49,develop,assessor or aerials,0,0,0,0,1,0
563533,2,2024,1233,1,0,49,develop,assessor or aerials,0,0,0,0,1,0
563541,2,2025,1237,1,0,49,develop,assessor or aerials,0,0,0,0,1,0
563542,1,2024,2275,1,0,49,develop,assessor or aerials,0,0,0,0,1,0
563544,2,2024,2113,1,0,49,develop,assessor or aerials,0,0,0,0,1,0
563547,2,2024,1372,1,0,49,develop,assessor or aerials,0,0,0,0,1,0
563551,1,2025,1483,1,0,49,develop,assessor or aerials,0,0,0,0,1,0
563555,1,2024,3791,1,0,49,develop,assessor or aerials,0,0,0,0,1,0
563559,1,2024,59848,1,0,49,develop,assessor or aerials,0,0,0,0,1,0
563561,2,2024,2113,1,0,49,develop,assessor or aerials,0,0,0,0,1,0
563562,2,2024,1237,1,0,49,develop,assessor or aerials,0,0,0,0,1,0
563565,1,2024,2428,1,0,49,develop,assessor or aerials,0,0,0,0,1,0
563570,2,2024,1541,1,0,49,develop,assessor or aerials,0,0,0,0,1,0
563579,2,2024,1237,1,0,49,develop,assessor or aerials,0,0,0,0,1,0
563586,2,2024,1651,1,0,49,develop,assessor or aerials,0,0,0,0,1,0
563587,1,2024,2848,1,0,49,develop,assessor or aerials,0,0,0,0,1,0
563589,1,2025,3266,1,0,49,develop,assessor or aerials,0,0,0,0,1,0
563593,2,2025,357,1,0,49,develop,assessor or aerials,0,0,0,0,1,0
563595,1,2024,3673,1,0,49,develop,assessor or aerials,0,0,0,0,1,0
563596,2,2024,1346,1,0,49,develop,assessor or aerials,0,0,0,0,1,0
563598,1,2024,2248,1,0,49,develop,assessor or aerials,0,0,0,0,1,0
563604,2,2024,1295,1,0,49,develop,assessor or aerials,0,0,0,0,1,0
563610,1,2025,4157,1,0,49,develop,assessor or aerials,0,0,0,0,1,0
563619,1,2024,1473,1,0,49,develop,assessor or aerials,0,0,0,0,1,0
563622,1,2025,96,1,0,49,develop,assessor or aerials,0,0,0,0,1,0
563624,2,2025,903,1,0,49,develop,assessor or aerials,0,0,0,0,1,0
563632,1,2024,1733,1,0,49,develop,assessor or aerials,0,0,0,0,1,0
563635,1,2025,99,1,0,49,develop,assessor or aerials,0,0,0,0,1,0
563639,1,2025,7371,1,0,49,develop,assessor or aerials,0,0,0,0,1,0
563642,2,2024,1808,1,0,49,develop,assessor or aerials,0,0,0,0,1,0
563646,2,2024,1237,1,0,49,develop,assessor or aerials,0,0,0,0,1,0
563647,1,2024,1481,1,0,49,develop,assessor or aerials,0,0,0,0,1,0
563653,1,2024,4988,1,0,49,develop,assessor or aerials,0,0,0,0,1,0
563657,2,2025,1237,1,0,49,develop,assessor or aerials,0,0,0,0,1,0
563662,1,2024,1651,1,0,49,develop,assessor or aerials,0,0,0,0,1,0
563664,2,2024,2296,1,0,49,develop,assessor or aerials,0,0,0,0,1,0
563668,2,2024,768,1,0,49,develop,assessor or aerials,0,0,0,0,1,0
563671,2,2024,1237,1,0,49,develop,assessor or aerials,0,0,0,0,1,0
563678,1,2025,3771,1,0,49,develop,assessor or aerials,0,0,0,0,1,0
563680,1,2025,2130,1,0,49,develop,assessor or aerials,0,0,0,0,1,0
563681,2,2024,1511,1,0,49,develop,assessor or aerials,0,0,0,0,1,0
563682,2,2025,1945,1,0,49,develop,assessor or aerials,0,0,0,0,1,0
563690,1,2024,96,1,0,49,develop,assessor or aerials,0,0,0,0,1,0
563691,1,2024,2191,1,0,49,develop,assessor or aerials,0,0,0,0,1,0
563694,3,2025,17411,0,0,49,develop,assessor or aerials,0,0,0,0,1,17411
563695,1,2024,5604,1,0,49,develop,assessor or aerials,0,0,0,0,1,0
563698,2,2024,1237,1,0,49,develop,assessor or aerials,0,0,0,0,1,0
563705,2,2024,2154,1,0,49,develop,assessor or aerials,0,0,0,0,1,0
563710,2,2025,372,1,0,49,develop,assessor or aerials,0,0,0,0,1,0
563713,1,2025,4364,1,0,49,develop,assessor or aerials,0,0,0,0,1,0
563717,1,2025,1671,1,0,49,develop,assessor or aerials,0,0,0,0,1,0
563719,1,2024,9301,1,0,49,develop,assessor or aerials,0,0,0,0,1,0
563720,2,2025,1945,1,0,49,develop,assessor or aerials,0,0,0,0,1,0
563725,1,2025,1528,1,0,49,develop,assessor or aerials,0,0,0,0,1,0
563729,1,2025,977,1,0,49,develop,assessor or aerials,0,0,0,0,1,0
563730,1,2025,2733,1,0,49,develop,assessor or aerials,0,0,0,0,1,0
563736,1,2024,3450,1,0,49,develop,assessor or aerials,0,0,0,0,1,0
563745,1,2025,55465,1,0,49,develop,assessor or aerials,0,0,0,0,1,0
563759,1,2024,2357,1,0,49,develop,assessor or aerials,0,0,0,0,1,0
563761,2,2024,1295,1,0,49,develop,assessor or aerials,0,0,0,0,1,0
563765,2,2025,2894,1,0,49,develop,assessor or aerials,0,0,0,0,1,0
563770,1,2025,1454,1,0,49,develop,assessor or aerials,0,0,0,0,1,0
563777,2,2024,765,1,0,49,develop,assessor or aerials,0,0,0,0,1,0
563785,1,2025,3805,1,0,49,develop,assessor or aerials,0,0,0,0,1,0
563786,2,2024,2018,1,0,49,develop,assessor or aerials,0,0,0,0,1,0
563809,1,2025,976,1,0,49,develop,assessor or aerials,0,0,0,0,1,0
563813,2,2024,2154,1,0,49,develop,assessor or aerials,0,0,0,0,1,0
563819,1,2025,2583,1,0,49,develop,assessor or aerials,0,0,0,0,1,0
563821,1,2025,1808,1,0,49,develop,assessor or aerials,0,0,0,0,1,0
563822,2,2024,2285,1,0,49,develop,assessor or aerials,0,0,0,0,1,0
563833,1,2025,2391,1,0,49,develop,assessor or aerials,0,0,0,0,1,0
563834,4,2024,2500,0,0,49,develop,assessor or aerials,0,0,0,0,1,2500
563840,2,2024,2184,1,0,49,develop,assessor or aerials,0,0,0,0,1,0
563850,1,2024,1813,1,0,49,develop,assessor or aerials,0,0,0,0,1,0
563851,1,2024,1738,1,0,49,develop,assessor or aerials,0,0,0,0,1,0
563855,1,2024,3434,1,0,49,develop,assessor or aerials,0,0,0,0,1,0
563858,1,2025,1696,1,0,49,develop,assessor or aerials,0,0,0,0,1,0
563875,2,2025,1909,1,0,49,develop,assessor or aerials,0,0,0,0,1,0
563880,1,2024,4763,1,0,49,develop,assessor or aerials,0,0,0,0,1,0
563885,2,2025,903,1,0,49,develop,assessor or aerials,0,0,0,0,1,0
563887,1,2024,6122,1,0,49,develop,assessor or aerials,0,0,0,0,1,0
563888,1,2025,6034,1,0,49,develop,assessor or aerials,0,0,0,0,1,0
563891,2,2024,1808,1,0,49,develop,assessor or aerials,0,0,0,0,1,0
563897,1,2024,178,1,0,49,develop,assessor or aerials,0,0,0,0,1,0
563900,1,2024,6678,1,0,49,develop,assessor or aerials,0,0,0,0,1,0
563902,2,2024,2420,1,0,49,develop,assessor or aerials,0,0,0,0,1,0
563904,1,2024,2471,1,0,49,develop,assessor or aerials,0,0,0,0,1,0
563908,2,2025,1237,1,0,49,develop,assessor or aerials,0,0,0,0,1,0
563909,8,2024,56,0,0,49,develop,assessor or aerials,0,0,0,0,1,56
563914,2,2024,2274,1,0,49,develop,assessor or aerials,0,0,0,0,1,0
563917,1,2025,2194,1,0,49,develop,assessor or aerials,0,0,0,0,1,0
563918,2,2024,1541,1,0,49,develop,assessor or aerials,0,0,0,0,1,0
563930,2,2024,1301,1,0,49,develop,assessor or aerials,0,0,0,0,1,0
563934,1,2025,2679,1,0,49,develop,assessor or aerials,0,0,0,0,1,0
563936,1,2025,976,1,0,49,develop,assessor or aerials,0,0,0,0,1,0
563937,2,2024,1237,1,0,49,develop,assessor or aerials,0,0,0,0,1,0
563939,2,2024,970,1,0,49,develop,assessor or aerials,0,0,0,0,1,0
563946,1,2025,99,1,0,49,develop,assessor or aerials,0,0,0,0,1,0
563955,2,2024,1295,1,0,49,develop,assessor or aerials,0,0,0,0,1,0
563963,1,2024,5604,1,0,49,develop,assessor or aerials,0,0,0,0,1,0
563965,2,2025,3253,1,0,49,develop,assessor or aerials,0,0,0,0,1,0
563967,1,2025,2207,1,0,49,develop,assessor or aerials,0,0,0,0,1,0
563972,1,2024,1341,1,0,49,develop,assessor or aerials,0,0,0,0,1,0
563975,2,2024,1808,1,0,49,develop,assessor or aerials,0,0,0,0,1,0
563991,1,2025,977,1,0,49,develop,assessor or aerials,0,0,0,0,1,0
564001,1,2024,4515,1,0,49,develop,assessor or aerials,0,0,0,0,1,0
564002,2,2024,1935,1,0,49,develop,assessor or aerials,0,0,0,0,1,0
564003,1,2024,5603,1,0,49,develop,assessor or aerials,0,0,0,0,1,0
564496,1,2024,6494,1,0,49,develop,assessor or aerials,0,0,0,0,1,0
567174,1,2025,15571,1,0,49,develop,assessor or aerials,0,0,0,0,1,0
570304,1,2024,1159,1,0,49,develop,assessor or aerials,0,0,0,0,1,0
573252,1,2025,3061,1,0,49,develop,assessor or aerials,0,0,0,0,1,0
573639,1,2025,3021,1,0,49,develop,assessor or aerials,0,0,0,0,1,0
574006,1,2025,2802,1,0,49,develop,assessor or aerials,0,0,0,0,1,0
574228,1,2025,2856,1,0,49,develop,assessor or aerials,0,0,0,0,1,0
574350,1,2025,2615,1,0,49,develop,assessor or aerials,0,0,0,0,1,0
574438,1,2025,2802,1,0,49,develop,assessor or aerials,0,0,0,0,1,0
574450,1,2025,2615,1,0,49,develop,assessor or aerials,0,0,0,0,1,0
574578,1,2025,2976,1,0,49,develop,assessor or aerials,0,0,0,0,1,0
574725,1,2025,3298,1,0,49,develop,assessor or aerials,0,0,0,0,1,0
574923,1,2025,2615,1,0,49,develop,assessor or aerials,0,0,0,0,1,0
575135,1,2025,2652,1,0,49,develop,assessor or aerials,0,0,0,0,1,0
575194,1,2025,2127,1,0,49,develop,assessor or aerials,0,0,0,0,1,0
575341,1,2025,3265,1,0,49,develop,assessor or aerials,0,0,0,0,1,0
575454,1,2025,2896,1,0,49,develop,assessor or aerials,0,0,0,0,1,0
575486,1,2025,3142,1,0,49,develop,assessor or aerials,0,0,0,0,1,0
575506,1,2025,2681,1,0,49,develop,assessor or aerials,0,0,0,0,1,0
575533,1,2025,2615,1,0,49,develop,assessor or aerials,0,0,0,0,1,0
575656,1,2025,2801,1,0,49,develop,assessor or aerials,0,0,0,0,1,0
575715,1,2024,3882,1,0,49,develop,assessor or aerials,0,0,0,0,1,0
575723,1,2025,2989,1,0,49,develop,assessor or aerials,0,0,0,0,1,0
575792,1,2025,3800,1,0,49,develop,assessor or aerials,0,0,0,0,1,0
575870,1,2025,2344,1,0,49,develop,assessor or aerials,0,0,0,0,1,0
575902,1,2025,2802,1,0,49,develop,assessor or aerials,0,0,0,0,1,0
576253,1,2025,2874,1,0,49,develop,assessor or aerials,0,0,0,0,1,0
576276,1,2025,2974,1,0,49,develop,assessor or aerials,0,0,0,0,1,0
576453,1,2025,2582,1,0,49,develop,assessor or aerials,0,0,0,0,1,0
577217,1,2025,2615,1,0,49,develop,assessor or aerials,0,0,0,0,1,0
577892,1,2025,5966,1,0,49,develop,assessor or aerials,0,0,0,0,1,0
578497,2,2026,1273,1,0,49,develop,assessor or aerials,0,0,0,0,1,0
578529,2,2026,1162,1,0,49,develop,assessor or aerials,0,0,0,0,1,0
578965,2,2026,1273,1,0,49,develop,assessor or aerials,0,0,0,0,1,0
579148,2,2026,1273,1,0,49,develop,assessor or aerials,0,0,0,0,1,0
579635,2,2026,1273,1,0,49,develop,assessor or aerials,0,0,0,0,1,0
579922,2,2026,1163,1,0,49,develop,assessor or aerials,0,0,0,0,1,0
580242,2,2026,1162,1,0,49,develop,assessor or aerials,0,0,0,0,1,0
580365,2,2026,1169,1,0,49,develop,assessor or aerials,0,0,0,0,1,0
580375,2,2026,1163,1,0,49,develop,assessor or aerials,0,0,0,0,1,0
580399,2,2026,1273,1,0,49,develop,assessor or aerials,0,0,0,0,1,0
580550,2,2026,1162,1,0,49,develop,assessor or aerials,0,0,0,0,1,0
580721,2,2026,1273,1,0,49,develop,assessor or aerials,0,0,0,0,1,0
581055,4,2024,2000,0,0,49,develop,assessor or aerials,0,0,0,0,1,2000
581839,1,2025,3428,1,0,49,develop,assessor or aerials,0,0,0,0,1,0
582157,1,2025,3890,1,0,49,develop,assessor or aerials,0,0,0,0,1,0
582333,1,2025,4298,1,0,49,develop,assessor or aerials,0,0,0,0,1,0
583180,6,2030,300000,0,0,49,develop,assessor or aerials,0,0,0,0,1,300000
583989,1,2024,8016,1,0,49,develop,assessor or aerials,0,0,0,0,1,0
584194,1,2025,24673,1,0,49,develop,assessor or aerials,0,0,0,0,1,0
584682,1,2025,5721,1,0,49,develop,assessor or aerials,0,0,0,0,1,0
584697,1,2025,5302,1,0,49,develop,assessor or aerials,0,0,0,0,1,0
584903,1,2024,2172,1,0,49,develop,assessor or aerials,0,0,0,0,1,0
584983,1,2025,1207,1,0,49,develop,assessor or aerials,0,0,0,0,1,0
585428,1,2025,56777,1,0,49,develop,assessor or aerials,0,0,0,0,1,0
585931,1,2025,24399,1,0,49,develop,assessor or aerials,0,0,0,0,1,0
586175,1,2025,7648,1,0,49,develop,assessor or aerials,0,0,0,0,1,0
586287,1,2024,4232,1,0,49,develop,assessor or aerials,0,0,0,0,1,0
586800,1,2025,3998,1,0,49,develop,assessor or aerials,0,0,0,0,1,0
586812,1,2024,2694,1,0,49,develop,assessor or aerials,0,0,0,0,1,0
586852,1,2024,6582,1,0,49,develop,assessor or aerials,0,0,0,0,1,0
587171,1,2024,12479,1,0,49,develop,assessor or aerials,0,0,0,0,1,0
587407,1,2024,6629,1,0,49,develop,assessor or aerials,0,0,0,0,1,0
587597,1,2025,5388,1,0,49,develop,assessor or aerials,0,0,0,0,1,0
587874,1,2024,6296,1,0,49,develop,assessor or aerials,0,0,0,0,1,0
588004,1,2024,3842,1,0,49,develop,assessor or aerials,0,0,0,0,1,0
588041,1,2024,1116,1,0,49,develop,assessor or aerials,0,0,0,0,1,0
588256,1,2025,305,1,0,49,develop,assessor or aerials,0,0,0,0,1,0
588293,1,2025,3482,1,0,49,develop,assessor or aerials,0,0,0,0,1,0
588332,1,2025,1281,1,0,49,develop,assessor or aerials,0,0,0,0,1,0
588563,1,2025,5239,1,0,49,develop,assessor or aerials,0,0,0,0,1,0
588852,1,2025,5885,1,0,49,develop,assessor or aerials,0,0,0,0,1,0
589008,1,2025,4982,1,0,49,develop,assessor or aerials,0,0,0,0,1,0
589014,1,2025,3188,1,0,49,develop,assessor or aerials,0,0,0,0,1,0
589109,2,2024,42715,9,0,49,develop,assessor or aerials,0,0,0,0,1,0
589117,1,2025,3331,1,0,49,develop,assessor or aerials,0,0,0,0,1,0
589185,1,2025,4495,1,0,49,develop,assessor or aerials,0,0,0,0,1,0
589230,1,2025,5687,1,0,49,develop,assessor or aerials,0,0,0,0,1,0
589275,1,2024,26630,1,0,49,develop,assessor or aerials,0,0,0,0,1,0
589417,1,2024,3991,1,0,49,develop,assessor or aerials,0,0,0,0,1,0
589446,2,2024,1491,1,0,49,develop,assessor or aerials,0,0,0,0,1,0
589502,1,2024,4166,1,0,49,develop,assessor or aerials,0,0,0,0,1,0
589547,1,2025,4577,1,0,49,develop,assessor or aerials,0,0,0,0,1,0
589648,1,2024,4114,1,0,49,develop,assessor or aerials,0,0,0,0,1,0
589693,1,2025,6304,1,0,49,develop,assessor or aerials,0,0,0,0,1,0
589697,1,2025,5659,1,0,49,develop,assessor or aerials,0,0,0,0,1,0
589870,1,2024,4419,1,0,49,develop,assessor or aerials,0,0,0,0,1,0
589882,1,2025,4167,1,0,49,develop,assessor or aerials,0,0,0,0,1,0
589923,1,2025,4980,1,0,49,develop,assessor or aerials,0,0,0,0,1,0
589971,1,2024,4344,1,0,49,develop,assessor or aerials,0,0,0,0,1,0
589988,1,2025,3546,1,0,49,develop,assessor or aerials,0,0,0,0,1,0
590029,1,2024,4264,1,0,49,develop,assessor or aerials,0,0,0,0,1,0
590076,2,2024,1534,1,0,49,develop,assessor or aerials,0,0,0,0,1,0
590112,1,2025,1496,1,0,49,develop,assessor or aerials,0,0,0,0,1,0
590164,1,2024,5173,1,0,49,develop,assessor or aerials,0,0,0,0,1,0
590169,1,2025,3697,1,0,49,develop,assessor or aerials,0,0,0,0,1,0
590352,3,2024,44585,0,0,49,develop,assessor or aerials,0,0,0,0,1,44585
590355,1,2024,3880,1,0,49,develop,assessor or aerials,0,0,0,0,1,0
590428,1,2024,4372,1,0,49,develop,assessor or aerials,0,0,0,0,1,0
590434,1,2025,4933,1,0,49,develop,assessor or aerials,0,0,0,0,1,0
590439,1,2024,5033,1,0,49,develop,assessor or aerials,0,0,0,0,1,0
590456,1,2024,1582,1,0,49,develop,assessor or aerials,0,0,0,0,1,0
590464,2,2024,1433,1,0,49,develop,assessor or aerials,0,0,0,0,1,0
590541,1,2024,1730,1,0,49,develop,assessor or aerials,0,0,0,0,1,0
590542,1,2025,7808,1,0,49,develop,assessor or aerials,0,0,0,0,1,0
590552,1,2024,2220,1,0,49,develop,assessor or aerials,0,0,0,0,1,0
590563,1,2025,3374,1,0,49,develop,assessor or aerials,0,0,0,0,1,0
590588,1,2024,2275,1,0,49,develop,assessor or aerials,0,0,0,0,1,0
590607,1,2024,3651,1,0,49,develop,assessor or aerials,0,0,0,0,1,0
590622,1,2025,7839,1,0,49,develop,assessor or aerials,0,0,0,0,1,0
590626,1,2025,4362,1,0,49,develop,assessor or aerials,0,0,0,0,1,0
590631,1,2025,3771,1,0,49,develop,assessor or aerials,0,0,0,0,1,0
590783,1,2025,3284,1,0,49,develop,assessor or aerials,0,0,0,0,1,0
590838,1,2024,27276,1,0,49,develop,assessor or aerials,0,0,0,0,1,0
590846,1,2025,7956,1,0,49,develop,assessor or aerials,0,0,0,0,1,0
590905,1,2024,5305,1,0,49,develop,assessor or aerials,0,0,0,0,1,0
590934,1,2025,4157,1,0,49,develop,assessor or aerials,0,0,0,0,1,0
590959,1,2024,2612,1,0,49,develop,assessor or aerials,0,0,0,0,1,0
590967,2,2025,960,1,0,49,develop,assessor or aerials,0,0,0,0,1,0
591044,1,2025,3093,1,0,49,develop,assessor or aerials,0,0,0,0,1,0
591056,2,2025,1156,1,0,49,develop,assessor or aerials,0,0,0,0,1,0
591071,1,2025,3657,1,0,49,develop,assessor or aerials,0,0,0,0,1,0
591086,1,2024,3520,1,0,49,develop,assessor or aerials,0,0,0,0,1,0
591095,2,2025,2355,1,0,49,develop,assessor or aerials,0,0,0,0,1,0
591111,1,2025,8700,1,0,49,develop,assessor or aerials,0,0,0,0,1,0
591139,2,2024,925,1,0,49,develop,assessor or aerials,0,0,0,0,1,0
591144,2,2024,1101,1,0,49,develop,assessor or aerials,0,0,0,0,1,0
591182,1,2025,4118,1,0,49,develop,assessor or aerials,0,0,0,0,1,0
591233,1,2025,4186,1,0,49,develop,assessor or aerials,0,0,0,0,1,0
591248,2,2024,1101,1,0,49,develop,assessor or aerials,0,0,0,0,1,0
591252,1,2024,4157,1,0,49,develop,assessor or aerials,0,0,0,0,1,0
591264,1,2024,4670,1,0,49,develop,assessor or aerials,0,0,0,0,1,0
591289,1,2025,1388,1,0,49,develop,assessor or aerials,0,0,0,0,1,0
591291,1,2024,4054,1,0,49,develop,assessor or aerials,0,0,0,0,1,0
591350,1,2025,17724,1,0,49,develop,assessor or aerials,0,0,0,0,1,0
591424,1,2025,3141,1,0,49,develop,assessor or aerials,0,0,0,0,1,0
591427,2,2024,1545,1,0,49,develop,assessor or aerials,0,0,0,0,1,0
591444,1,2024,3723,1,0,49,develop,assessor or aerials,0,0,0,0,1,0
591449,2,2024,1545,1,0,49,develop,assessor or aerials,0,0,0,0,1,0
591467,1,2024,4004,1,0,49,develop,assessor or aerials,0,0,0,0,1,0
591490,1,2025,3977,1,0,49,develop,assessor or aerials,0,0,0,0,1,0
591508,1,2025,3587,1,0,49,develop,assessor or aerials,0,0,0,0,1,0
591510,1,2025,6328,1,0,49,develop,assessor or aerials,0,0,0,0,1,0
591559,2,2024,2375,1,0,49,develop,assessor or aerials,0,0,0,0,1,0
591560,2,2024,827,1,0,49,develop,assessor or aerials,0,0,0,0,1,0
591565,1,2025,15335,1,0,49,develop,assessor or aerials,0,0,0,0,1,0
591572,2,2024,2213,1,0,49,develop,assessor or aerials,0,0,0,0,1,0
591581,1,2024,6958,1,0,49,develop,assessor or aerials,0,0,0,0,1,0
591624,1,2025,6531,1,0,49,develop,assessor or aerials,0,0,0,0,1,0
591638,1,2025,2583,1,0,49,develop,assessor or aerials,0,0,0,0,1,0
591640,1,2025,7948,1,0,49,develop,assessor or aerials,0,0,0,0,1,0
591642,2,2024,1092,1,0,49,develop,assessor or aerials,0,0,0,0,1,0
591665,1,2024,23039,1,0,49,develop,assessor or aerials,0,0,0,0,1,0
591682,1,2024,2562,1,0,49,develop,assessor or aerials,0,0,0,0,1,0
591697,1,2024,2030,1,0,49,develop,assessor or aerials,0,0,0,0,1,0
591781,1,2024,3332,1,0,49,develop,assessor or aerials,0,0,0,0,1,0
591803,2,2024,925,1,0,49,develop,assessor or aerials,0,0,0,0,1,0
591807,1,2024,2789,1,0,49,develop,assessor or aerials,0,0,0,0,1,0
591814,1,2025,15003,1,0,49,develop,assessor or aerials,0,0,0,0,1,0
591822,1,2024,56452,1,0,49,develop,assessor or aerials,0,0,0,0,1,0
591825,1,2024,1089,1,0,49,develop,assessor or aerials,0,0,0,0,1,0
591856,1,2024,3401,1,0,49,develop,assessor or aerials,0,0,0,0,1,0
591867,1,2025,2175,1,0,49,develop,assessor or aerials,0,0,0,0,1,0
591871,1,2025,7882,1,0,49,develop,assessor or aerials,0,0,0,0,1,0
591894,1,2025,3932,1,0,49,develop,assessor or aerials,0,0,0,0,1,0
591900,1,2024,4663,1,0,49,develop,assessor or aerials,0,0,0,0,1,0
591906,1,2025,93,1,0,49,develop,assessor or aerials,0,0,0,0,1,0
591915,2,2024,1608,1,0,49,develop,assessor or aerials,0,0,0,0,1,0
591920,1,2024,2394,1,0,49,develop,assessor or aerials,0,0,0,0,1,0
591932,2,2025,1608,1,0,49,develop,assessor or aerials,0,0,0,0,1,0
591933,1,2025,1984,1,0,49,develop,assessor or aerials,0,0,0,0,1,0
591935,1,2025,717,1,0,49,develop,assessor or aerials,0,0,0,0,1,0
591936,1,2025,2010,1,0,49,develop,assessor or aerials,0,0,0,0,1,0
591942,1,2024,1951,1,0,49,develop,assessor or aerials,0,0,0,0,1,0
591955,1,2025,2037,1,0,49,develop,assessor or aerials,0,0,0,0,1,0
592001,1,2024,2265,1,0,49,develop,assessor or aerials,0,0,0,0,1,0
592005,1,2024,3340,1,0,49,develop,assessor or aerials,0,0,0,0,1,0
592013,1,2025,820,1,0,49,develop,assessor or aerials,0,0,0,0,1,0
592014,1,2025,2176,1,0,49,develop,assessor or aerials,0,0,0,0,1,0
592017,1,2024,3379,1,0,49,develop,assessor or aerials,0,0,0,0,1,0
592019,1,2025,17328,1,0,49,develop,assessor or aerials,0,0,0,0,1,0
592024,2,2024,1887,1,0,49,develop,assessor or aerials,0,0,0,0,1,0
592038,1,2025,3678,1,0,49,develop,assessor or aerials,0,0,0,0,1,0
592042,1,2024,2805,1,0,49,develop,assessor or aerials,0,0,0,0,1,0
592044,1,2025,1958,1,0,49,develop,assessor or aerials,0,0,0,0,1,0
592045,1,2024,820,1,0,49,develop,assessor or aerials,0,0,0,0,1,0
592050,1,2024,3430,1,0,49,develop,assessor or aerials,0,0,0,0,1,0
592053,1,2025,700,1,0,49,develop,assessor or aerials,0,0,0,0,1,0
592073,1,2024,2384,1,0,49,develop,assessor or aerials,0,0,0,0,1,0
592085,2,2024,1553,1,0,49,develop,assessor or aerials,0,0,0,0,1,0
592086,2,2024,1318,1,0,49,develop,assessor or aerials,0,0,0,0,1,0
592087,1,2025,9480,1,0,49,develop,assessor or aerials,0,0,0,0,1,0
592094,1,2024,2962,1,0,49,develop,assessor or aerials,0,0,0,0,1,0
592096,1,2024,5000,1,0,49,develop,assessor or aerials,0,0,0,0,1,0
592104,1,2024,2155,1,0,49,develop,assessor or aerials,0,0,0,0,1,0
592108,1,2025,8138,1,0,49,develop,assessor or aerials,0,0,0,0,1,0
592123,1,2024,4394,1,0,49,develop,assessor or aerials,0,0,0,0,1,0
592124,2,2024,1608,1,0,49,develop,assessor or aerials,0,0,0,0,1,0
592126,1,2024,4279,1,0,49,develop,assessor or aerials,0,0,0,0,1,0
592137,1,2024,8673,1,0,49,develop,assessor or aerials,0,0,0,0,1,0
592140,2,2024,1848,1,0,49,develop,assessor or aerials,0,0,0,0,1,0
592164,1,2024,2049,1,0,49,develop,assessor or aerials,0,0,0,0,1,0
592167,1,2025,2463,1,0,49,develop,assessor or aerials,0,0,0,0,1,0
592177,1,2025,2993,1,0,49,develop,assessor or aerials,0,0,0,0,1,0
592180,1,2025,2534,1,0,49,develop,assessor or aerials,0,0,0,0,1,0
592181,1,2025,3543,1,0,49,develop,assessor or aerials,0,0,0,0,1,0
592192,1,2025,839,1,0,49,develop,assessor or aerials,0,0,0,0,1,0
592193,2,2024,1608,1,0,49,develop,assessor or aerials,0,0,0,0,1,0
592204,1,2025,7485,1,0,49,develop,assessor or aerials,0,0,0,0,1,0
592229,2,2024,1608,1,0,49,develop,assessor or aerials,0,0,0,0,1,0
592245,1,2025,1922,1,0,49,develop,assessor or aerials,0,0,0,0,1,0
592249,1,2025,1298,1,0,49,develop,assessor or aerials,0,0,0,0,1,0
592258,1,2025,1904,1,0,49,develop,assessor or aerials,0,0,0,0,1,0
592268,1,2025,839,1,0,49,develop,assessor or aerials,0,0,0,0,1,0
592270,2,2025,1302,1,0,49,develop,assessor or aerials,0,0,0,0,1,0
592278,1,2024,2534,1,0,49,develop,assessor or aerials,0,0,0,0,1,0
592282,4,2024,9723,0,0,49,develop,assessor or aerials,0,0,0,0,1,9723
592291,2,2024,1608,1,0,49,develop,assessor or aerials,0,0,0,0,1,0
592295,2,2024,1452,1,0,49,develop,assessor or aerials,0,0,0,0,1,0
592297,2,2025,1015,1,0,49,develop,assessor or aerials,0,0,0,0,1,0
592311,2,2025,1708,1,0,49,develop,assessor or aerials,0,0,0,0,1,0
592315,1,2025,5231,1,0,49,develop,assessor or aerials,0,0,0,0,1,0
592328,1,2025,1914,1,0,49,develop,assessor or aerials,0,0,0,0,1,0
592350,1,2024,4528,1,0,49,develop,assessor or aerials,0,0,0,0,1,0
592355,1,2024,4998,1,0,49,develop,assessor or aerials,0,0,0,0,1,0
592360,1,2025,1452,1,0,49,develop,assessor or aerials,0,0,0,0,1,0
592366,2,2024,1452,1,0,49,develop,assessor or aerials,0,0,0,0,1,0
592373,1,2024,1531,1,0,49,develop,assessor or aerials,0,0,0,0,1,0
592378,2,2025,1608,1,0,49,develop,assessor or aerials,0,0,0,0,1,0
592383,1,2024,6242,1,0,49,develop,assessor or aerials,0,0,0,0,1,0
592384,1,2025,1836,1,0,49,develop,assessor or aerials,0,0,0,0,1,0
592401,5,2024,1594,0,0,49,develop,assessor or aerials,0,0,0,0,1,1594
592403,1,2025,718,1,0,49,develop,assessor or aerials,0,0,0,0,1,0
592414,1,2024,2280,1,0,49,develop,assessor or aerials,0,0,0,0,1,0
592415,1,2025,861,1,0,49,develop,assessor or aerials,0,0,0,0,1,0
592417,1,2025,2649,1,0,49,develop,assessor or aerials,0,0,0,0,1,0
592423,1,2024,4697,1,0,49,develop,assessor or aerials,0,0,0,0,1,0
592431,2,2024,1608,1,0,49,develop,assessor or aerials,0,0,0,0,1,0
592432,2,2024,1860,1,0,49,develop,assessor or aerials,0,0,0,0,1,0
592437,1,2025,4353,1,0,49,develop,assessor or aerials,0,0,0,0,1,0
592440,1,2025,3001,1,0,49,develop,assessor or aerials,0,0,0,0,1,0
592445,1,2024,28597,1,0,49,develop,assessor or aerials,0,0,0,0,1,0
592446,2,2024,1452,1,0,49,develop,assessor or aerials,0,0,0,0,1,0
592449,1,2024,4184,1,0,49,develop,assessor or aerials,0,0,0,0,1,0
592450,1,2024,1630,1,0,49,develop,assessor or aerials,0,0,0,0,1,0
592456,1,2026,4683,1,0,49,develop,assessor or aerials,0,0,0,0,1,0
592460,2,2024,1452,1,0,49,develop,assessor or aerials,0,0,0,0,1,0
592470,1,2024,820,1,0,49,develop,assessor or aerials,0,0,0,0,1,0
592471,1,2025,2020,1,0,49,develop,assessor or aerials,0,0,0,0,1,0
592475,1,2024,2412,1,0,49,develop,assessor or aerials,0,0,0,0,1,0
592479,3,2024,34214,0,0,49,develop,assessor or aerials,0,0,0,0,1,34214
592480,2,2024,1608,1,0,49,develop,assessor or aerials,0,0,0,0,1,0
592482,2,2024,1608,1,0,49,develop,assessor or aerials,0,0,0,0,1,0
592484,1,2024,4441,1,0,49,develop,assessor or aerials,0,0,0,0,1,0
592487,1,2025,4026,1,0,49,develop,assessor or aerials,0,0,0,0,1,0
592497,1,2025,1744,1,0,49,develop,assessor or aerials,0,0,0,0,1,0
592501,1,2025,44281,1,0,49,develop,assessor or aerials,0,0,0,0,1,0
592516,1,2025,740,1,0,49,develop,assessor or aerials,0,0,0,0,1,0
592521,1,2024,2104,1,0,49,develop,assessor or aerials,0,0,0,0,1,0
592525,2,2024,9611,11,0,49,develop,assessor or aerials,0,0,0,0,1,0
592532,1,2024,538,1,0,49,develop,assessor or aerials,0,0,0,0,1,0
592542,2,2024,1608,1,0,49,develop,assessor or aerials,0,0,0,0,1,0
592544,1,2024,4155,1,0,49,develop,assessor or aerials,0,0,0,0,1,0
592547,1,2024,2735,1,0,49,develop,assessor or aerials,0,0,0,0,1,0
592562,1,2025,2511,1,0,49,develop,assessor or aerials,0,0,0,0,1,0
592566,1,2025,2461,1,0,49,develop,assessor or aerials,0,0,0,0,1,0
592567,1,2024,3558,1,0,49,develop,assessor or aerials,0,0,0,0,1,0
592569,1,2025,1196,1,0,49,develop,assessor or aerials,0,0,0,0,1,0
592573,1,2024,24949,1,0,49,develop,assessor or aerials,0,0,0,0,1,0
592576,1,2024,2511,1,0,49,develop,assessor or aerials,0,0,0,0,1,0
592583,1,2025,4191,1,0,49,develop,assessor or aerials,0,0,0,0,1,0
592584,1,2024,2384,1,0,49,develop,assessor or aerials,0,0,0,0,1,0
592585,1,2024,1927,1,0,49,develop,assessor or aerials,0,0,0,0,1,0
592593,1,2024,5855,1,0,49,develop,assessor or aerials,0,0,0,0,1,0
592595,1,2025,2452,1,0,49,develop,assessor or aerials,0,0,0,0,1,0
592611,2,2024,1608,1,0,49,develop,assessor or aerials,0,0,0,0,1,0
592613,1,2024,3425,1,0,49,develop,assessor or aerials,0,0,0,0,1,0
592630,1,2025,1392,1,0,49,develop,assessor or aerials,0,0,0,0,1,0
592641,1,2024,3624,1,0,49,develop,assessor or aerials,0,0,0,0,1,0
592644,1,2025,6208,1,0,49,develop,assessor or aerials,0,0,0,0,1,0
592655,1,2025,1174,1,0,49,develop,assessor or aerials,0,0,0,0,1,0
592658,2,2024,1452,1,0,49,develop,assessor or aerials,0,0,0,0,1,0
592662,2,2024,1452,1,0,49,develop,assessor or aerials,0,0,0,0,1,0
592664,1,2024,3127,1,0,49,develop,assessor or aerials,0,0,0,0,1,0
592687,1,2024,4669,1,0,49,develop,assessor or aerials,0,0,0,0,1,0
592692,2,2024,1846,1,0,49,develop,assessor or aerials,0,0,0,0,1,0
592705,1,2024,3477,1,0,49,develop,assessor or aerials,0,0,0,0,1,0
592712,1,2024,509,1,0,49,develop,assessor or aerials,0,0,0,0,1,0
592713,1,2025,2409,1,0,49,develop,assessor or aerials,0,0,0,0,1,0
592720,1,2026,1002,1,0,49,develop,assessor or aerials,0,0,0,0,1,0
592724,1,2024,2484,1,0,49,develop,assessor or aerials,0,0,0,0,1,0
592732,1,2024,2291,1,0,49,develop,assessor or aerials,0,0,0,0,1,0
592734,5,2026,1027,0,0,49,develop,assessor or aerials,0,0,0,0,1,1027
592738,1,2025,7270,1,0,49,develop,assessor or aerials,0,0,0,0,1,0
592739,2,2024,1341,1,0,49,develop,assessor or aerials,0,0,0,0,1,0
592745,1,2024,4271,1,0,49,develop,assessor or aerials,0,0,0,0,1,0
592747,2,2025,1036,1,0,49,develop,assessor or aerials,0,0,0,0,1,0
592756,1,2025,4880,1,0,49,develop,assessor or aerials,0,0,0,0,1,0
592759,1,2025,3758,1,0,49,develop,assessor or aerials,0,0,0,0,1,0
592761,2,2026,1202,1,0,49,develop,assessor or aerials,0,0,0,0,1,0
592765,2,2025,1374,1,0,49,develop,assessor or aerials,0,0,0,0,1,0
592775,2,2025,3161,1,0,49,develop,assessor or aerials,0,0,0,0,1,0
592782,1,2025,4385,1,0,49,develop,assessor or aerials,0,0,0,0,1,0
592784,1,2024,1739,1,0,49,develop,assessor or aerials,0,0,0,0,1,0
592788,1,2024,10561,1,0,49,develop,assessor or aerials,0,0,0,0,1,0
592789,1,2025,4172,1,0,49,develop,assessor or aerials,0,0,0,0,1,0
592794,1,2025,4011,1,0,49,develop,assessor or aerials,0,0,0,0,1,0
592817,2,2024,1062,1,0,49,develop,assessor or aerials,0,0,0,0,1,0
592819,1,2024,5242,1,0,49,develop,assessor or aerials,0,0,0,0,1,0
592824,1,2025,2372,1,0,49,develop,assessor or aerials,0,0,0,0,1,0
592834,1,2025,10148,1,0,49,develop,assessor or aerials,0,0,0,0,1,0
592836,1,2024,3064,1,0,49,develop,assessor or aerials,0,0,0,0,1,0
592840,1,2024,2214,1,0,49,develop,assessor or aerials,0,0,0,0,1,0
592854,2,2024,1443,1,0,49,develop,assessor or aerials,0,0,0,0,1,0
592858,1,2024,3530,1,0,49,develop,assessor or aerials,0,0,0,0,1,0
592860,1,2025,3047,1,0,49,develop,assessor or aerials,0,0,0,0,1,0
592864,1,2025,3265,1,0,49,develop,assessor or aerials,0,0,0,0,1,0
592866,1,2025,3522,1,0,49,develop,assessor or aerials,0,0,0,0,1,0
592870,1,2024,5158,1,0,49,develop,assessor or aerials,0,0,0,0,1,0
592872,1,2024,1148,1,0,49,develop,assessor or aerials,0,0,0,0,1,0
592875,1,2024,1013,1,0,49,develop,assessor or aerials,0,0,0,0,1,0
592878,1,2024,3120,1,0,49,develop,assessor or aerials,0,0,0,0,1,0
592881,1,2026,19108,1,0,49,develop,assessor or aerials,0,0,0,0,1,0
592882,1,2024,1502,1,0,49,develop,assessor or aerials,0,0,0,0,1,0
592884,1,2025,3980,1,0,49,develop,assessor or aerials,0,0,0,0,1,0
592885,2,2025,952,1,0,49,develop,assessor or aerials,0,0,0,0,1,0
592886,1,2024,2359,1,0,49,develop,assessor or aerials,0,0,0,0,1,0
592887,1,2025,12669,1,0,49,develop,assessor or aerials,0,0,0,0,1,0
592902,2,2025,1491,1,0,49,develop,assessor or aerials,0,0,0,0,1,0
592904,1,2024,15080,1,0,49,develop,assessor or aerials,0,0,0,0,1,0
592907,1,2024,3099,1,0,49,develop,assessor or aerials,0,0,0,0,1,0
592914,1,2025,4778,1,0,49,develop,assessor or aerials,0,0,0,0,1,0
592916,1,2024,3440,1,0,49,develop,assessor or aerials,0,0,0,0,1,0
592918,2,2024,1341,1,0,49,develop,assessor or aerials,0,0,0,0,1,0
592922,2,2024,1341,1,0,49,develop,assessor or aerials,0,0,0,0,1,0
592925,1,2025,882,1,0,49,develop,assessor or aerials,0,0,0,0,1,0
592935,1,2025,1030,1,0,49,develop,assessor or aerials,0,0,0,0,1,0
592938,2,2024,2261,1,0,49,develop,assessor or aerials,0,0,0,0,1,0
592953,2,2024,1295,1,0,49,develop,assessor or aerials,0,0,0,0,1,0
592956,1,2025,2326,1,0,49,develop,assessor or aerials,0,0,0,0,1,0
592959,2,2025,1561,1,0,49,develop,assessor or aerials,0,0,0,0,1,0
592962,2,2025,1036,1,0,49,develop,assessor or aerials,0,0,0,0,1,0
592963,2,2025,952,1,0,49,develop,assessor or aerials,0,0,0,0,1,0
592973,1,2024,2582,1,0,49,develop,assessor or aerials,0,0,0,0,1,0
592974,1,2025,3820,1,0,49,develop,assessor or aerials,0,0,0,0,1,0
592978,1,2024,3654,1,0,49,develop,assessor or aerials,0,0,0,0,1,0
592982,1,2025,875,1,0,49,develop,assessor or aerials,0,0,0,0,1,0
592986,1,2025,3291,1,0,49,develop,assessor or aerials,0,0,0,0,1,0
593008,2,2024,2233,1,0,49,develop,assessor or aerials,0,0,0,0,1,0
593011,1,2024,1260,1,0,49,develop,assessor or aerials,0,0,0,0,1,0
593014,1,2025,3208,1,0,49,develop,assessor or aerials,0,0,0,0,1,0
593016,2,2024,2222,1,0,49,develop,assessor or aerials,0,0,0,0,1,0
593021,1,2025,305,1,0,49,develop,assessor or aerials,0,0,0,0,1,0
593023,2,2026,4835,3,0,49,develop,assessor or aerials,0,0,0,0,1,0
593028,2,2024,2268,1,0,49,develop,assessor or aerials,0,0,0,0,1,0
593039,5,2026,1020,0,0,49,develop,assessor or aerials,0,0,0,0,1,1020
593043,1,2024,2290,1,0,49,develop,assessor or aerials,0,0,0,0,1,0
593044,1,2025,305,1,0,49,develop,assessor or aerials,0,0,0,0,1,0
593047,3,2024,43297,0,0,49,develop,assessor or aerials,0,0,0,0,1,43297
593055,1,2025,1002,1,0,49,develop,assessor or aerials,0,0,0,0,1,0
593069,1,2024,1030,1,0,49,develop,assessor or aerials,0,0,0,0,1,0
593074,1,2024,2859,1,0,49,develop,assessor or aerials,0,0,0,0,1,0
593076,2,2024,2233,1,0,49,develop,assessor or aerials,0,0,0,0,1,0
593079,2,2024,2233,1,0,49,develop,assessor or aerials,0,0,0,0,1,0
593081,1,2024,2376,1,0,49,develop,assessor or aerials,0,0,0,0,1,0
593082,1,2025,1738,1,0,49,develop,assessor or aerials,0,0,0,0,1,0
593089,1,2025,99,1,0,49,develop,assessor or aerials,0,0,0,0,1,0
593091,2,2024,2207,1,0,49,develop,assessor or aerials,0,0,0,0,1,0
593092,1,2024,1176,1,0,49,develop,assessor or aerials,0,0,0,0,1,0
593098,1,2024,1176,1,0,49,develop,assessor or aerials,0,0,0,0,1,0
593099,2,2026,1538,1,0,49,develop,assessor or aerials,0,0,0,0,1,0
593100,1,2025,1856,1,0,49,develop,assessor or aerials,0,0,0,0,1,0
593104,2,2025,1092,1,0,49,develop,assessor or aerials,0,0,0,0,1,0
593107,2,2024,2727,1,0,49,develop,assessor or aerials,0,0,0,0,1,0
593117,1,2024,2381,1,0,49,develop,assessor or aerials,0,0,0,0,1,0
593118,2,2024,1337,1,0,49,develop,assessor or aerials,0,0,0,0,1,0
593120,1,2025,3017,1,0,49,develop,assessor or aerials,0,0,0,0,1,0
593125,2,2025,1295,1,0,49,develop,assessor or aerials,0,0,0,0,1,0
593141,1,2024,5423,1,0,49,develop,assessor or aerials,0,0,0,0,1,0
593142,1,2024,2221,1,0,49,develop,assessor or aerials,0,0,0,0,1,0
593143,2,2025,952,1,0,49,develop,assessor or aerials,0,0,0,0,1,0
593144,2,2025,933,1,0,49,develop,assessor or aerials,0,0,0,0,1,0
593146,2,2025,1092,1,0,49,develop,assessor or aerials,0,0,0,0,1,0
593147,1,2025,4375,1,0,49,develop,assessor or aerials,0,0,0,0,1,0
593148,2,2025,1561,1,0,49,develop,assessor or aerials,0,0,0,0,1,0
593149,1,2024,2339,1,0,49,develop,assessor or aerials,0,0,0,0,1,0
593150,2,2024,1443,1,0,49,develop,assessor or aerials,0,0,0,0,1,0
593152,1,2024,1260,1,0,49,develop,assessor or aerials,0,0,0,0,1,0
593161,1,2026,1176,1,0,49,develop,assessor or aerials,0,0,0,0,1,0
593163,1,2025,2658,1,0,49,develop,assessor or aerials,0,0,0,0,1,0
593164,1,2025,9230,1,0,49,develop,assessor or aerials,0,0,0,0,1,0
593169,2,2024,1341,1,0,49,develop,assessor or aerials,0,0,0,0,1,0
593174,1,2024,3822,1,0,49,develop,assessor or aerials,0,0,0,0,1,0
593177,1,2024,1531,1,0,49,develop,assessor or aerials,0,0,0,0,1,0
593178,1,2025,6140,1,0,49,develop,assessor or aerials,0,0,0,0,1,0
593180,1,2024,1524,1,0,49,develop,assessor or aerials,0,0,0,0,1,0
593187,1,2025,3265,1,0,49,develop,assessor or aerials,0,0,0,0,1,0
593192,1,2025,2637,1,0,49,develop,assessor or aerials,0,0,0,0,1,0
593193,2,2024,1443,1,0,49,develop,assessor or aerials,0,0,0,0,1,0
593197,1,2024,3288,1,0,49,develop,assessor or aerials,0,0,0,0,1,0
593198,1,2026,1002,1,0,49,develop,assessor or aerials,0,0,0,0,1,0
593200,1,2025,1030,1,0,49,develop,assessor or aerials,0,0,0,0,1,0
593206,1,2024,2825,1,0,49,develop,assessor or aerials,0,0,0,0,1,0
593214,1,2024,41797,1,0,49,develop,assessor or aerials,0,0,0,0,1,0
593215,1,2024,4628,1,0,49,develop,assessor or aerials,0,0,0,0,1,0
593216,1,2025,5039,1,0,49,develop,assessor or aerials,0,0,0,0,1,0
593218,1,2025,9136,1,0,49,develop,assessor or aerials,0,0,0,0,1,0
593219,1,2025,3742,1,0,49,develop,assessor or aerials,0,0,0,0,1,0
593221,2,2025,1846,1,0,49,develop,assessor or aerials,0,0,0,0,1,0
593224,1,2025,20602,1,0,49,develop,assessor or aerials,0,0,0,0,1,0
593226,2,2024,2267,1,0,49,develop,assessor or aerials,0,0,0,0,1,0
593229,2,2024,1341,1,0,49,develop,assessor or aerials,0,0,0,0,1,0
593244,2,2025,952,1,0,49,develop,assessor or aerials,0,0,0,0,1,0
593250,1,2024,1260,1,0,49,develop,assessor or aerials,0,0,0,0,1,0
593251,2,2024,1341,1,0,49,develop,assessor or aerials,0,0,0,0,1,0
593255,2,2024,6653,8,0,49,develop,assessor or aerials,0,0,0,0,1,0
593256,1,2025,2109,1,0,49,develop,assessor or aerials,0,0,0,0,1,0
593261,1,2025,4191,1,0,49,develop,assessor or aerials,0,0,0,0,1,0
593263,2,2024,1561,1,0,49,develop,assessor or aerials,0,0,0,0,1,0
593270,1,2024,2800,1,0,49,develop,assessor or aerials,0,0,0,0,1,0
593277,1,2024,1176,1,0,49,develop,assessor or aerials,0,0,0,0,1,0
593284,1,2025,4202,1,0,49,develop,assessor or aerials,0,0,0,0,1,0
593288,1,2024,4758,1,0,49,develop,assessor or aerials,0,0,0,0,1,0
593291,2,2025,1295,1,0,49,develop,assessor or aerials,0,0,0,0,1,0
593294,1,2025,3798,1,0,49,develop,assessor or aerials,0,0,0,0,1,0
593300,1,2024,3159,1,0,49,develop,assessor or aerials,0,0,0,0,1,0
593301,1,2024,2934,1,0,49,develop,assessor or aerials,0,0,0,0,1,0
593305,2,2024,1341,1,0,49,develop,assessor or aerials,0,0,0,0,1,0
593309,2,2025,1015,1,0,49,develop,assessor or aerials,0,0,0,0,1,0
593312,1,2024,12378,1,0,49,develop,assessor or aerials,0,0,0,0,1,0
593313,1,2024,4264,1,0,49,develop,assessor or aerials,0,0,0,0,1,0
593318,2,2024,1062,1,0,49,develop,assessor or aerials,0,0,0,0,1,0
593320,1,2025,3930,1,0,49,develop,assessor or aerials,0,0,0,0,1,0
593326,2,2024,2268,1,0,49,develop,assessor or aerials,0,0,0,0,1,0
593331,2,2024,1337,1,0,49,develop,assessor or aerials,0,0,0,0,1,0
593333,1,2025,305,1,0,49,develop,assessor or aerials,0,0,0,0,1,0
593336,2,2024,1500,1,0,49,develop,assessor or aerials,0,0,0,0,1,0
593342,1,2024,2473,1,0,49,develop,assessor or aerials,0,0,0,0,1,0
593347,1,2025,3353,1,0,49,develop,assessor or aerials,0,0,0,0,1,0
593349,2,2025,1561,1,0,49,develop,assessor or aerials,0,0,0,0,1,0
593356,2,2024,1455,1,0,49,develop,assessor or aerials,0,0,0,0,1,0
593368,1,2024,3546,1,0,49,develop,assessor or aerials,0,0,0,0,1,0
593371,1,2025,5391,1,0,49,develop,assessor or aerials,0,0,0,0,1,0
593376,1,2024,2137,1,0,49,develop,assessor or aerials,0,0,0,0,1,0
593380,1,2025,4235,1,0,49,develop,assessor or aerials,0,0,0,0,1,0
593381,1,2024,13288,1,0,49,develop,assessor or aerials,0,0,0,0,1,0
593385,1,2025,6034,1,0,49,develop,assessor or aerials,0,0,0,0,1,0
593394,1,2024,2612,1,0,49,develop,assessor or aerials,0,0,0,0,1,0
593396,1,2025,8922,1,0,49,develop,assessor or aerials,0,0,0,0,1,0
593402,1,2024,3512,1,0,49,develop,assessor or aerials,0,0,0,0,1,0
593407,1,2025,526,1,0,49,develop,assessor or aerials,0,0,0,0,1,0
593413,2,2024,2144,1,0,49,develop,assessor or aerials,0,0,0,0,1,0
593417,1,2025,3237,1,0,49,develop,assessor or aerials,0,0,0,0,1,0
593422,1,2025,4858,1,0,49,develop,assessor or aerials,0,0,0,0,1,0
593423,2,2024,2261,1,0,49,develop,assessor or aerials,0,0,0,0,1,0
593424,2,2024,1337,1,0,49,develop,assessor or aerials,0,0,0,0,1,0
593427,1,2024,1260,1,0,49,develop,assessor or aerials,0,0,0,0,1,0
593429,1,2024,1176,1,0,49,develop,assessor or aerials,0,0,0,0,1,0
593430,2,2025,1846,1,0,49,develop,assessor or aerials,0,0,0,0,1,0
593432,2,2025,1092,1,0,49,develop,assessor or aerials,0,0,0,0,1,0
593434,2,2024,1348,1,0,49,develop,assessor or aerials,0,0,0,0,1,0
593436,1,2024,1002,1,0,49,develop,assessor or aerials,0,0,0,0,1,0
593443,2,2025,4247,1,0,49,develop,assessor or aerials,0,0,0,0,1,0
593447,1,2025,7428,1,0,49,develop,assessor or aerials,0,0,0,0,1,0
593448,1,2024,1276,1,0,49,develop,assessor or aerials,0,0,0,0,1,0
593449,1,2024,12044,1,0,49,develop,assessor or aerials,0,0,0,0,1,0
593451,1,2024,3440,1,0,49,develop,assessor or aerials,0,0,0,0,1,0
593461,2,2025,952,1,0,49,develop,assessor or aerials,0,0,0,0,1,0
593464,2,2025,1092,1,0,49,develop,assessor or aerials,0,0,0,0,1,0
593467,1,2024,3440,1,0,49,develop,assessor or aerials,0,0,0,0,1,0
593470,2,2025,1092,1,0,49,develop,assessor or aerials,0,0,0,0,1,0
593472,1,2025,2196,1,0,49,develop,assessor or aerials,0,0,0,0,1,0
593473,1,2024,4078,1,0,49,develop,assessor or aerials,0,0,0,0,1,0
593480,1,2024,94,1,0,49,develop,assessor or aerials,0,0,0,0,1,0
593482,1,2025,3328,1,0,49,develop,assessor or aerials,0,0,0,0,1,0
593483,2,2025,2274,1,0,49,develop,assessor or aerials,0,0,0,0,1,0
593498,2,2024,1510,1,0,49,develop,assessor or aerials,0,0,0,0,1,0
593500,1,2024,1176,1,0,49,develop,assessor or aerials,0,0,0,0,1,0
593501,1,2025,4033,1,0,49,develop,assessor or aerials,0,0,0,0,1,0
593513,1,2024,12472,1,0,49,develop,assessor or aerials,0,0,0,0,1,0
593518,1,2025,1739,1,0,49,develop,assessor or aerials,0,0,0,0,1,0
593519,1,2024,1943,1,0,49,develop,assessor or aerials,0,0,0,0,1,0
593531,2,2025,2055,1,0,49,develop,assessor or aerials,0,0,0,0,1,0
593532,1,2024,3226,1,0,49,develop,assessor or aerials,0,0,0,0,1,0
593536,2,2025,1031,1,0,49,develop,assessor or aerials,0,0,0,0,1,0
593539,1,2024,3081,1,0,49,develop,assessor or aerials,0,0,0,0,1,0
593551,1,2024,1647,1,0,49,develop,assessor or aerials,0,0,0,0,1,0
593556,1,2024,2102,1,0,49,develop,assessor or aerials,0,0,0,0,1,0
593557,1,2025,1061,1,0,49,develop,assessor or aerials,0,0,0,0,1,0
593560,1,2025,7752,1,0,49,develop,assessor or aerials,0,0,0,0,1,0
593563,1,2024,3151,1,0,49,develop,assessor or aerials,0,0,0,0,1,0
593572,2,2024,1295,1,0,49,develop,assessor or aerials,0,0,0,0,1,0
593573,1,2024,2980,1,0,49,develop,assessor or aerials,0,0,0,0,1,0
593576,1,2024,1528,1,0,49,develop,assessor or aerials,0,0,0,0,1,0
593578,1,2024,157150,1,0,49,develop,assessor or aerials,0,0,0,0,1,0
593585,1,2025,2140,1,0,49,develop,assessor or aerials,0,0,0,0,1,0
593586,1,2024,1260,1,0,49,develop,assessor or aerials,0,0,0,0,1,0
593590,1,2024,1260,1,0,49,develop,assessor or aerials,0,0,0,0,1,0
593591,2,2025,1084,1,0,49,develop,assessor or aerials,0,0,0,0,1,0
593592,2,2024,1817,1,0,49,develop,assessor or aerials,0,0,0,0,1,0
593594,1,2024,8,1,0,49,develop,assessor or aerials,0,0,0,0,1,0
593595,2,2025,333,1,0,49,develop,assessor or aerials,0,0,0,0,1,0
593596,3,2025,5800,0,0,49,develop,assessor or aerials,0,0,0,0,1,5800
593601,2,2024,970,1,0,49,develop,assessor or aerials,0,0,0,0,1,0
593608,2,2025,333,1,0,49,develop,assessor or aerials,0,0,0,0,1,0
593614,1,2025,2342,1,0,49,develop,assessor or aerials,0,0,0,0,1,0
593617,2,2025,1237,1,0,49,develop,assessor or aerials,0,0,0,0,1,0
593619,2,2024,970,1,0,49,develop,assessor or aerials,0,0,0,0,1,0
593625,1,2024,1260,1,0,49,develop,assessor or aerials,0,0,0,0,1,0
593628,2,2025,2904,1,0,49,develop,assessor or aerials,0,0,0,0,1,0
593632,1,2025,3270,1,0,49,develop,assessor or aerials,0,0,0,0,1,0
593634,1,2024,2620,1,0,49,develop,assessor or aerials,0,0,0,0,1,0
593635,8,2024,151,0,0,49,develop,assessor or aerials,0,0,0,0,1,151
593636,2,2024,1569,1,0,49,develop,assessor or aerials,0,0,0,0,1,0
593639,2,2025,333,1,0,49,develop,assessor or aerials,0,0,0,0,1,0
593649,2,2025,1909,1,0,49,develop,assessor or aerials,0,0,0,0,1,0
593650,2,2025,4222,1,0,49,develop,assessor or aerials,0,0,0,0,1,0
593651,1,2025,4573,1,0,49,develop,assessor or aerials,0,0,0,0,1,0
593652,3,2025,17382,0,0,49,develop,assessor or aerials,0,0,0,0,1,17382
593653,1,2025,2228,1,0,49,develop,assessor or aerials,0,0,0,0,1,0
593655,2,2024,1569,1,0,49,develop,assessor or aerials,0,0,0,0,1,0
593656,1,2025,99,1,0,49,develop,assessor or aerials,0,0,0,0,1,0
593660,2,2024,2210,1,0,49,develop,assessor or aerials,0,0,0,0,1,0
593661,1,2025,2588,1,0,49,develop,assessor or aerials,0,0,0,0,1,0
593666,1,2025,2452,1,0,49,develop,assessor or aerials,0,0,0,0,1,0
593667,2,2025,1607,1,0,49,develop,assessor or aerials,0,0,0,0,1,0
593675,2,2024,1084,1,0,49,develop,assessor or aerials,0,0,0,0,1,0
593677,2,2024,2498,1,0,49,develop,assessor or aerials,0,0,0,0,1,0
593678,1,2024,2902,1,0,49,develop,assessor or aerials,0,0,0,0,1,0
593681,2,2024,1237,1,0,49,develop,assessor or aerials,0,0,0,0,1,0
593682,1,2024,1528,1,0,49,develop,assessor or aerials,0,0,0,0,1,0
593687,1,2025,96,1,0,49,develop,assessor or aerials,0,0,0,0,1,0
593692,2,2024,1237,1,0,49,develop,assessor or aerials,0,0,0,0,1,0
593693,1,2024,3430,1,0,49,develop,assessor or aerials,0,0,0,0,1,0
593694,1,2024,1260,1,0,49,develop,assessor or aerials,0,0,0,0,1,0
593698,1,2025,5050,1,0,49,develop,assessor or aerials,0,0,0,0,1,0
593714,2,2024,2475,1,0,49,develop,assessor or aerials,0,0,0,0,1,0
593717,2,2025,357,1,0,49,develop,assessor or aerials,0,0,0,0,1,0
593719,1,2025,2588,1,0,49,develop,assessor or aerials,0,0,0,0,1,0
593721,1,2025,3003,1,0,49,develop,assessor or aerials,0,0,0,0,1,0
593722,1,2024,1260,1,0,49,develop,assessor or aerials,0,0,0,0,1,0
593723,1,2025,3118,1,0,49,develop,assessor or aerials,0,0,0,0,1,0
593728,2,2024,1026,1,0,49,develop,assessor or aerials,0,0,0,0,1,0
593729,1,2025,2173,1,0,49,develop,assessor or aerials,0,0,0,0,1,0
593731,2,2025,970,1,0,49,develop,assessor or aerials,0,0,0,0,1,0
593732,1,2025,9367,1,0,49,develop,assessor or aerials,0,0,0,0,1,0
593734,1,2025,976,1,0,49,develop,assessor or aerials,0,0,0,0,1,0
593744,1,2025,3217,1,0,49,develop,assessor or aerials,0,0,0,0,1,0
593747,1,2024,2717,1,0,49,develop,assessor or aerials,0,0,0,0,1,0
593751,2,2024,1651,1,0,49,develop,assessor or aerials,0,0,0,0,1,0
593753,1,2025,110,1,0,49,develop,assessor or aerials,0,0,0,0,1,0
593754,2,2025,333,1,0,49,develop,assessor or aerials,0,0,0,0,1,0
593756,1,2024,3758,1,0,49,develop,assessor or aerials,0,0,0,0,1,0
593759,2,2024,1569,1,0,49,develop,assessor or aerials,0,0,0,0,1,0
593760,1,2025,526,1,0,49,develop,assessor or aerials,0,0,0,0,1,0
593762,2,2024,1888,1,0,49,develop,assessor or aerials,0,0,0,0,1,0
593763,2,2025,1607,1,0,49,develop,assessor or aerials,0,0,0,0,1,0
593765,2,2025,333,1,0,49,develop,assessor or aerials,0,0,0,0,1,0
593774,2,2024,1083,1,0,49,develop,assessor or aerials,0,0,0,0,1,0
593783,1,2025,2595,1,0,49,develop,assessor or aerials,0,0,0,0,1,0
593786,2,2025,1783,1,0,49,develop,assessor or aerials,0,0,0,0,1,0
593790,1,2024,2751,1,0,49,develop,assessor or aerials,0,0,0,0,1,0
593792,2,2024,1555,1,0,49,develop,assessor or aerials,0,0,0,0,1,0
593795,2,2024,1366,1,0,49,develop,assessor or aerials,0,0,0,0,1,0
593799,1,2025,3264,1,0,49,develop,assessor or aerials,0,0,0,0,1,0
593803,1,2025,69245,1,0,49,develop,assessor or aerials,0,0,0,0,1,0
593804,1,2024,3743,1,0,49,develop,assessor or aerials,0,0,0,0,1,0
593811,1,2024,1443,1,0,49,develop,assessor or aerials,0,0,0,0,1,0
593814,2,2025,1727,1,0,49,develop,assessor or aerials,0,0,0,0,1,0
593815,1,2025,2031,1,0,49,develop,assessor or aerials,0,0,0,0,1,0
593818,1,2024,271,1,0,49,develop,assessor or aerials,0,0,0,0,1,0
593820,1,2024,1121,1,0,49,develop,assessor or aerials,0,0,0,0,1,0
593822,1,2025,2674,1,0,49,develop,assessor or aerials,0,0,0,0,1,0
593825,2,2024,1416,1,0,49,develop,assessor or aerials,0,0,0,0,1,0
593827,2,2024,2018,1,0,49,develop,assessor or aerials,0,0,0,0,1,0
593828,1,2024,1260,1,0,49,develop,assessor or aerials,0,0,0,0,1,0
593836,1,2025,3557,1,0,49,develop,assessor or aerials,0,0,0,0,1,0
593839,1,2024,1466,1,0,49,develop,assessor or aerials,0,0,0,0,1,0
593845,2,2024,2154,1,0,49,develop,assessor or aerials,0,0,0,0,1,0
593848,1,2025,3137,1,0,49,develop,assessor or aerials,0,0,0,0,1,0
593849,1,2024,3598,1,0,49,develop,assessor or aerials,0,0,0,0,1,0
593850,1,2024,1260,1,0,49,develop,assessor or aerials,0,0,0,0,1,0
593853,1,2025,2550,1,0,49,develop,assessor or aerials,0,0,0,0,1,0
593861,2,2025,1945,1,0,49,develop,assessor or aerials,0,0,0,0,1,0
593870,1,2024,1260,1,0,49,develop,assessor or aerials,0,0,0,0,1,0
593874,2,2025,4312,1,0,49,develop,assessor or aerials,0,0,0,0,1,0
593876,1,2024,5604,1,0,49,develop,assessor or aerials,0,0,0,0,1,0
593877,1,2025,2368,1,0,49,develop,assessor or aerials,0,0,0,0,1,0
593880,2,2024,1651,1,0,49,develop,assessor or aerials,0,0,0,0,1,0
593885,1,2024,1610,1,0,49,develop,assessor or aerials,0,0,0,0,1,0
593887,2,2025,1084,1,0,49,develop,assessor or aerials,0,0,0,0,1,0
593888,1,2024,3127,1,0,49,develop,assessor or aerials,0,0,0,0,1,0
593889,2,2024,938,1,0,49,develop,assessor or aerials,0,0,0,0,1,0
593896,1,2025,3025,1,0,49,develop,assessor or aerials,0,0,0,0,1,0
593899,2,2024,2420,1,0,49,develop,assessor or aerials,0,0,0,0,1,0
593902,2,2025,2849,1,0,49,develop,assessor or aerials,0,0,0,0,1,0
593904,1,2024,1260,1,0,49,develop,assessor or aerials,0,0,0,0,1,0
593905,2,2025,333,1,0,49,develop,assessor or aerials,0,0,0,0,1,0
593906,1,2025,32978,1,0,49,develop,assessor or aerials,0,0,0,0,1,0
593908,2,2024,1651,1,0,49,develop,assessor or aerials,0,0,0,0,1,0
593910,1,2024,2275,1,0,49,develop,assessor or aerials,0,0,0,0,1,0
593911,1,2025,1997,1,0,49,develop,assessor or aerials,0,0,0,0,1,0
593915,1,2025,526,1,0,49,develop,assessor or aerials,0,0,0,0,1,0
593918,1,2025,49992,1,0,49,develop,assessor or aerials,0,0,0,0,1,0
593930,2,2025,1727,1,0,49,develop,assessor or aerials,0,0,0,0,1,0
593941,1,2025,2313,1,0,49,develop,assessor or aerials,0,0,0,0,1,0
593948,2,2024,1295,1,0,49,develop,assessor or aerials,0,0,0,0,1,0
593949,1,2024,3038,1,0,49,develop,assessor or aerials,0,0,0,0,1,0
593957,1,2024,5605,1,0,49,develop,assessor or aerials,0,0,0,0,1,0
593966,1,2025,1885,1,0,49,develop,assessor or aerials,0,0,0,0,1,0
593967,2,2024,2412,1,0,49,develop,assessor or aerials,0,0,0,0,1,0
593968,2,2025,1945,1,0,49,develop,assessor or aerials,0,0,0,0,1,0
593969,2,2024,1540,1,0,49,develop,assessor or aerials,0,0,0,0,1,0
593983,1,2025,1688,1,0,49,develop,assessor or aerials,0,0,0,0,1,0
593984,1,2024,1305,1,0,49,develop,assessor or aerials,0,0,0,0,1,0
593989,1,2024,1341,1,0,49,develop,assessor or aerials,0,0,0,0,1,0
593993,1,2025,1874,1,0,49,develop,assessor or aerials,0,0,0,0,1,0
594005,2,2024,1888,1,0,49,develop,assessor or aerials,0,0,0,0,1,0
594008,1,2025,976,1,0,49,develop,assessor or aerials,0,0,0,0,1,0
594025,1,2024,2763,1,0,49,develop,assessor or aerials,0,0,0,0,1,0
594028,4,2024,16619,0,0,49,develop,assessor or aerials,0,0,0,0,1,16619
594041,2,2024,779,1,0,49,develop,assessor or aerials,0,0,0,0,1,0
594042,2,2024,1297,1,0,49,develop,assessor or aerials,0,0,0,0,1,0
594043,1,2025,2281,1,0,49,develop,assessor or aerials,0,0,0,0,1,0
594051,2,2025,1021,1,0,49,develop,assessor or aerials,0,0,0,0,1,0
594052,2,2024,2125,1,0,49,develop,assessor or aerials,0,0,0,0,1,0
594053,2,2024,1237,1,0,49,develop,assessor or aerials,0,0,0,0,1,0
594061,1,2025,3422,1,0,49,develop,assessor or aerials,0,0,0,0,1,0
594063,1,2025,3869,1,0,49,develop,assessor or aerials,0,0,0,0,1,0
594065,2,2024,2258,1,0,49,develop,assessor or aerials,0,0,0,0,1,0
594067,2,2024,2210,1,0,49,develop,assessor or aerials,0,0,0,0,1,0
594070,2,2024,2412,1,0,49,develop,assessor or aerials,0,0,0,0,1,0
594071,2,2025,1607,1,0,49,develop,assessor or aerials,0,0,0,0,1,0
594073,2,2024,1541,1,0,49,develop,assessor or aerials,0,0,0,0,1,0
594077,2,2025,4073,1,0,49,develop,assessor or aerials,0,0,0,0,1,0
594078,2,2024,1242,1,0,49,develop,assessor or aerials,0,0,0,0,1,0
594080,2,2024,1511,1,0,49,develop,assessor or aerials,0,0,0,0,1,0
594083,2,2024,1638,1,0,49,develop,assessor or aerials,0,0,0,0,1,0
594110,2,2024,2339,1,0,49,develop,assessor or aerials,0,0,0,0,1,0
594114,2,2025,903,1,0,49,develop,assessor or aerials,0,0,0,0,1,0
594116,1,2025,2390,1,0,49,develop,assessor or aerials,0,0,0,0,1,0
594117,1,2024,1803,1,0,49,develop,assessor or aerials,0,0,0,0,1,0
594124,1,2024,1260,1,0,49,develop,assessor or aerials,0,0,0,0,1,0
594125,1,2024,1260,1,0,49,develop,assessor or aerials,0,0,0,0,1,0
594128,2,2025,970,1,0,49,develop,assessor or aerials,0,0,0,0,1,0
594130,2,2024,1295,1,0,49,develop,assessor or aerials,0,0,0,0,1,0
594133,1,2024,1305,1,0,49,develop,assessor or aerials,0,0,0,0,1,0
594137,1,2025,976,1,0,49,develop,assessor or aerials,0,0,0,0,1,0
594142,1,2025,526,1,0,49,develop,assessor or aerials,0,0,0,0,1,0
594144,4,2024,2658,0,0,49,develop,assessor or aerials,0,0,0,0,1,2658
594147,1,2024,5604,1,0,49,develop,assessor or aerials,0,0,0,0,1,0
594149,1,2025,1528,1,0,49,develop,assessor or aerials,0,0,0,0,1,0
594151,2,2024,1347,1,0,49,develop,assessor or aerials,0,0,0,0,1,0
594155,1,2024,281,1,0,49,develop,assessor or aerials,0,0,0,0,1,0
594157,1,2024,2637,1,0,49,develop,assessor or aerials,0,0,0,0,1,0
594167,1,2024,2836,1,0,49,develop,assessor or aerials,0,0,0,0,1,0
594171,1,2025,2186,1,0,49,develop,assessor or aerials,0,0,0,0,1,0
594177,2,2024,1237,1,0,49,develop,assessor or aerials,0,0,0,0,1,0
594184,1,2025,526,1,0,49,develop,assessor or aerials,0,0,0,0,1,0
594185,1,2024,1443,1,0,49,develop,assessor or aerials,0,0,0,0,1,0
594187,1,2024,3492,1,0,49,develop,assessor or aerials,0,0,0,0,1,0
594190,1,2025,2317,1,0,49,develop,assessor or aerials,0,0,0,0,1,0
594195,2,2024,1935,1,0,49,develop,assessor or aerials,0,0,0,0,1,0
594199,2,2024,1452,1,0,49,develop,assessor or aerials,0,0,0,0,1,0
594203,1,2024,1428,1,0,49,develop,assessor or aerials,0,0,0,0,1,0
594216,1,2025,293,1,0,49,develop,assessor or aerials,0,0,0,0,1,0
594217,2,2025,1607,1,0,49,develop,assessor or aerials,0,0,0,0,1,0
594221,1,2024,2532,1,0,49,develop,assessor or aerials,0,0,0,0,1,0
594226,1,2025,4281,1,0,49,develop,assessor or aerials,0,0,0,0,1,0
594231,2,2024,1242,1,0,49,develop,assessor or aerials,0,0,0,0,1,0
594239,2,2025,1021,1,0,49,develop,assessor or aerials,0,0,0,0,1,0
594245,2,2025,333,1,0,49,develop,assessor or aerials,0,0,0,0,1,0
594246,2,2025,903,1,0,49,develop,assessor or aerials,0,0,0,0,1,0
595332,1,2025,9531,1,0,49,develop,assessor or aerials,0,0,0,0,1,0
602302,5,2026,907,0,0,49,develop,assessor or aerials,0,0,0,0,1,907
602519,1,2024,5938,1,0,49,develop,assessor or aerials,0,0,0,0,1,0
603444,1,2025,5877,1,0,49,develop,assessor or aerials,0,0,0,0,1,0
603964,1,2025,3471,1,0,49,develop,assessor or aerials,0,0,0,0,1,0
604539,1,2025,2615,1,0,49,develop,assessor or aerials,0,0,0,0,1,0
604554,1,2025,2615,1,0,49,develop,assessor or aerials,0,0,0,0,1,0
604612,6,2027,17000,0,0,49,develop,assessor or aerials,0,0,0,0,1,17000
604744,1,2025,3019,1,0,49,develop,assessor or aerials,0,0,0,0,1,0
605258,1,2025,2615,1,0,49,develop,assessor or aerials,0,0,0,0,1,0
605331,1,2025,2615,1,0,49,develop,assessor or aerials,0,0,0,0,1,0
605436,1,2025,2615,1,0,49,develop,assessor or aerials,0,0,0,0,1,0
605467,1,2025,2615,1,0,49,develop,assessor or aerials,0,0,0,0,1,0
605488,1,2025,2615,1,0,49,develop,assessor or aerials,0,0,0,0,1,0
605621,1,2025,2336,1,0,49,develop,assessor or aerials,0,0,0,0,1,0
605638,1,2025,3417,1,0,49,develop,assessor or aerials,0,0,0,0,1,0
605794,1,2025,2800,1,0,49,develop,assessor or aerials,0,0,0,0,1,0
605885,1,2025,3051,1,0,49,develop,assessor or aerials,0,0,0,0,1,0
606119,1,2025,2615,1,0,49,develop,assessor or aerials,0,0,0,0,1,0
606123,1,2025,2615,1,0,49,develop,assessor or aerials,0,0,0,0,1,0
606348,1,2025,2615,1,0,49,develop,assessor or aerials,0,0,0,0,1,0
606690,1,2024,6142,1,0,49,develop,assessor or aerials,0,0,0,0,1,0
606806,1,2025,2652,1,0,49,develop,assessor or aerials,0,0,0,0,1,0
606878,1,2025,2615,1,0,49,develop,assessor or aerials,0,0,0,0,1,0
607170,1,2025,3697,1,0,49,develop,assessor or aerials,0,0,0,0,1,0
607444,1,2025,6740,1,0,49,develop,assessor or aerials,0,0,0,0,1,0
608320,2,2026,1273,1,0,49,develop,assessor or aerials,0,0,0,0,1,0
608987,2,2026,1162,1,0,49,develop,assessor or aerials,0,0,0,0,1,0
609152,2,2026,1162,1,0,49,develop,assessor or aerials,0,0,0,0,1,0
609407,2,2026,1162,1,0,49,develop,assessor or aerials,0,0,0,0,1,0
609565,2,2026,1162,1,0,49,develop,assessor or aerials,0,0,0,0,1,0
610338,2,2026,1273,1,0,49,develop,assessor or aerials,0,0,0,0,1,0
610444,2,2026,1160,1,0,49,develop,assessor or aerials,0,0,0,0,1,0
610483,2,2026,1162,1,0,49,develop,assessor or aerials,0,0,0,0,1,0
610573,2,2026,1273,1,0,49,develop,assessor or aerials,0,0,0,0,1,0
610794,1,2025,7384,1,0,49,develop,assessor or aerials,0,0,0,0,1,0
610914,2,2026,1273,1,0,49,develop,assessor or aerials,0,0,0,0,1,0
611192,1,2025,1849,1,0,49,develop,assessor or aerials,0,0,0,0,1,0
611245,1,2025,3360,1,0,49,develop,assessor or aerials,0,0,0,0,1,0
611728,1,2025,3796,1,0,49,develop,assessor or aerials,0,0,0,0,1,0
614309,1,2024,10419,1,0,49,develop,assessor or aerials,0,0,0,0,1,0
614888,1,2025,1207,1,0,49,develop,assessor or aerials,0,0,0,0,1,0
614923,1,2024,10358,1,0,49,develop,assessor or aerials,0,0,0,0,1,0
615108,1,2025,5218,1,0,49,develop,assessor or aerials,0,0,0,0,1,0
615142,1,2025,23314,1,0,49,develop,assessor or aerials,0,0,0,0,1,0
615404,1,2025,7851,1,0,49,develop,assessor or aerials,0,0,0,0,1,0
615552,1,2025,5240,1,0,49,develop,assessor or aerials,0,0,0,0,1,0
615586,1,2025,14243,1,0,49,develop,assessor or aerials,0,0,0,0,1,0
615908,1,2025,4540,1,0,49,develop,assessor or aerials,0,0,0,0,1,0
616397,1,2025,4532,1,0,49,develop,assessor or aerials,0,0,0,0,1,0
616479,1,2025,4430,1,0,49,develop,assessor or aerials,0,0,0,0,1,0
616642,1,2025,1491,1,0,49,develop,assessor or aerials,0,0,0,0,1,0
616697,1,2025,4470,1,0,49,develop,assessor or aerials,0,0,0,0,1,0
616739,1,2025,3846,1,0,49,develop,assessor or aerials,0,0,0,0,1,0
616807,1,2025,4196,1,0,49,develop,assessor or aerials,0,0,0,0,1,0
616878,1,2025,7110,1,0,49,develop,assessor or aerials,0,0,0,0,1,0
617194,2,2024,1248,1,0,49,develop,assessor or aerials,0,0,0,0,1,0
617308,1,2025,4008,1,0,49,develop,assessor or aerials,0,0,0,0,1,0
617344,1,2025,14208,1,0,49,develop,assessor or aerials,0,0,0,0,1,0
617409,1,2025,14462,1,0,49,develop,assessor or aerials,0,0,0,0,1,0
617487,1,2025,14789,1,0,49,develop,assessor or aerials,0,0,0,0,1,0
617815,1,2025,5732,1,0,49,develop,assessor or aerials,0,0,0,0,1,0
617818,1,2024,1596,1,0,49,develop,assessor or aerials,0,0,0,0,1,0
617866,1,2024,5390,1,0,49,develop,assessor or aerials,0,0,0,0,1,0
617910,1,2025,23057,1,0,49,develop,assessor or aerials,0,0,0,0,1,0
617930,1,2025,5732,1,0,49,develop,assessor or aerials,0,0,0,0,1,0
617946,1,2025,5637,1,0,49,develop,assessor or aerials,0,0,0,0,1,0
618031,1,2025,5386,1,0,49,develop,assessor or aerials,0,0,0,0,1,0
618328,1,2024,2940,1,0,49,develop,assessor or aerials,0,0,0,0,1,0
618369,1,2025,2244,1,0,49,develop,assessor or aerials,0,0,0,0,1,0
618785,1,2024,6465,1,0,49,develop,assessor or aerials,0,0,0,0,1,0
618796,1,2024,1790,1,0,49,develop,assessor or aerials,0,0,0,0,1,0
618986,1,2025,5251,1,0,49,develop,assessor or aerials,0,0,0,0,1,0
618994,1,2024,2924,1,0,49,develop,assessor or aerials,0,0,0,0,1,0
619053,1,2025,2449,1,0,49,develop,assessor or aerials,0,0,0,0,1,0
619352,1,2025,3953,1,0,49,develop,assessor or aerials,0,0,0,0,1,0
619437,1,2024,8020,1,0,49,develop,assessor or aerials,0,0,0,0,1,0
619626,1,2025,4007,1,0,49,develop,assessor or aerials,0,0,0,0,1,0
619645,1,2024,4353,1,0,49,develop,assessor or aerials,0,0,0,0,1,0
619690,1,2025,3546,1,0,49,develop,assessor or aerials,0,0,0,0,1,0
619691,2,2024,1491,1,0,49,develop,assessor or aerials,0,0,0,0,1,0
619789,1,2025,10555,1,0,49,develop,assessor or aerials,0,0,0,0,1,0
620061,1,2025,4064,1,0,49,develop,assessor or aerials,0,0,0,0,1,0
620118,2,2024,444084,338,0,49,develop,assessor or aerials,0,0,0,0,1,0
620145,1,2025,3587,1,0,49,develop,assessor or aerials,0,0,0,0,1,0
620146,1,2025,2479,1,0,49,develop,assessor or aerials,0,0,0,0,1,0
620181,1,2025,4180,1,0,49,develop,assessor or aerials,0,0,0,0,1,0
620335,2,2024,36376,18,0,49,develop,assessor or aerials,0,0,0,0,1,0
620474,1,2025,36122,1,0,49,develop,assessor or aerials,0,0,0,0,1,0
620598,1,2025,2612,1,0,49,develop,assessor or aerials,0,0,0,0,1,0
620634,1,2025,4353,1,0,49,develop,assessor or aerials,0,0,0,0,1,0
620709,1,2025,2740,1,0,49,develop,assessor or aerials,0,0,0,0,1,0
620811,1,2025,2801,1,0,49,develop,assessor or aerials,0,0,0,0,1,0
620824,1,2025,7808,1,0,49,develop,assessor or aerials,0,0,0,0,1,0
620894,2,2024,19829,18,0,49,develop,assessor or aerials,0,0,0,0,1,0
620899,1,2024,770,1,0,49,develop,assessor or aerials,0,0,0,0,1,0
620935,1,2024,2607,1,0,49,develop,assessor or aerials,0,0,0,0,1,0
620998,1,2024,2612,1,0,49,develop,assessor or aerials,0,0,0,0,1,0
621175,1,2025,477,1,0,49,develop,assessor or aerials,0,0,0,0,1,0
621200,1,2025,408,1,0,49,develop,assessor or aerials,0,0,0,0,1,0
621221,1,2025,3587,1,0,49,develop,assessor or aerials,0,0,0,0,1,0
621227,1,2024,1582,1,0,49,develop,assessor or aerials,0,0,0,0,1,0
621260,1,2025,6637,1,0,49,develop,assessor or aerials,0,0,0,0,1,0
621262,1,2025,3583,1,0,49,develop,assessor or aerials,0,0,0,0,1,0
621266,1,2025,3935,1,0,49,develop,assessor or aerials,0,0,0,0,1,0
621294,2,2024,1194,1,0,49,develop,assessor or aerials,0,0,0,0,1,0
621315,1,2024,7537,1,0,49,develop,assessor or aerials,0,0,0,0,1,0
621319,2,2024,1433,1,0,49,develop,assessor or aerials,0,0,0,0,1,0
621320,1,2024,1888,1,0,49,develop,assessor or aerials,0,0,0,0,1,0
621355,1,2025,3866,1,0,49,develop,assessor or aerials,0,0,0,0,1,0
621389,1,2024,5336,1,0,49,develop,assessor or aerials,0,0,0,0,1,0
621416,2,2024,1932,1,0,49,develop,assessor or aerials,0,0,0,0,1,0
621422,2,2024,185069,82,0,49,develop,assessor or aerials,0,0,0,0,1,0
621429,1,2025,4881,1,0,49,develop,assessor or aerials,0,0,0,0,1,0
621456,2,2024,1545,1,0,49,develop,assessor or aerials,0,0,0,0,1,0
621457,1,2024,7547,1,0,49,develop,assessor or aerials,0,0,0,0,1,0
621479,1,2024,3743,1,0,49,develop,assessor or aerials,0,0,0,0,1,0
621519,2,2024,1788,1,0,49,develop,assessor or aerials,0,0,0,0,1,0
621521,1,2025,5054,1,0,49,develop,assessor or aerials,0,0,0,0,1,0
621550,2,2024,1545,1,0,49,develop,assessor or aerials,0,0,0,0,1,0
621561,2,2024,407378,330,0,49,develop,assessor or aerials,0,0,0,0,1,0
621582,1,2024,7559,1,0,49,develop,assessor or aerials,0,0,0,0,1,0
621594,1,2024,1793,1,0,49,develop,assessor or aerials,0,0,0,0,1,0
621599,1,2024,3946,1,0,49,develop,assessor or aerials,0,0,0,0,1,0
621617,1,2024,6294,1,0,49,develop,assessor or aerials,0,0,0,0,1,0
621625,1,2025,2157,1,0,49,develop,assessor or aerials,0,0,0,0,1,0
621644,1,2024,5692,1,0,49,develop,assessor or aerials,0,0,0,0,1,0
621656,1,2025,7366,1,0,49,develop,assessor or aerials,0,0,0,0,1,0
621660,1,2024,13554,1,0,49,develop,assessor or aerials,0,0,0,0,1,0
621668,1,2025,2383,1,0,49,develop,assessor or aerials,0,0,0,0,1,0
621670,1,2024,5158,1,0,49,develop,assessor or aerials,0,0,0,0,1,0
621757,1,2024,1793,1,0,49,develop,assessor or aerials,0,0,0,0,1,0
621807,1,2024,3039,1,0,49,develop,assessor or aerials,0,0,0,0,1,0
621839,2,2025,237088,182,0,49,develop,assessor or aerials,0,0,0,0,1,0
621882,1,2025,1859,1,0,49,develop,assessor or aerials,0,0,0,0,1,0
621886,1,2025,7544,1,0,49,develop,assessor or aerials,0,0,0,0,1,0
621912,1,2024,1508,1,0,49,develop,assessor or aerials,0,0,0,0,1,0
621939,1,2025,15212,1,0,49,develop,assessor or aerials,0,0,0,0,1,0
621945,1,2025,3927,1,0,49,develop,assessor or aerials,0,0,0,0,1,0
621958,1,2024,3629,1,0,49,develop,assessor or aerials,0,0,0,0,1,0
621967,2,2024,2030,1,0,49,develop,assessor or aerials,0,0,0,0,1,0
622002,1,2024,4381,1,0,49,develop,assessor or aerials,0,0,0,0,1,0
622013,1,2024,5172,1,0,49,develop,assessor or aerials,0,0,0,0,1,0
622091,1,2024,1582,1,0,49,develop,assessor or aerials,0,0,0,0,1,0
622099,1,2024,3360,1,0,49,develop,assessor or aerials,0,0,0,0,1,0
622103,2,2025,967,1,0,49,develop,assessor or aerials,0,0,0,0,1,0
622108,1,2025,2924,1,0,49,develop,assessor or aerials,0,0,0,0,1,0
622111,1,2025,5534,1,0,49,develop,assessor or aerials,0,0,0,0,1,0
622127,1,2025,4348,1,0,49,develop,assessor or aerials,0,0,0,0,1,0
622137,1,2025,20194,1,0,49,develop,assessor or aerials,0,0,0,0,1,0
622143,1,2025,624,1,0,49,develop,assessor or aerials,0,0,0,0,1,0
622172,2,2024,1553,1,0,49,develop,assessor or aerials,0,0,0,0,1,0
622173,1,2025,875,1,0,49,develop,assessor or aerials,0,0,0,0,1,0
622193,1,2024,2162,1,0,49,develop,assessor or aerials,0,0,0,0,1,0
622200,1,2025,4979,1,0,49,develop,assessor or aerials,0,0,0,0,1,0
622205,1,2025,3264,1,0,49,develop,assessor or aerials,0,0,0,0,1,0
622211,2,2024,1553,1,0,49,develop,assessor or aerials,0,0,0,0,1,0
622215,1,2025,3761,1,0,49,develop,assessor or aerials,0,0,0,0,1,0
622231,1,2024,4100,1,0,49,develop,assessor or aerials,0,0,0,0,1,0
622233,2,2024,1608,1,0,49,develop,assessor or aerials,0,0,0,0,1,0
622250,2,2024,1848,1,0,49,develop,assessor or aerials,0,0,0,0,1,0
622256,1,2024,2061,1,0,49,develop,assessor or aerials,0,0,0,0,1,0
622263,1,2025,1587,1,0,49,develop,assessor or aerials,0,0,0,0,1,0
622267,2,2024,1553,1,0,49,develop,assessor or aerials,0,0,0,0,1,0
622271,1,2024,2662,1,0,49,develop,assessor or aerials,0,0,0,0,1,0
622275,2,2024,1553,1,0,49,develop,assessor or aerials,0,0,0,0,1,0
622296,1,2025,6560,1,0,49,develop,assessor or aerials,0,0,0,0,1,0
622298,2,2024,2213,1,0,49,develop,assessor or aerials,0,0,0,0,1,0
622306,1,2024,5395,1,0,49,develop,assessor or aerials,0,0,0,0,1,0
622307,1,2024,2054,1,0,49,develop,assessor or aerials,0,0,0,0,1,0
622312,1,2024,3595,1,0,49,develop,assessor or aerials,0,0,0,0,1,0
622328,1,2025,1191,1,0,49,develop,assessor or aerials,0,0,0,0,1,0
622331,1,2024,3968,1,0,49,develop,assessor or aerials,0,0,0,0,1,0
622338,1,2025,2543,1,0,49,develop,assessor or aerials,0,0,0,0,1,0
622346,2,2025,2406,1,0,49,develop,assessor or aerials,0,0,0,0,1,0
622374,1,2025,4159,1,0,49,develop,assessor or aerials,0,0,0,0,1,0
622377,2,2024,1860,1,0,49,develop,assessor or aerials,0,0,0,0,1,0
622394,1,2025,5531,1,0,49,develop,assessor or aerials,0,0,0,0,1,0
622403,1,2024,3550,1,0,49,develop,assessor or aerials,0,0,0,0,1,0
622412,1,2025,2371,1,0,49,develop,assessor or aerials,0,0,0,0,1,0
622414,1,2024,2054,1,0,49,develop,assessor or aerials,0,0,0,0,1,0
622420,2,2024,1608,1,0,49,develop,assessor or aerials,0,0,0,0,1,0
622422,1,2025,4445,1,0,49,develop,assessor or aerials,0,0,0,0,1,0
622425,1,2024,1895,1,0,49,develop,assessor or aerials,0,0,0,0,1,0
622427,1,2025,1904,1,0,49,develop,assessor or aerials,0,0,0,0,1,0
622450,1,2025,5753,1,0,49,develop,assessor or aerials,0,0,0,0,1,0
622457,1,2024,5707,1,0,49,develop,assessor or aerials,0,0,0,0,1,0
622480,1,2025,3434,1,0,49,develop,assessor or aerials,0,0,0,0,1,0
622485,1,2025,1238,1,0,49,develop,assessor or aerials,0,0,0,0,1,0
622490,1,2025,5965,1,0,49,develop,assessor or aerials,0,0,0,0,1,0
622491,1,2024,15454,1,0,49,develop,assessor or aerials,0,0,0,0,1,0
622528,1,2025,5509,1,0,49,develop,assessor or aerials,0,0,0,0,1,0
622530,1,2025,820,1,0,49,develop,assessor or aerials,0,0,0,0,1,0
622534,1,2024,820,1,0,49,develop,assessor or aerials,0,0,0,0,1,0
622560,1,2025,11568,1,0,49,develop,assessor or aerials,0,0,0,0,1,0
622568,2,2025,2058,1,0,49,develop,assessor or aerials,0,0,0,0,1,0
622575,1,2024,16204,1,0,49,develop,assessor or aerials,0,0,0,0,1,0
622587,1,2025,820,1,0,49,develop,assessor or aerials,0,0,0,0,1,0
622589,1,2025,3094,1,0,49,develop,assessor or aerials,0,0,0,0,1,0
622590,1,2025,822,1,0,49,develop,assessor or aerials,0,0,0,0,1,0
622596,1,2024,819,1,0,49,develop,assessor or aerials,0,0,0,0,1,0
622599,1,2024,2458,1,0,49,develop,assessor or aerials,0,0,0,0,1,0
622634,1,2025,820,1,0,49,develop,assessor or aerials,0,0,0,0,1,0
622636,1,2025,3124,1,0,49,develop,assessor or aerials,0,0,0,0,1,0
622637,1,2024,25601,1,0,49,develop,assessor or aerials,0,0,0,0,1,0
622638,1,2025,5489,1,0,49,develop,assessor or aerials,0,0,0,0,1,0
622641,1,2025,3841,1,0,49,develop,assessor or aerials,0,0,0,0,1,0
622649,1,2025,332,1,0,49,develop,assessor or aerials,0,0,0,0,1,0
622653,1,2025,7174,1,0,49,develop,assessor or aerials,0,0,0,0,1,0
622660,1,2025,1933,1,0,49,develop,assessor or aerials,0,0,0,0,1,0
622675,2,2024,1099,1,0,49,develop,assessor or aerials,0,0,0,0,1,0
622690,2,2024,1099,1,0,49,develop,assessor or aerials,0,0,0,0,1,0
622712,1,2025,3208,1,0,49,develop,assessor or aerials,0,0,0,0,1,0
622717,1,2024,1895,1,0,49,develop,assessor or aerials,0,0,0,0,1,0
622742,1,2025,2496,1,0,49,develop,assessor or aerials,0,0,0,0,1,0
622757,1,2024,2915,1,0,49,develop,assessor or aerials,0,0,0,0,1,0
622769,1,2025,6148,1,0,49,develop,assessor or aerials,0,0,0,0,1,0
622793,1,2025,3151,1,0,49,develop,assessor or aerials,0,0,0,0,1,0
622809,2,2024,1608,1,0,49,develop,assessor or aerials,0,0,0,0,1,0
622833,1,2025,2517,1,0,49,develop,assessor or aerials,0,0,0,0,1,0
622843,1,2024,8944,1,0,49,develop,assessor or aerials,0,0,0,0,1,0
622850,2,2024,1846,1,0,49,develop,assessor or aerials,0,0,0,0,1,0
622852,1,2025,3095,1,0,49,develop,assessor or aerials,0,0,0,0,1,0
622855,2,2025,1714,1,0,49,develop,assessor or aerials,0,0,0,0,1,0
622868,2,2025,2086,1,0,49,develop,assessor or aerials,0,0,0,0,1,0
622876,1,2025,11739,1,0,49,develop,assessor or aerials,0,0,0,0,1,0
622880,2,2025,2066,1,0,49,develop,assessor or aerials,0,0,0,0,1,0
622882,1,2025,5788,1,0,49,develop,assessor or aerials,0,0,0,0,1,0
622899,4,2025,16714,0,0,49,develop,assessor or aerials,0,0,0,0,1,16714
622900,1,2025,3771,1,0,49,develop,assessor or aerials,0,0,0,0,1,0
622912,1,2025,2436,1,0,49,develop,assessor or aerials,0,0,0,0,1,0
622921,2,2025,2013,1,0,49,develop,assessor or aerials,0,0,0,0,1,0
622925,1,2024,3227,1,0,49,develop,assessor or aerials,0,0,0,0,1,0
622936,1,2025,4829,1,0,49,develop,assessor or aerials,0,0,0,0,1,0
622943,1,2024,1522,1,0,49,develop,assessor or aerials,0,0,0,0,1,0
622952,2,2025,1914,1,0,49,develop,assessor or aerials,0,0,0,0,1,0
622956,2,2024,1001,1,0,49,develop,assessor or aerials,0,0,0,0,1,0
622959,1,2024,1529,1,0,49,develop,assessor or aerials,0,0,0,0,1,0
622961,1,2025,12217,1,0,49,develop,assessor or aerials,0,0,0,0,1,0
622962,1,2024,1467,1,0,49,develop,assessor or aerials,0,0,0,0,1,0
622963,1,2024,3823,1,0,49,develop,assessor or aerials,0,0,0,0,1,0
622964,2,2026,2250,1,0,49,develop,assessor or aerials,0,0,0,0,1,0
622965,1,2025,2938,1,0,49,develop,assessor or aerials,0,0,0,0,1,0
622969,1,2024,2633,1,0,49,develop,assessor or aerials,0,0,0,0,1,0
622971,2,2024,772,1,0,49,develop,assessor or aerials,0,0,0,0,1,0
622974,1,2025,4884,1,0,49,develop,assessor or aerials,0,0,0,0,1,0
622978,1,2024,2163,1,0,49,develop,assessor or aerials,0,0,0,0,1,0
622979,1,2024,3798,1,0,49,develop,assessor or aerials,0,0,0,0,1,0
622981,2,2025,1473,1,0,49,develop,assessor or aerials,0,0,0,0,1,0
622984,1,2024,3236,1,0,49,develop,assessor or aerials,0,0,0,0,1,0
622987,2,2026,2209,1,0,49,develop,assessor or aerials,0,0,0,0,1,0
622992,1,2024,2291,1,0,49,develop,assessor or aerials,0,0,0,0,1,0
623003,2,2024,2357,1,0,49,develop,assessor or aerials,0,0,0,0,1,0
623021,1,2025,10653,1,0,49,develop,assessor or aerials,0,0,0,0,1,0
623029,1,2025,305,1,0,49,develop,assessor or aerials,0,0,0,0,1,0
623031,1,2025,2608,1,0,49,develop,assessor or aerials,0,0,0,0,1,0
623034,1,2024,2350,1,0,49,develop,assessor or aerials,0,0,0,0,1,0
623036,1,2025,1298,1,0,49,develop,assessor or aerials,0,0,0,0,1,0
623041,2,2025,1846,1,0,49,develop,assessor or aerials,0,0,0,0,1,0
623048,1,2024,5216,1,0,49,develop,assessor or aerials,0,0,0,0,1,0
623055,1,2024,2529,1,0,49,develop,assessor or aerials,0,0,0,0,1,0
623057,1,2024,4359,1,0,49,develop,assessor or aerials,0,0,0,0,1,0
623058,2,2025,1036,1,0,49,develop,assessor or aerials,0,0,0,0,1,0
623067,1,2025,4222,1,0,49,develop,assessor or aerials,0,0,0,0,1,0
623069,2,2025,1036,1,0,49,develop,assessor or aerials,0,0,0,0,1,0
623070,1,2024,4628,1,0,49,develop,assessor or aerials,0,0,0,0,1,0
623071,1,2024,2789,1,0,49,develop,assessor or aerials,0,0,0,0,1,0
623076,1,2024,1258,1,0,49,develop,assessor or aerials,0,0,0,0,1,0
623077,2,2025,2086,1,0,49,develop,assessor or aerials,0,0,0,0,1,0
623080,2,2025,1541,1,0,49,develop,assessor or aerials,0,0,0,0,1,0
623081,1,2025,1002,1,0,49,develop,assessor or aerials,0,0,0,0,1,0
623082,1,2024,3448,1,0,49,develop,assessor or aerials,0,0,0,0,1,0
623086,1,2024,3452,1,0,49,develop,assessor or aerials,0,0,0,0,1,0
623090,1,2025,4299,1,0,49,develop,assessor or aerials,0,0,0,0,1,0
623091,1,2025,3452,1,0,49,develop,assessor or aerials,0,0,0,0,1,0
623102,1,2024,3424,1,0,49,develop,assessor or aerials,0,0,0,0,1,0
623108,1,2025,837,1,0,49,develop,assessor or aerials,0,0,0,0,1,0
623116,1,2024,1766,1,0,49,develop,assessor or aerials,0,0,0,0,1,0
623117,1,2025,3534,1,0,49,develop,assessor or aerials,0,0,0,0,1,0
623125,1,2025,3691,1,0,49,develop,assessor or aerials,0,0,0,0,1,0
623157,1,2025,12213,1,0,49,develop,assessor or aerials,0,0,0,0,1,0
623158,1,2024,4266,1,0,49,develop,assessor or aerials,0,0,0,0,1,0
623160,1,2025,2338,1,0,49,develop,assessor or aerials,0,0,0,0,1,0
623165,1,2024,1459,1,0,49,develop,assessor or aerials,0,0,0,0,1,0
623172,1,2025,2167,1,0,49,develop,assessor or aerials,0,0,0,0,1,0
623176,5,2024,1129,0,0,49,develop,assessor or aerials,0,0,0,0,1,1129
623177,2,2025,1036,1,0,49,develop,assessor or aerials,0,0,0,0,1,0
623181,1,2025,2967,1,0,49,develop,assessor or aerials,0,0,0,0,1,0
623199,1,2024,3127,1,0,49,develop,assessor or aerials,0,0,0,0,1,0
623202,1,2025,7333,1,0,49,develop,assessor or aerials,0,0,0,0,1,0
623205,1,2025,305,1,0,49,develop,assessor or aerials,0,0,0,0,1,0
623210,1,2025,1365,1,0,49,develop,assessor or aerials,0,0,0,0,1,0
623215,1,2024,820,1,0,49,develop,assessor or aerials,0,0,0,0,1,0
623219,2,2024,1348,1,0,49,develop,assessor or aerials,0,0,0,0,1,0
623220,1,2024,3840,1,0,49,develop,assessor or aerials,0,0,0,0,1,0
623223,2,2024,1062,1,0,49,develop,assessor or aerials,0,0,0,0,1,0
623227,2,2024,1405,1,0,49,develop,assessor or aerials,0,0,0,0,1,0
623228,1,2025,7104,1,0,49,develop,assessor or aerials,0,0,0,0,1,0
623230,2,2025,1194,1,0,49,develop,assessor or aerials,0,0,0,0,1,0
623234,1,2025,1928,1,0,49,develop,assessor or aerials,0,0,0,0,1,0
623237,2,2024,1860,1,0,49,develop,assessor or aerials,0,0,0,0,1,0
623244,2,2024,2233,1,0,49,develop,assessor or aerials,0,0,0,0,1,0
623245,1,2025,2095,1,0,49,develop,assessor or aerials,0,0,0,0,1,0
623251,1,2025,1796,1,0,49,develop,assessor or aerials,0,0,0,0,1,0
623254,1,2025,4575,1,0,49,develop,assessor or aerials,0,0,0,0,1,0
623258,1,2025,2562,1,0,49,develop,assessor or aerials,0,0,0,0,1,0
623261,1,2025,3221,1,0,49,develop,assessor or aerials,0,0,0,0,1,0
623265,1,2025,4641,1,0,49,develop,assessor or aerials,0,0,0,0,1,0
623271,1,2024,1481,1,0,49,develop,assessor or aerials,0,0,0,0,1,0
623279,1,2024,4796,1,0,49,develop,assessor or aerials,0,0,0,0,1,0
623285,1,2025,2322,1,0,49,develop,assessor or aerials,0,0,0,0,1,0
623293,2,2024,1874,1,0,49,develop,assessor or aerials,0,0,0,0,1,0
623303,2,2024,1323,1,0,49,develop,assessor or aerials,0,0,0,0,1,0
623307,1,2025,875,1,0,49,develop,assessor or aerials,0,0,0,0,1,0
623314,1,2024,5203,1,0,49,develop,assessor or aerials,0,0,0,0,1,0
623319,2,2025,1846,1,0,49,develop,assessor or aerials,0,0,0,0,1,0
623331,1,2024,3243,1,0,49,develop,assessor or aerials,0,0,0,0,1,0
623335,2,2025,1491,1,0,49,develop,assessor or aerials,0,0,0,0,1,0
623344,1,2024,3885,1,0,49,develop,assessor or aerials,0,0,0,0,1,0
623345,2,2025,1866,1,0,49,develop,assessor or aerials,0,0,0,0,1,0
623346,1,2024,2188,1,0,49,develop,assessor or aerials,0,0,0,0,1,0
623350,2,2024,1848,1,0,49,develop,assessor or aerials,0,0,0,0,1,0
623362,1,2024,305,1,0,49,develop,assessor or aerials,0,0,0,0,1,0
623365,2,2025,2209,1,0,49,develop,assessor or aerials,0,0,0,0,1,0
623371,1,2025,8224,1,0,49,develop,assessor or aerials,0,0,0,0,1,0
623375,2,2025,933,1,0,49,develop,assessor or aerials,0,0,0,0,1,0
623379,1,2025,2316,1,0,49,develop,assessor or aerials,0,0,0,0,1,0
623381,2,2025,1328,1,0,49,develop,assessor or aerials,0,0,0,0,1,0
623388,1,2024,3890,1,0,49,develop,assessor or aerials,0,0,0,0,1,0
623392,1,2024,1176,1,0,49,develop,assessor or aerials,0,0,0,0,1,0
623394,1,2024,2079,1,0,49,develop,assessor or aerials,0,0,0,0,1,0
623395,1,2025,3382,1,0,49,develop,assessor or aerials,0,0,0,0,1,0
623399,1,2024,3758,1,0,49,develop,assessor or aerials,0,0,0,0,1,0
623406,1,2025,1579,1,0,49,develop,assessor or aerials,0,0,0,0,1,0
623409,1,2024,2277,1,0,49,develop,assessor or aerials,0,0,0,0,1,0
623426,1,2025,3509,1,0,49,develop,assessor or aerials,0,0,0,0,1,0
623429,1,2024,2151,1,0,49,develop,assessor or aerials,0,0,0,0,1,0
623431,2,2024,2277,1,0,49,develop,assessor or aerials,0,0,0,0,1,0
623439,1,2024,1873,1,0,49,develop,assessor or aerials,0,0,0,0,1,0
623444,2,2025,1015,1,0,49,develop,assessor or aerials,0,0,0,0,1,0
623449,1,2024,2779,1,0,49,develop,assessor or aerials,0,0,0,0,1,0
623458,1,2025,2638,1,0,49,develop,assessor or aerials,0,0,0,0,1,0
623463,2,2025,1101,1,0,49,develop,assessor or aerials,0,0,0,0,1,0
623467,1,2024,1180,1,0,49,develop,assessor or aerials,0,0,0,0,1,0
623471,1,2024,3159,1,0,49,develop,assessor or aerials,0,0,0,0,1,0
623474,1,2024,2718,1,0,49,develop,assessor or aerials,0,0,0,0,1,0
623478,1,2024,630,1,0,49,develop,assessor or aerials,0,0,0,0,1,0
623481,1,2025,12217,1,0,49,develop,assessor or aerials,0,0,0,0,1,0
623483,1,2025,6011,1,0,49,develop,assessor or aerials,0,0,0,0,1,0
623486,2,2025,1031,1,0,49,develop,assessor or aerials,0,0,0,0,1,0
623487,2,2024,2233,1,0,49,develop,assessor or aerials,0,0,0,0,1,0
623491,1,2024,7732,1,0,49,develop,assessor or aerials,0,0,0,0,1,0
623500,1,2024,5666,1,0,49,develop,assessor or aerials,0,0,0,0,1,0
623507,1,2024,4001,1,0,49,develop,assessor or aerials,0,0,0,0,1,0
623508,1,2025,969,1,0,49,develop,assessor or aerials,0,0,0,0,1,0
623512,1,2025,2399,1,0,49,develop,assessor or aerials,0,0,0,0,1,0
623515,1,2025,3715,1,0,49,develop,assessor or aerials,0,0,0,0,1,0
623521,1,2024,3461,1,0,49,develop,assessor or aerials,0,0,0,0,1,0
623523,1,2024,2316,1,0,49,develop,assessor or aerials,0,0,0,0,1,0
623525,1,2025,10138,1,0,49,develop,assessor or aerials,0,0,0,0,1,0
623535,1,2025,3164,1,0,49,develop,assessor or aerials,0,0,0,0,1,0
623537,1,2024,4001,1,0,49,develop,assessor or aerials,0,0,0,0,1,0
623539,1,2024,4135,1,0,49,develop,assessor or aerials,0,0,0,0,1,0
623541,1,2025,11451,1,0,49,develop,assessor or aerials,0,0,0,0,1,0
623542,1,2024,3127,1,0,49,develop,assessor or aerials,0,0,0,0,1,0
623543,2,2024,2278,1,0,49,develop,assessor or aerials,0,0,0,0,1,0
623544,5,2024,3101,0,0,49,develop,assessor or aerials,0,0,0,0,1,3101
623548,1,2025,12524,1,0,49,develop,assessor or aerials,0,0,0,0,1,0
623558,1,2025,2794,1,0,49,develop,assessor or aerials,0,0,0,0,1,0
623568,1,2025,1884,1,0,49,develop,assessor or aerials,0,0,0,0,1,0
623575,1,2024,1943,1,0,49,develop,assessor or aerials,0,0,0,0,1,0
623577,1,2025,1002,1,0,49,develop,assessor or aerials,0,0,0,0,1,0
623585,2,2024,1608,1,0,49,develop,assessor or aerials,0,0,0,0,1,0
623587,1,2024,3516,1,0,49,develop,assessor or aerials,0,0,0,0,1,0
623589,1,2025,3496,1,0,49,develop,assessor or aerials,0,0,0,0,1,0
623592,1,2025,3044,1,0,49,develop,assessor or aerials,0,0,0,0,1,0
623595,1,2024,3180,1,0,49,develop,assessor or aerials,0,0,0,0,1,0
623599,1,2026,1148,1,0,49,develop,assessor or aerials,0,0,0,0,1,0
623600,1,2024,1176,1,0,49,develop,assessor or aerials,0,0,0,0,1,0
623601,1,2025,2651,1,0,49,develop,assessor or aerials,0,0,0,0,1,0
623606,5,2024,1722,0,0,49,develop,assessor or aerials,0,0,0,0,1,1722
623614,2,2024,1405,1,0,49,develop,assessor or aerials,0,0,0,0,1,0
623616,1,2025,12207,1,0,49,develop,assessor or aerials,0,0,0,0,1,0
623622,1,2025,2551,1,0,49,develop,assessor or aerials,0,0,0,0,1,0
623631,1,2025,22117,1,0,49,develop,assessor or aerials,0,0,0,0,1,0
623634,1,2025,2109,1,0,49,develop,assessor or aerials,0,0,0,0,1,0
623635,1,2025,1446,1,0,49,develop,assessor or aerials,0,0,0,0,1,0
623638,1,2024,2284,1,0,49,develop,assessor or aerials,0,0,0,0,1,0
623639,1,2024,2021,1,0,49,develop,assessor or aerials,0,0,0,0,1,0
623642,1,2024,1630,1,0,49,develop,assessor or aerials,0,0,0,0,1,0
623650,1,2025,3627,1,0,49,develop,assessor or aerials,0,0,0,0,1,0
623656,2,2025,1756,1,0,49,develop,assessor or aerials,0,0,0,0,1,0
623666,2,2024,2193,1,0,49,develop,assessor or aerials,0,0,0,0,1,0
623668,2,2024,1846,1,0,49,develop,assessor or aerials,0,0,0,0,1,0
623670,1,2025,2658,1,0,49,develop,assessor or aerials,0,0,0,0,1,0
623671,1,2025,1263,1,0,49,develop,assessor or aerials,0,0,0,0,1,0
623672,2,2025,1101,1,0,49,develop,assessor or aerials,0,0,0,0,1,0
623675,2,2025,1592,1,0,49,develop,assessor or aerials,0,0,0,0,1,0
623680,2,2024,2213,1,0,49,develop,assessor or aerials,0,0,0,0,1,0
623694,2,2025,4327,1,0,49,develop,assessor or aerials,0,0,0,0,1,0
623696,1,2024,2859,1,0,49,develop,assessor or aerials,0,0,0,0,1,0
623699,1,2024,2275,1,0,49,develop,assessor or aerials,0,0,0,0,1,0
623700,2,2024,1874,1,0,49,develop,assessor or aerials,0,0,0,0,1,0
623702,1,2025,3795,1,0,49,develop,assessor or aerials,0,0,0,0,1,0
623713,2,2025,1101,1,0,49,develop,assessor or aerials,0,0,0,0,1,0
623715,1,2025,3208,1,0,49,develop,assessor or aerials,0,0,0,0,1,0
623717,1,2024,1712,1,0,49,develop,assessor or aerials,0,0,0,0,1,0
623720,1,2024,1148,1,0,49,develop,assessor or aerials,0,0,0,0,1,0
623731,2,2025,2043,1,0,49,develop,assessor or aerials,0,0,0,0,1,0
623733,1,2025,3914,1,0,49,develop,assessor or aerials,0,0,0,0,1,0
623734,1,2025,1684,1,0,49,develop,assessor or aerials,0,0,0,0,1,0
623750,1,2025,3664,1,0,49,develop,assessor or aerials,0,0,0,0,1,0
623753,2,2024,1874,1,0,49,develop,assessor or aerials,0,0,0,0,1,0
623754,1,2025,6763,1,0,49,develop,assessor or aerials,0,0,0,0,1,0
623756,1,2024,2591,1,0,49,develop,assessor or aerials,0,0,0,0,1,0
623759,1,2024,3243,1,0,49,develop,assessor or aerials,0,0,0,0,1,0
623761,1,2025,1858,1,0,49,develop,assessor or aerials,0,0,0,0,1,0
623764,1,2025,4380,1,0,49,develop,assessor or aerials,0,0,0,0,1,0
623766,1,2024,2085,1,0,49,develop,assessor or aerials,0,0,0,0,1,0
623777,1,2024,1731,1,0,49,develop,assessor or aerials,0,0,0,0,1,0
623778,1,2024,14862,1,0,49,develop,assessor or aerials,0,0,0,0,1,0
623780,1,2024,2138,1,0,49,develop,assessor or aerials,0,0,0,0,1,0
623796,2,2024,1520,1,0,49,develop,assessor or aerials,0,0,0,0,1,0
623798,2,2025,4281,1,0,49,develop,assessor or aerials,0,0,0,0,1,0
623801,2,2025,970,1,0,49,develop,assessor or aerials,0,0,0,0,1,0
623803,1,2024,1260,1,0,49,develop,assessor or aerials,0,0,0,0,1,0
623804,2,2024,1957,1,0,49,develop,assessor or aerials,0,0,0,0,1,0
623805,1,2025,10416,1,0,49,develop,assessor or aerials,0,0,0,0,1,0
623808,2,2024,1443,1,0,49,develop,assessor or aerials,0,0,0,0,1,0
623809,2,2025,4951,1,0,49,develop,assessor or aerials,0,0,0,0,1,0
623811,1,2025,2204,1,0,49,develop,assessor or aerials,0,0,0,0,1,0
623813,1,2025,1528,1,0,49,develop,assessor or aerials,0,0,0,0,1,0
623815,1,2025,1528,1,0,49,develop,assessor or aerials,0,0,0,0,1,0
623818,1,2025,29990,1,0,49,develop,assessor or aerials,0,0,0,0,1,0
623824,2,2025,1607,1,0,49,develop,assessor or aerials,0,0,0,0,1,0
623828,1,2025,3274,1,0,49,develop,assessor or aerials,0,0,0,0,1,0
623836,1,2024,1940,1,0,49,develop,assessor or aerials,0,0,0,0,1,0
623843,1,2024,3452,1,0,49,develop,assessor or aerials,0,0,0,0,1,0
623847,1,2025,526,1,0,49,develop,assessor or aerials,0,0,0,0,1,0
623848,2,2024,1808,1,0,49,develop,assessor or aerials,0,0,0,0,1,0
623852,2,2024,2420,1,0,49,develop,assessor or aerials,0,0,0,0,1,0
623854,1,2024,2499,1,0,49,develop,assessor or aerials,0,0,0,0,1,0
623856,2,2024,2210,1,0,49,develop,assessor or aerials,0,0,0,0,1,0
623858,1,2025,2076,1,0,49,develop,assessor or aerials,0,0,0,0,1,0
623859,1,2025,4973,1,0,49,develop,assessor or aerials,0,0,0,0,1,0
623860,1,2024,1260,1,0,49,develop,assessor or aerials,0,0,0,0,1,0
623861,1,2025,5368,1,0,49,develop,assessor or aerials,0,0,0,0,1,0
623865,1,2024,12799,0,0,49,develop,assessor or aerials,0,0,0,0,1,0
623867,1,2024,2416,1,0,49,develop,assessor or aerials,0,0,0,0,1,0
623868,1,2025,4972,1,0,49,develop,assessor or aerials,0,0,0,0,1,0
623870,1,2024,4029,1,0,49,develop,assessor or aerials,0,0,0,0,1,0
623876,1,2025,4319,1,0,49,develop,assessor or aerials,0,0,0,0,1,0
623878,2,2024,2296,1,0,49,develop,assessor or aerials,0,0,0,0,1,0
623879,1,2024,3075,1,0,49,develop,assessor or aerials,0,0,0,0,1,0
623883,1,2024,3673,1,0,49,develop,assessor or aerials,0,0,0,0,1,0
623887,2,2024,2210,1,0,49,develop,assessor or aerials,0,0,0,0,1,0
623889,1,2025,3771,1,0,49,develop,assessor or aerials,0,0,0,0,1,0
623890,2,2024,2339,1,0,49,develop,assessor or aerials,0,0,0,0,1,0
623892,1,2025,96,1,0,49,develop,assessor or aerials,0,0,0,0,1,0
623893,1,2024,1926,1,0,49,develop,assessor or aerials,0,0,0,0,1,0
623896,1,2024,1528,1,0,49,develop,assessor or aerials,0,0,0,0,1,0
623899,1,2024,1814,1,0,49,develop,assessor or aerials,0,0,0,0,1,0
623904,1,2024,3736,1,0,49,develop,assessor or aerials,0,0,0,0,1,0
623907,1,2025,1709,1,0,49,develop,assessor or aerials,0,0,0,0,1,0
623911,1,2024,2426,1,0,49,develop,assessor or aerials,0,0,0,0,1,0
623912,1,2025,96,1,0,49,develop,assessor or aerials,0,0,0,0,1,0
623915,1,2024,1480,1,0,49,develop,assessor or aerials,0,0,0,0,1,0
623919,1,2025,2113,1,0,49,develop,assessor or aerials,0,0,0,0,1,0
623920,2,2024,2274,1,0,49,develop,assessor or aerials,0,0,0,0,1,0
623921,1,2024,2376,1,0,49,develop,assessor or aerials,0,0,0,0,1,0
623922,1,2024,6239,1,0,49,develop,assessor or aerials,0,0,0,0,1,0
623924,1,2024,2613,1,0,49,develop,assessor or aerials,0,0,0,0,1,0
623926,1,2024,4104,1,0,49,develop,assessor or aerials,0,0,0,0,1,0
623929,2,2024,1366,1,0,49,develop,assessor or aerials,0,0,0,0,1,0
623931,2,2024,1817,1,0,49,develop,assessor or aerials,0,0,0,0,1,0
623939,1,2025,2554,1,0,49,develop,assessor or aerials,0,0,0,0,1,0
623940,1,2025,2177,1,0,49,develop,assessor or aerials,0,0,0,0,1,0
623941,2,2025,1374,1,0,49,develop,assessor or aerials,0,0,0,0,1,0
623943,1,2024,2757,1,0,49,develop,assessor or aerials,0,0,0,0,1,0
623944,1,2025,4171,1,0,49,develop,assessor or aerials,0,0,0,0,1,0
623946,4,2024,2100,0,0,49,develop,assessor or aerials,0,0,0,0,1,2100
623952,2,2024,1233,1,0,49,develop,assessor or aerials,0,0,0,0,1,0
623953,1,2024,4573,1,0,49,develop,assessor or aerials,0,0,0,0,1,0
623956,1,2025,9551,1,0,49,develop,assessor or aerials,0,0,0,0,1,0
623957,1,2025,4540,1,0,49,develop,assessor or aerials,0,0,0,0,1,0
623961,1,2024,2405,1,0,49,develop,assessor or aerials,0,0,0,0,1,0
623964,2,2024,1842,1,0,49,develop,assessor or aerials,0,0,0,0,1,0
623970,2,2024,1443,1,0,49,develop,assessor or aerials,0,0,0,0,1,0
623973,2,2024,2412,1,0,49,develop,assessor or aerials,0,0,0,0,1,0
623974,2,2024,970,1,0,49,develop,assessor or aerials,0,0,0,0,1,0
623976,1,2024,10013,1,0,49,develop,assessor or aerials,0,0,0,0,1,0
623978,2,2025,970,1,0,49,develop,assessor or aerials,0,0,0,0,1,0
623980,2,2024,2412,1,0,49,develop,assessor or aerials,0,0,0,0,1,0
623981,1,2025,4572,1,0,49,develop,assessor or aerials,0,0,0,0,1,0
623983,2,2024,1233,1,0,49,develop,assessor or aerials,0,0,0,0,1,0
623987,1,2024,1542,1,0,49,develop,assessor or aerials,0,0,0,0,1,0
623988,1,2024,3075,1,0,49,develop,assessor or aerials,0,0,0,0,1,0
623991,2,2024,765,1,0,49,develop,assessor or aerials,0,0,0,0,1,0
623994,1,2024,6585,1,0,49,develop,assessor or aerials,0,0,0,0,1,0
623995,1,2025,2174,1,0,49,develop,assessor or aerials,0,0,0,0,1,0
623999,1,2024,2275,1,0,49,develop,assessor or aerials,0,0,0,0,1,0
624001,1,2025,2228,1,0,49,develop,assessor or aerials,0,0,0,0,1,0
624007,1,2025,5491,1,0,49,develop,assessor or aerials,0,0,0,0,1,0
624010,2,2025,1092,1,0,49,develop,assessor or aerials,0,0,0,0,1,0
624014,1,2025,2829,1,0,49,develop,assessor or aerials,0,0,0,0,1,0
624016,1,2024,4270,1,0,49,develop,assessor or aerials,0,0,0,0,1,0
624019,2,2024,2113,1,0,49,develop,assessor or aerials,0,0,0,0,1,0
624021,1,2025,3741,1,0,49,develop,assessor or aerials,0,0,0,0,1,0
624022,2,2024,2339,1,0,49,develop,assessor or aerials,0,0,0,0,1,0
624026,1,2025,1612,1,0,49,develop,assessor or aerials,0,0,0,0,1,0
624037,1,2024,2275,1,0,49,develop,assessor or aerials,0,0,0,0,1,0
624040,1,2025,7737,1,0,49,develop,assessor or aerials,0,0,0,0,1,0
624042,1,2024,1651,1,0,49,develop,assessor or aerials,0,0,0,0,1,0
624044,2,2024,1561,1,0,49,develop,assessor or aerials,0,0,0,0,1,0
624046,2,2025,1607,1,0,49,develop,assessor or aerials,0,0,0,0,1,0
624049,1,2024,7687,1,0,49,develop,assessor or aerials,0,0,0,0,1,0
624052,1,2025,1409,1,0,49,develop,assessor or aerials,0,0,0,0,1,0
624055,1,2025,3264,1,0,49,develop,assessor or aerials,0,0,0,0,1,0
624059,2,2024,1133,1,0,49,develop,assessor or aerials,0,0,0,0,1,0
624061,2,2025,1561,1,0,49,develop,assessor or aerials,0,0,0,0,1,0
624065,1,2024,103175,1,0,49,develop,assessor or aerials,0,0,0,0,1,0
624066,1,2025,976,1,0,49,develop,assessor or aerials,0,0,0,0,1,0
624068,1,2024,3676,1,0,49,develop,assessor or aerials,0,0,0,0,1,0
624072,1,2025,1480,1,0,49,develop,assessor or aerials,0,0,0,0,1,0
624076,1,2024,3646,1,0,49,develop,assessor or aerials,0,0,0,0,1,0
624077,2,2024,768,1,0,49,develop,assessor or aerials,0,0,0,0,1,0
624078,2,2025,1945,1,0,49,develop,assessor or aerials,0,0,0,0,1,0
624080,1,2024,1586,1,0,49,develop,assessor or aerials,0,0,0,0,1,0
624082,2,2024,1443,1,0,49,develop,assessor or aerials,0,0,0,0,1,0
624083,1,2024,2976,1,0,49,develop,assessor or aerials,0,0,0,0,1,0
624084,2,2024,1913,1,0,49,develop,assessor or aerials,0,0,0,0,1,0
624085,1,2024,3132,1,0,49,develop,assessor or aerials,0,0,0,0,1,0
624088,1,2024,4344,1,0,49,develop,assessor or aerials,0,0,0,0,1,0
624095,1,2024,3234,1,0,49,develop,assessor or aerials,0,0,0,0,1,0
624097,1,2025,3139,1,0,49,develop,assessor or aerials,0,0,0,0,1,0
624102,2,2025,333,1,0,49,develop,assessor or aerials,0,0,0,0,1,0
624103,2,2024,1416,1,0,49,develop,assessor or aerials,0,0,0,0,1,0
624105,2,2024,2420,1,0,49,develop,assessor or aerials,0,0,0,0,1,0
624109,1,2025,5264,1,0,49,develop,assessor or aerials,0,0,0,0,1,0
624110,1,2025,4573,1,0,49,develop,assessor or aerials,0,0,0,0,1,0
624111,2,2024,2296,1,0,49,develop,assessor or aerials,0,0,0,0,1,0
624112,1,2024,1260,1,0,49,develop,assessor or aerials,0,0,0,0,1,0
624115,2,2024,2345,1,0,49,develop,assessor or aerials,0,0,0,0,1,0
624116,2,2025,333,1,0,49,develop,assessor or aerials,0,0,0,0,1,0
624118,1,2024,3480,1,0,49,develop,assessor or aerials,0,0,0,0,1,0
624119,2,2024,2339,1,0,49,develop,assessor or aerials,0,0,0,0,1,0
624120,1,2025,2767,1,0,49,develop,assessor or aerials,0,0,0,0,1,0
624122,1,2025,96,1,0,49,develop,assessor or aerials,0,0,0,0,1,0
624123,1,2025,3939,1,0,49,develop,assessor or aerials,0,0,0,0,1,0
624127,2,2025,919,1,0,49,develop,assessor or aerials,0,0,0,0,1,0
624128,1,2025,5554,1,0,49,develop,assessor or aerials,0,0,0,0,1,0
624129,2,2025,1561,1,0,49,develop,assessor or aerials,0,0,0,0,1,0
624131,1,2024,5430,1,0,49,develop,assessor or aerials,0,0,0,0,1,0
624133,1,2025,526,1,0,49,develop,assessor or aerials,0,0,0,0,1,0
624136,1,2024,1260,1,0,49,develop,assessor or aerials,0,0,0,0,1,0
624137,2,2025,1237,1,0,49,develop,assessor or aerials,0,0,0,0,1,0
624140,1,2024,2934,1,0,49,develop,assessor or aerials,0,0,0,0,1,0
624141,2,2024,2412,1,0,49,develop,assessor or aerials,0,0,0,0,1,0
624143,2,2024,970,1,0,49,develop,assessor or aerials,0,0,0,0,1,0
624146,1,2024,1260,1,0,49,develop,assessor or aerials,0,0,0,0,1,0
624150,2,2024,1443,1,0,49,develop,assessor or aerials,0,0,0,0,1,0
624152,1,2025,99,1,0,49,develop,assessor or aerials,0,0,0,0,1,0
624153,1,2025,96,1,0,49,develop,assessor or aerials,0,0,0,0,1,0
624155,1,2025,526,1,0,49,develop,assessor or aerials,0,0,0,0,1,0
624156,1,2024,2958,1,0,49,develop,assessor or aerials,0,0,0,0,1,0
624166,2,2025,813,1,0,49,develop,assessor or aerials,0,0,0,0,1,0
624169,1,2024,8653,1,0,49,develop,assessor or aerials,0,0,0,0,1,0
624170,1,2024,3736,1,0,49,develop,assessor or aerials,0,0,0,0,1,0
624174,2,2025,970,1,0,49,develop,assessor or aerials,0,0,0,0,1,0
624177,1,2025,977,1,0,49,develop,assessor or aerials,0,0,0,0,1,0
624185,2,2024,1233,1,0,49,develop,assessor or aerials,0,0,0,0,1,0
624186,2,2024,2207,1,0,49,develop,assessor or aerials,0,0,0,0,1,0
624192,2,2025,333,1,0,49,develop,assessor or aerials,0,0,0,0,1,0
624194,2,2025,970,1,0,49,develop,assessor or aerials,0,0,0,0,1,0
624197,2,2024,1651,1,0,49,develop,assessor or aerials,0,0,0,0,1,0
624200,1,2025,526,1,0,49,develop,assessor or aerials,0,0,0,0,1,0
624204,2,2024,1341,1,0,49,develop,assessor or aerials,0,0,0,0,1,0
624206,2,2024,1083,1,0,49,develop,assessor or aerials,0,0,0,0,1,0
624208,1,2025,6600,1,0,49,develop,assessor or aerials,0,0,0,0,1,0
624209,1,2025,3163,1,0,49,develop,assessor or aerials,0,0,0,0,1,0
624211,1,2025,3047,1,0,49,develop,assessor or aerials,0,0,0,0,1,0
624212,2,2025,970,1,0,49,develop,assessor or aerials,0,0,0,0,1,0
624220,2,2025,1084,1,0,49,develop,assessor or aerials,0,0,0,0,1,0
624221,1,2025,2615,1,0,49,develop,assessor or aerials,0,0,0,0,1,0
624231,2,2024,2372,1,0,49,develop,assessor or aerials,0,0,0,0,1,0
624234,2,2025,3130,1,0,49,develop,assessor or aerials,0,0,0,0,1,0
624237,2,2025,1783,1,0,49,develop,assessor or aerials,0,0,0,0,1,0
624240,2,2024,1443,1,0,49,develop,assessor or aerials,0,0,0,0,1,0
624242,2,2025,2664,1,0,49,develop,assessor or aerials,0,0,0,0,1,0
624245,2,2024,1237,1,0,49,develop,assessor or aerials,0,0,0,0,1,0
624248,2,2024,1341,1,0,49,develop,assessor or aerials,0,0,0,0,1,0
624254,1,2024,3611,1,0,49,develop,assessor or aerials,0,0,0,0,1,0
624256,2,2024,2207,1,0,49,develop,assessor or aerials,0,0,0,0,1,0
624257,1,2025,837,1,0,49,develop,assessor or aerials,0,0,0,0,1,0
624259,1,2025,99,1,0,49,develop,assessor or aerials,0,0,0,0,1,0
624261,2,2024,1635,1,0,49,develop,assessor or aerials,0,0,0,0,1,0
624262,2,2024,1808,1,0,49,develop,assessor or aerials,0,0,0,0,1,0
624264,1,2025,2345,1,0,49,develop,assessor or aerials,0,0,0,0,1,0
624267,2,2024,1792,1,0,49,develop,assessor or aerials,0,0,0,0,1,0
624269,2,2024,1233,1,0,49,develop,assessor or aerials,0,0,0,0,1,0
624273,1,2025,2690,1,0,49,develop,assessor or aerials,0,0,0,0,1,0
624278,2,2025,485,1,0,49,develop,assessor or aerials,0,0,0,0,1,0
624279,1,2025,2141,1,0,49,develop,assessor or aerials,0,0,0,0,1,0
624281,1,2025,3182,1,0,49,develop,assessor or aerials,0,0,0,0,1,0
624283,1,2024,1443,1,0,49,develop,assessor or aerials,0,0,0,0,1,0
624288,1,2024,2199,1,0,49,develop,assessor or aerials,0,0,0,0,1,0
624292,2,2024,1233,1,0,49,develop,assessor or aerials,0,0,0,0,1,0
624294,2,2024,2339,1,0,49,develop,assessor or aerials,0,0,0,0,1,0
624296,1,2024,282,1,0,49,develop,assessor or aerials,0,0,0,0,1,0
624297,5,2026,990,0,0,49,develop,assessor or aerials,0,0,0,0,1,990
624298,2,2024,970,1,0,49,develop,assessor or aerials,0,0,0,0,1,0
624303,2,2025,347,1,0,49,develop,assessor or aerials,0,0,0,0,1,0
624304,1,2025,99,1,0,49,develop,assessor or aerials,0,0,0,0,1,0
624305,2,2025,333,1,0,49,develop,assessor or aerials,0,0,0,0,1,0
624306,4,2024,1958,0,0,49,develop,assessor or aerials,0,0,0,0,1,1958
624310,2,2025,1945,1,0,49,develop,assessor or aerials,0,0,0,0,1,0
624311,1,2024,99,1,0,49,develop,assessor or aerials,0,0,0,0,1,0
624313,2,2025,333,1,0,49,develop,assessor or aerials,0,0,0,0,1,0
624317,1,2024,6776,1,0,49,develop,assessor or aerials,0,0,0,0,1,0
624318,2,2024,2207,1,0,49,develop,assessor or aerials,0,0,0,0,1,0
624325,1,2025,2636,1,0,49,develop,assessor or aerials,0,0,0,0,1,0
624328,2,2024,1318,1,0,49,develop,assessor or aerials,0,0,0,0,1,0
624329,2,2024,1561,1,0,49,develop,assessor or aerials,0,0,0,0,1,0
624338,1,2025,4157,1,0,49,develop,assessor or aerials,0,0,0,0,1,0
624340,1,2024,1756,1,0,49,develop,assessor or aerials,0,0,0,0,1,0
624341,1,2025,3844,1,0,49,develop,assessor or aerials,0,0,0,0,1,0
624343,2,2025,2941,1,0,49,develop,assessor or aerials,0,0,0,0,1,0
624344,2,2024,1962,1,0,49,develop,assessor or aerials,0,0,0,0,1,0
624345,1,2025,3047,1,0,49,develop,assessor or aerials,0,0,0,0,1,0
624346,2,2024,1962,1,0,49,develop,assessor or aerials,0,0,0,0,1,0
624347,1,2025,4571,1,0,49,develop,assessor or aerials,0,0,0,0,1,0
624348,1,2024,3142,1,0,49,develop,assessor or aerials,0,0,0,0,1,0
624356,2,2025,372,1,0,49,develop,assessor or aerials,0,0,0,0,1,0
624357,2,2025,1084,1,0,49,develop,assessor or aerials,0,0,0,0,1,0
624360,1,2025,1154,1,0,49,develop,assessor or aerials,0,0,0,0,1,0
624368,2,2025,357,1,0,49,develop,assessor or aerials,0,0,0,0,1,0
624369,2,2025,919,1,0,49,develop,assessor or aerials,0,0,0,0,1,0
624375,1,2025,7929,1,0,49,develop,assessor or aerials,0,0,0,0,1,0
624376,1,2024,1708,1,0,49,develop,assessor or aerials,0,0,0,0,1,0
624382,2,2024,970,1,0,49,develop,assessor or aerials,0,0,0,0,1,0
624385,1,2024,1579,1,0,49,develop,assessor or aerials,0,0,0,0,1,0
624387,1,2024,2275,1,0,49,develop,assessor or aerials,0,0,0,0,1,0
624388,1,2025,10690,1,0,49,develop,assessor or aerials,0,0,0,0,1,0
624391,1,2025,1746,1,0,49,develop,assessor or aerials,0,0,0,0,1,0
624393,1,2025,99,1,0,49,develop,assessor or aerials,0,0,0,0,1,0
624397,1,2025,2353,1,0,49,develop,assessor or aerials,0,0,0,0,1,0
624400,2,2025,1237,1,0,49,develop,assessor or aerials,0,0,0,0,1,0
624402,2,2024,2207,1,0,49,develop,assessor or aerials,0,0,0,0,1,0
624403,1,2025,846,1,0,49,develop,assessor or aerials,0,0,0,0,1,0
624405,2,2025,1607,1,0,49,develop,assessor or aerials,0,0,0,0,1,0
624406,3,2025,17363,0,0,49,develop,assessor or aerials,0,0,0,0,1,17363
624416,1,2024,2783,1,0,49,develop,assessor or aerials,0,0,0,0,1,0
624719,1,2024,3127,1,0,49,develop,assessor or aerials,0,0,0,0,1,0
624825,1,2025,1723,1,0,49,develop,assessor or aerials,0,0,0,0,1,0
624831,1,2024,3009,1,0,49,develop,assessor or aerials,0,0,0,0,1,0
624944,1,2025,1723,1,0,49,develop,assessor or aerials,0,0,0,0,1,0
625057,1,2024,2686,1,0,49,develop,assessor or aerials,0,0,0,0,1,0
625100,1,2025,2082,1,0,49,develop,assessor or aerials,0,0,0,0,1,0
625285,1,2024,2848,1,0,49,develop,assessor or aerials,0,0,0,0,1,0
625288,1,2025,2174,1,0,49,develop,assessor or aerials,0,0,0,0,1,0
625534,1,2025,2494,1,0,49,develop,assessor or aerials,0,0,0,0,1,0
625927,1,2025,1816,1,0,49,develop,assessor or aerials,0,0,0,0,1,0
625935,1,2024,3952,1,0,49,develop,assessor or aerials,0,0,0,0,1,0
627238,1,2025,5043,1,0,49,develop,assessor or aerials,0,0,0,0,1,0
627844,1,2024,2538,1,0,49,develop,assessor or aerials,0,0,0,0,1,0
627907,1,2025,5239,1,0,49,develop,assessor or aerials,0,0,0,0,1,0
629058,1,2024,14159,1,0,49,develop,assessor or aerials,0,0,0,0,1,0
629789,1,2025,7181,1,0,49,develop,assessor or aerials,0,0,0,0,1,0
631137,1,2025,7888,1,0,49,develop,assessor or aerials,0,0,0,0,1,0
631558,1,2025,5049,1,0,49,develop,assessor or aerials,0,0,0,0,1,0
633521,1,2024,3704,1,0,49,develop,assessor or aerials,0,0,0,0,1,0
633590,1,2025,3681,1,0,49,develop,assessor or aerials,0,0,0,0,1,0
633837,1,2025,3014,1,0,49,develop,assessor or aerials,0,0,0,0,1,0
633871,1,2025,2448,1,0,49,develop,assessor or aerials,0,0,0,0,1,0
634520,1,2025,2615,1,0,49,develop,assessor or aerials,0,0,0,0,1,0
634533,1,2025,2802,1,0,49,develop,assessor or aerials,0,0,0,0,1,0
634692,1,2025,2352,1,0,49,develop,assessor or aerials,0,0,0,0,1,0
634699,1,2025,3508,1,0,49,develop,assessor or aerials,0,0,0,0,1,0
634775,1,2025,2989,1,0,49,develop,assessor or aerials,0,0,0,0,1,0
634896,1,2025,2615,1,0,49,develop,assessor or aerials,0,0,0,0,1,0
634912,1,2025,3259,1,0,49,develop,assessor or aerials,0,0,0,0,1,0
634961,1,2025,2989,1,0,49,develop,assessor or aerials,0,0,0,0,1,0
634968,1,2025,2989,1,0,49,develop,assessor or aerials,0,0,0,0,1,0
635026,1,2025,3501,1,0,49,develop,assessor or aerials,0,0,0,0,1,0
635219,1,2025,2615,1,0,49,develop,assessor or aerials,0,0,0,0,1,0
635394,1,2024,2809,1,0,49,develop,assessor or aerials,0,0,0,0,1,0
635446,1,2025,3014,1,0,49,develop,assessor or aerials,0,0,0,0,1,0
635454,1,2025,2802,1,0,49,develop,assessor or aerials,0,0,0,0,1,0
635534,1,2025,2802,1,0,49,develop,assessor or aerials,0,0,0,0,1,0
635712,1,2025,2989,1,0,49,develop,assessor or aerials,0,0,0,0,1,0
635724,1,2025,2615,1,0,49,develop,assessor or aerials,0,0,0,0,1,0
635763,1,2025,2802,1,0,49,develop,assessor or aerials,0,0,0,0,1,0
635811,1,2025,4431,1,0,49,develop,assessor or aerials,0,0,0,0,1,0
635862,1,2025,3237,1,0,49,develop,assessor or aerials,0,0,0,0,1,0
636007,1,2025,2615,1,0,49,develop,assessor or aerials,0,0,0,0,1,0
636172,1,2025,3341,1,0,49,develop,assessor or aerials,0,0,0,0,1,0
636286,1,2025,3099,1,0,49,develop,assessor or aerials,0,0,0,0,1,0
636315,1,2025,3606,1,0,49,develop,assessor or aerials,0,0,0,0,1,0
636540,1,2025,2615,1,0,49,develop,assessor or aerials,0,0,0,0,1,0
636633,1,2025,2615,1,0,49,develop,assessor or aerials,0,0,0,0,1,0
636652,1,2025,3018,1,0,49,develop,assessor or aerials,0,0,0,0,1,0
636880,1,2025,2615,1,0,49,develop,assessor or aerials,0,0,0,0,1,0
637150,1,2025,2802,1,0,49,develop,assessor or aerials,0,0,0,0,1,0
637235,1,2025,2802,1,0,49,develop,assessor or aerials,0,0,0,0,1,0
637266,1,2025,1889,1,0,49,develop,assessor or aerials,0,0,0,0,1,0
637552,1,2025,2615,1,0,49,develop,assessor or aerials,0,0,0,0,1,0
638260,1,2025,2645,1,0,49,develop,assessor or aerials,0,0,0,0,1,0
639009,1,2024,3673,1,0,49,develop,assessor or aerials,0,0,0,0,1,0
639262,2,2026,1162,1,0,49,develop,assessor or aerials,0,0,0,0,1,0
639380,1,2026,1150,1,0,49,develop,assessor or aerials,0,0,0,0,1,0
639993,2,2026,1160,1,0,49,develop,assessor or aerials,0,0,0,0,1,0
640397,2,2026,1162,1,0,49,develop,assessor or aerials,0,0,0,0,1,0
640533,2,2026,1273,1,0,49,develop,assessor or aerials,0,0,0,0,1,0
640661,2,2026,1273,1,0,49,develop,assessor or aerials,0,0,0,0,1,0
640718,2,2026,1273,1,0,49,develop,assessor or aerials,0,0,0,0,1,0
640910,2,2026,1162,1,0,49,develop,assessor or aerials,0,0,0,0,1,0
641015,2,2026,1273,1,0,49,develop,assessor or aerials,0,0,0,0,1,0
641081,2,2026,1162,1,0,49,develop,assessor or aerials,0,0,0,0,1,0
641763,2,2026,1273,1,0,49,develop,assessor or aerials,0,0,0,0,1,0
642456,2,2026,1162,1,0,49,develop,assessor or aerials,0,0,0,0,1,0
645172,1,2025,5297,1,0,49,develop,assessor or aerials,0,0,0,0,1,0
645278,1,2025,1547,1,0,49,develop,assessor or aerials,0,0,0,0,1,0
645373,1,2024,8023,1,0,49,develop,assessor or aerials,0,0,0,0,1,0
645518,1,2025,5338,1,0,49,develop,assessor or aerials,0,0,0,0,1,0
645546,1,2025,5405,1,0,49,develop,assessor or aerials,0,0,0,0,1,0
646573,1,2025,7072,1,0,49,develop,assessor or aerials,0,0,0,0,1,0
646920,1,2024,5787,1,0,49,develop,assessor or aerials,0,0,0,0,1,0
647250,1,2025,1207,1,0,49,develop,assessor or aerials,0,0,0,0,1,0
647522,1,2024,4580,1,0,49,develop,assessor or aerials,0,0,0,0,1,0
647722,1,2025,19121,1,0,49,develop,assessor or aerials,0,0,0,0,1,0
647966,1,2024,3841,1,0,49,develop,assessor or aerials,0,0,0,0,1,0
648484,1,2024,7462,1,0,49,develop,assessor or aerials,0,0,0,0,1,0
649121,1,2025,5606,1,0,49,develop,assessor or aerials,0,0,0,0,1,0
649510,1,2025,4213,1,0,49,develop,assessor or aerials,0,0,0,0,1,0
649534,1,2025,13076,1,0,49,develop,assessor or aerials,0,0,0,0,1,0
649555,1,2025,4891,1,0,49,develop,assessor or aerials,0,0,0,0,1,0
649561,5,2026,2290,0,0,49,develop,assessor or aerials,0,0,0,0,1,2290
649647,1,2024,2901,1,0,49,develop,assessor or aerials,0,0,0,0,1,0
649675,1,2024,2929,1,0,49,develop,assessor or aerials,0,0,0,0,1,0
649691,1,2025,22240,1,0,49,develop,assessor or aerials,0,0,0,0,1,0
649738,1,2025,4166,1,0,49,develop,assessor or aerials,0,0,0,0,1,0
649748,1,2025,1272,1,0,49,develop,assessor or aerials,0,0,0,0,1,0
649767,2,2024,1516,1,0,49,develop,assessor or aerials,0,0,0,0,1,0
649923,1,2024,4648,1,0,49,develop,assessor or aerials,0,0,0,0,1,0
649958,1,2025,10547,1,0,49,develop,assessor or aerials,0,0,0,0,1,0
649968,1,2025,6577,1,0,49,develop,assessor or aerials,0,0,0,0,1,0
650035,1,2025,4363,1,0,49,develop,assessor or aerials,0,0,0,0,1,0
650067,5,2026,3867,0,0,49,develop,assessor or aerials,0,0,0,0,1,3867
650096,1,2025,2641,1,0,49,develop,assessor or aerials,0,0,0,0,1,0
650139,1,2025,4583,1,0,49,develop,assessor or aerials,0,0,0,0,1,0
650370,2,2024,1504,1,0,49,develop,assessor or aerials,0,0,0,0,1,0
650405,1,2024,3745,1,0,49,develop,assessor or aerials,0,0,0,0,1,0
650544,1,2025,700,1,0,49,develop,assessor or aerials,0,0,0,0,1,0
650621,1,2024,5935,1,0,49,develop,assessor or aerials,0,0,0,0,1,0
650642,1,2025,2864,1,0,49,develop,assessor or aerials,0,0,0,0,1,0
650916,1,2025,4322,1,0,49,develop,assessor or aerials,0,0,0,0,1,0
651030,2,2024,1504,1,0,49,develop,assessor or aerials,0,0,0,0,1,0
651125,1,2024,3557,1,0,49,develop,assessor or aerials,0,0,0,0,1,0
651342,1,2024,5435,1,0,49,develop,assessor or aerials,0,0,0,0,1,0
651357,1,2025,4186,1,0,49,develop,assessor or aerials,0,0,0,0,1,0
651380,1,2024,5333,1,0,49,develop,assessor or aerials,0,0,0,0,1,0
651381,1,2024,4862,1,0,49,develop,assessor or aerials,0,0,0,0,1,0
651403,1,2025,1852,1,0,49,develop,assessor or aerials,0,0,0,0,1,0
651423,1,2025,2152,1,0,49,develop,assessor or aerials,0,0,0,0,1,0
651426,2,2025,1302,1,0,49,develop,assessor or aerials,0,0,0,0,1,0
651437,1,2024,3854,1,0,49,develop,assessor or aerials,0,0,0,0,1,0
651499,1,2025,4881,1,0,49,develop,assessor or aerials,0,0,0,0,1,0
651551,1,2025,7823,1,0,49,develop,assessor or aerials,0,0,0,0,1,0
651558,1,2025,4352,1,0,49,develop,assessor or aerials,0,0,0,0,1,0
651578,1,2025,4367,1,0,49,develop,assessor or aerials,0,0,0,0,1,0
651600,5,2024,486000,0,0,49,develop,assessor or aerials,0,0,0,0,1,486000
651613,2,2025,1302,1,0,49,develop,assessor or aerials,0,0,0,0,1,0
651643,1,2024,3261,1,0,49,develop,assessor or aerials,0,0,0,0,1,0
651664,1,2025,8313,1,0,49,develop,assessor or aerials,0,0,0,0,1,0
651679,1,2024,1508,1,0,49,develop,assessor or aerials,0,0,0,0,1,0
651689,1,2025,4148,1,0,49,develop,assessor or aerials,0,0,0,0,1,0
651794,1,2024,1623,1,0,49,develop,assessor or aerials,0,0,0,0,1,0
651795,1,2024,5838,1,0,49,develop,assessor or aerials,0,0,0,0,1,0
651816,1,2024,1930,1,0,49,develop,assessor or aerials,0,0,0,0,1,0
651822,1,2025,4844,1,0,49,develop,assessor or aerials,0,0,0,0,1,0
651870,1,2025,3441,1,0,49,develop,assessor or aerials,0,0,0,0,1,0
651895,1,2025,2620,1,0,49,develop,assessor or aerials,0,0,0,0,1,0
651905,1,2025,7898,1,0,49,develop,assessor or aerials,0,0,0,0,1,0
651919,1,2024,754,1,0,49,develop,assessor or aerials,0,0,0,0,1,0
651963,5,2024,46740,0,0,49,develop,assessor or aerials,0,0,0,0,1,46740
651993,1,2024,4049,1,0,49,develop,assessor or aerials,0,0,0,0,1,0
651996,1,2025,3427,1,0,49,develop,assessor or aerials,0,0,0,0,1,0
652028,1,2024,8041,1,0,49,develop,assessor or aerials,0,0,0,0,1,0
652029,1,2025,3695,1,0,49,develop,assessor or aerials,0,0,0,0,1,0
652044,1,2024,5209,1,0,49,develop,assessor or aerials,0,0,0,0,1,0
652099,1,2025,3762,1,0,49,develop,assessor or aerials,0,0,0,0,1,0
652109,1,2025,4866,1,0,49,develop,assessor or aerials,0,0,0,0,1,0
652115,1,2024,1793,1,0,49,develop,assessor or aerials,0,0,0,0,1,0
652192,1,2024,3266,1,0,49,develop,assessor or aerials,0,0,0,0,1,0
652193,1,2025,4745,1,0,49,develop,assessor or aerials,0,0,0,0,1,0
652261,1,2024,673,1,0,49,develop,assessor or aerials,0,0,0,0,1,0
652270,1,2025,4144,1,0,49,develop,assessor or aerials,0,0,0,0,1,0
652271,1,2024,1122,1,0,49,develop,assessor or aerials,0,0,0,0,1,0
652273,1,2025,4593,1,0,49,develop,assessor or aerials,0,0,0,0,1,0
652277,1,2024,2119,1,0,49,develop,assessor or aerials,0,0,0,0,1,0
652281,2,2024,1608,1,0,49,develop,assessor or aerials,0,0,0,0,1,0
652288,2,2024,1848,1,0,49,develop,assessor or aerials,0,0,0,0,1,0
652293,1,2024,19225,1,0,49,develop,assessor or aerials,0,0,0,0,1,0
652294,1,2025,2438,1,0,49,develop,assessor or aerials,0,0,0,0,1,0
652295,1,2024,3651,1,0,49,develop,assessor or aerials,0,0,0,0,1,0
652305,2,2024,1553,1,0,49,develop,assessor or aerials,0,0,0,0,1,0
652307,1,2024,5487,1,0,49,develop,assessor or aerials,0,0,0,0,1,0
652316,1,2024,4375,1,0,49,develop,assessor or aerials,0,0,0,0,1,0
652320,2,2025,2058,1,0,49,develop,assessor or aerials,0,0,0,0,1,0
652321,2,2024,1101,1,0,49,develop,assessor or aerials,0,0,0,0,1,0
652334,1,2024,4040,1,0,49,develop,assessor or aerials,0,0,0,0,1,0
652357,1,2024,9842,1,0,49,develop,assessor or aerials,0,0,0,0,1,0
652358,1,2025,2077,1,0,49,develop,assessor or aerials,0,0,0,0,1,0
652360,1,2025,3091,1,0,49,develop,assessor or aerials,0,0,0,0,1,0
652367,2,2024,1092,1,0,49,develop,assessor or aerials,0,0,0,0,1,0
652370,1,2025,1434,1,0,49,develop,assessor or aerials,0,0,0,0,1,0
652376,2,2024,1545,1,0,49,develop,assessor or aerials,0,0,0,0,1,0
652378,2,2024,2551,1,0,49,develop,assessor or aerials,0,0,0,0,1,0
652387,1,2024,1122,1,0,49,develop,assessor or aerials,0,0,0,0,1,0
652416,1,2025,8056,1,0,49,develop,assessor or aerials,0,0,0,0,1,0
652457,1,2025,9970,1,0,49,develop,assessor or aerials,0,0,0,0,1,0
652465,2,2024,1608,1,0,49,develop,assessor or aerials,0,0,0,0,1,0
652485,1,2025,3445,1,0,49,develop,assessor or aerials,0,0,0,0,1,0
652498,1,2024,4690,1,0,49,develop,assessor or aerials,0,0,0,0,1,0
652506,2,2024,925,1,0,49,develop,assessor or aerials,0,0,0,0,1,0
652523,2,2024,1545,1,0,49,develop,assessor or aerials,0,0,0,0,1,0
652546,1,2024,3624,1,0,49,develop,assessor or aerials,0,0,0,0,1,0
652547,1,2025,2803,1,0,49,develop,assessor or aerials,0,0,0,0,1,0
652560,2,2024,1545,1,0,49,develop,assessor or aerials,0,0,0,0,1,0
652567,1,2025,6344,1,0,49,develop,assessor or aerials,0,0,0,0,1,0
652578,1,2024,3960,1,0,49,develop,assessor or aerials,0,0,0,0,1,0
652580,1,2024,3350,1,0,49,develop,assessor or aerials,0,0,0,0,1,0
652583,2,2024,1848,1,0,49,develop,assessor or aerials,0,0,0,0,1,0
652608,1,2024,3933,1,0,49,develop,assessor or aerials,0,0,0,0,1,0
652613,2,2024,1545,1,0,49,develop,assessor or aerials,0,0,0,0,1,0
652627,1,2025,1486,1,0,49,develop,assessor or aerials,0,0,0,0,1,0
652630,1,2024,2739,1,0,49,develop,assessor or aerials,0,0,0,0,1,0
652655,2,2025,966,1,0,49,develop,assessor or aerials,0,0,0,0,1,0
652656,1,2024,4157,1,0,49,develop,assessor or aerials,0,0,0,0,1,0
652657,1,2025,1904,1,0,49,develop,assessor or aerials,0,0,0,0,1,0
652671,1,2025,2678,1,0,49,develop,assessor or aerials,0,0,0,0,1,0
652674,1,2025,8051,1,0,49,develop,assessor or aerials,0,0,0,0,1,0
652698,2,2025,1294,1,0,49,develop,assessor or aerials,0,0,0,0,1,0
652702,2,2024,1608,1,0,49,develop,assessor or aerials,0,0,0,0,1,0
652708,1,2024,4838,1,0,49,develop,assessor or aerials,0,0,0,0,1,0
652711,2,2024,1545,1,0,49,develop,assessor or aerials,0,0,0,0,1,0
652719,2,2024,925,1,0,49,develop,assessor or aerials,0,0,0,0,1,0
652733,1,2024,6027,1,0,49,develop,assessor or aerials,0,0,0,0,1,0
652752,2,2025,1294,1,0,49,develop,assessor or aerials,0,0,0,0,1,0
652763,1,2024,1848,1,0,49,develop,assessor or aerials,0,0,0,0,1,0
652765,3,2024,74240,0,0,49,develop,assessor or aerials,0,0,0,0,1,74240
652804,2,2024,1553,1,0,49,develop,assessor or aerials,0,0,0,0,1,0
652811,1,2024,2152,1,0,49,develop,assessor or aerials,0,0,0,0,1,0
652824,1,2025,5050,1,0,49,develop,assessor or aerials,0,0,0,0,1,0
652825,1,2024,3194,1,0,49,develop,assessor or aerials,0,0,0,0,1,0
652835,1,2025,8517,1,0,49,develop,assessor or aerials,0,0,0,0,1,0
652837,2,2025,1302,1,0,49,develop,assessor or aerials,0,0,0,0,1,0
652840,1,2024,2271,1,0,49,develop,assessor or aerials,0,0,0,0,1,0
652843,1,2025,3415,1,0,49,develop,assessor or aerials,0,0,0,0,1,0
652859,1,2025,4352,1,0,49,develop,assessor or aerials,0,0,0,0,1,0
652876,1,2025,6569,1,0,49,develop,assessor or aerials,0,0,0,0,1,0
652888,1,2025,15503,1,0,49,develop,assessor or aerials,0,0,0,0,1,0
652896,1,2025,2592,1,0,49,develop,assessor or aerials,0,0,0,0,1,0
652897,6,2024,261531,0,0,49,develop,assessor or aerials,0,0,0,0,1,261531
652903,1,2025,2154,1,0,49,develop,assessor or aerials,0,0,0,0,1,0
652907,1,2024,89004,1,0,49,develop,assessor or aerials,0,0,0,0,1,0
652909,1,2024,4526,1,0,49,develop,assessor or aerials,0,0,0,0,1,0
652912,1,2025,2414,1,0,49,develop,assessor or aerials,0,0,0,0,1,0
652918,1,2024,3227,1,0,49,develop,assessor or aerials,0,0,0,0,1,0
652927,2,2025,2066,1,0,49,develop,assessor or aerials,0,0,0,0,1,0
652946,1,2024,2065,1,0,49,develop,assessor or aerials,0,0,0,0,1,0
652949,2,2024,1881,1,0,49,develop,assessor or aerials,0,0,0,0,1,0
652951,1,2024,5488,1,0,49,develop,assessor or aerials,0,0,0,0,1,0
652988,1,2024,2181,1,0,49,develop,assessor or aerials,0,0,0,0,1,0
653022,1,2024,4288,1,0,49,develop,assessor or aerials,0,0,0,0,1,0
653055,1,2024,4973,1,0,49,develop,assessor or aerials,0,0,0,0,1,0
653069,1,2024,6138,1,0,49,develop,assessor or aerials,0,0,0,0,1,0
653083,2,2024,1553,1,0,49,develop,assessor or aerials,0,0,0,0,1,0
653091,1,2024,15804,1,0,49,develop,assessor or aerials,0,0,0,0,1,0
653094,2,2024,1553,1,0,49,develop,assessor or aerials,0,0,0,0,1,0
653107,1,2024,4872,1,0,49,develop,assessor or aerials,0,0,0,0,1,0
653113,1,2025,4750,1,0,49,develop,assessor or aerials,0,0,0,0,1,0
653122,1,2025,4277,1,0,49,develop,assessor or aerials,0,0,0,0,1,0
653124,1,2025,4678,1,0,49,develop,assessor or aerials,0,0,0,0,1,0
653144,1,2025,2460,1,0,49,develop,assessor or aerials,0,0,0,0,1,0
653145,1,2025,2802,1,0,49,develop,assessor or aerials,0,0,0,0,1,0
653162,2,2024,2328,1,0,49,develop,assessor or aerials,0,0,0,0,1,0
653166,2,2024,2910,1,0,49,develop,assessor or aerials,0,0,0,0,1,0
653176,2,2024,1848,1,0,49,develop,assessor or aerials,0,0,0,0,1,0
653186,1,2025,2342,1,0,49,develop,assessor or aerials,0,0,0,0,1,0
653189,1,2024,3430,1,0,49,develop,assessor or aerials,0,0,0,0,1,0
653191,1,2025,3623,1,0,49,develop,assessor or aerials,0,0,0,0,1,0
653193,1,2025,3201,1,0,49,develop,assessor or aerials,0,0,0,0,1,0
653194,2,2025,1036,1,0,49,develop,assessor or aerials,0,0,0,0,1,0
653198,1,2025,1263,1,0,49,develop,assessor or aerials,0,0,0,0,1,0
653214,1,2024,1176,1,0,49,develop,assessor or aerials,0,0,0,0,1,0
653217,1,2024,4504,1,0,49,develop,assessor or aerials,0,0,0,0,1,0
653221,1,2024,2385,1,0,49,develop,assessor or aerials,0,0,0,0,1,0
653230,1,2024,18,1,0,49,develop,assessor or aerials,0,0,0,0,1,0
653234,1,2025,4083,1,0,49,develop,assessor or aerials,0,0,0,0,1,0
653235,1,2025,1639,1,0,49,develop,assessor or aerials,0,0,0,0,1,0
653245,1,2024,630,1,0,49,develop,assessor or aerials,0,0,0,0,1,0
653250,2,2024,2328,1,0,49,develop,assessor or aerials,0,0,0,0,1,0
653255,1,2025,1912,1,0,49,develop,assessor or aerials,0,0,0,0,1,0
653258,2,2024,1500,1,0,49,develop,assessor or aerials,0,0,0,0,1,0
653260,1,2025,1463,1,0,49,develop,assessor or aerials,0,0,0,0,1,0
653262,1,2024,1874,1,0,49,develop,assessor or aerials,0,0,0,0,1,0
653263,1,2025,2561,1,0,49,develop,assessor or aerials,0,0,0,0,1,0
653269,1,2025,3268,1,0,49,develop,assessor or aerials,0,0,0,0,1,0
653277,1,2025,2010,1,0,49,develop,assessor or aerials,0,0,0,0,1,0
653279,2,2025,1092,1,0,49,develop,assessor or aerials,0,0,0,0,1,0
653281,1,2025,1385,1,0,49,develop,assessor or aerials,0,0,0,0,1,0
653282,1,2025,3680,1,0,49,develop,assessor or aerials,0,0,0,0,1,0
653287,2,2024,1084,1,0,49,develop,assessor or aerials,0,0,0,0,1,0
653290,1,2025,4029,1,0,49,develop,assessor or aerials,0,0,0,0,1,0
653292,1,2025,2665,1,0,49,develop,assessor or aerials,0,0,0,0,1,0
653296,1,2024,3770,1,0,49,develop,assessor or aerials,0,0,0,0,1,0
653297,1,2024,3228,1,0,49,develop,assessor or aerials,0,0,0,0,1,0
653300,1,2025,2391,1,0,49,develop,assessor or aerials,0,0,0,0,1,0
653304,1,2025,5490,1,0,49,develop,assessor or aerials,0,0,0,0,1,0
653306,2,2024,1294,1,0,49,develop,assessor or aerials,0,0,0,0,1,0
653311,2,2025,1473,1,0,49,develop,assessor or aerials,0,0,0,0,1,0
653315,1,2024,6419,1,0,49,develop,assessor or aerials,0,0,0,0,1,0
653321,1,2024,3890,1,0,49,develop,assessor or aerials,0,0,0,0,1,0
653325,1,2025,1296,1,0,49,develop,assessor or aerials,0,0,0,0,1,0
653329,1,2025,3497,1,0,49,develop,assessor or aerials,0,0,0,0,1,0
653330,2,2025,1846,1,0,49,develop,assessor or aerials,0,0,0,0,1,0
653343,2,2024,1334,1,0,49,develop,assessor or aerials,0,0,0,0,1,0
653359,1,2025,1030,1,0,49,develop,assessor or aerials,0,0,0,0,1,0
653361,1,2024,2389,1,0,49,develop,assessor or aerials,0,0,0,0,1,0
653366,1,2025,2515,1,0,49,develop,assessor or aerials,0,0,0,0,1,0
653369,2,2024,2408,1,0,49,develop,assessor or aerials,0,0,0,0,1,0
653372,1,2025,12217,1,0,49,develop,assessor or aerials,0,0,0,0,1,0
653377,2,2025,3505,1,0,49,develop,assessor or aerials,0,0,0,0,1,0
653384,1,2025,7334,1,0,49,develop,assessor or aerials,0,0,0,0,1,0
653392,1,2024,58921,1,0,49,develop,assessor or aerials,0,0,0,0,1,0
653403,2,2025,1295,1,0,49,develop,assessor or aerials,0,0,0,0,1,0
653409,1,2024,1148,1,0,49,develop,assessor or aerials,0,0,0,0,1,0
653418,1,2025,1063,1,0,49,develop,assessor or aerials,0,0,0,0,1,0
653427,1,2025,1958,1,0,49,develop,assessor or aerials,0,0,0,0,1,0
653433,1,2025,1970,1,0,49,develop,assessor or aerials,0,0,0,0,1,0
653446,1,2025,861,1,0,49,develop,assessor or aerials,0,0,0,0,1,0
653452,2,2025,1473,1,0,49,develop,assessor or aerials,0,0,0,0,1,0
653454,1,2025,2849,1,0,49,develop,assessor or aerials,0,0,0,0,1,0
653462,1,2025,3304,1,0,49,develop,assessor or aerials,0,0,0,0,1,0
653466,1,2025,956,1,0,49,develop,assessor or aerials,0,0,0,0,1,0
653470,2,2024,1062,1,0,49,develop,assessor or aerials,0,0,0,0,1,0
653476,1,2024,1057,1,0,49,develop,assessor or aerials,0,0,0,0,1,0
653479,1,2025,16470,1,0,49,develop,assessor or aerials,0,0,0,0,1,0
653480,2,2025,933,1,0,49,develop,assessor or aerials,0,0,0,0,1,0
653484,1,2025,17105,1,0,49,develop,assessor or aerials,0,0,0,0,1,0
653488,1,2024,2137,1,0,49,develop,assessor or aerials,0,0,0,0,1,0
653491,1,2024,2470,1,0,49,develop,assessor or aerials,0,0,0,0,1,0
653494,1,2024,1798,1,0,49,develop,assessor or aerials,0,0,0,0,1,0
653498,2,2025,2468,1,0,49,develop,assessor or aerials,0,0,0,0,1,0
653499,2,2024,1846,1,0,49,develop,assessor or aerials,0,0,0,0,1,0
653503,1,2024,1148,1,0,49,develop,assessor or aerials,0,0,0,0,1,0
653510,1,2024,2199,1,0,49,develop,assessor or aerials,0,0,0,0,1,0
653512,1,2024,3954,1,0,49,develop,assessor or aerials,0,0,0,0,1,0
653518,1,2025,820,1,0,49,develop,assessor or aerials,0,0,0,0,1,0
653520,1,2024,1630,1,0,49,develop,assessor or aerials,0,0,0,0,1,0
653523,2,2026,2212,1,0,49,develop,assessor or aerials,0,0,0,0,1,0
653525,1,2024,50930,1,0,49,develop,assessor or aerials,0,0,0,0,1,0
653527,1,2025,8138,1,0,49,develop,assessor or aerials,0,0,0,0,1,0
653529,1,2024,3698,1,0,49,develop,assessor or aerials,0,0,0,0,1,0
653531,1,2024,1660,1,0,49,develop,assessor or aerials,0,0,0,0,1,0
653542,1,2024,2248,1,0,49,develop,assessor or aerials,0,0,0,0,1,0
653550,1,2025,3151,1,0,49,develop,assessor or aerials,0,0,0,0,1,0
653554,2,2025,952,1,0,49,develop,assessor or aerials,0,0,0,0,1,0
653556,1,2024,1176,1,0,49,develop,assessor or aerials,0,0,0,0,1,0
653559,1,2025,817,1,0,49,develop,assessor or aerials,0,0,0,0,1,0
653563,1,2024,2885,1,0,49,develop,assessor or aerials,0,0,0,0,1,0
653578,1,2025,3035,1,0,49,develop,assessor or aerials,0,0,0,0,1,0
653582,1,2024,3955,1,0,49,develop,assessor or aerials,0,0,0,0,1,0
653585,2,2024,1405,1,0,49,develop,assessor or aerials,0,0,0,0,1,0
653588,1,2025,14655,1,0,49,develop,assessor or aerials,0,0,0,0,1,0
653593,1,2025,1761,1,0,49,develop,assessor or aerials,0,0,0,0,1,0
653595,1,2025,711,1,0,49,develop,assessor or aerials,0,0,0,0,1,0
653596,2,2025,1031,1,0,49,develop,assessor or aerials,0,0,0,0,1,0
653601,1,2024,3923,1,0,49,develop,assessor or aerials,0,0,0,0,1,0
653602,1,2024,3941,1,0,49,develop,assessor or aerials,0,0,0,0,1,0
653615,1,2025,5549,1,0,49,develop,assessor or aerials,0,0,0,0,1,0
653623,2,2024,2278,1,0,49,develop,assessor or aerials,0,0,0,0,1,0
653625,1,2025,4032,1,0,49,develop,assessor or aerials,0,0,0,0,1,0
653627,1,2025,3074,1,0,49,develop,assessor or aerials,0,0,0,0,1,0
653628,1,2024,4038,1,0,49,develop,assessor or aerials,0,0,0,0,1,0
653629,1,2024,4424,1,0,49,develop,assessor or aerials,0,0,0,0,1,0
653635,1,2025,12552,1,0,49,develop,assessor or aerials,0,0,0,0,1,0
653637,2,2025,2058,1,0,49,develop,assessor or aerials,0,0,0,0,1,0
653638,1,2024,2589,1,0,49,develop,assessor or aerials,0,0,0,0,1,0
653640,1,2025,3023,1,0,49,develop,assessor or aerials,0,0,0,0,1,0
653654,1,2024,2596,1,0,49,develop,assessor or aerials,0,0,0,0,1,0
653655,1,2025,3848,1,0,49,develop,assessor or aerials,0,0,0,0,1,0
653665,1,2025,5461,1,0,49,develop,assessor or aerials,0,0,0,0,1,0
653676,1,2025,1521,1,0,49,develop,assessor or aerials,0,0,0,0,1,0
653683,1,2024,4589,1,0,49,develop,assessor or aerials,0,0,0,0,1,0
653685,2,2024,1608,1,0,49,develop,assessor or aerials,0,0,0,0,1,0
653690,4,2024,14,0,0,49,develop,assessor or aerials,0,0,0,0,1,14
653697,1,2024,3614,1,0,49,develop,assessor or aerials,0,0,0,0,1,0
653702,1,2025,2095,1,0,49,develop,assessor or aerials,0,0,0,0,1,0
653703,1,2025,1850,1,0,49,develop,assessor or aerials,0,0,0,0,1,0
653710,1,2024,2302,1,0,49,develop,assessor or aerials,0,0,0,0,1,0
653715,1,2025,1959,1,0,49,develop,assessor or aerials,0,0,0,0,1,0
653730,1,2025,3264,1,0,49,develop,assessor or aerials,0,0,0,0,1,0
653731,2,2025,1092,1,0,49,develop,assessor or aerials,0,0,0,0,1,0
653733,1,2024,3906,1,0,49,develop,assessor or aerials,0,0,0,0,1,0
653738,1,2025,3770,1,0,49,develop,assessor or aerials,0,0,0,0,1,0
653740,2,2026,904,1,0,49,develop,assessor or aerials,0,0,0,0,1,0
653741,1,2024,2137,1,0,49,develop,assessor or aerials,0,0,0,0,1,0
653743,1,2025,7386,1,0,49,develop,assessor or aerials,0,0,0,0,1,0
653745,1,2024,2019,1,0,49,develop,assessor or aerials,0,0,0,0,1,0
653746,1,2025,6438,1,0,49,develop,assessor or aerials,0,0,0,0,1,0
653749,2,2025,1294,1,0,49,develop,assessor or aerials,0,0,0,0,1,0
653752,2,2024,1062,1,0,49,develop,assessor or aerials,0,0,0,0,1,0
653757,1,2024,6170,1,0,49,develop,assessor or aerials,0,0,0,0,1,0
653758,1,2025,1461,1,0,49,develop,assessor or aerials,0,0,0,0,1,0
653760,1,2025,4011,1,0,49,develop,assessor or aerials,0,0,0,0,1,0
653761,2,2024,2207,1,0,49,develop,assessor or aerials,0,0,0,0,1,0
653762,1,2025,1492,1,0,49,develop,assessor or aerials,0,0,0,0,1,0
653763,1,2025,305,1,0,49,develop,assessor or aerials,0,0,0,0,1,0
653792,1,2025,3991,1,0,49,develop,assessor or aerials,0,0,0,0,1,0
653796,1,2024,4093,1,0,49,develop,assessor or aerials,0,0,0,0,1,0
653804,1,2025,5532,1,0,49,develop,assessor or aerials,0,0,0,0,1,0
653809,1,2024,1030,1,0,49,develop,assessor or aerials,0,0,0,0,1,0
653810,2,2025,5589,1,0,49,develop,assessor or aerials,0,0,0,0,1,0
653811,8,2024,17300,0,0,49,develop,assessor or aerials,0,0,0,0,1,17300
653816,1,2024,3940,1,0,49,develop,assessor or aerials,0,0,0,0,1,0
653818,1,2024,1257,1,0,49,develop,assessor or aerials,0,0,0,0,1,0
653820,1,2025,3872,1,0,49,develop,assessor or aerials,0,0,0,0,1,0
653826,2,2024,1405,1,0,49,develop,assessor or aerials,0,0,0,0,1,0
653828,1,2026,1176,1,0,49,develop,assessor or aerials,0,0,0,0,1,0
653829,1,2025,3936,1,0,49,develop,assessor or aerials,0,0,0,0,1,0
653832,1,2025,2420,1,0,49,develop,assessor or aerials,0,0,0,0,1,0
653834,1,2024,2217,1,0,49,develop,assessor or aerials,0,0,0,0,1,0
653835,1,2024,4271,1,0,49,develop,assessor or aerials,0,0,0,0,1,0
653839,1,2024,16386,1,0,49,develop,assessor or aerials,0,0,0,0,1,0
653841,1,2025,3331,1,0,49,develop,assessor or aerials,0,0,0,0,1,0
653842,1,2025,3201,1,0,49,develop,assessor or aerials,0,0,0,0,1,0
653853,2,2025,2340,1,0,49,develop,assessor or aerials,0,0,0,0,1,0
653854,1,2025,3714,1,0,49,develop,assessor or aerials,0,0,0,0,1,0
653866,1,2025,3397,1,0,49,develop,assessor or aerials,0,0,0,0,1,0
653869,2,2025,1846,1,0,49,develop,assessor or aerials,0,0,0,0,1,0
653871,1,2025,3426,1,0,49,develop,assessor or aerials,0,0,0,0,1,0
653873,1,2025,3099,1,0,49,develop,assessor or aerials,0,0,0,0,1,0
653877,2,2024,1295,1,0,49,develop,assessor or aerials,0,0,0,0,1,0
653882,2,2024,1848,1,0,49,develop,assessor or aerials,0,0,0,0,1,0
653888,2,2024,2233,1,0,49,develop,assessor or aerials,0,0,0,0,1,0
653900,1,2025,1508,1,0,49,develop,assessor or aerials,0,0,0,0,1,0
653902,1,2024,3448,1,0,49,develop,assessor or aerials,0,0,0,0,1,0
653904,1,2025,1051,1,0,49,develop,assessor or aerials,0,0,0,0,1,0
653909,2,2025,1302,1,0,49,develop,assessor or aerials,0,0,0,0,1,0
653911,1,2025,3000,1,0,49,develop,assessor or aerials,0,0,0,0,1,0
653916,2,2025,1659,1,0,49,develop,assessor or aerials,0,0,0,0,1,0
653920,2,2024,1860,1,0,49,develop,assessor or aerials,0,0,0,0,1,0
653935,2,2025,4418,3,0,49,develop,assessor or aerials,0,0,0,0,1,0
653940,1,2025,6297,1,0,49,develop,assessor or aerials,0,0,0,0,1,0
653942,1,2025,3684,1,0,49,develop,assessor or aerials,0,0,0,0,1,0
653944,1,2024,2079,1,0,49,develop,assessor or aerials,0,0,0,0,1,0
653957,1,2025,2027,1,0,49,develop,assessor or aerials,0,0,0,0,1,0
653959,1,2024,4384,1,0,49,develop,assessor or aerials,0,0,0,0,1,0
653968,2,2024,2268,1,0,49,develop,assessor or aerials,0,0,0,0,1,0
653969,3,2024,102752,0,0,49,develop,assessor or aerials,0,0,0,0,1,102752
653978,1,2024,3636,1,0,49,develop,assessor or aerials,0,0,0,0,1,0
653980,2,2025,372,1,0,49,develop,assessor or aerials,0,0,0,0,1,0
653981,1,2024,1305,1,0,49,develop,assessor or aerials,0,0,0,0,1,0
653984,1,2024,1260,1,0,49,develop,assessor or aerials,0,0,0,0,1,0
653985,2,2025,1084,1,0,49,develop,assessor or aerials,0,0,0,0,1,0
654000,2,2024,1084,1,0,49,develop,assessor or aerials,0,0,0,0,1,0
654001,1,2025,4157,1,0,49,develop,assessor or aerials,0,0,0,0,1,0
654004,1,2024,3290,1,0,49,develop,assessor or aerials,0,0,0,0,1,0
654006,1,2025,3475,1,0,49,develop,assessor or aerials,0,0,0,0,1,0
654007,2,2024,1442,1,0,49,develop,assessor or aerials,0,0,0,0,1,0
654008,2,2025,970,1,0,49,develop,assessor or aerials,0,0,0,0,1,0
654010,2,2024,1561,1,0,49,develop,assessor or aerials,0,0,0,0,1,0
654012,1,2024,82,1,0,49,develop,assessor or aerials,0,0,0,0,1,0
654013,2,2025,372,1,0,49,develop,assessor or aerials,0,0,0,0,1,0
654015,2,2025,333,1,0,49,develop,assessor or aerials,0,0,0,0,1,0
654018,1,2024,3720,1,0,49,develop,assessor or aerials,0,0,0,0,1,0
654022,2,2024,1957,1,0,49,develop,assessor or aerials,0,0,0,0,1,0
654023,1,2025,976,1,0,49,develop,assessor or aerials,0,0,0,0,1,0
654024,2,2024,1443,1,0,49,develop,assessor or aerials,0,0,0,0,1,0
654033,1,2024,1480,1,0,49,develop,assessor or aerials,0,0,0,0,1,0
654035,1,2025,110,1,0,49,develop,assessor or aerials,0,0,0,0,1,0
654040,1,2025,179,1,0,49,develop,assessor or aerials,0,0,0,0,1,0
654043,2,2024,970,1,0,49,develop,assessor or aerials,0,0,0,0,1,0
654049,1,2025,2316,1,0,49,develop,assessor or aerials,0,0,0,0,1,0
654056,2,2024,1442,1,0,49,develop,assessor or aerials,0,0,0,0,1,0
654058,2,2024,2210,1,0,49,develop,assessor or aerials,0,0,0,0,1,0
654059,1,2025,106,1,0,49,develop,assessor or aerials,0,0,0,0,1,0
654065,2,2024,970,1,0,49,develop,assessor or aerials,0,0,0,0,1,0
654066,2,2025,1561,1,0,49,develop,assessor or aerials,0,0,0,0,1,0
654068,1,2025,4348,1,0,49,develop,assessor or aerials,0,0,0,0,1,0
654069,2,2024,1233,1,0,49,develop,assessor or aerials,0,0,0,0,1,0
654075,1,2025,8644,1,0,49,develop,assessor or aerials,0,0,0,0,1,0
654076,1,2024,1260,1,0,49,develop,assessor or aerials,0,0,0,0,1,0
654079,1,2024,3734,1,0,49,develop,assessor or aerials,0,0,0,0,1,0
654086,1,2025,3265,1,0,49,develop,assessor or aerials,0,0,0,0,1,0
654089,2,2024,1237,1,0,49,develop,assessor or aerials,0,0,0,0,1,0
654093,2,2024,2345,1,0,49,develop,assessor or aerials,0,0,0,0,1,0
654094,1,2024,1656,1,0,49,develop,assessor or aerials,0,0,0,0,1,0
654097,2,2024,1233,1,0,49,develop,assessor or aerials,0,0,0,0,1,0
654101,1,2025,526,1,0,49,develop,assessor or aerials,0,0,0,0,1,0
654103,2,2024,1084,1,0,49,develop,assessor or aerials,0,0,0,0,1,0
654104,2,2025,919,1,0,49,develop,assessor or aerials,0,0,0,0,1,0
654112,1,2024,5220,1,0,49,develop,assessor or aerials,0,0,0,0,1,0
654114,2,2024,1242,1,0,49,develop,assessor or aerials,0,0,0,0,1,0
654117,1,2024,3737,1,0,49,develop,assessor or aerials,0,0,0,0,1,0
654122,1,2024,1788,1,0,49,develop,assessor or aerials,0,0,0,0,1,0
654124,2,2024,2420,1,0,49,develop,assessor or aerials,0,0,0,0,1,0
654125,1,2024,3634,1,0,49,develop,assessor or aerials,0,0,0,0,1,0
654131,2,2024,2210,1,0,49,develop,assessor or aerials,0,0,0,0,1,0
654132,2,2025,1470,1,0,49,develop,assessor or aerials,0,0,0,0,1,0
654133,1,2025,8562,1,0,49,develop,assessor or aerials,0,0,0,0,1,0
654136,2,2025,2843,1,0,49,develop,assessor or aerials,0,0,0,0,1,0
654137,1,2024,1252,1,0,49,develop,assessor or aerials,0,0,0,0,1,0
654148,1,2025,2416,1,0,49,develop,assessor or aerials,0,0,0,0,1,0
654152,2,2025,4868,1,0,49,develop,assessor or aerials,0,0,0,0,1,0
654159,1,2025,2123,1,0,49,develop,assessor or aerials,0,0,0,0,1,0
654164,2,2024,2184,1,0,49,develop,assessor or aerials,0,0,0,0,1,0
654166,1,2024,3006,1,0,49,develop,assessor or aerials,0,0,0,0,1,0
654167,2,2024,1569,1,0,49,develop,assessor or aerials,0,0,0,0,1,0
654168,2,2025,333,1,0,49,develop,assessor or aerials,0,0,0,0,1,0
654169,2,2025,970,1,0,49,develop,assessor or aerials,0,0,0,0,1,0
654172,1,2024,2471,1,0,49,develop,assessor or aerials,0,0,0,0,1,0
654173,1,2024,2471,1,0,49,develop,assessor or aerials,0,0,0,0,1,0
654174,2,2024,1242,1,0,49,develop,assessor or aerials,0,0,0,0,1,0
654176,2,2024,1443,1,0,49,develop,assessor or aerials,0,0,0,0,1,0
654179,1,2024,2832,1,0,49,develop,assessor or aerials,0,0,0,0,1,0
654182,1,2024,3165,1,0,49,develop,assessor or aerials,0,0,0,0,1,0
654184,1,2024,1260,1,0,49,develop,assessor or aerials,0,0,0,0,1,0
654186,1,2025,526,1,0,49,develop,assessor or aerials,0,0,0,0,1,0
654188,1,2024,3611,1,0,49,develop,assessor or aerials,0,0,0,0,1,0
654195,1,2024,3765,1,0,49,develop,assessor or aerials,0,0,0,0,1,0
654196,2,2025,970,1,0,49,develop,assessor or aerials,0,0,0,0,1,0
654198,1,2024,1528,1,0,49,develop,assessor or aerials,0,0,0,0,1,0
654201,2,2025,2843,1,0,49,develop,assessor or aerials,0,0,0,0,1,0
654203,1,2025,1566,1,0,49,develop,assessor or aerials,0,0,0,0,1,0
654205,2,2025,970,1,0,49,develop,assessor or aerials,0,0,0,0,1,0
654206,2,2025,5263,1,0,49,develop,assessor or aerials,0,0,0,0,1,0
654208,1,2025,7185,1,0,49,develop,assessor or aerials,0,0,0,0,1,0
654209,1,2025,2226,1,0,49,develop,assessor or aerials,0,0,0,0,1,0
654211,1,2025,106,1,0,49,develop,assessor or aerials,0,0,0,0,1,0
654217,2,2024,1443,1,0,49,develop,assessor or aerials,0,0,0,0,1,0
654219,2,2024,1084,1,0,49,develop,assessor or aerials,0,0,0,0,1,0
654223,2,2025,357,1,0,49,develop,assessor or aerials,0,0,0,0,1,0
654224,2,2024,2261,1,0,49,develop,assessor or aerials,0,0,0,0,1,0
654228,2,2025,2905,1,0,49,develop,assessor or aerials,0,0,0,0,1,0
654229,1,2024,1480,1,0,49,develop,assessor or aerials,0,0,0,0,1,0
654232,8,2024,214,0,0,49,develop,assessor or aerials,0,0,0,0,1,214
654233,1,2024,2616,1,0,49,develop,assessor or aerials,0,0,0,0,1,0
654239,2,2025,1101,1,0,49,develop,assessor or aerials,0,0,0,0,1,0
654241,1,2025,2923,1,0,49,develop,assessor or aerials,0,0,0,0,1,0
654243,1,2024,4491,1,0,49,develop,assessor or aerials,0,0,0,0,1,0
654244,1,2025,2033,1,0,49,develop,assessor or aerials,0,0,0,0,1,0
654245,1,2024,3736,1,0,49,develop,assessor or aerials,0,0,0,0,1,0
654247,1,2025,2020,1,0,49,develop,assessor or aerials,0,0,0,0,1,0
654251,2,2024,1237,1,0,49,develop,assessor or aerials,0,0,0,0,1,0
654257,1,2024,2539,1,0,49,develop,assessor or aerials,0,0,0,0,1,0
654258,1,2025,2432,1,0,49,develop,assessor or aerials,0,0,0,0,1,0
654260,2,2024,2239,1,0,49,develop,assessor or aerials,0,0,0,0,1,0
654262,1,2025,5208,1,0,49,develop,assessor or aerials,0,0,0,0,1,0
654265,1,2025,879,1,0,49,develop,assessor or aerials,0,0,0,0,1,0
654271,2,2024,2285,1,0,49,develop,assessor or aerials,0,0,0,0,1,0
654272,2,2025,1237,1,0,49,develop,assessor or aerials,0,0,0,0,1,0
654276,1,2025,30946,1,0,49,develop,assessor or aerials,0,0,0,0,1,0
654278,1,2025,29396,1,0,49,develop,assessor or aerials,0,0,0,0,1,0
654281,1,2024,1260,1,0,49,develop,assessor or aerials,0,0,0,0,1,0
654283,2,2024,2339,1,0,49,develop,assessor or aerials,0,0,0,0,1,0
654284,1,2024,1756,1,0,49,develop,assessor or aerials,0,0,0,0,1,0
654292,2,2024,1561,1,0,49,develop,assessor or aerials,0,0,0,0,1,0
654295,1,2025,2725,1,0,49,develop,assessor or aerials,0,0,0,0,1,0
654297,2,2024,1084,1,0,49,develop,assessor or aerials,0,0,0,0,1,0
654298,2,2025,1084,1,0,49,develop,assessor or aerials,0,0,0,0,1,0
654301,1,2024,2615,1,0,49,develop,assessor or aerials,0,0,0,0,1,0
654311,2,2025,952,1,0,49,develop,assessor or aerials,0,0,0,0,1,0
654315,1,2025,4801,1,0,49,develop,assessor or aerials,0,0,0,0,1,0
654318,1,2024,2593,1,0,49,develop,assessor or aerials,0,0,0,0,1,0
654320,2,2025,3161,1,0,49,develop,assessor or aerials,0,0,0,0,1,0
654321,2,2025,1021,1,0,49,develop,assessor or aerials,0,0,0,0,1,0
654323,1,2024,2977,1,0,49,develop,assessor or aerials,0,0,0,0,1,0
654324,1,2025,1341,1,0,49,develop,assessor or aerials,0,0,0,0,1,0
654325,1,2024,9285,1,0,49,develop,assessor or aerials,0,0,0,0,1,0
654328,2,2025,952,1,0,49,develop,assessor or aerials,0,0,0,0,1,0
654329,2,2025,2664,1,0,49,develop,assessor or aerials,0,0,0,0,1,0
654332,3,2024,34786,0,0,49,develop,assessor or aerials,0,0,0,0,1,34786
654333,2,2024,970,1,0,49,develop,assessor or aerials,0,0,0,0,1,0
654335,1,2025,3265,1,0,49,develop,assessor or aerials,0,0,0,0,1,0
654340,1,2025,110,1,0,49,develop,assessor or aerials,0,0,0,0,1,0
654342,2,2024,1084,1,0,49,develop,assessor or aerials,0,0,0,0,1,0
654343,1,2024,2004,1,0,49,develop,assessor or aerials,0,0,0,0,1,0
654344,5,2026,1017,0,0,49,develop,assessor or aerials,0,0,0,0,1,1017
654347,1,2025,2793,1,0,49,develop,assessor or aerials,0,0,0,0,1,0
654353,1,2024,1260,1,0,49,develop,assessor or aerials,0,0,0,0,1,0
654369,1,2025,2228,1,0,49,develop,assessor or aerials,0,0,0,0,1,0
654373,1,2024,2582,1,0,49,develop,assessor or aerials,0,0,0,0,1,0
654374,2,2025,372,1,0,49,develop,assessor or aerials,0,0,0,0,1,0
654378,2,2024,1233,1,0,49,develop,assessor or aerials,0,0,0,0,1,0
654384,1,2025,2943,1,0,49,develop,assessor or aerials,0,0,0,0,1,0
654387,1,2024,1824,1,0,49,develop,assessor or aerials,0,0,0,0,1,0
654389,1,2025,2228,1,0,49,develop,assessor or aerials,0,0,0,0,1,0
654391,1,2024,3119,1,0,49,develop,assessor or aerials,0,0,0,0,1,0
654396,8,2024,16810,0,0,49,develop,assessor or aerials,0,0,0,0,1,16810
654399,3,2025,15300,0,0,49,develop,assessor or aerials,0,0,0,0,1,15300
654403,2,2025,2919,1,0,49,develop,assessor or aerials,0,0,0,0,1,0
654404,1,2025,2225,1,0,49,develop,assessor or aerials,0,0,0,0,1,0
654408,2,2024,1347,1,0,49,develop,assessor or aerials,0,0,0,0,1,0
654410,1,2024,853,1,0,49,develop,assessor or aerials,0,0,0,0,1,0
654411,1,2025,2399,1,0,49,develop,assessor or aerials,0,0,0,0,1,0
654412,1,2024,1260,1,0,49,develop,assessor or aerials,0,0,0,0,1,0
654413,2,2024,835,1,0,49,develop,assessor or aerials,0,0,0,0,1,0
654414,2,2024,1651,1,0,49,develop,assessor or aerials,0,0,0,0,1,0
654415,1,2025,1875,1,0,49,develop,assessor or aerials,0,0,0,0,1,0
654420,1,2024,2416,1,0,49,develop,assessor or aerials,0,0,0,0,1,0
654422,1,2025,526,1,0,49,develop,assessor or aerials,0,0,0,0,1,0
654431,1,2025,2588,1,0,49,develop,assessor or aerials,0,0,0,0,1,0
654434,1,2024,2623,1,0,49,develop,assessor or aerials,0,0,0,0,1,0
654440,1,2024,5532,1,0,49,develop,assessor or aerials,0,0,0,0,1,0
654441,2,2025,3161,1,0,49,develop,assessor or aerials,0,0,0,0,1,0
654442,1,2024,2275,1,0,49,develop,assessor or aerials,0,0,0,0,1,0
654452,2,2024,1836,1,0,49,develop,assessor or aerials,0,0,0,0,1,0
654456,1,2025,4734,1,0,49,develop,assessor or aerials,0,0,0,0,1,0
654460,2,2025,3130,1,0,49,develop,assessor or aerials,0,0,0,0,1,0
654471,1,2025,526,1,0,49,develop,assessor or aerials,0,0,0,0,1,0
654472,1,2024,4573,1,0,49,develop,assessor or aerials,0,0,0,0,1,0
654477,2,2024,1233,1,0,49,develop,assessor or aerials,0,0,0,0,1,0
654478,1,2025,10151,1,0,49,develop,assessor or aerials,0,0,0,0,1,0
654479,1,2025,4459,1,0,49,develop,assessor or aerials,0,0,0,0,1,0
654483,1,2025,3838,1,0,49,develop,assessor or aerials,0,0,0,0,1,0
654486,1,2024,1260,1,0,49,develop,assessor or aerials,0,0,0,0,1,0
654492,2,2024,1443,1,0,49,develop,assessor or aerials,0,0,0,0,1,0
654493,1,2024,3120,1,0,49,develop,assessor or aerials,0,0,0,0,1,0
654494,2,2025,3161,1,0,49,develop,assessor or aerials,0,0,0,0,1,0
654496,1,2025,1260,1,0,49,develop,assessor or aerials,0,0,0,0,1,0
654498,1,2024,1480,1,0,49,develop,assessor or aerials,0,0,0,0,1,0
654499,1,2024,927,1,0,49,develop,assessor or aerials,0,0,0,0,1,0
654502,1,2025,526,1,0,49,develop,assessor or aerials,0,0,0,0,1,0
654507,2,2025,3161,1,0,49,develop,assessor or aerials,0,0,0,0,1,0
654510,1,2025,4927,1,0,49,develop,assessor or aerials,0,0,0,0,1,0
654511,1,2024,244,1,0,49,develop,assessor or aerials,0,0,0,0,1,0
654516,1,2025,2692,1,0,49,develop,assessor or aerials,0,0,0,0,1,0
654519,2,2024,1233,1,0,49,develop,assessor or aerials,0,0,0,0,1,0
654522,2,2024,1842,1,0,49,develop,assessor or aerials,0,0,0,0,1,0
654523,1,2024,5004,1,0,49,develop,assessor or aerials,0,0,0,0,1,0
654525,2,2025,2870,1,0,49,develop,assessor or aerials,0,0,0,0,1,0
654529,1,2024,3589,1,0,49,develop,assessor or aerials,0,0,0,0,1,0
654535,1,2025,4107,1,0,49,develop,assessor or aerials,0,0,0,0,1,0
654537,2,2025,357,1,0,49,develop,assessor or aerials,0,0,0,0,1,0
654538,2,2025,903,1,0,49,develop,assessor or aerials,0,0,0,0,1,0
654547,2,2025,1092,1,0,49,develop,assessor or aerials,0,0,0,0,1,0
654549,2,2024,1295,1,0,49,develop,assessor or aerials,0,0,0,0,1,0
654551,1,2025,1454,1,0,49,develop,assessor or aerials,0,0,0,0,1,0
654554,1,2025,99,1,0,49,develop,assessor or aerials,0,0,0,0,1,0
654558,1,2025,2516,1,0,49,develop,assessor or aerials,0,0,0,0,1,0
654559,2,2024,1569,1,0,49,develop,assessor or aerials,0,0,0,0,1,0
654563,2,2025,4267,1,0,49,develop,assessor or aerials,0,0,0,0,1,0
654564,8,2025,5000,0,0,49,develop,assessor or aerials,0,0,0,0,1,5000
654565,1,2024,1260,1,0,49,develop,assessor or aerials,0,0,0,0,1,0
654566,2,2024,970,1,0,49,develop,assessor or aerials,0,0,0,0,1,0
654568,1,2024,262,1,0,49,develop,assessor or aerials,0,0,0,0,1,0
654569,1,2025,106,1,0,49,develop,assessor or aerials,0,0,0,0,1,0
654571,1,2025,4157,1,0,49,develop,assessor or aerials,0,0,0,0,1,0
654573,1,2024,1260,1,0,49,develop,assessor or aerials,0,0,0,0,1,0
654581,1,2025,4230,1,0,49,develop,assessor or aerials,0,0,0,0,1,0
654584,1,2025,3374,1,0,49,develop,assessor or aerials,0,0,0,0,1,0
654592,1,2025,1341,1,0,49,develop,assessor or aerials,0,0,0,0,1,0
654593,2,2024,2003,1,0,49,develop,assessor or aerials,0,0,0,0,1,0
654594,1,2024,5604,1,0,49,develop,assessor or aerials,0,0,0,0,1,0
654597,1,2025,99,1,0,49,develop,assessor or aerials,0,0,0,0,1,0
654602,2,2025,970,1,0,49,develop,assessor or aerials,0,0,0,0,1,0
654606,1,2025,526,1,0,49,develop,assessor or aerials,0,0,0,0,1,0
654607,2,2024,2339,1,0,49,develop,assessor or aerials,0,0,0,0,1,0
654608,2,2025,813,1,0,49,develop,assessor or aerials,0,0,0,0,1,0
654613,1,2024,5225,1,0,49,develop,assessor or aerials,0,0,0,0,1,0
654614,2,2025,4237,1,0,49,develop,assessor or aerials,0,0,0,0,1,0
654615,1,2025,4983,1,0,49,develop,assessor or aerials,0,0,0,0,1,0
654624,1,2024,2566,1,0,49,develop,assessor or aerials,0,0,0,0,1,0
654628,1,2024,1260,1,0,49,develop,assessor or aerials,0,0,0,0,1,0
654634,2,2024,1237,1,0,49,develop,assessor or aerials,0,0,0,0,1,0
654637,1,2024,1466,1,0,49,develop,assessor or aerials,0,0,0,0,1,0
654640,1,2025,99,1,0,49,develop,assessor or aerials,0,0,0,0,1,0
654644,2,2024,1443,1,0,49,develop,assessor or aerials,0,0,0,0,1,0
654646,2,2025,2823,1,0,49,develop,assessor or aerials,0,0,0,0,1,0
654647,1,2025,526,1,0,49,develop,assessor or aerials,0,0,0,0,1,0
654650,1,2024,14476,1,0,49,develop,assessor or aerials,0,0,0,0,1,0
654657,1,2024,1260,1,0,49,develop,assessor or aerials,0,0,0,0,1,0
654702,1,2025,7956,1,0,49,develop,assessor or aerials,0,0,0,0,1,0
654721,2,2024,2339,1,0,49,develop,assessor or aerials,0,0,0,0,1,0
654725,2,2024,1185,1,0,49,develop,assessor or aerials,0,0,0,0,1,0
654730,1,2024,4093,1,0,49,develop,assessor or aerials,0,0,0,0,1,0
654757,2,2024,2498,1,0,49,develop,assessor or aerials,0,0,0,0,1,0
654764,1,2024,5015,1,0,49,develop,assessor or aerials,0,0,0,0,1,0
654769,1,2024,2273,1,0,49,develop,assessor or aerials,0,0,0,0,1,0
654777,2,2024,765,1,0,49,develop,assessor or aerials,0,0,0,0,1,0
654852,2,2024,1520,1,0,49,develop,assessor or aerials,0,0,0,0,1,0
654853,2,2024,1340,1,0,49,develop,assessor or aerials,0,0,0,0,1,0
654909,2,2024,2412,1,0,49,develop,assessor or aerials,0,0,0,0,1,0
654914,1,2024,3004,1,0,49,develop,assessor or aerials,0,0,0,0,1,0
654918,1,2024,2848,1,0,49,develop,assessor or aerials,0,0,0,0,1,0
654958,1,2025,567,1,0,49,develop,assessor or aerials,0,0,0,0,1,0
654994,1,2025,5073,1,0,49,develop,assessor or aerials,0,0,0,0,1,0
655005,1,2024,39839,1,0,49,develop,assessor or aerials,0,0,0,0,1,0
655037,1,2024,3047,1,0,49,develop,assessor or aerials,0,0,0,0,1,0
655045,2,2024,1309,1,0,49,develop,assessor or aerials,0,0,0,0,1,0
655082,2,2024,1224,1,0,49,develop,assessor or aerials,0,0,0,0,1,0
655101,2,2024,2018,1,0,49,develop,assessor or aerials,0,0,0,0,1,0
655113,1,2024,5790,1,0,49,develop,assessor or aerials,0,0,0,0,1,0
655145,1,2024,2274,1,0,49,develop,assessor or aerials,0,0,0,0,1,0
655150,1,2025,2462,1,0,49,develop,assessor or aerials,0,0,0,0,1,0
655161,1,2024,2741,1,0,49,develop,assessor or aerials,0,0,0,0,1,0
655169,2,2024,2125,1,0,49,develop,assessor or aerials,0,0,0,0,1,0
655170,2,2025,1727,1,0,49,develop,assessor or aerials,0,0,0,0,1,0
655185,2,2024,2184,1,0,49,develop,assessor or aerials,0,0,0,0,1,0
655196,1,2025,4249,1,0,49,develop,assessor or aerials,0,0,0,0,1,0
655202,1,2025,4219,1,0,49,develop,assessor or aerials,0,0,0,0,1,0
655249,1,2024,3576,1,0,49,develop,assessor or aerials,0,0,0,0,1,0
655262,1,2025,2135,1,0,49,develop,assessor or aerials,0,0,0,0,1,0
655285,2,2024,1681,1,0,49,develop,assessor or aerials,0,0,0,0,1,0
655292,1,2024,2595,1,0,49,develop,assessor or aerials,0,0,0,0,1,0
655329,2,2024,2498,1,0,49,develop,assessor or aerials,0,0,0,0,1,0
655362,4,2025,18000,0,0,49,develop,assessor or aerials,0,0,0,0,1,18000
655379,2,2025,1727,1,0,49,develop,assessor or aerials,0,0,0,0,1,0
655397,1,2024,2784,1,0,49,develop,assessor or aerials,0,0,0,0,1,0
655410,2,2024,2412,1,0,49,develop,assessor or aerials,0,0,0,0,1,0
655416,2,2025,1783,1,0,49,develop,assessor or aerials,0,0,0,0,1,0
655443,1,2024,3041,1,0,49,develop,assessor or aerials,0,0,0,0,1,0
655458,2,2024,1842,1,0,49,develop,assessor or aerials,0,0,0,0,1,0
655477,1,2024,3449,1,0,49,develop,assessor or aerials,0,0,0,0,1,0
655487,1,2024,3040,1,0,49,develop,assessor or aerials,0,0,0,0,1,0
655518,2,2024,2339,1,0,49,develop,assessor or aerials,0,0,0,0,1,0
655525,2,2024,1808,1,0,49,develop,assessor or aerials,0,0,0,0,1,0
655539,1,2024,3060,1,0,49,develop,assessor or aerials,0,0,0,0,1,0
655541,2,2025,1901,1,0,49,develop,assessor or aerials,0,0,0,0,1,0
658739,1,2024,5594,1,0,49,develop,assessor or aerials,0,0,0,0,1,0
658892,1,2025,5408,1,0,49,develop,assessor or aerials,0,0,0,0,1,0
659184,1,2024,14544,1,0,49,develop,assessor or aerials,0,0,0,0,1,0
660473,1,2024,7006,1,0,49,develop,assessor or aerials,0,0,0,0,1,0
660739,1,2025,4342,1,0,49,develop,assessor or aerials,0,0,0,0,1,0
661760,1,2024,6639,1,0,49,develop,assessor or aerials,0,0,0,0,1,0
663171,1,2025,6439,1,0,49,develop,assessor or aerials,0,0,0,0,1,0
664009,5,2026,907,0,0,49,develop,assessor or aerials,0,0,0,0,1,907
664471,1,2025,15203,1,0,49,develop,assessor or aerials,0,0,0,0,1,0
664480,1,2024,6004,1,0,49,develop,assessor or aerials,0,0,0,0,1,0
664691,1,2025,2615,1,0,49,develop,assessor or aerials,0,0,0,0,1,0
664862,1,2025,2615,1,0,49,develop,assessor or aerials,0,0,0,0,1,0
665092,1,2025,6198,1,0,49,develop,assessor or aerials,0,0,0,0,1,0
665095,1,2024,2802,1,0,49,develop,assessor or aerials,0,0,0,0,1,0
665104,1,2025,2615,1,0,49,develop,assessor or aerials,0,0,0,0,1,0
665307,1,2025,2802,1,0,49,develop,assessor or aerials,0,0,0,0,1,0
665326,1,2025,2615,1,0,49,develop,assessor or aerials,0,0,0,0,1,0
665484,1,2025,2675,1,0,49,develop,assessor or aerials,0,0,0,0,1,0
665561,1,2025,3243,1,0,49,develop,assessor or aerials,0,0,0,0,1,0
665563,1,2025,8527,1,0,49,develop,assessor or aerials,0,0,0,0,1,0
665625,1,2025,3290,1,0,49,develop,assessor or aerials,0,0,0,0,1,0
665694,1,2024,2615,1,0,49,develop,assessor or aerials,0,0,0,0,1,0
665804,1,2025,4462,1,0,49,develop,assessor or aerials,0,0,0,0,1,0
666017,1,2025,2615,1,0,49,develop,assessor or aerials,0,0,0,0,1,0
666375,1,2025,2615,1,0,49,develop,assessor or aerials,0,0,0,0,1,0
666392,1,2025,3001,1,0,49,develop,assessor or aerials,0,0,0,0,1,0
666522,1,2025,3628,1,0,49,develop,assessor or aerials,0,0,0,0,1,0
666666,1,2025,2989,1,0,49,develop,assessor or aerials,0,0,0,0,1,0
666820,1,2025,2989,1,0,49,develop,assessor or aerials,0,0,0,0,1,0
666949,1,2025,3291,1,0,49,develop,assessor or aerials,0,0,0,0,1,0
667066,1,2025,2615,1,0,49,develop,assessor or aerials,0,0,0,0,1,0
667106,1,2025,3768,1,0,49,develop,assessor or aerials,0,0,0,0,1,0
667520,1,2025,2615,1,0,49,develop,assessor or aerials,0,0,0,0,1,0
668156,1,2025,2615,1,0,49,develop,assessor or aerials,0,0,0,0,1,0
669598,1,2025,2754,1,0,49,develop,assessor or aerials,0,0,0,0,1,0
669686,2,2026,1162,1,0,49,develop,assessor or aerials,0,0,0,0,1,0
669735,2,2026,1273,1,0,49,develop,assessor or aerials,0,0,0,0,1,0
669933,2,2026,1162,1,0,49,develop,assessor or aerials,0,0,0,0,1,0
670069,2,2026,1162,1,0,49,develop,assessor or aerials,0,0,0,0,1,0
670275,2,2026,1273,1,0,49,develop,assessor or aerials,0,0,0,0,1,0
670612,2,2026,1162,1,0,49,develop,assessor or aerials,0,0,0,0,1,0
670874,1,2025,900,1,0,49,develop,assessor or aerials,0,0,0,0,1,0
671420,2,2026,1273,1,0,49,develop,assessor or aerials,0,0,0,0,1,0
671909,2,2026,1162,1,0,49,develop,assessor or aerials,0,0,0,0,1,0
672019,2,2026,1162,1,0,49,develop,assessor or aerials,0,0,0,0,1,0
672814,1,2025,3369,1,0,49,develop,assessor or aerials,0,0,0,0,1,0
672968,1,2025,1528,1,0,49,develop,assessor or aerials,0,0,0,0,1,0
675391,1,2024,10416,1,0,49,develop,assessor or aerials,0,0,0,0,1,0
675700,1,2024,7576,1,0,49,develop,assessor or aerials,0,0,0,0,1,0
676151,1,2024,10812,1,0,49,develop,assessor or aerials,0,0,0,0,1,0
676198,1,2025,5380,1,0,49,develop,assessor or aerials,0,0,0,0,1,0
676275,1,2025,5656,1,0,49,develop,assessor or aerials,0,0,0,0,1,0
676343,1,2024,22682,1,0,49,develop,assessor or aerials,0,0,0,0,1,0
676464,1,2024,5821,1,0,49,develop,assessor or aerials,0,0,0,0,1,0
676725,1,2024,8207,1,0,49,develop,assessor or aerials,0,0,0,0,1,0
676782,1,2025,5536,1,0,49,develop,assessor or aerials,0,0,0,0,1,0
677266,1,2025,5208,1,0,49,develop,assessor or aerials,0,0,0,0,1,0
677729,1,2024,8073,1,0,49,develop,assessor or aerials,0,0,0,0,1,0
677762,1,2024,5530,1,0,49,develop,assessor or aerials,0,0,0,0,1,0
678062,1,2025,31243,1,0,49,develop,assessor or aerials,0,0,0,0,1,0
678194,1,2025,46226,1,0,49,develop,assessor or aerials,0,0,0,0,1,0
678678,2,2024,1248,1,0,49,develop,assessor or aerials,0,0,0,0,1,0
678788,1,2025,5564,1,0,49,develop,assessor or aerials,0,0,0,0,1,0
679417,1,2025,2640,1,0,49,develop,assessor or aerials,0,0,0,0,1,0
679668,1,2025,4980,1,0,49,develop,assessor or aerials,0,0,0,0,1,0
679724,1,2025,6684,1,0,49,develop,assessor or aerials,0,0,0,0,1,0
679734,1,2025,4253,1,0,49,develop,assessor or aerials,0,0,0,0,1,0
679771,1,2025,4816,1,0,49,develop,assessor or aerials,0,0,0,0,1,0
679789,2,2024,1504,1,0,49,develop,assessor or aerials,0,0,0,0,1,0
679986,1,2024,2239,1,0,49,develop,assessor or aerials,0,0,0,0,1,0
680010,1,2025,3827,1,0,49,develop,assessor or aerials,0,0,0,0,1,0
680054,1,2025,1291,1,0,49,develop,assessor or aerials,0,0,0,0,1,0
680063,1,2025,3980,1,0,49,develop,assessor or aerials,0,0,0,0,1,0
680066,1,2025,10504,1,0,49,develop,assessor or aerials,0,0,0,0,1,0
680213,1,2025,7542,1,0,49,develop,assessor or aerials,0,0,0,0,1,0
680411,1,2024,1846,1,0,49,develop,assessor or aerials,0,0,0,0,1,0
680427,2,2024,1471,1,0,49,develop,assessor or aerials,0,0,0,0,1,0
680482,2,2024,1534,1,0,49,develop,assessor or aerials,0,0,0,0,1,0
680510,1,2025,6217,1,0,49,develop,assessor or aerials,0,0,0,0,1,0
680560,1,2024,17534,1,0,49,develop,assessor or aerials,0,0,0,0,1,0
680654,1,2025,2936,1,0,49,develop,assessor or aerials,0,0,0,0,1,0
680836,2,2024,37948,18,0,49,develop,assessor or aerials,0,0,0,0,1,0
681064,1,2025,5606,1,0,49,develop,assessor or aerials,0,0,0,0,1,0
681078,2,2024,1516,1,0,49,develop,assessor or aerials,0,0,0,0,1,0
681161,1,2024,132,1,0,49,develop,assessor or aerials,0,0,0,0,1,0
681174,2,2024,1491,1,0,49,develop,assessor or aerials,0,0,0,0,1,0
681465,1,2025,3559,1,0,49,develop,assessor or aerials,0,0,0,0,1,0
681503,1,2025,2975,1,0,49,develop,assessor or aerials,0,0,0,0,1,0
681513,1,2024,2773,1,0,49,develop,assessor or aerials,0,0,0,0,1,0
681530,1,2024,1508,1,0,49,develop,assessor or aerials,0,0,0,0,1,0
681535,1,2024,2411,1,0,49,develop,assessor or aerials,0,0,0,0,1,0
681536,1,2025,3164,1,0,49,develop,assessor or aerials,0,0,0,0,1,0
681558,1,2025,5405,1,0,49,develop,assessor or aerials,0,0,0,0,1,0
681564,1,2024,5728,1,0,49,develop,assessor or aerials,0,0,0,0,1,0
681569,1,2025,7547,1,0,49,develop,assessor or aerials,0,0,0,0,1,0
681615,1,2025,3355,1,0,49,develop,assessor or aerials,0,0,0,0,1,0
681654,1,2024,1883,1,0,49,develop,assessor or aerials,0,0,0,0,1,0
681672,1,2025,3944,1,0,49,develop,assessor or aerials,0,0,0,0,1,0
681699,1,2024,7789,1,0,49,develop,assessor or aerials,0,0,0,0,1,0
681790,1,2024,4573,1,0,49,develop,assessor or aerials,0,0,0,0,1,0
681883,1,2025,3694,1,0,49,develop,assessor or aerials,0,0,0,0,1,0
681885,1,2024,3776,1,0,49,develop,assessor or aerials,0,0,0,0,1,0
681919,1,2025,3768,1,0,49,develop,assessor or aerials,0,0,0,0,1,0
681945,1,2024,2612,1,0,49,develop,assessor or aerials,0,0,0,0,1,0
681958,1,2025,3003,1,0,49,develop,assessor or aerials,0,0,0,0,1,0
681970,1,2025,3387,1,0,49,develop,assessor or aerials,0,0,0,0,1,0
682008,1,2025,4158,1,0,49,develop,assessor or aerials,0,0,0,0,1,0
682019,2,2025,1294,1,0,49,develop,assessor or aerials,0,0,0,0,1,0
682040,1,2024,3956,1,0,49,develop,assessor or aerials,0,0,0,0,1,0
682050,1,2025,3465,1,0,49,develop,assessor or aerials,0,0,0,0,1,0
682094,2,2024,6988,9,0,49,develop,assessor or aerials,0,0,0,0,1,0
682104,1,2024,1623,1,0,49,develop,assessor or aerials,0,0,0,0,1,0
682112,1,2024,2897,1,0,49,develop,assessor or aerials,0,0,0,0,1,0
682119,1,2024,2612,1,0,49,develop,assessor or aerials,0,0,0,0,1,0
682134,1,2024,8074,1,0,49,develop,assessor or aerials,0,0,0,0,1,0
682166,1,2024,4029,1,0,49,develop,assessor or aerials,0,0,0,0,1,0
682170,1,2025,3588,1,0,49,develop,assessor or aerials,0,0,0,0,1,0
682193,1,2025,2152,1,0,49,develop,assessor or aerials,0,0,0,0,1,0
682204,1,2024,4573,1,0,49,develop,assessor or aerials,0,0,0,0,1,0
682218,2,2024,1194,1,0,49,develop,assessor or aerials,0,0,0,0,1,0
682225,1,2024,4311,1,0,49,develop,assessor or aerials,0,0,0,0,1,0
682232,1,2024,5174,1,0,49,develop,assessor or aerials,0,0,0,0,1,0
682246,1,2024,1821,1,0,49,develop,assessor or aerials,0,0,0,0,1,0
682250,1,2025,5233,1,0,49,develop,assessor or aerials,0,0,0,0,1,0
682260,1,2024,5020,1,0,49,develop,assessor or aerials,0,0,0,0,1,0
682263,1,2024,4361,1,0,49,develop,assessor or aerials,0,0,0,0,1,0
682270,1,2024,1770,1,0,49,develop,assessor or aerials,0,0,0,0,1,0
682292,1,2024,3586,1,0,49,develop,assessor or aerials,0,0,0,0,1,0
682302,1,2025,3406,1,0,49,develop,assessor or aerials,0,0,0,0,1,0
682367,2,2024,1194,1,0,49,develop,assessor or aerials,0,0,0,0,1,0
682381,1,2025,2500,1,0,49,develop,assessor or aerials,0,0,0,0,1,0
682390,1,2024,3768,1,0,49,develop,assessor or aerials,0,0,0,0,1,0
682399,1,2024,3455,1,0,49,develop,assessor or aerials,0,0,0,0,1,0
682424,1,2024,4047,1,0,49,develop,assessor or aerials,0,0,0,0,1,0
682442,1,2024,2039,1,0,49,develop,assessor or aerials,0,0,0,0,1,0
682472,1,2025,4450,1,0,49,develop,assessor or aerials,0,0,0,0,1,0
682506,2,2024,1101,1,0,49,develop,assessor or aerials,0,0,0,0,1,0
682529,2,2025,2066,1,0,49,develop,assessor or aerials,0,0,0,0,1,0
682534,1,2024,5387,1,0,49,develop,assessor or aerials,0,0,0,0,1,0
682611,2,2024,1953,1,0,49,develop,assessor or aerials,0,0,0,0,1,0
682617,1,2024,2556,1,0,49,develop,assessor or aerials,0,0,0,0,1,0
682626,1,2024,3194,1,0,49,develop,assessor or aerials,0,0,0,0,1,0
682646,2,2024,1878,1,0,49,develop,assessor or aerials,0,0,0,0,1,0
682671,2,2025,2013,1,0,49,develop,assessor or aerials,0,0,0,0,1,0
682694,1,2024,3769,1,0,49,develop,assessor or aerials,0,0,0,0,1,0
682700,2,2024,2555,1,0,49,develop,assessor or aerials,0,0,0,0,1,0
682707,1,2025,5530,1,0,49,develop,assessor or aerials,0,0,0,0,1,0
682710,1,2025,2175,1,0,49,develop,assessor or aerials,0,0,0,0,1,0
682718,1,2024,3429,1,0,49,develop,assessor or aerials,0,0,0,0,1,0
682725,1,2025,4296,1,0,49,develop,assessor or aerials,0,0,0,0,1,0
682775,2,2024,925,1,0,49,develop,assessor or aerials,0,0,0,0,1,0
682777,1,2025,2305,1,0,49,develop,assessor or aerials,0,0,0,0,1,0
682802,1,2025,4571,1,0,49,develop,assessor or aerials,0,0,0,0,1,0
682882,1,2025,2175,1,0,49,develop,assessor or aerials,0,0,0,0,1,0
682929,1,2025,2232,1,0,49,develop,assessor or aerials,0,0,0,0,1,0
682952,1,2025,2004,1,0,49,develop,assessor or aerials,0,0,0,0,1,0
682994,2,2024,827,1,0,49,develop,assessor or aerials,0,0,0,0,1,0
683041,1,2024,8578,1,0,49,develop,assessor or aerials,0,0,0,0,1,0
683086,1,2025,1904,1,0,49,develop,assessor or aerials,0,0,0,0,1,0
683097,1,2024,45,1,0,49,develop,assessor or aerials,0,0,0,0,1,0
683109,1,2025,2458,1,0,49,develop,assessor or aerials,0,0,0,0,1,0
683152,1,2025,1885,1,0,49,develop,assessor or aerials,0,0,0,0,1,0
683166,1,2025,8051,1,0,49,develop,assessor or aerials,0,0,0,0,1,0
683167,2,2024,1092,1,0,49,develop,assessor or aerials,0,0,0,0,1,0
683171,1,2025,4068,1,0,49,develop,assessor or aerials,0,0,0,0,1,0
683178,1,2024,4690,1,0,49,develop,assessor or aerials,0,0,0,0,1,0
683186,2,2025,1766,1,0,49,develop,assessor or aerials,0,0,0,0,1,0
683191,2,2024,827,1,0,49,develop,assessor or aerials,0,0,0,0,1,0
683196,1,2024,4784,1,0,49,develop,assessor or aerials,0,0,0,0,1,0
683205,1,2024,5220,1,0,49,develop,assessor or aerials,0,0,0,0,1,0
683216,2,2024,1100,1,0,49,develop,assessor or aerials,0,0,0,0,1,0
683242,2,2024,925,1,0,49,develop,assessor or aerials,0,0,0,0,1,0
683243,1,2025,4137,1,0,49,develop,assessor or aerials,0,0,0,0,1,0
683249,1,2025,2175,1,0,49,develop,assessor or aerials,0,0,0,0,1,0
683260,1,2024,10667,1,0,49,develop,assessor or aerials,0,0,0,0,1,0
683282,1,2025,1904,1,0,49,develop,assessor or aerials,0,0,0,0,1,0
683327,1,2025,7684,1,0,49,develop,assessor or aerials,0,0,0,0,1,0
683352,1,2025,9371,1,0,49,develop,assessor or aerials,0,0,0,0,1,0
683353,1,2025,2103,1,0,49,develop,assessor or aerials,0,0,0,0,1,0
683357,1,2025,2114,1,0,49,develop,assessor or aerials,0,0,0,0,1,0
683363,1,2024,1364,1,0,49,develop,assessor or aerials,0,0,0,0,1,0
683374,2,2024,6841,1,0,49,develop,assessor or aerials,0,0,0,0,1,0
683377,1,2024,2385,1,0,49,develop,assessor or aerials,0,0,0,0,1,0
683382,2,2025,2318,1,0,49,develop,assessor or aerials,0,0,0,0,1,0
683383,1,2025,1266,1,0,49,develop,assessor or aerials,0,0,0,0,1,0
683385,1,2025,1030,1,0,49,develop,assessor or aerials,0,0,0,0,1,0
683393,1,2025,1030,1,0,49,develop,assessor or aerials,0,0,0,0,1,0
683395,1,2026,3375,1,0,49,develop,assessor or aerials,0,0,0,0,1,0
683399,2,2024,1608,1,0,49,develop,assessor or aerials,0,0,0,0,1,0
683408,1,2024,2468,1,0,49,develop,assessor or aerials,0,0,0,0,1,0
683409,1,2024,1710,1,0,49,develop,assessor or aerials,0,0,0,0,1,0
683411,1,2024,1419,1,0,49,develop,assessor or aerials,0,0,0,0,1,0
683417,1,2024,3127,1,0,49,develop,assessor or aerials,0,0,0,0,1,0
683421,1,2024,1148,1,0,49,develop,assessor or aerials,0,0,0,0,1,0
683428,1,2024,4259,1,0,49,develop,assessor or aerials,0,0,0,0,1,0
683430,2,2024,105440,84,0,49,develop,assessor or aerials,0,0,0,0,1,0
683434,1,2025,8253,1,0,49,develop,assessor or aerials,0,0,0,0,1,0
683446,1,2024,6507,1,0,49,develop,assessor or aerials,0,0,0,0,1,0
683450,1,2024,1318,1,0,49,develop,assessor or aerials,0,0,0,0,1,0
683455,1,2024,1002,1,0,49,develop,assessor or aerials,0,0,0,0,1,0
683462,1,2024,2082,1,0,49,develop,assessor or aerials,0,0,0,0,1,0
683467,1,2024,2338,1,0,49,develop,assessor or aerials,0,0,0,0,1,0
683473,2,2024,1036,1,0,49,develop,assessor or aerials,0,0,0,0,1,0
683483,1,2025,7877,1,0,49,develop,assessor or aerials,0,0,0,0,1,0
683486,1,2025,1196,1,0,49,develop,assessor or aerials,0,0,0,0,1,0
683489,1,2025,8205,1,0,49,develop,assessor or aerials,0,0,0,0,1,0
683509,1,2024,3586,1,0,49,develop,assessor or aerials,0,0,0,0,1,0
683511,1,2024,3366,1,0,49,develop,assessor or aerials,0,0,0,0,1,0
683512,1,2025,5013,1,0,49,develop,assessor or aerials,0,0,0,0,1,0
683514,1,2025,1030,1,0,49,develop,assessor or aerials,0,0,0,0,1,0
683515,1,2024,3430,1,0,49,develop,assessor or aerials,0,0,0,0,1,0
683516,1,2025,1950,1,0,49,develop,assessor or aerials,0,0,0,0,1,0
683517,1,2024,2957,1,0,49,develop,assessor or aerials,0,0,0,0,1,0
683518,1,2025,2149,1,0,49,develop,assessor or aerials,0,0,0,0,1,0
683519,2,2025,1619,1,0,49,develop,assessor or aerials,0,0,0,0,1,0
683521,1,2025,5572,1,0,49,develop,assessor or aerials,0,0,0,0,1,0
683525,1,2025,3844,1,0,49,develop,assessor or aerials,0,0,0,0,1,0
683528,2,2025,995,1,0,49,develop,assessor or aerials,0,0,0,0,1,0
683530,1,2025,5787,1,0,49,develop,assessor or aerials,0,0,0,0,1,0
683531,2,2025,1295,1,0,49,develop,assessor or aerials,0,0,0,0,1,0
683534,2,2024,1608,1,0,49,develop,assessor or aerials,0,0,0,0,1,0
683546,1,2024,3516,1,0,49,develop,assessor or aerials,0,0,0,0,1,0
683548,1,2025,1886,1,0,49,develop,assessor or aerials,0,0,0,0,1,0
683549,1,2025,12207,1,0,49,develop,assessor or aerials,0,0,0,0,1,0
683550,1,2025,1048,1,0,49,develop,assessor or aerials,0,0,0,0,1,0
683555,1,2024,2895,1,0,49,develop,assessor or aerials,0,0,0,0,1,0
683558,1,2024,3379,1,0,49,develop,assessor or aerials,0,0,0,0,1,0
683567,1,2025,2377,1,0,49,develop,assessor or aerials,0,0,0,0,1,0
683569,1,2024,1712,1,0,49,develop,assessor or aerials,0,0,0,0,1,0
683577,1,2024,1030,1,0,49,develop,assessor or aerials,0,0,0,0,1,0
683583,1,2025,2511,1,0,49,develop,assessor or aerials,0,0,0,0,1,0
683588,1,2025,1011,1,0,49,develop,assessor or aerials,0,0,0,0,1,0
683590,1,2024,2147,1,0,49,develop,assessor or aerials,0,0,0,0,1,0
683593,1,2024,1622,1,0,49,develop,assessor or aerials,0,0,0,0,1,0
683604,1,2025,305,1,0,49,develop,assessor or aerials,0,0,0,0,1,0
683605,1,2024,3415,1,0,49,develop,assessor or aerials,0,0,0,0,1,0
683613,1,2024,305,1,0,49,develop,assessor or aerials,0,0,0,0,1,0
683618,2,2025,4948,1,0,49,develop,assessor or aerials,0,0,0,0,1,0
683619,1,2025,14152,1,0,49,develop,assessor or aerials,0,0,0,0,1,0
683628,2,2025,995,1,0,49,develop,assessor or aerials,0,0,0,0,1,0
683629,1,2024,28497,1,0,49,develop,assessor or aerials,0,0,0,0,1,0
683633,1,2024,2558,1,0,49,develop,assessor or aerials,0,0,0,0,1,0
683637,2,2024,1848,1,0,49,develop,assessor or aerials,0,0,0,0,1,0
683640,2,2024,1318,1,0,49,develop,assessor or aerials,0,0,0,0,1,0
683644,2,2024,1302,1,0,49,develop,assessor or aerials,0,0,0,0,1,0
683646,1,2025,2662,1,0,49,develop,assessor or aerials,0,0,0,0,1,0
683649,1,2024,1712,1,0,49,develop,assessor or aerials,0,0,0,0,1,0
683654,1,2024,1712,1,0,49,develop,assessor or aerials,0,0,0,0,1,0
683655,2,2024,1608,1,0,49,develop,assessor or aerials,0,0,0,0,1,0
683665,1,2025,4420,1,0,49,develop,assessor or aerials,0,0,0,0,1,0
683667,1,2025,1002,1,0,49,develop,assessor or aerials,0,0,0,0,1,0
683671,1,2025,2374,1,0,49,develop,assessor or aerials,0,0,0,0,1,0
683672,2,2025,2086,1,0,49,develop,assessor or aerials,0,0,0,0,1,0
683673,1,2024,7198,1,0,49,develop,assessor or aerials,0,0,0,0,1,0
683674,2,2024,1318,1,0,49,develop,assessor or aerials,0,0,0,0,1,0
683679,1,2024,2109,1,0,49,develop,assessor or aerials,0,0,0,0,1,0
683681,2,2024,2193,1,0,49,develop,assessor or aerials,0,0,0,0,1,0
683690,3,2024,53356,0,0,49,develop,assessor or aerials,0,0,0,0,1,53356
683699,1,2024,2340,1,0,49,develop,assessor or aerials,0,0,0,0,1,0
683702,1,2025,1159,1,0,49,develop,assessor or aerials,0,0,0,0,1,0
683703,2,2024,1302,1,0,49,develop,assessor or aerials,0,0,0,0,1,0
683704,1,2024,5000,1,0,49,develop,assessor or aerials,0,0,0,0,1,0
683711,1,2024,1148,1,0,49,develop,assessor or aerials,0,0,0,0,1,0
683712,1,2026,3178,1,0,49,develop,assessor or aerials,0,0,0,0,1,0
683714,1,2025,1774,1,0,49,develop,assessor or aerials,0,0,0,0,1,0
683733,2,2026,3261,1,0,49,develop,assessor or aerials,0,0,0,0,1,0
683742,2,2024,1405,1,0,49,develop,assessor or aerials,0,0,0,0,1,0
683744,1,2024,3311,1,0,49,develop,assessor or aerials,0,0,0,0,1,0
683747,1,2025,715,1,0,49,develop,assessor or aerials,0,0,0,0,1,0
683754,2,2024,1452,1,0,49,develop,assessor or aerials,0,0,0,0,1,0
683757,1,2025,3389,1,0,49,develop,assessor or aerials,0,0,0,0,1,0
683761,1,2025,1296,1,0,49,develop,assessor or aerials,0,0,0,0,1,0
683763,1,2024,2558,1,0,49,develop,assessor or aerials,0,0,0,0,1,0
683768,1,2025,5807,1,0,49,develop,assessor or aerials,0,0,0,0,1,0
683773,1,2024,1710,1,0,49,develop,assessor or aerials,0,0,0,0,1,0
683774,2,2025,4858,3,0,49,develop,assessor or aerials,0,0,0,0,1,0
683780,1,2025,24487,1,0,49,develop,assessor or aerials,0,0,0,0,1,0
683792,1,2024,2275,1,0,49,develop,assessor or aerials,0,0,0,0,1,0
683793,1,2025,3434,1,0,49,develop,assessor or aerials,0,0,0,0,1,0
683795,1,2024,1932,1,0,49,develop,assessor or aerials,0,0,0,0,1,0
683796,1,2025,820,1,0,49,develop,assessor or aerials,0,0,0,0,1,0
683800,1,2025,5490,1,0,49,develop,assessor or aerials,0,0,0,0,1,0
683809,1,2024,1717,1,0,49,develop,assessor or aerials,0,0,0,0,1,0
683816,1,2025,2793,1,0,49,develop,assessor or aerials,0,0,0,0,1,0
683821,1,2024,3660,1,0,49,develop,assessor or aerials,0,0,0,0,1,0
683825,1,2025,3001,1,0,49,develop,assessor or aerials,0,0,0,0,1,0
683833,1,2025,5376,1,0,49,develop,assessor or aerials,0,0,0,0,1,0
683841,2,2024,2268,1,0,49,develop,assessor or aerials,0,0,0,0,1,0
683854,1,2024,2293,1,0,49,develop,assessor or aerials,0,0,0,0,1,0
683856,1,2025,8181,1,0,49,develop,assessor or aerials,0,0,0,0,1,0
683859,1,2024,1148,1,0,49,develop,assessor or aerials,0,0,0,0,1,0
683873,1,2024,1710,1,0,49,develop,assessor or aerials,0,0,0,0,1,0
683875,1,2024,1849,1,0,49,develop,assessor or aerials,0,0,0,0,1,0
683878,2,2025,1294,1,0,49,develop,assessor or aerials,0,0,0,0,1,0
683882,1,2024,1148,1,0,49,develop,assessor or aerials,0,0,0,0,1,0
683891,1,2025,2167,1,0,49,develop,assessor or aerials,0,0,0,0,1,0
683896,1,2025,4367,1,0,49,develop,assessor or aerials,0,0,0,0,1,0
683902,1,2024,820,1,0,49,develop,assessor or aerials,0,0,0,0,1,0
683904,1,2024,7015,1,0,49,develop,assessor or aerials,0,0,0,0,1,0
683914,1,2024,2275,1,0,49,develop,assessor or aerials,0,0,0,0,1,0
683915,1,2025,820,1,0,49,develop,assessor or aerials,0,0,0,0,1,0
683924,1,2024,6474,1,0,49,develop,assessor or aerials,0,0,0,0,1,0
683927,1,2024,1122,1,0,49,develop,assessor or aerials,0,0,0,0,1,0
683928,1,2024,5473,1,0,49,develop,assessor or aerials,0,0,0,0,1,0
683930,1,2025,1485,1,0,49,develop,assessor or aerials,0,0,0,0,1,0
683934,1,2025,2463,1,0,49,develop,assessor or aerials,0,0,0,0,1,0
683935,1,2024,2040,1,0,49,develop,assessor or aerials,0,0,0,0,1,0
683939,1,2025,16321,1,0,49,develop,assessor or aerials,0,0,0,0,1,0
683942,1,2025,1772,1,0,49,develop,assessor or aerials,0,0,0,0,1,0
683943,1,2025,5901,1,0,49,develop,assessor or aerials,0,0,0,0,1,0
683949,1,2025,2934,1,0,49,develop,assessor or aerials,0,0,0,0,1,0
683951,1,2024,2837,1,0,49,develop,assessor or aerials,0,0,0,0,1,0
683958,2,2024,1878,1,0,49,develop,assessor or aerials,0,0,0,0,1,0
683959,2,2025,1593,1,0,49,develop,assessor or aerials,0,0,0,0,1,0
683960,1,2024,820,1,0,49,develop,assessor or aerials,0,0,0,0,1,0
683964,1,2025,305,1,0,49,develop,assessor or aerials,0,0,0,0,1,0
683965,1,2025,7472,1,0,49,develop,assessor or aerials,0,0,0,0,1,0
683971,2,2025,1302,1,0,49,develop,assessor or aerials,0,0,0,0,1,0
683973,2,2026,1100,1,0,49,develop,assessor or aerials,0,0,0,0,1,0
683976,1,2025,2151,1,0,49,develop,assessor or aerials,0,0,0,0,1,0
683978,1,2024,1712,1,0,49,develop,assessor or aerials,0,0,0,0,1,0
683981,1,2025,4188,1,0,49,develop,assessor or aerials,0,0,0,0,1,0
683982,1,2024,3101,1,0,49,develop,assessor or aerials,0,0,0,0,1,0
683984,2,2025,2209,1,0,49,develop,assessor or aerials,0,0,0,0,1,0
683989,1,2024,1887,1,0,49,develop,assessor or aerials,0,0,0,0,1,0
683991,8,2024,11728,0,0,49,develop,assessor or aerials,0,0,0,0,1,11728
683992,2,2025,2233,1,0,49,develop,assessor or aerials,0,0,0,0,1,0
683997,1,2026,1002,1,0,49,develop,assessor or aerials,0,0,0,0,1,0
684000,2,2026,1100,1,0,49,develop,assessor or aerials,0,0,0,0,1,0
684002,2,2024,1405,1,0,49,develop,assessor or aerials,0,0,0,0,1,0
684003,1,2025,3038,1,0,49,develop,assessor or aerials,0,0,0,0,1,0
684005,1,2025,1842,1,0,49,develop,assessor or aerials,0,0,0,0,1,0
684010,1,2025,1354,1,0,49,develop,assessor or aerials,0,0,0,0,1,0
684012,1,2024,3521,1,0,49,develop,assessor or aerials,0,0,0,0,1,0
684014,1,2025,12237,1,0,49,develop,assessor or aerials,0,0,0,0,1,0
684023,1,2024,1712,1,0,49,develop,assessor or aerials,0,0,0,0,1,0
684027,1,2024,3246,1,0,49,develop,assessor or aerials,0,0,0,0,1,0
684030,1,2025,1078,1,0,49,develop,assessor or aerials,0,0,0,0,1,0
684031,1,2024,2423,1,0,49,develop,assessor or aerials,0,0,0,0,1,0
684035,2,2024,2433,1,0,49,develop,assessor or aerials,0,0,0,0,1,0
684041,1,2024,3425,1,0,49,develop,assessor or aerials,0,0,0,0,1,0
684047,2,2024,1553,1,0,49,develop,assessor or aerials,0,0,0,0,1,0
684048,1,2025,3091,1,0,49,develop,assessor or aerials,0,0,0,0,1,0
684050,1,2025,1283,1,0,49,develop,assessor or aerials,0,0,0,0,1,0
684060,1,2024,820,1,0,49,develop,assessor or aerials,0,0,0,0,1,0
684063,2,2025,5665,3,0,49,develop,assessor or aerials,0,0,0,0,1,0
684064,2,2024,1405,1,0,49,develop,assessor or aerials,0,0,0,0,1,0
684067,2,2024,6653,8,0,49,develop,assessor or aerials,0,0,0,0,1,0
684069,1,2025,1958,1,0,49,develop,assessor or aerials,0,0,0,0,1,0
684074,1,2024,1630,1,0,49,develop,assessor or aerials,0,0,0,0,1,0
684077,2,2024,1553,1,0,49,develop,assessor or aerials,0,0,0,0,1,0
684088,1,2025,9504,1,0,49,develop,assessor or aerials,0,0,0,0,1,0
684089,1,2024,4652,1,0,49,develop,assessor or aerials,0,0,0,0,1,0
684090,1,2025,6122,1,0,49,develop,assessor or aerials,0,0,0,0,1,0
684092,1,2025,1842,1,0,49,develop,assessor or aerials,0,0,0,0,1,0
684093,2,2025,2176,1,0,49,develop,assessor or aerials,0,0,0,0,1,0
684095,2,2024,4355,1,0,49,develop,assessor or aerials,0,0,0,0,1,0
684098,1,2024,1148,1,0,49,develop,assessor or aerials,0,0,0,0,1,0
684099,1,2024,2180,1,0,49,develop,assessor or aerials,0,0,0,0,1,0
684104,1,2025,700,1,0,49,develop,assessor or aerials,0,0,0,0,1,0
684105,1,2024,2955,1,0,49,develop,assessor or aerials,0,0,0,0,1,0
684106,1,2025,2667,1,0,49,develop,assessor or aerials,0,0,0,0,1,0
684109,1,2024,28900,1,0,49,develop,assessor or aerials,0,0,0,0,1,0
684112,2,2024,1348,1,0,49,develop,assessor or aerials,0,0,0,0,1,0
684116,1,2024,2998,1,0,49,develop,assessor or aerials,0,0,0,0,1,0
684119,1,2025,4756,1,0,49,develop,assessor or aerials,0,0,0,0,1,0
684122,2,2026,2209,1,0,49,develop,assessor or aerials,0,0,0,0,1,0
684123,2,2024,1608,1,0,49,develop,assessor or aerials,0,0,0,0,1,0
684128,2,2024,1405,1,0,49,develop,assessor or aerials,0,0,0,0,1,0
684133,2,2024,1084,1,0,49,develop,assessor or aerials,0,0,0,0,1,0
684136,1,2024,3425,1,0,49,develop,assessor or aerials,0,0,0,0,1,0
684138,1,2024,2384,1,0,49,develop,assessor or aerials,0,0,0,0,1,0
684140,2,2025,1015,1,0,49,develop,assessor or aerials,0,0,0,0,1,0
684142,2,2024,1553,1,0,49,develop,assessor or aerials,0,0,0,0,1,0
684143,1,2024,2789,1,0,49,develop,assessor or aerials,0,0,0,0,1,0
684144,1,2025,2305,1,0,49,develop,assessor or aerials,0,0,0,0,1,0
684146,1,2024,1333,1,0,49,develop,assessor or aerials,0,0,0,0,1,0
684160,1,2025,7947,1,0,49,develop,assessor or aerials,0,0,0,0,1,0
684170,1,2025,3783,1,0,49,develop,assessor or aerials,0,0,0,0,1,0
684175,8,2024,4354,0,0,49,develop,assessor or aerials,0,0,0,0,1,4354
684177,1,2025,3268,1,0,49,develop,assessor or aerials,0,0,0,0,1,0
684178,2,2024,1511,1,0,49,develop,assessor or aerials,0,0,0,0,1,0
684179,1,2024,3821,1,0,49,develop,assessor or aerials,0,0,0,0,1,0
684180,1,2024,2506,1,0,49,develop,assessor or aerials,0,0,0,0,1,0
684181,2,2025,813,1,0,49,develop,assessor or aerials,0,0,0,0,1,0
684184,2,2024,1084,1,0,49,develop,assessor or aerials,0,0,0,0,1,0
684185,2,2025,1084,1,0,49,develop,assessor or aerials,0,0,0,0,1,0
684186,2,2025,2664,1,0,49,develop,assessor or aerials,0,0,0,0,1,0
684194,1,2024,6297,1,0,49,develop,assessor or aerials,0,0,0,0,1,0
684209,1,2024,8456,1,0,49,develop,assessor or aerials,0,0,0,0,1,0
684211,1,2024,1260,1,0,49,develop,assessor or aerials,0,0,0,0,1,0
684213,5,2026,1053,0,0,49,develop,assessor or aerials,0,0,0,0,1,1053
684219,2,2025,1561,1,0,49,develop,assessor or aerials,0,0,0,0,1,0
684221,2,2025,3161,1,0,49,develop,assessor or aerials,0,0,0,0,1,0
684223,2,2024,1452,1,0,49,develop,assessor or aerials,0,0,0,0,1,0
684229,1,2025,4497,1,0,49,develop,assessor or aerials,0,0,0,0,1,0
684236,2,2024,1511,1,0,49,develop,assessor or aerials,0,0,0,0,1,0
684241,1,2024,2416,1,0,49,develop,assessor or aerials,0,0,0,0,1,0
684243,1,2024,1443,1,0,49,develop,assessor or aerials,0,0,0,0,1,0
684245,2,2024,1442,1,0,49,develop,assessor or aerials,0,0,0,0,1,0
684246,1,2024,2811,1,0,49,develop,assessor or aerials,0,0,0,0,1,0
684247,1,2025,1735,1,0,49,develop,assessor or aerials,0,0,0,0,1,0
684252,1,2024,4922,1,0,49,develop,assessor or aerials,0,0,0,0,1,0
684255,1,2024,1502,1,0,49,develop,assessor or aerials,0,0,0,0,1,0
684259,1,2025,3888,1,0,49,develop,assessor or aerials,0,0,0,0,1,0
684260,2,2025,357,1,0,49,develop,assessor or aerials,0,0,0,0,1,0
684265,2,2024,3161,1,0,49,develop,assessor or aerials,0,0,0,0,1,0
684272,1,2025,4221,1,0,49,develop,assessor or aerials,0,0,0,0,1,0
684278,1,2024,1331,1,0,49,develop,assessor or aerials,0,0,0,0,1,0
684279,1,2024,1766,1,0,49,develop,assessor or aerials,0,0,0,0,1,0
684280,1,2024,5259,1,0,49,develop,assessor or aerials,0,0,0,0,1,0
684286,1,2024,2439,1,0,49,develop,assessor or aerials,0,0,0,0,1,0
684287,2,2024,2159,1,0,49,develop,assessor or aerials,0,0,0,0,1,0
684291,4,2024,1041,0,0,49,develop,assessor or aerials,0,0,0,0,1,1041
684293,1,2024,2878,1,0,49,develop,assessor or aerials,0,0,0,0,1,0
684296,1,2024,4090,1,0,49,develop,assessor or aerials,0,0,0,0,1,0
684298,2,2024,44309,42,0,49,develop,assessor or aerials,0,0,0,0,1,0
684304,1,2025,4958,1,0,49,develop,assessor or aerials,0,0,0,0,1,0
684311,1,2024,1296,1,0,49,develop,assessor or aerials,0,0,0,0,1,0
684316,1,2025,2661,1,0,49,develop,assessor or aerials,0,0,0,0,1,0
684320,1,2025,4252,1,0,49,develop,assessor or aerials,0,0,0,0,1,0
684321,1,2024,3830,1,0,49,develop,assessor or aerials,0,0,0,0,1,0
684324,1,2025,3741,1,0,49,develop,assessor or aerials,0,0,0,0,1,0
684325,1,2024,2276,1,0,49,develop,assessor or aerials,0,0,0,0,1,0
684343,2,2024,1888,1,0,49,develop,assessor or aerials,0,0,0,0,1,0
684345,2,2024,1956,1,0,49,develop,assessor or aerials,0,0,0,0,1,0
684350,1,2024,2007,1,0,49,develop,assessor or aerials,0,0,0,0,1,0
684354,1,2025,10028,1,0,49,develop,assessor or aerials,0,0,0,0,1,0
684359,1,2025,1612,1,0,49,develop,assessor or aerials,0,0,0,0,1,0
684365,1,2024,2340,1,0,49,develop,assessor or aerials,0,0,0,0,1,0
684373,1,2025,2636,1,0,49,develop,assessor or aerials,0,0,0,0,1,0
684376,2,2024,1084,1,0,49,develop,assessor or aerials,0,0,0,0,1,0
684379,2,2025,1021,1,0,49,develop,assessor or aerials,0,0,0,0,1,0
684382,2,2025,952,1,0,49,develop,assessor or aerials,0,0,0,0,1,0
684383,1,2025,106,1,0,49,develop,assessor or aerials,0,0,0,0,1,0
684384,2,2024,2225,1,0,49,develop,assessor or aerials,0,0,0,0,1,0
684385,1,2024,1260,1,0,49,develop,assessor or aerials,0,0,0,0,1,0
684390,1,2025,526,1,0,49,develop,assessor or aerials,0,0,0,0,1,0
684393,1,2025,3265,1,0,49,develop,assessor or aerials,0,0,0,0,1,0
684395,1,2025,3267,1,0,49,develop,assessor or aerials,0,0,0,0,1,0
684400,1,2025,526,1,0,49,develop,assessor or aerials,0,0,0,0,1,0
684406,1,2024,785,1,0,49,develop,assessor or aerials,0,0,0,0,1,0
684414,3,2025,17368,0,0,49,develop,assessor or aerials,0,0,0,0,1,17368
684417,1,2024,1443,1,0,49,develop,assessor or aerials,0,0,0,0,1,0
684419,1,2024,4346,1,0,49,develop,assessor or aerials,0,0,0,0,1,0
684439,2,2024,2207,1,0,49,develop,assessor or aerials,0,0,0,0,1,0
684440,1,2025,5621,1,0,49,develop,assessor or aerials,0,0,0,0,1,0
684443,1,2025,4628,1,0,49,develop,assessor or aerials,0,0,0,0,1,0
684448,1,2025,526,1,0,49,develop,assessor or aerials,0,0,0,0,1,0
684455,2,2024,1561,1,0,49,develop,assessor or aerials,0,0,0,0,1,0
684467,2,2025,1084,1,0,49,develop,assessor or aerials,0,0,0,0,1,0
684470,2,2024,1062,1,0,49,develop,assessor or aerials,0,0,0,0,1,0
684473,1,2024,4570,1,0,49,develop,assessor or aerials,0,0,0,0,1,0
684476,1,2025,3265,1,0,49,develop,assessor or aerials,0,0,0,0,1,0
684477,1,2025,3538,1,0,49,develop,assessor or aerials,0,0,0,0,1,0
684480,1,2024,1260,1,0,49,develop,assessor or aerials,0,0,0,0,1,0
684481,1,2024,6719,1,0,49,develop,assessor or aerials,0,0,0,0,1,0
684482,1,2024,1260,1,0,49,develop,assessor or aerials,0,0,0,0,1,0
684489,1,2024,2617,1,0,49,develop,assessor or aerials,0,0,0,0,1,0
684492,2,2025,1561,1,0,49,develop,assessor or aerials,0,0,0,0,1,0
684493,2,2024,1062,1,0,49,develop,assessor or aerials,0,0,0,0,1,0
684498,1,2025,3334,1,0,49,develop,assessor or aerials,0,0,0,0,1,0
684513,1,2025,1481,1,0,49,develop,assessor or aerials,0,0,0,0,1,0
684514,1,2025,3935,1,0,49,develop,assessor or aerials,0,0,0,0,1,0
684516,2,2024,1443,1,0,49,develop,assessor or aerials,0,0,0,0,1,0
684527,1,2025,9064,1,0,49,develop,assessor or aerials,0,0,0,0,1,0
684544,1,2025,4157,1,0,49,develop,assessor or aerials,0,0,0,0,1,0
684557,2,2025,813,1,0,49,develop,assessor or aerials,0,0,0,0,1,0
684560,1,2025,99,1,0,49,develop,assessor or aerials,0,0,0,0,1,0
684562,1,2025,4637,1,0,49,develop,assessor or aerials,0,0,0,0,1,0
684563,1,2024,2298,1,0,49,develop,assessor or aerials,0,0,0,0,1,0
684566,4,2024,1994,0,0,49,develop,assessor or aerials,0,0,0,0,1,1994
684567,2,2025,333,1,0,49,develop,assessor or aerials,0,0,0,0,1,0
684570,2,2024,1792,1,0,49,develop,assessor or aerials,0,0,0,0,1,0
684573,2,2025,903,1,0,49,develop,assessor or aerials,0,0,0,0,1,0
684583,1,2024,1746,1,0,49,develop,assessor or aerials,0,0,0,0,1,0
684587,1,2024,2451,1,0,49,develop,assessor or aerials,0,0,0,0,1,0
684594,1,2024,4264,1,0,49,develop,assessor or aerials,0,0,0,0,1,0
684614,1,2025,2730,1,0,49,develop,assessor or aerials,0,0,0,0,1,0
684618,1,2025,3268,1,0,49,develop,assessor or aerials,0,0,0,0,1,0
684626,1,2025,526,1,0,49,develop,assessor or aerials,0,0,0,0,1,0
684636,1,2024,6369,1,0,49,develop,assessor or aerials,0,0,0,0,1,0
684639,2,2025,1092,1,0,49,develop,assessor or aerials,0,0,0,0,1,0
684641,1,2024,3843,1,0,49,develop,assessor or aerials,0,0,0,0,1,0
684647,2,2025,813,1,0,49,develop,assessor or aerials,0,0,0,0,1,0
684648,1,2024,1260,1,0,49,develop,assessor or aerials,0,0,0,0,1,0
684650,1,2024,2137,1,0,49,develop,assessor or aerials,0,0,0,0,1,0
684656,2,2024,2207,1,0,49,develop,assessor or aerials,0,0,0,0,1,0
684657,1,2024,1457,1,0,49,develop,assessor or aerials,0,0,0,0,1,0
684659,1,2025,4345,1,0,49,develop,assessor or aerials,0,0,0,0,1,0
684668,1,2026,11896,1,0,49,develop,assessor or aerials,0,0,0,0,1,0
684671,2,2025,2058,1,0,49,develop,assessor or aerials,0,0,0,0,1,0
684675,1,2025,3237,1,0,49,develop,assessor or aerials,0,0,0,0,1,0
684677,1,2025,4089,1,0,49,develop,assessor or aerials,0,0,0,0,1,0
684681,1,2025,110,1,0,49,develop,assessor or aerials,0,0,0,0,1,0
684683,1,2024,1260,1,0,49,develop,assessor or aerials,0,0,0,0,1,0
684685,1,2025,2588,1,0,49,develop,assessor or aerials,0,0,0,0,1,0
684690,1,2024,1260,1,0,49,develop,assessor or aerials,0,0,0,0,1,0
684692,1,2025,3183,1,0,49,develop,assessor or aerials,0,0,0,0,1,0
684693,1,2024,3399,1,0,49,develop,assessor or aerials,0,0,0,0,1,0
684695,1,2024,8950,1,0,49,develop,assessor or aerials,0,0,0,0,1,0
684699,1,2025,3928,1,0,49,develop,assessor or aerials,0,0,0,0,1,0
684712,1,2025,3975,1,0,49,develop,assessor or aerials,0,0,0,0,1,0
684713,2,2024,1561,1,0,49,develop,assessor or aerials,0,0,0,0,1,0
684719,1,2024,2612,1,0,49,develop,assessor or aerials,0,0,0,0,1,0
684721,2,2024,1442,1,0,49,develop,assessor or aerials,0,0,0,0,1,0
684726,1,2024,1260,1,0,49,develop,assessor or aerials,0,0,0,0,1,0
684729,1,2024,1260,1,0,49,develop,assessor or aerials,0,0,0,0,1,0
684730,2,2024,2121,1,0,49,develop,assessor or aerials,0,0,0,0,1,0
684732,1,2025,2439,1,0,49,develop,assessor or aerials,0,0,0,0,1,0
684733,1,2024,3544,1,0,49,develop,assessor or aerials,0,0,0,0,1,0
684739,1,2024,9659,1,0,49,develop,assessor or aerials,0,0,0,0,1,0
684741,1,2024,1260,1,0,49,develop,assessor or aerials,0,0,0,0,1,0
684742,1,2024,4301,1,0,49,develop,assessor or aerials,0,0,0,0,1,0
684743,1,2024,3137,1,0,49,develop,assessor or aerials,0,0,0,0,1,0
684744,2,2025,1561,1,0,49,develop,assessor or aerials,0,0,0,0,1,0
684750,1,2024,18908,1,0,49,develop,assessor or aerials,0,0,0,0,1,0
684772,1,2024,3041,1,0,49,develop,assessor or aerials,0,0,0,0,1,0
684773,1,2025,106,1,0,49,develop,assessor or aerials,0,0,0,0,1,0
684778,1,2025,2867,1,0,49,develop,assessor or aerials,0,0,0,0,1,0
684789,2,2025,1084,1,0,49,develop,assessor or aerials,0,0,0,0,1,0
684791,1,2025,4273,1,0,49,develop,assessor or aerials,0,0,0,0,1,0
684795,1,2024,3510,1,0,49,develop,assessor or aerials,0,0,0,0,1,0
684796,1,2024,3450,1,0,49,develop,assessor or aerials,0,0,0,0,1,0
684800,1,2025,4157,1,0,49,develop,assessor or aerials,0,0,0,0,1,0
684804,1,2025,2586,1,0,49,develop,assessor or aerials,0,0,0,0,1,0
684832,2,2024,2147,1,0,49,develop,assessor or aerials,0,0,0,0,1,0
684837,1,2025,1708,1,0,49,develop,assessor or aerials,0,0,0,0,1,0
684843,8,2024,151,0,0,49,develop,assessor or aerials,0,0,0,0,1,151
684861,1,2024,2582,1,0,49,develop,assessor or aerials,0,0,0,0,1,0
684865,1,2024,2416,1,0,49,develop,assessor or aerials,0,0,0,0,1,0
684867,1,2024,1260,1,0,49,develop,assessor or aerials,0,0,0,0,1,0
684871,1,2024,20092,1,0,49,develop,assessor or aerials,0,0,0,0,1,0
684872,2,2025,1092,1,0,49,develop,assessor or aerials,0,0,0,0,1,0
684884,2,2024,2207,1,0,49,develop,assessor or aerials,0,0,0,0,1,0
684885,2,2025,933,1,0,49,develop,assessor or aerials,0,0,0,0,1,0
684888,2,2025,1084,1,0,49,develop,assessor or aerials,0,0,0,0,1,0
684893,2,2024,1084,1,0,49,develop,assessor or aerials,0,0,0,0,1,0
684895,2,2025,1561,1,0,49,develop,assessor or aerials,0,0,0,0,1,0
684899,2,2024,1442,1,0,49,develop,assessor or aerials,0,0,0,0,1,0
684902,1,2024,2461,1,0,49,develop,assessor or aerials,0,0,0,0,1,0
684903,2,2024,1084,1,0,49,develop,assessor or aerials,0,0,0,0,1,0
684911,2,2024,1651,1,0,49,develop,assessor or aerials,0,0,0,0,1,0
684916,2,2025,3161,1,0,49,develop,assessor or aerials,0,0,0,0,1,0
684918,1,2025,7071,1,0,49,develop,assessor or aerials,0,0,0,0,1,0
684920,1,2024,3434,1,0,49,develop,assessor or aerials,0,0,0,0,1,0
684924,2,2025,372,1,0,49,develop,assessor or aerials,0,0,0,0,1,0
684925,1,2025,1657,1,0,49,develop,assessor or aerials,0,0,0,0,1,0
684928,1,2025,3271,1,0,49,develop,assessor or aerials,0,0,0,0,1,0
684940,2,2025,1561,1,0,49,develop,assessor or aerials,0,0,0,0,1,0
684954,2,2024,2261,1,0,49,develop,assessor or aerials,0,0,0,0,1,0
684965,1,2024,3285,1,0,49,develop,assessor or aerials,0,0,0,0,1,0
684968,2,2024,1651,1,0,49,develop,assessor or aerials,0,0,0,0,1,0
684972,2,2024,1442,1,0,49,develop,assessor or aerials,0,0,0,0,1,0
684973,2,2024,1318,1,0,49,develop,assessor or aerials,0,0,0,0,1,0
684974,1,2024,1260,1,0,49,develop,assessor or aerials,0,0,0,0,1,0
684978,2,2025,1101,1,0,49,develop,assessor or aerials,0,0,0,0,1,0
684981,1,2024,1862,1,0,49,develop,assessor or aerials,0,0,0,0,1,0
684982,3,2025,24447,0,0,49,develop,assessor or aerials,0,0,0,0,1,24447
684986,2,2024,1237,1,0,49,develop,assessor or aerials,0,0,0,0,1,0
684988,1,2025,2220,1,0,49,develop,assessor or aerials,0,0,0,0,1,0
684995,2,2024,1635,1,0,49,develop,assessor or aerials,0,0,0,0,1,0
685000,1,2025,6731,1,0,49,develop,assessor or aerials,0,0,0,0,1,0
685012,2,2025,1909,1,0,49,develop,assessor or aerials,0,0,0,0,1,0
685019,1,2025,3245,1,0,49,develop,assessor or aerials,0,0,0,0,1,0
685028,2,2025,4841,1,0,49,develop,assessor or aerials,0,0,0,0,1,0
685041,2,2024,1950,1,0,49,develop,assessor or aerials,0,0,0,0,1,0
685050,2,2025,970,1,0,49,develop,assessor or aerials,0,0,0,0,1,0
685055,1,2024,2855,1,0,49,develop,assessor or aerials,0,0,0,0,1,0
685067,1,2025,2191,1,0,49,develop,assessor or aerials,0,0,0,0,1,0
685068,2,2025,1607,1,0,49,develop,assessor or aerials,0,0,0,0,1,0
685069,1,2025,30006,1,0,49,develop,assessor or aerials,0,0,0,0,1,0
685075,2,2024,2498,1,0,49,develop,assessor or aerials,0,0,0,0,1,0
685078,1,2025,2920,1,0,49,develop,assessor or aerials,0,0,0,0,1,0
685079,2,2025,2928,1,0,49,develop,assessor or aerials,0,0,0,0,1,0
685092,2,2025,1727,1,0,49,develop,assessor or aerials,0,0,0,0,1,0
685093,2,2024,1237,1,0,49,develop,assessor or aerials,0,0,0,0,1,0
685096,2,2024,2345,1,0,49,develop,assessor or aerials,0,0,0,0,1,0
685102,1,2025,1528,1,0,49,develop,assessor or aerials,0,0,0,0,1,0
685104,1,2025,2135,1,0,49,develop,assessor or aerials,0,0,0,0,1,0
685106,2,2025,1783,1,0,49,develop,assessor or aerials,0,0,0,0,1,0
685107,2,2024,1081,1,0,49,develop,assessor or aerials,0,0,0,0,1,0
685115,2,2024,1133,1,0,49,develop,assessor or aerials,0,0,0,0,1,0
685118,2,2024,1361,1,0,49,develop,assessor or aerials,0,0,0,0,1,0
685121,1,2024,2273,1,0,49,develop,assessor or aerials,0,0,0,0,1,0
685128,1,2024,2620,1,0,49,develop,assessor or aerials,0,0,0,0,1,0
685133,2,2024,2274,1,0,49,develop,assessor or aerials,0,0,0,0,1,0
685145,1,2024,3651,1,0,49,develop,assessor or aerials,0,0,0,0,1,0
685149,1,2024,2191,1,0,49,develop,assessor or aerials,0,0,0,0,1,0
685150,1,2025,4579,1,0,49,develop,assessor or aerials,0,0,0,0,1,0
685156,1,2024,1480,1,0,49,develop,assessor or aerials,0,0,0,0,1,0
685159,2,2025,2928,1,0,49,develop,assessor or aerials,0,0,0,0,1,0
685172,2,2024,835,1,0,49,develop,assessor or aerials,0,0,0,0,1,0
685178,1,2025,3118,1,0,49,develop,assessor or aerials,0,0,0,0,1,0
685179,1,2025,1272,1,0,49,develop,assessor or aerials,0,0,0,0,1,0
685187,2,2025,1242,1,0,49,develop,assessor or aerials,0,0,0,0,1,0
685192,2,2025,1237,1,0,49,develop,assessor or aerials,0,0,0,0,1,0
685194,2,2024,2372,1,0,49,develop,assessor or aerials,0,0,0,0,1,0
685197,2,2024,1569,1,0,49,develop,assessor or aerials,0,0,0,0,1,0
685202,1,2025,6401,1,0,49,develop,assessor or aerials,0,0,0,0,1,0
685203,2,2025,1237,1,0,49,develop,assessor or aerials,0,0,0,0,1,0
685208,2,2025,970,1,0,49,develop,assessor or aerials,0,0,0,0,1,0
685237,1,2025,3357,1,0,49,develop,assessor or aerials,0,0,0,0,1,0
685240,1,2025,2138,1,0,49,develop,assessor or aerials,0,0,0,0,1,0
685247,2,2025,333,1,0,49,develop,assessor or aerials,0,0,0,0,1,0
685250,1,2025,1153,1,0,49,develop,assessor or aerials,0,0,0,0,1,0
685253,2,2025,7577,1,0,49,develop,assessor or aerials,0,0,0,0,1,0
685257,1,2024,3750,1,0,49,develop,assessor or aerials,0,0,0,0,1,0
685258,1,2025,2294,1,0,49,develop,assessor or aerials,0,0,0,0,1,0
685261,1,2025,1887,1,0,49,develop,assessor or aerials,0,0,0,0,1,0
685286,1,2025,1756,1,0,49,develop,assessor or aerials,0,0,0,0,1,0
685289,2,2025,1607,1,0,49,develop,assessor or aerials,0,0,0,0,1,0
685290,1,2025,1690,1,0,49,develop,assessor or aerials,0,0,0,0,1,0
685298,1,2025,1798,1,0,49,develop,assessor or aerials,0,0,0,0,1,0
685300,2,2024,2339,1,0,49,develop,assessor or aerials,0,0,0,0,1,0
685301,2,2024,1635,1,0,49,develop,assessor or aerials,0,0,0,0,1,0
685307,1,2024,1770,1,0,49,develop,assessor or aerials,0,0,0,0,1,0
685308,1,2025,1723,1,0,49,develop,assessor or aerials,0,0,0,0,1,0
685311,1,2025,5857,1,0,49,develop,assessor or aerials,0,0,0,0,1,0
685315,1,2025,2296,1,0,49,develop,assessor or aerials,0,0,0,0,1,0
685327,1,2025,2615,1,0,49,develop,assessor or aerials,0,0,0,0,1,0
685329,2,2024,970,1,0,49,develop,assessor or aerials,0,0,0,0,1,0
685331,2,2025,1607,1,0,49,develop,assessor or aerials,0,0,0,0,1,0
685336,1,2025,1659,1,0,49,develop,assessor or aerials,0,0,0,0,1,0
685338,2,2024,2412,1,0,49,develop,assessor or aerials,0,0,0,0,1,0
685340,2,2025,1909,1,0,49,develop,assessor or aerials,0,0,0,0,1,0
685347,2,2024,1233,1,0,49,develop,assessor or aerials,0,0,0,0,1,0
685349,1,2024,244,1,0,49,develop,assessor or aerials,0,0,0,0,1,0
685358,2,2024,2018,1,0,49,develop,assessor or aerials,0,0,0,0,1,0
685359,2,2024,941,1,0,49,develop,assessor or aerials,0,0,0,0,1,0
685365,2,2025,970,1,0,49,develop,assessor or aerials,0,0,0,0,1,0
685367,2,2025,333,1,0,49,develop,assessor or aerials,0,0,0,0,1,0
685369,1,2024,1925,1,0,49,develop,assessor or aerials,0,0,0,0,1,0
685377,1,2025,2256,1,0,49,develop,assessor or aerials,0,0,0,0,1,0
685381,2,2024,1373,1,0,49,develop,assessor or aerials,0,0,0,0,1,0
685383,2,2024,2154,1,0,49,develop,assessor or aerials,0,0,0,0,1,0
685385,1,2024,3434,1,0,49,develop,assessor or aerials,0,0,0,0,1,0
685386,2,2024,2125,1,0,49,develop,assessor or aerials,0,0,0,0,1,0
685401,2,2024,3278,1,0,49,develop,assessor or aerials,0,0,0,0,1,0
685402,2,2024,1233,1,0,49,develop,assessor or aerials,0,0,0,0,1,0
685405,1,2025,2299,1,0,49,develop,assessor or aerials,0,0,0,0,1,0
685417,2,2024,1962,1,0,49,develop,assessor or aerials,0,0,0,0,1,0
685425,1,2024,3142,1,0,49,develop,assessor or aerials,0,0,0,0,1,0
685429,1,2025,2312,1,0,49,develop,assessor or aerials,0,0,0,0,1,0
685433,2,2024,2285,1,0,49,develop,assessor or aerials,0,0,0,0,1,0
685438,1,2024,3450,1,0,49,develop,assessor or aerials,0,0,0,0,1,0
685442,2,2025,357,1,0,49,develop,assessor or aerials,0,0,0,0,1,0
685445,2,2024,2227,1,0,49,develop,assessor or aerials,0,0,0,0,1,0
685448,2,2025,5004,1,0,49,develop,assessor or aerials,0,0,0,0,1,0
685457,1,2024,3100,1,0,49,develop,assessor or aerials,0,0,0,0,1,0
685461,2,2025,357,1,0,49,develop,assessor or aerials,0,0,0,0,1,0
685464,1,2025,2917,1,0,49,develop,assessor or aerials,0,0,0,0,1,0
685466,2,2024,970,1,0,49,develop,assessor or aerials,0,0,0,0,1,0
685478,2,2024,2339,1,0,49,develop,assessor or aerials,0,0,0,0,1,0
685487,1,2025,2158,1,0,49,develop,assessor or aerials,0,0,0,0,1,0
685488,2,2024,2345,1,0,49,develop,assessor or aerials,0,0,0,0,1,0
685489,1,2025,1341,1,0,49,develop,assessor or aerials,0,0,0,0,1,0
685494,1,2024,1480,1,0,49,develop,assessor or aerials,0,0,0,0,1,0
685496,2,2024,2339,1,0,49,develop,assessor or aerials,0,0,0,0,1,0
685503,1,2025,1528,1,0,49,develop,assessor or aerials,0,0,0,0,1,0
685511,2,2024,2125,1,0,49,develop,assessor or aerials,0,0,0,0,1,0
685523,2,2024,2018,1,0,49,develop,assessor or aerials,0,0,0,0,1,0
685527,2,2024,1617,1,0,49,develop,assessor or aerials,0,0,0,0,1,0
685530,1,2024,183,1,0,49,develop,assessor or aerials,0,0,0,0,1,0
685533,1,2025,1144,1,0,49,develop,assessor or aerials,0,0,0,0,1,0
685536,1,2025,2157,1,0,49,develop,assessor or aerials,0,0,0,0,1,0
685547,2,2024,941,1,0,49,develop,assessor or aerials,0,0,0,0,1,0
685550,1,2024,1760,1,0,49,develop,assessor or aerials,0,0,0,0,1,0
685561,2,2024,3278,1,0,49,develop,assessor or aerials,0,0,0,0,1,0
685568,2,2025,1945,1,0,49,develop,assessor or aerials,0,0,0,0,1,0
685588,1,2025,3402,1,0,49,develop,assessor or aerials,0,0,0,0,1,0
685590,1,2025,3950,1,0,49,develop,assessor or aerials,0,0,0,0,1,0
685612,1,2024,3143,1,0,49,develop,assessor or aerials,0,0,0,0,1,0
685614,2,2024,1237,1,0,49,develop,assessor or aerials,0,0,0,0,1,0
685616,1,2024,99,1,0,49,develop,assessor or aerials,0,0,0,0,1,0
685622,2,2024,2420,1,0,49,develop,assessor or aerials,0,0,0,0,1,0
685626,1,2025,3004,1,0,49,develop,assessor or aerials,0,0,0,0,1,0
685627,2,2025,2921,1,0,49,develop,assessor or aerials,0,0,0,0,1,0
685631,2,2025,357,1,0,49,develop,assessor or aerials,0,0,0,0,1,0
685632,1,2024,96,1,0,49,develop,assessor or aerials,0,0,0,0,1,0
685641,2,2025,1783,1,0,49,develop,assessor or aerials,0,0,0,0,1,0
685646,1,2024,2848,1,0,49,develop,assessor or aerials,0,0,0,0,1,0
685647,2,2025,333,1,0,49,develop,assessor or aerials,0,0,0,0,1,0
685651,2,2025,1727,1,0,49,develop,assessor or aerials,0,0,0,0,1,0
685659,1,2025,2040,1,0,49,develop,assessor or aerials,0,0,0,0,1,0
685665,2,2025,2928,1,0,49,develop,assessor or aerials,0,0,0,0,1,0
685693,2,2024,2285,1,0,49,develop,assessor or aerials,0,0,0,0,1,0
688191,1,2025,8971,1,0,49,develop,assessor or aerials,0,0,0,0,1,0
691405,1,2024,2363,1,0,49,develop,assessor or aerials,0,0,0,0,1,0
691780,1,2025,2351,1,0,49,develop,assessor or aerials,0,0,0,0,1,0
693348,1,2025,1889,1,0,49,develop,assessor or aerials,0,0,0,0,1,0
694299,1,2025,2989,1,0,49,develop,assessor or aerials,0,0,0,0,1,0
694386,1,2025,2621,1,0,49,develop,assessor or aerials,0,0,0,0,1,0
694669,1,2025,2615,1,0,49,develop,assessor or aerials,0,0,0,0,1,0
695126,1,2025,3520,1,0,49,develop,assessor or aerials,0,0,0,0,1,0
695521,1,2025,3623,1,0,49,develop,assessor or aerials,0,0,0,0,1,0
695526,1,2025,3913,1,0,49,develop,assessor or aerials,0,0,0,0,1,0
695663,1,2025,3140,1,0,49,develop,assessor or aerials,0,0,0,0,1,0
696260,1,2025,3011,1,0,49,develop,assessor or aerials,0,0,0,0,1,0
696414,1,2025,2684,1,0,49,develop,assessor or aerials,0,0,0,0,1,0
696441,1,2025,2989,1,0,49,develop,assessor or aerials,0,0,0,0,1,0
696535,1,2025,2799,1,0,49,develop,assessor or aerials,0,0,0,0,1,0
696753,1,2025,2615,1,0,49,develop,assessor or aerials,0,0,0,0,1,0
697029,1,2025,3259,1,0,49,develop,assessor or aerials,0,0,0,0,1,0
697047,1,2025,2615,1,0,49,develop,assessor or aerials,0,0,0,0,1,0
697122,1,2025,2802,1,0,49,develop,assessor or aerials,0,0,0,0,1,0
697131,1,2025,3974,1,0,49,develop,assessor or aerials,0,0,0,0,1,0
697320,1,2025,2657,1,0,49,develop,assessor or aerials,0,0,0,0,1,0
697357,1,2025,2615,1,0,49,develop,assessor or aerials,0,0,0,0,1,0
697484,1,2024,3149,1,0,49,develop,assessor or aerials,0,0,0,0,1,0
697518,1,2025,2643,1,0,49,develop,assessor or aerials,0,0,0,0,1,0
697612,1,2025,2615,1,0,49,develop,assessor or aerials,0,0,0,0,1,0
697626,1,2025,2989,1,0,49,develop,assessor or aerials,0,0,0,0,1,0
697661,1,2025,3479,1,0,49,develop,assessor or aerials,0,0,0,0,1,0
698488,1,2025,3325,1,0,49,develop,assessor or aerials,0,0,0,0,1,0
698509,1,2025,3368,1,0,49,develop,assessor or aerials,0,0,0,0,1,0
698628,1,2025,4269,1,0,49,develop,assessor or aerials,0,0,0,0,1,0
699851,2,2026,1162,1,0,49,develop,assessor or aerials,0,0,0,0,1,0
700714,2,2026,1169,1,0,49,develop,assessor or aerials,0,0,0,0,1,0
700782,2,2026,1162,1,0,49,develop,assessor or aerials,0,0,0,0,1,0
700933,2,2026,1162,1,0,49,develop,assessor or aerials,0,0,0,0,1,0
701064,2,2026,1162,1,0,49,develop,assessor or aerials,0,0,0,0,1,0
701069,2,2026,1162,1,0,49,develop,assessor or aerials,0,0,0,0,1,0
701488,2,2026,1162,1,0,49,develop,assessor or aerials,0,0,0,0,1,0
701554,2,2026,1163,1,0,49,develop,assessor or aerials,0,0,0,0,1,0
702119,2,2026,1162,1,0,49,develop,assessor or aerials,0,0,0,0,1,0
702464,1,2025,4120,1,0,49,develop,assessor or aerials,0,0,0,0,1,0
704027,1,2025,5743,1,0,49,develop,assessor or aerials,0,0,0,0,1,0
705316,1,2025,5541,1,0,49,develop,assessor or aerials,0,0,0,0,1,0
705863,1,2024,7281,1,0,49,develop,assessor or aerials,0,0,0,0,1,0
706344,1,2025,10976,1,0,49,develop,assessor or aerials,0,0,0,0,1,0
706501,1,2025,7941,1,0,49,develop,assessor or aerials,0,0,0,0,1,0
706735,1,2024,6602,1,0,49,develop,assessor or aerials,0,0,0,0,1,0
707060,1,2025,13688,1,0,49,develop,assessor or aerials,0,0,0,0,1,0
707087,1,2025,14197,1,0,49,develop,assessor or aerials,0,0,0,0,1,0
707185,1,2025,1256,1,0,49,develop,assessor or aerials,0,0,0,0,1,0
707188,1,2025,4168,1,0,49,develop,assessor or aerials,0,0,0,0,1,0
707360,1,2025,5589,1,0,49,develop,assessor or aerials,0,0,0,0,1,0
707774,1,2025,7110,1,0,49,develop,assessor or aerials,0,0,0,0,1,0
708155,1,2024,5010,1,0,49,develop,assessor or aerials,0,0,0,0,1,0
708164,1,2025,28300,1,0,49,develop,assessor or aerials,0,0,0,0,1,0
708228,1,2024,4158,1,0,49,develop,assessor or aerials,0,0,0,0,1,0
708617,1,2025,27064,1,0,49,develop,assessor or aerials,0,0,0,0,1,0
708761,1,2025,5330,1,0,49,develop,assessor or aerials,0,0,0,0,1,0
709134,1,2025,305,1,0,49,develop,assessor or aerials,0,0,0,0,1,0
709254,1,2025,6151,1,0,49,develop,assessor or aerials,0,0,0,0,1,0
709262,1,2025,6186,1,0,49,develop,assessor or aerials,0,0,0,0,1,0
709425,1,2024,4746,1,0,49,develop,assessor or aerials,0,0,0,0,1,0
709662,1,2025,5868,1,0,49,develop,assessor or aerials,0,0,0,0,1,0
709664,1,2025,305,1,0,49,develop,assessor or aerials,0,0,0,0,1,0
709895,1,2025,2019,1,0,49,develop,assessor or aerials,0,0,0,0,1,0
710018,2,2024,1491,1,0,49,develop,assessor or aerials,0,0,0,0,1,0
710198,1,2024,3182,1,0,49,develop,assessor or aerials,0,0,0,0,1,0
710202,5,2026,4098,0,0,49,develop,assessor or aerials,0,0,0,0,1,4098
710272,1,2025,4197,1,0,49,develop,assessor or aerials,0,0,0,0,1,0
710290,1,2025,4173,1,0,49,develop,assessor or aerials,0,0,0,0,1,0
710338,1,2024,5294,1,0,49,develop,assessor or aerials,0,0,0,0,1,0
710340,1,2025,14557,1,0,49,develop,assessor or aerials,0,0,0,0,1,0
710352,1,2025,4163,1,0,49,develop,assessor or aerials,0,0,0,0,1,0
710353,1,2025,4181,1,0,49,develop,assessor or aerials,0,0,0,0,1,0
710367,1,2025,22626,1,0,49,develop,assessor or aerials,0,0,0,0,1,0
710375,1,2024,2558,1,0,49,develop,assessor or aerials,0,0,0,0,1,0
710409,1,2025,2756,1,0,49,develop,assessor or aerials,0,0,0,0,1,0
710443,1,2025,4519,1,0,49,develop,assessor or aerials,0,0,0,0,1,0
710484,1,2025,8020,1,0,49,develop,assessor or aerials,0,0,0,0,1,0
710568,2,2024,1495,1,0,49,develop,assessor or aerials,0,0,0,0,1,0
710573,1,2025,14201,1,0,49,develop,assessor or aerials,0,0,0,0,1,0
710579,1,2025,1567,1,0,49,develop,assessor or aerials,0,0,0,0,1,0
710598,2,2024,1491,1,0,49,develop,assessor or aerials,0,0,0,0,1,0
710695,2,2024,1471,1,0,49,develop,assessor or aerials,0,0,0,0,1,0
710840,1,2025,3927,1,0,49,develop,assessor or aerials,0,0,0,0,1,0
710870,1,2024,2612,1,0,49,develop,assessor or aerials,0,0,0,0,1,0
710876,1,2024,2677,1,0,49,develop,assessor or aerials,0,0,0,0,1,0
710920,1,2025,2886,1,0,49,develop,assessor or aerials,0,0,0,0,1,0
711017,1,2025,2640,1,0,49,develop,assessor or aerials,0,0,0,0,1,0
711068,1,2024,3237,1,0,49,develop,assessor or aerials,0,0,0,0,1,0
711124,1,2024,64378,1,0,49,develop,assessor or aerials,0,0,0,0,1,0
711236,1,2025,2816,1,0,49,develop,assessor or aerials,0,0,0,0,1,0
711242,1,2024,4466,1,0,49,develop,assessor or aerials,0,0,0,0,1,0
711359,1,2024,3587,1,0,49,develop,assessor or aerials,0,0,0,0,1,0
711409,2,2024,7943,9,0,49,develop,assessor or aerials,0,0,0,0,1,0
711591,1,2025,3154,1,0,49,develop,assessor or aerials,0,0,0,0,1,0
711798,1,2024,22027,1,0,49,develop,assessor or aerials,0,0,0,0,1,0
711809,1,2024,3234,1,0,49,develop,assessor or aerials,0,0,0,0,1,0
711817,1,2024,4114,1,0,49,develop,assessor or aerials,0,0,0,0,1,0
711821,1,2025,1501,1,0,49,develop,assessor or aerials,0,0,0,0,1,0
711846,1,2025,2263,1,0,49,develop,assessor or aerials,0,0,0,0,1,0
711886,1,2025,4148,1,0,49,develop,assessor or aerials,0,0,0,0,1,0
711919,2,2025,1302,1,0,49,develop,assessor or aerials,0,0,0,0,1,0
711953,1,2025,5565,1,0,49,develop,assessor or aerials,0,0,0,0,1,0
711966,1,2024,3759,1,0,49,develop,assessor or aerials,0,0,0,0,1,0
712002,1,2025,4365,1,0,49,develop,assessor or aerials,0,0,0,0,1,0
712088,1,2025,5391,1,0,49,develop,assessor or aerials,0,0,0,0,1,0
712090,1,2025,7808,1,0,49,develop,assessor or aerials,0,0,0,0,1,0
712109,1,2024,2477,1,0,49,develop,assessor or aerials,0,0,0,0,1,0
712114,1,2025,7583,1,0,49,develop,assessor or aerials,0,0,0,0,1,0
712131,1,2025,11373,1,0,49,develop,assessor or aerials,0,0,0,0,1,0
712162,1,2025,6513,1,0,49,develop,assessor or aerials,0,0,0,0,1,0
712165,4,2024,8180,0,0,49,develop,assessor or aerials,0,0,0,0,1,8180
712166,1,2025,4865,1,0,49,develop,assessor or aerials,0,0,0,0,1,0
712185,1,2024,2471,1,0,49,develop,assessor or aerials,0,0,0,0,1,0
712220,1,2024,3746,1,0,49,develop,assessor or aerials,0,0,0,0,1,0
712247,1,2025,4030,1,0,49,develop,assessor or aerials,0,0,0,0,1,0
712271,2,2024,2030,1,0,49,develop,assessor or aerials,0,0,0,0,1,0
712279,1,2025,4368,1,0,49,develop,assessor or aerials,0,0,0,0,1,0
712280,1,2024,1623,1,0,49,develop,assessor or aerials,0,0,0,0,1,0
712297,1,2025,3950,1,0,49,develop,assessor or aerials,0,0,0,0,1,0
712306,1,2025,3950,1,0,49,develop,assessor or aerials,0,0,0,0,1,0
712309,1,2024,329,1,0,49,develop,assessor or aerials,0,0,0,0,1,0
712332,1,2024,5204,1,0,49,develop,assessor or aerials,0,0,0,0,1,0
712358,1,2024,3743,1,0,49,develop,assessor or aerials,0,0,0,0,1,0
712381,1,2025,6347,1,0,49,develop,assessor or aerials,0,0,0,0,1,0
712382,1,2025,4148,1,0,49,develop,assessor or aerials,0,0,0,0,1,0
712398,2,2024,2718,1,0,49,develop,assessor or aerials,0,0,0,0,1,0
712400,1,2025,7545,1,0,49,develop,assessor or aerials,0,0,0,0,1,0
712431,1,2024,14234,1,0,49,develop,assessor or aerials,0,0,0,0,1,0
712467,1,2025,15258,1,0,49,develop,assessor or aerials,0,0,0,0,1,0
712470,1,2025,7700,1,0,49,develop,assessor or aerials,0,0,0,0,1,0
712515,2,2024,2030,1,0,49,develop,assessor or aerials,0,0,0,0,1,0
712599,1,2024,1623,1,0,49,develop,assessor or aerials,0,0,0,0,1,0
712605,1,2025,2217,1,0,49,develop,assessor or aerials,0,0,0,0,1,0
712621,1,2024,4282,1,0,49,develop,assessor or aerials,0,0,0,0,1,0
712674,1,2025,3588,1,0,49,develop,assessor or aerials,0,0,0,0,1,0
712676,1,2025,4881,1,0,49,develop,assessor or aerials,0,0,0,0,1,0
712686,1,2024,3043,1,0,49,develop,assessor or aerials,0,0,0,0,1,0
712692,1,2024,3355,1,0,49,develop,assessor or aerials,0,0,0,0,1,0
712696,2,2024,1433,1,0,49,develop,assessor or aerials,0,0,0,0,1,0
712720,1,2025,3094,1,0,49,develop,assessor or aerials,0,0,0,0,1,0
712734,2,2025,1774,1,0,49,develop,assessor or aerials,0,0,0,0,1,0
712738,1,2025,2928,1,0,49,develop,assessor or aerials,0,0,0,0,1,0
712739,1,2024,4287,1,0,49,develop,assessor or aerials,0,0,0,0,1,0
712753,1,2024,2488,1,0,49,develop,assessor or aerials,0,0,0,0,1,0
712755,1,2024,2083,1,0,49,develop,assessor or aerials,0,0,0,0,1,0
712792,1,2025,3637,1,0,49,develop,assessor or aerials,0,0,0,0,1,0
712798,1,2024,430,1,0,49,develop,assessor or aerials,0,0,0,0,1,0
712832,1,2024,1437,1,0,49,develop,assessor or aerials,0,0,0,0,1,0
712838,1,2025,11342,1,0,49,develop,assessor or aerials,0,0,0,0,1,0
712841,1,2025,5447,1,0,49,develop,assessor or aerials,0,0,0,0,1,0
712853,1,2024,1952,1,0,49,develop,assessor or aerials,0,0,0,0,1,0
712854,1,2025,4535,1,0,49,develop,assessor or aerials,0,0,0,0,1,0
712855,1,2024,2741,1,0,49,develop,assessor or aerials,0,0,0,0,1,0
712868,1,2025,5539,1,0,49,develop,assessor or aerials,0,0,0,0,1,0
712869,1,2024,4611,1,0,49,develop,assessor or aerials,0,0,0,0,1,0
712881,1,2025,3507,1,0,49,develop,assessor or aerials,0,0,0,0,1,0
712885,1,2025,2030,1,0,49,develop,assessor or aerials,0,0,0,0,1,0
712887,1,2024,7501,1,0,49,develop,assessor or aerials,0,0,0,0,1,0
712899,1,2025,1563,1,0,49,develop,assessor or aerials,0,0,0,0,1,0
712911,1,2024,4571,1,0,49,develop,assessor or aerials,0,0,0,0,1,0
712921,2,2024,925,1,0,49,develop,assessor or aerials,0,0,0,0,1,0
712942,1,2025,19747,1,0,49,develop,assessor or aerials,0,0,0,0,1,0
712952,1,2024,5471,1,0,49,develop,assessor or aerials,0,0,0,0,1,0
712959,1,2024,4631,1,0,49,develop,assessor or aerials,0,0,0,0,1,0
712997,1,2025,8965,1,0,49,develop,assessor or aerials,0,0,0,0,1,0
713014,1,2025,4397,1,0,49,develop,assessor or aerials,0,0,0,0,1,0
713054,1,2025,762,1,0,49,develop,assessor or aerials,0,0,0,0,1,0
713056,2,2024,1887,1,0,49,develop,assessor or aerials,0,0,0,0,1,0
713057,1,2025,4765,1,0,49,develop,assessor or aerials,0,0,0,0,1,0
713058,1,2024,4633,1,0,49,develop,assessor or aerials,0,0,0,0,1,0
713059,1,2024,2735,1,0,49,develop,assessor or aerials,0,0,0,0,1,0
713061,1,2025,3502,1,0,49,develop,assessor or aerials,0,0,0,0,1,0
713064,1,2024,4931,1,0,49,develop,assessor or aerials,0,0,0,0,1,0
713067,1,2025,654,1,0,49,develop,assessor or aerials,0,0,0,0,1,0
713077,1,2025,3587,1,0,49,develop,assessor or aerials,0,0,0,0,1,0
713084,1,2025,2021,1,0,49,develop,assessor or aerials,0,0,0,0,1,0
713097,1,2025,3637,1,0,49,develop,assessor or aerials,0,0,0,0,1,0
713101,2,2024,1878,1,0,49,develop,assessor or aerials,0,0,0,0,1,0
713113,1,2025,2616,1,0,49,develop,assessor or aerials,0,0,0,0,1,0
713128,1,2024,3860,1,0,49,develop,assessor or aerials,0,0,0,0,1,0
713129,1,2025,29811,1,0,49,develop,assessor or aerials,0,0,0,0,1,0
713144,1,2025,8111,1,0,49,develop,assessor or aerials,0,0,0,0,1,0
713160,2,2025,2013,1,0,49,develop,assessor or aerials,0,0,0,0,1,0
713164,1,2024,5543,1,0,49,develop,assessor or aerials,0,0,0,0,1,0
713168,1,2024,11328,1,0,49,develop,assessor or aerials,0,0,0,0,1,0
713187,1,2024,3516,1,0,49,develop,assessor or aerials,0,0,0,0,1,0
713197,1,2025,3458,1,0,49,develop,assessor or aerials,0,0,0,0,1,0
713202,1,2024,2335,1,0,49,develop,assessor or aerials,0,0,0,0,1,0
713213,1,2024,3690,1,0,49,develop,assessor or aerials,0,0,0,0,1,0
713217,1,2025,11341,1,0,49,develop,assessor or aerials,0,0,0,0,1,0
713225,1,2024,3908,1,0,49,develop,assessor or aerials,0,0,0,0,1,0
713249,1,2025,7407,1,0,49,develop,assessor or aerials,0,0,0,0,1,0
713252,2,2024,1101,1,0,49,develop,assessor or aerials,0,0,0,0,1,0
713260,1,2025,3500,1,0,49,develop,assessor or aerials,0,0,0,0,1,0
713262,2,2025,1302,1,0,49,develop,assessor or aerials,0,0,0,0,1,0
713265,1,2025,3478,1,0,49,develop,assessor or aerials,0,0,0,0,1,0
713272,1,2025,750,1,0,49,develop,assessor or aerials,0,0,0,0,1,0
713285,1,2025,1695,1,0,49,develop,assessor or aerials,0,0,0,0,1,0
713302,2,2024,1092,1,0,49,develop,assessor or aerials,0,0,0,0,1,0
713315,1,2025,4574,1,0,49,develop,assessor or aerials,0,0,0,0,1,0
713318,1,2024,25751,1,0,49,develop,assessor or aerials,0,0,0,0,1,0
713331,1,2025,1537,1,0,49,develop,assessor or aerials,0,0,0,0,1,0
713333,2,2024,827,1,0,49,develop,assessor or aerials,0,0,0,0,1,0
713337,1,2024,4098,1,0,49,develop,assessor or aerials,0,0,0,0,1,0
713339,2,2024,1860,1,0,49,develop,assessor or aerials,0,0,0,0,1,0
713354,1,2024,1845,1,0,49,develop,assessor or aerials,0,0,0,0,1,0
713358,1,2025,1809,1,0,49,develop,assessor or aerials,0,0,0,0,1,0
713385,1,2024,14207,1,0,49,develop,assessor or aerials,0,0,0,0,1,0
713388,1,2025,5574,1,0,49,develop,assessor or aerials,0,0,0,0,1,0
713422,1,2024,3320,1,0,49,develop,assessor or aerials,0,0,0,0,1,0
713438,1,2025,5531,1,0,49,develop,assessor or aerials,0,0,0,0,1,0
713457,2,2025,2086,1,0,49,develop,assessor or aerials,0,0,0,0,1,0
713461,1,2025,629,1,0,49,develop,assessor or aerials,0,0,0,0,1,0
713468,1,2025,3979,1,0,49,develop,assessor or aerials,0,0,0,0,1,0
713486,1,2025,3242,1,0,49,develop,assessor or aerials,0,0,0,0,1,0
713496,1,2025,7868,1,0,49,develop,assessor or aerials,0,0,0,0,1,0
713497,1,2025,8689,1,0,49,develop,assessor or aerials,0,0,0,0,1,0
713510,1,2024,5256,1,0,49,develop,assessor or aerials,0,0,0,0,1,0
713516,1,2025,5068,1,0,49,develop,assessor or aerials,0,0,0,0,1,0
713526,1,2025,1414,1,0,49,develop,assessor or aerials,0,0,0,0,1,0
713541,2,2024,1608,1,0,49,develop,assessor or aerials,0,0,0,0,1,0
713554,2,2025,2059,1,0,49,develop,assessor or aerials,0,0,0,0,1,0
713564,1,2025,3815,1,0,49,develop,assessor or aerials,0,0,0,0,1,0
713565,2,2025,2066,1,0,49,develop,assessor or aerials,0,0,0,0,1,0
713575,1,2025,1601,1,0,49,develop,assessor or aerials,0,0,0,0,1,0
713595,1,2024,4346,1,0,49,develop,assessor or aerials,0,0,0,0,1,0
713596,1,2024,2246,1,0,49,develop,assessor or aerials,0,0,0,0,1,0
713616,1,2024,1148,1,0,49,develop,assessor or aerials,0,0,0,0,1,0
713618,1,2024,49204,1,0,49,develop,assessor or aerials,0,0,0,0,1,0
713620,1,2024,2261,1,0,49,develop,assessor or aerials,0,0,0,0,1,0
713630,1,2024,3127,1,0,49,develop,assessor or aerials,0,0,0,0,1,0
713633,1,2025,49,1,0,49,develop,assessor or aerials,0,0,0,0,1,0
713636,1,2024,1906,1,0,49,develop,assessor or aerials,0,0,0,0,1,0
713637,1,2024,2381,1,0,49,develop,assessor or aerials,0,0,0,0,1,0
713647,2,2024,1553,1,0,49,develop,assessor or aerials,0,0,0,0,1,0
713653,2,2024,1318,1,0,49,develop,assessor or aerials,0,0,0,0,1,0
713674,1,2024,7699,1,0,49,develop,assessor or aerials,0,0,0,0,1,0
713678,2,2025,1592,1,0,49,develop,assessor or aerials,0,0,0,0,1,0
713681,1,2025,3499,1,0,49,develop,assessor or aerials,0,0,0,0,1,0
713682,1,2024,47405,1,0,49,develop,assessor or aerials,0,0,0,0,1,0
713684,2,2025,1036,1,0,49,develop,assessor or aerials,0,0,0,0,1,0
713689,1,2025,44622,1,0,49,develop,assessor or aerials,0,0,0,0,1,0
713695,1,2025,3824,1,0,49,develop,assessor or aerials,0,0,0,0,1,0
713699,1,2024,1741,1,0,49,develop,assessor or aerials,0,0,0,0,1,0
713709,1,2025,1033,1,0,49,develop,assessor or aerials,0,0,0,0,1,0
713724,1,2024,5324,1,0,49,develop,assessor or aerials,0,0,0,0,1,0
713725,2,2024,1318,1,0,49,develop,assessor or aerials,0,0,0,0,1,0
713727,1,2024,1531,1,0,49,develop,assessor or aerials,0,0,0,0,1,0
713730,1,2025,1063,1,0,49,develop,assessor or aerials,0,0,0,0,1,0
713731,1,2025,820,1,0,49,develop,assessor or aerials,0,0,0,0,1,0
713735,1,2024,2705,1,0,49,develop,assessor or aerials,0,0,0,0,1,0
713742,2,2024,81111,42,0,49,develop,assessor or aerials,0,0,0,0,1,0
713748,1,2025,758,1,0,49,develop,assessor or aerials,0,0,0,0,1,0
713749,1,2025,9118,1,0,49,develop,assessor or aerials,0,0,0,0,1,0
713754,1,2025,820,1,0,49,develop,assessor or aerials,0,0,0,0,1,0
713763,2,2024,1512,1,0,49,develop,assessor or aerials,0,0,0,0,1,0
713768,1,2024,3778,1,0,49,develop,assessor or aerials,0,0,0,0,1,0
713775,2,2024,1348,1,0,49,develop,assessor or aerials,0,0,0,0,1,0
713787,1,2024,2381,1,0,49,develop,assessor or aerials,0,0,0,0,1,0
713788,1,2024,41099,1,0,49,develop,assessor or aerials,0,0,0,0,1,0
713789,1,2024,1148,1,0,49,develop,assessor or aerials,0,0,0,0,1,0
713796,2,2025,1092,1,0,49,develop,assessor or aerials,0,0,0,0,1,0
713800,1,2025,837,1,0,49,develop,assessor or aerials,0,0,0,0,1,0
713812,1,2024,1833,1,0,49,develop,assessor or aerials,0,0,0,0,1,0
713813,1,2024,820,1,0,49,develop,assessor or aerials,0,0,0,0,1,0
713818,1,2024,3354,1,0,49,develop,assessor or aerials,0,0,0,0,1,0
713819,2,2024,1608,1,0,49,develop,assessor or aerials,0,0,0,0,1,0
713823,2,2025,1592,1,0,49,develop,assessor or aerials,0,0,0,0,1,0
713825,1,2025,4218,1,0,49,develop,assessor or aerials,0,0,0,0,1,0
713828,2,2024,2055,1,0,49,develop,assessor or aerials,0,0,0,0,1,0
713831,1,2025,1187,1,0,49,develop,assessor or aerials,0,0,0,0,1,0
713833,1,2025,1612,1,0,49,develop,assessor or aerials,0,0,0,0,1,0
713834,5,2024,1135,0,0,49,develop,assessor or aerials,0,0,0,0,1,1135
713840,1,2024,1296,1,0,49,develop,assessor or aerials,0,0,0,0,1,0
713845,1,2025,616,1,0,49,develop,assessor or aerials,0,0,0,0,1,0
713852,2,2025,1092,1,0,49,develop,assessor or aerials,0,0,0,0,1,0
713853,2,2024,1323,1,0,49,develop,assessor or aerials,0,0,0,0,1,0
713864,1,2024,1815,1,0,49,develop,assessor or aerials,0,0,0,0,1,0
713865,1,2024,1176,1,0,49,develop,assessor or aerials,0,0,0,0,1,0
713875,1,2025,1885,1,0,49,develop,assessor or aerials,0,0,0,0,1,0
713876,1,2024,3073,1,0,49,develop,assessor or aerials,0,0,0,0,1,0
713882,2,2024,1530,1,0,49,develop,assessor or aerials,0,0,0,0,1,0
713890,1,2024,2452,1,0,49,develop,assessor or aerials,0,0,0,0,1,0
713892,1,2024,4653,1,0,49,develop,assessor or aerials,0,0,0,0,1,0
713895,1,2025,1215,1,0,49,develop,assessor or aerials,0,0,0,0,1,0
713899,2,2024,2924,1,0,49,develop,assessor or aerials,0,0,0,0,1,0
713900,1,2025,16470,1,0,49,develop,assessor or aerials,0,0,0,0,1,0
713905,2,2026,1100,1,0,49,develop,assessor or aerials,0,0,0,0,1,0
713911,1,2025,1950,1,0,49,develop,assessor or aerials,0,0,0,0,1,0
713912,1,2024,4245,1,0,49,develop,assessor or aerials,0,0,0,0,1,0
713915,1,2025,8565,1,0,49,develop,assessor or aerials,0,0,0,0,1,0
713919,1,2025,2109,1,0,49,develop,assessor or aerials,0,0,0,0,1,0
713924,1,2025,5207,1,0,49,develop,assessor or aerials,0,0,0,0,1,0
713926,1,2025,875,1,0,49,develop,assessor or aerials,0,0,0,0,1,0
713929,1,2025,1263,1,0,49,develop,assessor or aerials,0,0,0,0,1,0
713934,1,2025,3578,1,0,49,develop,assessor or aerials,0,0,0,0,1,0
713940,2,2024,1860,1,0,49,develop,assessor or aerials,0,0,0,0,1,0
713942,1,2024,3136,1,0,49,develop,assessor or aerials,0,0,0,0,1,0
713949,1,2025,5203,1,0,49,develop,assessor or aerials,0,0,0,0,1,0
713951,2,2024,1860,1,0,49,develop,assessor or aerials,0,0,0,0,1,0
713953,1,2025,3201,1,0,49,develop,assessor or aerials,0,0,0,0,1,0
713954,1,2025,10179,1,0,49,develop,assessor or aerials,0,0,0,0,1,0
713958,1,2025,1048,1,0,49,develop,assessor or aerials,0,0,0,0,1,0
713959,1,2025,1296,1,0,49,develop,assessor or aerials,0,0,0,0,1,0
713960,2,2025,1092,1,0,49,develop,assessor or aerials,0,0,0,0,1,0
713963,2,2025,1101,1,0,49,develop,assessor or aerials,0,0,0,0,1,0
713969,1,2024,2993,1,0,49,develop,assessor or aerials,0,0,0,0,1,0
713974,1,2024,2163,1,0,49,develop,assessor or aerials,0,0,0,0,1,0
713978,1,2025,1507,1,0,49,develop,assessor or aerials,0,0,0,0,1,0
713989,1,2024,3734,1,0,49,develop,assessor or aerials,0,0,0,0,1,0
713991,3,2024,23991,0,0,49,develop,assessor or aerials,0,0,0,0,1,23991
713993,1,2025,3238,1,0,49,develop,assessor or aerials,0,0,0,0,1,0
713998,1,2025,3473,1,0,49,develop,assessor or aerials,0,0,0,0,1,0
714000,1,2024,438,1,0,49,develop,assessor or aerials,0,0,0,0,1,0
714007,1,2025,5742,1,0,49,develop,assessor or aerials,0,0,0,0,1,0
714009,1,2024,7826,1,0,49,develop,assessor or aerials,0,0,0,0,1,0
714010,1,2026,1030,1,0,49,develop,assessor or aerials,0,0,0,0,1,0
714020,2,2025,952,1,0,49,develop,assessor or aerials,0,0,0,0,1,0
714029,1,2025,875,1,0,49,develop,assessor or aerials,0,0,0,0,1,0
714030,1,2025,2575,1,0,49,develop,assessor or aerials,0,0,0,0,1,0
714036,1,2024,3366,1,0,49,develop,assessor or aerials,0,0,0,0,1,0
714040,1,2024,2131,1,0,49,develop,assessor or aerials,0,0,0,0,1,0
714043,2,2025,1278,1,0,49,develop,assessor or aerials,0,0,0,0,1,0
714044,2,2024,1084,1,0,49,develop,assessor or aerials,0,0,0,0,1,0
714045,1,2024,2117,1,0,49,develop,assessor or aerials,0,0,0,0,1,0
714047,1,2024,3813,1,0,49,develop,assessor or aerials,0,0,0,0,1,0
714050,1,2024,3938,1,0,49,develop,assessor or aerials,0,0,0,0,1,0
714052,1,2024,2539,1,0,49,develop,assessor or aerials,0,0,0,0,1,0
714056,1,2025,2641,1,0,49,develop,assessor or aerials,0,0,0,0,1,0
714058,2,2024,1846,1,0,49,develop,assessor or aerials,0,0,0,0,1,0
714067,2,2024,1846,1,0,49,develop,assessor or aerials,0,0,0,0,1,0
714071,1,2025,7912,1,0,49,develop,assessor or aerials,0,0,0,0,1,0
714072,1,2025,2109,1,0,49,develop,assessor or aerials,0,0,0,0,1,0
714073,1,2024,3440,1,0,49,develop,assessor or aerials,0,0,0,0,1,0
714078,2,2024,2233,1,0,49,develop,assessor or aerials,0,0,0,0,1,0
714079,1,2025,1704,1,0,49,develop,assessor or aerials,0,0,0,0,1,0
714088,1,2025,1495,1,0,49,develop,assessor or aerials,0,0,0,0,1,0
714091,2,2025,1846,1,0,49,develop,assessor or aerials,0,0,0,0,1,0
714096,2,2025,1092,1,0,49,develop,assessor or aerials,0,0,0,0,1,0
714097,1,2025,3373,1,0,49,develop,assessor or aerials,0,0,0,0,1,0
714103,2,2024,1405,1,0,49,develop,assessor or aerials,0,0,0,0,1,0
714104,1,2024,1176,1,0,49,develop,assessor or aerials,0,0,0,0,1,0
714111,1,2024,2333,1,0,49,develop,assessor or aerials,0,0,0,0,1,0
714112,1,2024,2155,1,0,49,develop,assessor or aerials,0,0,0,0,1,0
714120,1,2025,2028,1,0,49,develop,assessor or aerials,0,0,0,0,1,0
714124,1,2025,4349,1,0,49,develop,assessor or aerials,0,0,0,0,1,0
714143,5,2024,7124,0,0,49,develop,assessor or aerials,0,0,0,0,1,7124
714151,1,2025,1263,1,0,49,develop,assessor or aerials,0,0,0,0,1,0
714153,1,2025,1858,1,0,49,develop,assessor or aerials,0,0,0,0,1,0
714154,4,2024,7717,0,0,49,develop,assessor or aerials,0,0,0,0,1,7717
714162,1,2024,4999,1,0,49,develop,assessor or aerials,0,0,0,0,1,0
714168,1,2025,1361,1,0,49,develop,assessor or aerials,0,0,0,0,1,0
714175,1,2025,1636,1,0,49,develop,assessor or aerials,0,0,0,0,1,0
714182,2,2024,2207,1,0,49,develop,assessor or aerials,0,0,0,0,1,0
714191,2,2025,1015,1,0,49,develop,assessor or aerials,0,0,0,0,1,0
714194,2,2025,1914,1,0,49,develop,assessor or aerials,0,0,0,0,1,0
714195,2,2025,1476,1,0,49,develop,assessor or aerials,0,0,0,0,1,0
714202,1,2025,6133,1,0,49,develop,assessor or aerials,0,0,0,0,1,0
714210,1,2024,2275,1,0,49,develop,assessor or aerials,0,0,0,0,1,0
714217,1,2025,5490,1,0,49,develop,assessor or aerials,0,0,0,0,1,0
714219,1,2024,11409,1,0,49,develop,assessor or aerials,0,0,0,0,1,0
714221,2,2025,1015,1,0,49,develop,assessor or aerials,0,0,0,0,1,0
714226,2,2025,1161,1,0,49,develop,assessor or aerials,0,0,0,0,1,0
714230,1,2025,837,1,0,49,develop,assessor or aerials,0,0,0,0,1,0
714234,1,2025,9602,1,0,49,develop,assessor or aerials,0,0,0,0,1,0
714238,1,2025,1263,1,0,49,develop,assessor or aerials,0,0,0,0,1,0
714244,1,2025,1796,1,0,49,develop,assessor or aerials,0,0,0,0,1,0
714247,1,2025,3769,1,0,49,develop,assessor or aerials,0,0,0,0,1,0
714251,1,2025,1694,1,0,49,develop,assessor or aerials,0,0,0,0,1,0
714254,1,2025,1958,1,0,49,develop,assessor or aerials,0,0,0,0,1,0
714266,1,2024,2021,1,0,49,develop,assessor or aerials,0,0,0,0,1,0
714267,1,2024,820,1,0,49,develop,assessor or aerials,0,0,0,0,1,0
714273,1,2024,2527,1,0,49,develop,assessor or aerials,0,0,0,0,1,0
714279,1,2024,2123,1,0,49,develop,assessor or aerials,0,0,0,0,1,0
714286,1,2025,3387,1,0,49,develop,assessor or aerials,0,0,0,0,1,0
714291,2,2025,1846,1,0,49,develop,assessor or aerials,0,0,0,0,1,0
714310,1,2025,10309,1,0,49,develop,assessor or aerials,0,0,0,0,1,0
714311,2,2024,2268,1,0,49,develop,assessor or aerials,0,0,0,0,1,0
714319,2,2024,2220,1,0,49,develop,assessor or aerials,0,0,0,0,1,0
714320,1,2024,1546,1,0,49,develop,assessor or aerials,0,0,0,0,1,0
714323,2,2024,1846,1,0,49,develop,assessor or aerials,0,0,0,0,1,0
714328,1,2025,24769,1,0,49,develop,assessor or aerials,0,0,0,0,1,0
714335,2,2026,1094,1,0,49,develop,assessor or aerials,0,0,0,0,1,0
714345,5,2024,1461,0,0,49,develop,assessor or aerials,0,0,0,0,1,1461
714346,1,2024,3228,1,0,49,develop,assessor or aerials,0,0,0,0,1,0
714352,1,2025,3616,1,0,49,develop,assessor or aerials,0,0,0,0,1,0
714354,1,2025,4105,1,0,49,develop,assessor or aerials,0,0,0,0,1,0
714355,2,2025,1092,1,0,49,develop,assessor or aerials,0,0,0,0,1,0
714359,1,2025,1030,1,0,49,develop,assessor or aerials,0,0,0,0,1,0
714364,1,2024,16386,1,0,49,develop,assessor or aerials,0,0,0,0,1,0
714368,2,2025,1846,1,0,49,develop,assessor or aerials,0,0,0,0,1,0
714370,1,2024,3127,1,0,49,develop,assessor or aerials,0,0,0,0,1,0
714371,1,2025,2658,1,0,49,develop,assessor or aerials,0,0,0,0,1,0
714373,1,2024,1760,1,0,49,develop,assessor or aerials,0,0,0,0,1,0
714383,1,2025,4573,1,0,49,develop,assessor or aerials,0,0,0,0,1,0
714384,1,2025,1885,1,0,49,develop,assessor or aerials,0,0,0,0,1,0
714387,1,2025,820,1,0,49,develop,assessor or aerials,0,0,0,0,1,0
714390,1,2024,4282,1,0,49,develop,assessor or aerials,0,0,0,0,1,0
714394,1,2025,4480,1,0,49,develop,assessor or aerials,0,0,0,0,1,0
714397,1,2025,1690,1,0,49,develop,assessor or aerials,0,0,0,0,1,0
714398,1,2024,1030,1,0,49,develop,assessor or aerials,0,0,0,0,1,0
714400,1,2025,12217,1,0,49,develop,assessor or aerials,0,0,0,0,1,0
714403,1,2025,4394,1,0,49,develop,assessor or aerials,0,0,0,0,1,0
714406,1,2025,305,1,0,49,develop,assessor or aerials,0,0,0,0,1,0
714407,1,2025,2196,1,0,49,develop,assessor or aerials,0,0,0,0,1,0
714410,1,2025,1296,1,0,49,develop,assessor or aerials,0,0,0,0,1,0
714416,1,2025,8608,1,0,49,develop,assessor or aerials,0,0,0,0,1,0
714419,1,2024,2729,1,0,49,develop,assessor or aerials,0,0,0,0,1,0
714422,2,2025,1294,1,0,49,develop,assessor or aerials,0,0,0,0,1,0
714424,1,2024,1701,1,0,49,develop,assessor or aerials,0,0,0,0,1,0
714430,1,2025,4607,1,0,49,develop,assessor or aerials,0,0,0,0,1,0
714431,1,2025,2490,1,0,49,develop,assessor or aerials,0,0,0,0,1,0
714433,1,2025,2728,1,0,49,develop,assessor or aerials,0,0,0,0,1,0
714435,1,2025,526,1,0,49,develop,assessor or aerials,0,0,0,0,1,0
714441,1,2024,1260,1,0,49,develop,assessor or aerials,0,0,0,0,1,0
714442,2,2025,1470,1,0,49,develop,assessor or aerials,0,0,0,0,1,0
714446,2,2025,1084,1,0,49,develop,assessor or aerials,0,0,0,0,1,0
714449,2,2024,2154,1,0,49,develop,assessor or aerials,0,0,0,0,1,0
714450,1,2024,3764,1,0,49,develop,assessor or aerials,0,0,0,0,1,0
714456,1,2025,3237,1,0,49,develop,assessor or aerials,0,0,0,0,1,0
714462,1,2024,2601,1,0,49,develop,assessor or aerials,0,0,0,0,1,0
714463,2,2025,903,1,0,49,develop,assessor or aerials,0,0,0,0,1,0
714468,2,2024,1443,1,0,49,develop,assessor or aerials,0,0,0,0,1,0
714472,1,2024,1526,1,0,49,develop,assessor or aerials,0,0,0,0,1,0
714478,2,2024,1341,1,0,49,develop,assessor or aerials,0,0,0,0,1,0
714480,1,2025,1917,1,0,49,develop,assessor or aerials,0,0,0,0,1,0
714481,1,2025,4157,1,0,49,develop,assessor or aerials,0,0,0,0,1,0
714483,2,2024,1233,1,0,49,develop,assessor or aerials,0,0,0,0,1,0
714484,1,2025,1707,1,0,49,develop,assessor or aerials,0,0,0,0,1,0
714486,1,2024,1260,1,0,49,develop,assessor or aerials,0,0,0,0,1,0
714487,2,2024,2207,1,0,49,develop,assessor or aerials,0,0,0,0,1,0
714488,1,2024,2137,1,0,49,develop,assessor or aerials,0,0,0,0,1,0
714493,2,2024,2258,1,0,49,develop,assessor or aerials,0,0,0,0,1,0
714495,1,2025,2186,1,0,49,develop,assessor or aerials,0,0,0,0,1,0
714505,1,2025,2213,1,0,49,develop,assessor or aerials,0,0,0,0,1,0
714512,2,2025,1470,1,0,49,develop,assessor or aerials,0,0,0,0,1,0
714513,2,2024,2207,1,0,49,develop,assessor or aerials,0,0,0,0,1,0
714517,1,2024,2582,1,0,49,develop,assessor or aerials,0,0,0,0,1,0
714518,1,2025,3287,1,0,49,develop,assessor or aerials,0,0,0,0,1,0
714519,3,2025,17362,0,0,49,develop,assessor or aerials,0,0,0,0,1,17362
714525,1,2024,4573,1,0,49,develop,assessor or aerials,0,0,0,0,1,0
714526,1,2024,3501,1,0,49,develop,assessor or aerials,0,0,0,0,1,0
714528,1,2024,1260,1,0,49,develop,assessor or aerials,0,0,0,0,1,0
714530,1,2025,3431,1,0,49,develop,assessor or aerials,0,0,0,0,1,0
714534,3,2025,19138,0,0,49,develop,assessor or aerials,0,0,0,0,1,19138
714536,2,2024,970,1,0,49,develop,assessor or aerials,0,0,0,0,1,0
714540,2,2025,903,1,0,49,develop,assessor or aerials,0,0,0,0,1,0
714541,1,2025,1260,1,0,49,develop,assessor or aerials,0,0,0,0,1,0
714544,2,2024,2207,1,0,49,develop,assessor or aerials,0,0,0,0,1,0
714550,1,2025,2204,1,0,49,develop,assessor or aerials,0,0,0,0,1,0
714559,1,2025,526,1,0,49,develop,assessor or aerials,0,0,0,0,1,0
714560,1,2025,110,1,0,49,develop,assessor or aerials,0,0,0,0,1,0
714566,1,2024,1260,1,0,49,develop,assessor or aerials,0,0,0,0,1,0
714570,1,2024,281,1,0,49,develop,assessor or aerials,0,0,0,0,1,0
714576,1,2025,3792,1,0,49,develop,assessor or aerials,0,0,0,0,1,0
714579,1,2025,3095,1,0,49,develop,assessor or aerials,0,0,0,0,1,0
714581,2,2025,1084,1,0,49,develop,assessor or aerials,0,0,0,0,1,0
714583,1,2025,784,1,0,49,develop,assessor or aerials,0,0,0,0,1,0
714584,1,2025,8939,1,0,49,develop,assessor or aerials,0,0,0,0,1,0
714585,2,2025,3161,1,0,49,develop,assessor or aerials,0,0,0,0,1,0
714587,1,2025,526,1,0,49,develop,assessor or aerials,0,0,0,0,1,0
714591,2,2025,1237,1,0,49,develop,assessor or aerials,0,0,0,0,1,0
714593,1,2025,3290,1,0,49,develop,assessor or aerials,0,0,0,0,1,0
714598,1,2025,2286,1,0,49,develop,assessor or aerials,0,0,0,0,1,0
714601,1,2024,281,1,0,49,develop,assessor or aerials,0,0,0,0,1,0
714603,2,2025,1561,1,0,49,develop,assessor or aerials,0,0,0,0,1,0
714605,2,2024,1341,1,0,49,develop,assessor or aerials,0,0,0,0,1,0
714613,1,2024,4564,1,0,49,develop,assessor or aerials,0,0,0,0,1,0
714614,2,2024,1237,1,0,49,develop,assessor or aerials,0,0,0,0,1,0
714619,2,2025,3130,1,0,49,develop,assessor or aerials,0,0,0,0,1,0
714621,1,2025,1216,1,0,49,develop,assessor or aerials,0,0,0,0,1,0
714624,2,2024,2207,1,0,49,develop,assessor or aerials,0,0,0,0,1,0
714625,1,2024,4573,1,0,49,develop,assessor or aerials,0,0,0,0,1,0
714627,1,2024,3120,1,0,49,develop,assessor or aerials,0,0,0,0,1,0
714632,1,2024,3201,1,0,49,develop,assessor or aerials,0,0,0,0,1,0
714633,1,2025,5123,1,0,49,develop,assessor or aerials,0,0,0,0,1,0
714640,1,2024,1524,1,0,49,develop,assessor or aerials,0,0,0,0,1,0
714643,1,2025,3270,1,0,49,develop,assessor or aerials,0,0,0,0,1,0
714644,1,2025,4145,1,0,49,develop,assessor or aerials,0,0,0,0,1,0
714646,1,2024,7816,1,0,49,develop,assessor or aerials,0,0,0,0,1,0
714649,2,2024,1237,1,0,49,develop,assessor or aerials,0,0,0,0,1,0
714650,1,2025,3181,1,0,49,develop,assessor or aerials,0,0,0,0,1,0
714658,2,2024,1569,1,0,49,develop,assessor or aerials,0,0,0,0,1,0
714659,1,2025,2577,1,0,49,develop,assessor or aerials,0,0,0,0,1,0
714660,1,2024,2582,1,0,49,develop,assessor or aerials,0,0,0,0,1,0
714663,2,2025,1101,1,0,49,develop,assessor or aerials,0,0,0,0,1,0
714665,2,2025,1561,1,0,49,develop,assessor or aerials,0,0,0,0,1,0
714666,2,2024,1569,1,0,49,develop,assessor or aerials,0,0,0,0,1,0
714667,2,2024,2165,1,0,49,develop,assessor or aerials,0,0,0,0,1,0
714670,1,2024,266,1,0,49,develop,assessor or aerials,0,0,0,0,1,0
714671,2,2025,903,1,0,49,develop,assessor or aerials,0,0,0,0,1,0
714673,2,2024,1792,1,0,49,develop,assessor or aerials,0,0,0,0,1,0
714675,1,2025,99,1,0,49,develop,assessor or aerials,0,0,0,0,1,0
714677,1,2025,1178,1,0,49,develop,assessor or aerials,0,0,0,0,1,0
714678,2,2025,2849,1,0,49,develop,assessor or aerials,0,0,0,0,1,0
714681,1,2024,1260,1,0,49,develop,assessor or aerials,0,0,0,0,1,0
714685,1,2025,1801,1,0,49,develop,assessor or aerials,0,0,0,0,1,0
714690,1,2025,29593,1,0,49,develop,assessor or aerials,0,0,0,0,1,0
714694,1,2024,5604,1,0,49,develop,assessor or aerials,0,0,0,0,1,0
714695,1,2024,2928,1,0,49,develop,assessor or aerials,0,0,0,0,1,0
714700,1,2024,1305,1,0,49,develop,assessor or aerials,0,0,0,0,1,0
714701,1,2024,1766,1,0,49,develop,assessor or aerials,0,0,0,0,1,0
714702,1,2024,2980,1,0,49,develop,assessor or aerials,0,0,0,0,1,0
714704,1,2024,2976,1,0,49,develop,assessor or aerials,0,0,0,0,1,0
714705,2,2024,1084,1,0,49,develop,assessor or aerials,0,0,0,0,1,0
714708,1,2024,1676,1,0,49,develop,assessor or aerials,0,0,0,0,1,0
714711,2,2025,333,1,0,49,develop,assessor or aerials,0,0,0,0,1,0
714715,1,2025,2431,1,0,49,develop,assessor or aerials,0,0,0,0,1,0
714717,1,2024,5604,1,0,49,develop,assessor or aerials,0,0,0,0,1,0
714719,1,2024,3016,1,0,49,develop,assessor or aerials,0,0,0,0,1,0
714727,1,2024,3246,1,0,49,develop,assessor or aerials,0,0,0,0,1,0
714733,2,2025,919,1,0,49,develop,assessor or aerials,0,0,0,0,1,0
714735,2,2024,1295,1,0,49,develop,assessor or aerials,0,0,0,0,1,0
714736,1,2025,2139,1,0,49,develop,assessor or aerials,0,0,0,0,1,0
714742,1,2024,1260,1,0,49,develop,assessor or aerials,0,0,0,0,1,0
714744,1,2024,7487,1,0,49,develop,assessor or aerials,0,0,0,0,1,0
714746,1,2024,2275,1,0,49,develop,assessor or aerials,0,0,0,0,1,0
714748,2,2025,1084,1,0,49,develop,assessor or aerials,0,0,0,0,1,0
714749,1,2024,2907,1,0,49,develop,assessor or aerials,0,0,0,0,1,0
714751,1,2025,3361,1,0,49,develop,assessor or aerials,0,0,0,0,1,0
714756,8,2024,1027,0,0,49,develop,assessor or aerials,0,0,0,0,1,1027
714757,2,2024,1651,1,0,49,develop,assessor or aerials,0,0,0,0,1,0
714758,1,2024,4866,1,0,49,develop,assessor or aerials,0,0,0,0,1,0
714760,1,2024,3736,1,0,49,develop,assessor or aerials,0,0,0,0,1,0
714761,2,2025,813,1,0,49,develop,assessor or aerials,0,0,0,0,1,0
714762,1,2024,1260,1,0,49,develop,assessor or aerials,0,0,0,0,1,0
714765,2,2024,1341,1,0,49,develop,assessor or aerials,0,0,0,0,1,0
714768,2,2024,1233,1,0,49,develop,assessor or aerials,0,0,0,0,1,0
714769,2,2025,333,1,0,49,develop,assessor or aerials,0,0,0,0,1,0
714772,1,2025,4390,1,0,49,develop,assessor or aerials,0,0,0,0,1,0
714774,2,2024,2154,1,0,49,develop,assessor or aerials,0,0,0,0,1,0
714777,1,2025,3389,1,0,49,develop,assessor or aerials,0,0,0,0,1,0
714778,2,2025,1561,1,0,49,develop,assessor or aerials,0,0,0,0,1,0
714780,2,2025,2882,1,0,49,develop,assessor or aerials,0,0,0,0,1,0
714781,1,2024,2582,1,0,49,develop,assessor or aerials,0,0,0,0,1,0
714784,1,2024,1260,1,0,49,develop,assessor or aerials,0,0,0,0,1,0
714785,1,2025,2439,1,0,49,develop,assessor or aerials,0,0,0,0,1,0
714794,2,2024,1237,1,0,49,develop,assessor or aerials,0,0,0,0,1,0
714799,2,2024,1084,1,0,49,develop,assessor or aerials,0,0,0,0,1,0
714800,1,2024,1453,1,0,49,develop,assessor or aerials,0,0,0,0,1,0
714801,1,2025,2580,1,0,49,develop,assessor or aerials,0,0,0,0,1,0
714802,1,2025,912,1,0,49,develop,assessor or aerials,0,0,0,0,1,0
714805,1,2024,1524,1,0,49,develop,assessor or aerials,0,0,0,0,1,0
714809,1,2025,526,1,0,49,develop,assessor or aerials,0,0,0,0,1,0
714816,3,2025,18534,0,0,49,develop,assessor or aerials,0,0,0,0,1,18534
714817,2,2025,1561,1,0,49,develop,assessor or aerials,0,0,0,0,1,0
714819,1,2024,1830,1,0,49,develop,assessor or aerials,0,0,0,0,1,0
714821,1,2025,526,1,0,49,develop,assessor or aerials,0,0,0,0,1,0
714822,1,2025,4303,1,0,49,develop,assessor or aerials,0,0,0,0,1,0
714823,1,2025,2298,1,0,49,develop,assessor or aerials,0,0,0,0,1,0
714824,2,2025,333,1,0,49,develop,assessor or aerials,0,0,0,0,1,0
714825,1,2025,6763,1,0,49,develop,assessor or aerials,0,0,0,0,1,0
714826,1,2024,1196,1,0,49,develop,assessor or aerials,0,0,0,0,1,0
714830,2,2025,1092,1,0,49,develop,assessor or aerials,0,0,0,0,1,0
714831,1,2025,2966,1,0,49,develop,assessor or aerials,0,0,0,0,1,0
714838,2,2024,2339,1,0,49,develop,assessor or aerials,0,0,0,0,1,0
714846,2,2025,1561,1,0,49,develop,assessor or aerials,0,0,0,0,1,0
714849,2,2024,2261,1,0,49,develop,assessor or aerials,0,0,0,0,1,0
714850,1,2025,3580,1,0,49,develop,assessor or aerials,0,0,0,0,1,0
714851,1,2025,5493,1,0,49,develop,assessor or aerials,0,0,0,0,1,0
714857,2,2024,791,1,0,49,develop,assessor or aerials,0,0,0,0,1,0
714859,1,2025,6084,1,0,49,develop,assessor or aerials,0,0,0,0,1,0
714861,1,2024,1528,1,0,49,develop,assessor or aerials,0,0,0,0,1,0
714864,4,2024,3000,0,0,49,develop,assessor or aerials,0,0,0,0,1,3000
714865,1,2024,282,1,0,49,develop,assessor or aerials,0,0,0,0,1,0
714868,1,2024,1524,1,0,49,develop,assessor or aerials,0,0,0,0,1,0
714871,2,2024,1295,1,0,49,develop,assessor or aerials,0,0,0,0,1,0
714874,2,2024,1084,1,0,49,develop,assessor or aerials,0,0,0,0,1,0
714882,1,2025,1457,1,0,49,develop,assessor or aerials,0,0,0,0,1,0
714884,1,2025,4228,1,0,49,develop,assessor or aerials,0,0,0,0,1,0
714891,2,2025,2664,1,0,49,develop,assessor or aerials,0,0,0,0,1,0
714895,1,2024,2051,1,0,49,develop,assessor or aerials,0,0,0,0,1,0
714899,3,2025,17401,0,0,49,develop,assessor or aerials,0,0,0,0,1,17401
714904,2,2025,970,1,0,49,develop,assessor or aerials,0,0,0,0,1,0
714908,1,2024,2582,1,0,49,develop,assessor or aerials,0,0,0,0,1,0
714912,2,2024,746,1,0,49,develop,assessor or aerials,0,0,0,0,1,0
714915,1,2025,110,1,0,49,develop,assessor or aerials,0,0,0,0,1,0
714916,1,2025,2228,1,0,49,develop,assessor or aerials,0,0,0,0,1,0
714918,2,2025,1237,1,0,49,develop,assessor or aerials,0,0,0,0,1,0
714919,1,2024,3428,1,0,49,develop,assessor or aerials,0,0,0,0,1,0
714920,1,2025,27079,1,0,49,develop,assessor or aerials,0,0,0,0,1,0
714921,1,2025,2850,1,0,49,develop,assessor or aerials,0,0,0,0,1,0
714931,2,2024,1443,1,0,49,develop,assessor or aerials,0,0,0,0,1,0
714932,8,2024,47,0,0,49,develop,assessor or aerials,0,0,0,0,1,47
714933,1,2024,1260,1,0,49,develop,assessor or aerials,0,0,0,0,1,0
714938,1,2024,2920,1,0,49,develop,assessor or aerials,0,0,0,0,1,0
714943,2,2024,2420,1,0,49,develop,assessor or aerials,0,0,0,0,1,0
714945,8,2024,161,0,0,49,develop,assessor or aerials,0,0,0,0,1,161
714955,2,2024,1081,1,0,49,develop,assessor or aerials,0,0,0,0,1,0
714966,2,2025,3161,1,0,49,develop,assessor or aerials,0,0,0,0,1,0
714971,2,2025,1101,1,0,49,develop,assessor or aerials,0,0,0,0,1,0
714972,2,2025,919,1,0,49,develop,assessor or aerials,0,0,0,0,1,0
714982,1,2024,3074,1,0,49,develop,assessor or aerials,0,0,0,0,1,0
714985,1,2024,547,1,0,49,develop,assessor or aerials,0,0,0,0,1,0
714989,1,2024,3374,1,0,49,develop,assessor or aerials,0,0,0,0,1,0
714990,2,2024,2154,1,0,49,develop,assessor or aerials,0,0,0,0,1,0
714993,1,2025,106,1,0,49,develop,assessor or aerials,0,0,0,0,1,0
714997,2,2025,1470,1,0,49,develop,assessor or aerials,0,0,0,0,1,0
715002,1,2024,29,1,0,49,develop,assessor or aerials,0,0,0,0,1,0
715003,2,2024,1084,1,0,49,develop,assessor or aerials,0,0,0,0,1,0
715004,2,2024,993,1,0,49,develop,assessor or aerials,0,0,0,0,1,0
715005,1,2024,8424,1,0,49,develop,assessor or aerials,0,0,0,0,1,0
715008,1,2024,1769,1,0,49,develop,assessor or aerials,0,0,0,0,1,0
715013,2,2024,1452,1,0,49,develop,assessor or aerials,0,0,0,0,1,0
715016,2,2025,1084,1,0,49,develop,assessor or aerials,0,0,0,0,1,0
715017,4,2025,3000,0,0,49,develop,assessor or aerials,0,0,0,0,1,3000
715018,2,2024,2207,1,0,49,develop,assessor or aerials,0,0,0,0,1,0
715020,1,2025,110,1,0,49,develop,assessor or aerials,0,0,0,0,1,0
715021,2,2024,2210,1,0,49,develop,assessor or aerials,0,0,0,0,1,0
715023,1,2024,3246,1,0,49,develop,assessor or aerials,0,0,0,0,1,0
715025,1,2024,2026,1,0,49,develop,assessor or aerials,0,0,0,0,1,0
715033,2,2024,2207,1,0,49,develop,assessor or aerials,0,0,0,0,1,0
715034,2,2025,4398,1,0,49,develop,assessor or aerials,0,0,0,0,1,0
715035,2,2024,1985,1,0,49,develop,assessor or aerials,0,0,0,0,1,0
715040,1,2025,3743,1,0,49,develop,assessor or aerials,0,0,0,0,1,0
715041,2,2025,2664,1,0,49,develop,assessor or aerials,0,0,0,0,1,0
715044,2,2025,4355,1,0,49,develop,assessor or aerials,0,0,0,0,1,0
715046,1,2025,4157,1,0,49,develop,assessor or aerials,0,0,0,0,1,0
715052,1,2024,1756,1,0,49,develop,assessor or aerials,0,0,0,0,1,0
715055,2,2025,1561,1,0,49,develop,assessor or aerials,0,0,0,0,1,0
715057,2,2024,1084,1,0,49,develop,assessor or aerials,0,0,0,0,1,0
715059,1,2025,3771,1,0,49,develop,assessor or aerials,0,0,0,0,1,0
715062,2,2025,1561,1,0,49,develop,assessor or aerials,0,0,0,0,1,0
715064,1,2025,526,1,0,49,develop,assessor or aerials,0,0,0,0,1,0
715074,1,2024,1443,1,0,49,develop,assessor or aerials,0,0,0,0,1,0
715082,2,2024,1242,1,0,49,develop,assessor or aerials,0,0,0,0,1,0
715090,1,2025,3028,1,0,49,develop,assessor or aerials,0,0,0,0,1,0
715091,1,2024,1305,1,0,49,develop,assessor or aerials,0,0,0,0,1,0
715100,1,2025,526,1,0,49,develop,assessor or aerials,0,0,0,0,1,0
715101,2,2025,1237,1,0,49,develop,assessor or aerials,0,0,0,0,1,0
715106,1,2024,2936,1,0,49,develop,assessor or aerials,0,0,0,0,1,0
715109,1,2025,526,1,0,49,develop,assessor or aerials,0,0,0,0,1,0
715114,2,2024,1084,1,0,49,develop,assessor or aerials,0,0,0,0,1,0
715117,1,2024,2275,1,0,49,develop,assessor or aerials,0,0,0,0,1,0
715119,2,2024,2207,1,0,49,develop,assessor or aerials,0,0,0,0,1,0
715143,1,2024,3007,1,0,49,develop,assessor or aerials,0,0,0,0,1,0
715156,2,2024,1935,1,0,49,develop,assessor or aerials,0,0,0,0,1,0
715186,2,2024,2339,1,0,49,develop,assessor or aerials,0,0,0,0,1,0
715235,1,2025,1888,1,0,49,develop,assessor or aerials,0,0,0,0,1,0
715258,1,2024,3046,1,0,49,develop,assessor or aerials,0,0,0,0,1,0
715265,2,2024,2018,1,0,49,develop,assessor or aerials,0,0,0,0,1,0
715272,2,2024,1133,1,0,49,develop,assessor or aerials,0,0,0,0,1,0
715292,2,2024,768,1,0,49,develop,assessor or aerials,0,0,0,0,1,0
715349,2,2025,1783,1,0,49,develop,assessor or aerials,0,0,0,0,1,0
715351,2,2024,1950,1,0,49,develop,assessor or aerials,0,0,0,0,1,0
715354,2,2025,1727,1,0,49,develop,assessor or aerials,0,0,0,0,1,0
715360,2,2024,2339,1,0,49,develop,assessor or aerials,0,0,0,0,1,0
715391,1,2025,3338,1,0,49,develop,assessor or aerials,0,0,0,0,1,0
715407,2,2024,2475,1,0,49,develop,assessor or aerials,0,0,0,0,1,0
715413,2,2024,1219,1,0,49,develop,assessor or aerials,0,0,0,0,1,0
715415,2,2024,768,1,0,49,develop,assessor or aerials,0,0,0,0,1,0
715421,2,2024,1516,1,0,49,develop,assessor or aerials,0,0,0,0,1,0
715458,1,2025,2551,1,0,49,develop,assessor or aerials,0,0,0,0,1,0
715498,1,2024,2847,1,0,49,develop,assessor or aerials,0,0,0,0,1,0
715562,2,2025,1607,1,0,49,develop,assessor or aerials,0,0,0,0,1,0
715604,2,2024,939,1,0,49,develop,assessor or aerials,0,0,0,0,1,0
715608,1,2025,7574,1,0,49,develop,assessor or aerials,0,0,0,0,1,0
715610,2,2024,774,1,0,49,develop,assessor or aerials,0,0,0,0,1,0
715621,2,2024,2339,1,0,49,develop,assessor or aerials,0,0,0,0,1,0
715622,1,2024,4981,1,0,49,develop,assessor or aerials,0,0,0,0,1,0
715629,1,2024,2764,1,0,49,develop,assessor or aerials,0,0,0,0,1,0
715632,1,2024,3992,1,0,49,develop,assessor or aerials,0,0,0,0,1,0
715661,2,2024,1366,1,0,49,develop,assessor or aerials,0,0,0,0,1,0
715664,2,2024,2225,1,0,49,develop,assessor or aerials,0,0,0,0,1,0
715676,2,2024,2412,1,0,49,develop,assessor or aerials,0,0,0,0,1,0
715690,2,2024,2018,1,0,49,develop,assessor or aerials,0,0,0,0,1,0
715713,2,2024,2285,1,0,49,develop,assessor or aerials,0,0,0,0,1,0
715716,2,2024,2412,1,0,49,develop,assessor or aerials,0,0,0,0,1,0
715730,2,2025,1909,1,0,49,develop,assessor or aerials,0,0,0,0,1,0
715733,1,2024,3450,1,0,49,develop,assessor or aerials,0,0,0,0,1,0
715745,1,2025,3489,1,0,49,develop,assessor or aerials,0,0,0,0,1,0
715749,2,2024,779,1,0,49,develop,assessor or aerials,0,0,0,0,1,0
715754,2,2025,1727,1,0,49,develop,assessor or aerials,0,0,0,0,1,0
715766,1,2024,3031,1,0,49,develop,assessor or aerials,0,0,0,0,1,0
715793,2,2025,1945,1,0,49,develop,assessor or aerials,0,0,0,0,1,0
715794,2,2024,2412,1,0,49,develop,assessor or aerials,0,0,0,0,1,0
715797,2,2024,938,1,0,49,develop,assessor or aerials,0,0,0,0,1,0
715814,2,2025,1945,1,0,49,develop,assessor or aerials,0,0,0,0,1,0
715837,2,2024,2412,1,0,49,develop,assessor or aerials,0,0,0,0,1,0
715843,1,2024,3041,1,0,49,develop,assessor or aerials,0,0,0,0,1,0
715849,1,2024,2978,1,0,49,develop,assessor or aerials,0,0,0,0,1,0
715878,2,2024,1614,1,0,49,develop,assessor or aerials,0,0,0,0,1,0
715906,1,2024,3431,1,0,49,develop,assessor or aerials,0,0,0,0,1,0
715919,2,2024,1808,1,0,49,develop,assessor or aerials,0,0,0,0,1,0
715927,2,2024,2412,1,0,49,develop,assessor or aerials,0,0,0,0,1,0
715941,2,2025,1607,1,0,49,develop,assessor or aerials,0,0,0,0,1,0
715945,1,2024,7560,1,0,49,develop,assessor or aerials,0,0,0,0,1,0
715959,2,2024,2498,1,0,49,develop,assessor or aerials,0,0,0,0,1,0
715962,1,2024,2272,1,0,49,develop,assessor or aerials,0,0,0,0,1,0
715969,2,2024,1392,1,0,49,develop,assessor or aerials,0,0,0,0,1,0
715975,1,2025,8052,1,0,49,develop,assessor or aerials,0,0,0,0,1,0
715987,2,2024,2018,1,0,49,develop,assessor or aerials,0,0,0,0,1,0
716000,2,2025,1783,1,0,49,develop,assessor or aerials,0,0,0,0,1,0
719286,1,2024,14603,1,0,49,develop,assessor or aerials,0,0,0,0,1,0
720871,1,2025,4612,1,0,49,develop,assessor or aerials,0,0,0,0,1,0
723668,1,2025,2802,1,0,49,develop,assessor or aerials,0,0,0,0,1,0
724583,1,2025,2615,1,0,49,develop,assessor or aerials,0,0,0,0,1,0
724636,1,2025,2802,1,0,49,develop,assessor or aerials,0,0,0,0,1,0
724693,1,2024,3024,1,0,49,develop,assessor or aerials,0,0,0,0,1,0
724970,1,2024,6642,1,0,49,develop,assessor or aerials,0,0,0,0,1,0
724995,5,2026,897,0,0,49,develop,assessor or aerials,0,0,0,0,1,897
725063,1,2025,3049,1,0,49,develop,assessor or aerials,0,0,0,0,1,0
725130,1,2025,2802,1,0,49,develop,assessor or aerials,0,0,0,0,1,0
725164,1,2025,2615,1,0,49,develop,assessor or aerials,0,0,0,0,1,0
725188,1,2025,3419,1,0,49,develop,assessor or aerials,0,0,0,0,1,0
725628,1,2025,2615,1,0,49,develop,assessor or aerials,0,0,0,0,1,0
725926,1,2025,2615,1,0,49,develop,assessor or aerials,0,0,0,0,1,0
726003,1,2025,3850,1,0,49,develop,assessor or aerials,0,0,0,0,1,0
726316,1,2025,3110,1,0,49,develop,assessor or aerials,0,0,0,0,1,0
726380,1,2025,2615,1,0,49,develop,assessor or aerials,0,0,0,0,1,0
726479,1,2025,5630,1,0,49,develop,assessor or aerials,0,0,0,0,1,0
726522,1,2025,2615,1,0,49,develop,assessor or aerials,0,0,0,0,1,0
726537,1,2025,2615,1,0,49,develop,assessor or aerials,0,0,0,0,1,0
726617,1,2025,2575,1,0,49,develop,assessor or aerials,0,0,0,0,1,0
726661,1,2025,2615,1,0,49,develop,assessor or aerials,0,0,0,0,1,0
726994,1,2025,2654,1,0,49,develop,assessor or aerials,0,0,0,0,1,0
727073,1,2025,2942,1,0,49,develop,assessor or aerials,0,0,0,0,1,0
727224,1,2025,3784,1,0,49,develop,assessor or aerials,0,0,0,0,1,0
727263,1,2025,2615,1,0,49,develop,assessor or aerials,0,0,0,0,1,0
727315,1,2025,3633,1,0,49,develop,assessor or aerials,0,0,0,0,1,0
727348,1,2025,2802,1,0,49,develop,assessor or aerials,0,0,0,0,1,0
727383,1,2025,2652,1,0,49,develop,assessor or aerials,0,0,0,0,1,0
727485,1,2025,5291,1,0,49,develop,assessor or aerials,0,0,0,0,1,0
727677,1,2025,2679,1,0,49,develop,assessor or aerials,0,0,0,0,1,0
727714,1,2025,2687,1,0,49,develop,assessor or aerials,0,0,0,0,1,0
728985,1,2025,2989,1,0,49,develop,assessor or aerials,0,0,0,0,1,0
729018,1,2025,2652,1,0,49,develop,assessor or aerials,0,0,0,0,1,0
729579,1,2025,2617,1,0,49,develop,assessor or aerials,0,0,0,0,1,0
730435,1,2025,14849,1,0,49,develop,assessor or aerials,0,0,0,0,1,0
730742,2,2026,1273,1,0,49,develop,assessor or aerials,0,0,0,0,1,0
730822,2,2026,1273,1,0,49,develop,assessor or aerials,0,0,0,0,1,0
731145,2,2026,1162,1,0,49,develop,assessor or aerials,0,0,0,0,1,0
731189,2,2026,1273,1,0,49,develop,assessor or aerials,0,0,0,0,1,0
731297,2,2026,1162,1,0,49,develop,assessor or aerials,0,0,0,0,1,0
731589,2,2026,1162,1,0,49,develop,assessor or aerials,0,0,0,0,1,0
731651,2,2026,1273,1,0,49,develop,assessor or aerials,0,0,0,0,1,0
732363,1,2025,6480,1,0,49,develop,assessor or aerials,0,0,0,0,1,0
732740,1,2025,14198,1,0,49,develop,assessor or aerials,0,0,0,0,1,0
736334,1,2025,1207,1,0,49,develop,assessor or aerials,0,0,0,0,1,0
736465,1,2025,8180,1,0,49,develop,assessor or aerials,0,0,0,0,1,0
736579,1,2025,5035,1,0,49,develop,assessor or aerials,0,0,0,0,1,0
736932,1,2025,7737,1,0,49,develop,assessor or aerials,0,0,0,0,1,0
737109,1,2025,8673,1,0,49,develop,assessor or aerials,0,0,0,0,1,0
737391,1,2025,5254,1,0,49,develop,assessor or aerials,0,0,0,0,1,0
737730,1,2025,1263,1,0,49,develop,assessor or aerials,0,0,0,0,1,0
738001,1,2025,5217,1,0,49,develop,assessor or aerials,0,0,0,0,1,0
738238,1,2025,3044,1,0,49,develop,assessor or aerials,0,0,0,0,1,0
738653,8,2025,2000,0,0,49,develop,assessor or aerials,0,0,0,0,1,2000
738972,1,2024,4228,1,0,49,develop,assessor or aerials,0,0,0,0,1,0
739212,1,2024,49787,1,0,49,develop,assessor or aerials,0,0,0,0,1,0
739214,2,2025,1036,1,0,49,develop,assessor or aerials,0,0,0,0,1,0
739327,2,2025,1036,1,0,49,develop,assessor or aerials,0,0,0,0,1,0
739358,1,2024,3073,1,0,49,develop,assessor or aerials,0,0,0,0,1,0
739410,1,2025,4073,1,0,49,develop,assessor or aerials,0,0,0,0,1,0
739703,1,2024,2693,1,0,49,develop,assessor or aerials,0,0,0,0,1,0
739870,1,2024,6636,1,0,49,develop,assessor or aerials,0,0,0,0,1,0
739933,1,2024,3831,1,0,49,develop,assessor or aerials,0,0,0,0,1,0
739992,1,2025,4739,1,0,49,develop,assessor or aerials,0,0,0,0,1,0
739994,1,2025,8580,1,0,49,develop,assessor or aerials,0,0,0,0,1,0
740025,1,2024,28380,1,0,49,develop,assessor or aerials,0,0,0,0,1,0
740075,1,2025,3626,1,0,49,develop,assessor or aerials,0,0,0,0,1,0
740173,2,2024,1471,1,0,49,develop,assessor or aerials,0,0,0,0,1,0
740178,1,2025,5199,1,0,49,develop,assessor or aerials,0,0,0,0,1,0
740224,1,2025,4445,1,0,49,develop,assessor or aerials,0,0,0,0,1,0
740314,1,2025,4180,1,0,49,develop,assessor or aerials,0,0,0,0,1,0
740420,1,2025,6021,1,0,49,develop,assessor or aerials,0,0,0,0,1,0
740484,2,2024,1471,1,0,49,develop,assessor or aerials,0,0,0,0,1,0
740516,2,2024,1504,1,0,49,develop,assessor or aerials,0,0,0,0,1,0
740534,1,2025,2349,1,0,49,develop,assessor or aerials,0,0,0,0,1,0
740545,1,2024,1741,1,0,49,develop,assessor or aerials,0,0,0,0,1,0
740650,1,2025,2645,1,0,49,develop,assessor or aerials,0,0,0,0,1,0
740694,1,2024,2623,1,0,49,develop,assessor or aerials,0,0,0,0,1,0
740724,1,2025,2018,1,0,49,develop,assessor or aerials,0,0,0,0,1,0
740771,5,2026,2070,0,0,49,develop,assessor or aerials,0,0,0,0,1,2070
740788,1,2025,2361,1,0,49,develop,assessor or aerials,0,0,0,0,1,0
740800,1,2025,4173,1,0,49,develop,assessor or aerials,0,0,0,0,1,0
741008,1,2025,4430,1,0,49,develop,assessor or aerials,0,0,0,0,1,0
741051,1,2024,2167,1,0,49,develop,assessor or aerials,0,0,0,0,1,0
741066,1,2024,1878,1,0,49,develop,assessor or aerials,0,0,0,0,1,0
741069,2,2024,1491,1,0,49,develop,assessor or aerials,0,0,0,0,1,0
741174,2,2024,1519,1,0,49,develop,assessor or aerials,0,0,0,0,1,0
741235,1,2025,3238,1,0,49,develop,assessor or aerials,0,0,0,0,1,0
741423,1,2024,1623,1,0,49,develop,assessor or aerials,0,0,0,0,1,0
741432,1,2024,3164,1,0,49,develop,assessor or aerials,0,0,0,0,1,0
741447,1,2024,2612,1,0,49,develop,assessor or aerials,0,0,0,0,1,0
741520,2,2024,1519,1,0,49,develop,assessor or aerials,0,0,0,0,1,0
741569,1,2025,3400,1,0,49,develop,assessor or aerials,0,0,0,0,1,0
741804,1,2024,1079,1,0,49,develop,assessor or aerials,0,0,0,0,1,0
741807,2,2024,11822,9,0,49,develop,assessor or aerials,0,0,0,0,1,0
741852,1,2025,2612,1,0,49,develop,assessor or aerials,0,0,0,0,1,0
742001,1,2025,3910,1,0,49,develop,assessor or aerials,0,0,0,0,1,0
742039,1,2025,4482,1,0,49,develop,assessor or aerials,0,0,0,0,1,0
742064,1,2025,2247,1,0,49,develop,assessor or aerials,0,0,0,0,1,0
742075,2,2024,2213,1,0,49,develop,assessor or aerials,0,0,0,0,1,0
742079,2,2024,2030,1,0,49,develop,assessor or aerials,0,0,0,0,1,0
742081,1,2024,4256,1,0,49,develop,assessor or aerials,0,0,0,0,1,0
742089,1,2024,3260,1,0,49,develop,assessor or aerials,0,0,0,0,1,0
742095,2,2024,1433,1,0,49,develop,assessor or aerials,0,0,0,0,1,0
742131,1,2024,4253,1,0,49,develop,assessor or aerials,0,0,0,0,1,0
742138,1,2024,13170,1,0,49,develop,assessor or aerials,0,0,0,0,1,0
742161,1,2024,3029,1,0,49,develop,assessor or aerials,0,0,0,0,1,0
742179,1,2025,2969,1,0,49,develop,assessor or aerials,0,0,0,0,1,0
742203,2,2024,1194,1,0,49,develop,assessor or aerials,0,0,0,0,1,0
742209,1,2025,6171,1,0,49,develop,assessor or aerials,0,0,0,0,1,0
742223,1,2024,1793,1,0,49,develop,assessor or aerials,0,0,0,0,1,0
742253,1,2024,5813,1,0,49,develop,assessor or aerials,0,0,0,0,1,0
742275,1,2025,3865,1,0,49,develop,assessor or aerials,0,0,0,0,1,0
742294,1,2025,7726,1,0,49,develop,assessor or aerials,0,0,0,0,1,0
742298,2,2024,2030,1,0,49,develop,assessor or aerials,0,0,0,0,1,0
742392,1,2025,3980,1,0,49,develop,assessor or aerials,0,0,0,0,1,0
742407,1,2024,3765,1,0,49,develop,assessor or aerials,0,0,0,0,1,0
742408,1,2025,9285,1,0,49,develop,assessor or aerials,0,0,0,0,1,0
742439,2,2025,1294,1,0,49,develop,assessor or aerials,0,0,0,0,1,0
742444,1,2025,4225,1,0,49,develop,assessor or aerials,0,0,0,0,1,0
742486,2,2024,2030,1,0,49,develop,assessor or aerials,0,0,0,0,1,0
742517,1,2025,4775,1,0,49,develop,assessor or aerials,0,0,0,0,1,0
742532,1,2025,2645,1,0,49,develop,assessor or aerials,0,0,0,0,1,0
742539,1,2024,7548,1,0,49,develop,assessor or aerials,0,0,0,0,1,0
742567,1,2024,9480,1,0,49,develop,assessor or aerials,0,0,0,0,1,0
742568,1,2024,5756,1,0,49,develop,assessor or aerials,0,0,0,0,1,0
742621,1,2024,2275,1,0,49,develop,assessor or aerials,0,0,0,0,1,0
742639,1,2025,7808,1,0,49,develop,assessor or aerials,0,0,0,0,1,0
742666,1,2025,4826,1,0,49,develop,assessor or aerials,0,0,0,0,1,0
742726,2,2024,2030,1,0,49,develop,assessor or aerials,0,0,0,0,1,0
742735,1,2025,8630,1,0,49,develop,assessor or aerials,0,0,0,0,1,0
742736,1,2024,7398,1,0,49,develop,assessor or aerials,0,0,0,0,1,0
742740,2,2024,1194,1,0,49,develop,assessor or aerials,0,0,0,0,1,0
742777,1,2024,5784,1,0,49,develop,assessor or aerials,0,0,0,0,1,0
742798,1,2024,5400,1,0,49,develop,assessor or aerials,0,0,0,0,1,0
742805,3,2024,390788,0,0,49,develop,assessor or aerials,0,0,0,0,1,390788
742840,1,2024,1786,1,0,49,develop,assessor or aerials,0,0,0,0,1,0
742866,1,2024,2246,1,0,49,develop,assessor or aerials,0,0,0,0,1,0
742869,1,2025,3754,1,0,49,develop,assessor or aerials,0,0,0,0,1,0
742870,1,2024,3921,1,0,49,develop,assessor or aerials,0,0,0,0,1,0
742884,1,2024,1754,1,0,49,develop,assessor or aerials,0,0,0,0,1,0
742916,1,2024,1774,1,0,49,develop,assessor or aerials,0,0,0,0,1,0
742917,1,2025,4153,1,0,49,develop,assessor or aerials,0,0,0,0,1,0
742933,2,2024,1848,1,0,49,develop,assessor or aerials,0,0,0,0,1,0
742947,2,2025,1156,1,0,49,develop,assessor or aerials,0,0,0,0,1,0
742954,1,2024,3716,1,0,49,develop,assessor or aerials,0,0,0,0,1,0
742955,2,2025,1608,1,0,49,develop,assessor or aerials,0,0,0,0,1,0
742959,1,2025,4297,1,0,49,develop,assessor or aerials,0,0,0,0,1,0
742974,1,2024,3913,1,0,49,develop,assessor or aerials,0,0,0,0,1,0
742993,1,2025,4095,1,0,49,develop,assessor or aerials,0,0,0,0,1,0
743016,1,2025,2157,1,0,49,develop,assessor or aerials,0,0,0,0,1,0
743021,1,2024,2362,1,0,49,develop,assessor or aerials,0,0,0,0,1,0
743023,1,2025,10745,1,0,49,develop,assessor or aerials,0,0,0,0,1,0
743034,3,2024,77340,0,0,49,develop,assessor or aerials,0,0,0,0,1,77340
743038,1,2024,6678,1,0,49,develop,assessor or aerials,0,0,0,0,1,0
743091,1,2025,3394,1,0,49,develop,assessor or aerials,0,0,0,0,1,0
743114,1,2025,3641,1,0,49,develop,assessor or aerials,0,0,0,0,1,0
743121,1,2024,3271,1,0,49,develop,assessor or aerials,0,0,0,0,1,0
743126,1,2025,3291,1,0,49,develop,assessor or aerials,0,0,0,0,1,0
743127,1,2025,4776,1,0,49,develop,assessor or aerials,0,0,0,0,1,0
743128,1,2025,2610,1,0,49,develop,assessor or aerials,0,0,0,0,1,0
743131,1,2024,3523,1,0,49,develop,assessor or aerials,0,0,0,0,1,0
743151,1,2024,2204,1,0,49,develop,assessor or aerials,0,0,0,0,1,0
743153,2,2024,1101,1,0,49,develop,assessor or aerials,0,0,0,0,1,0
743161,2,2025,2066,1,0,49,develop,assessor or aerials,0,0,0,0,1,0
743177,1,2024,2468,1,0,49,develop,assessor or aerials,0,0,0,0,1,0
743184,1,2024,1793,1,0,49,develop,assessor or aerials,0,0,0,0,1,0
743192,1,2024,3942,1,0,49,develop,assessor or aerials,0,0,0,0,1,0
743193,2,2024,1608,1,0,49,develop,assessor or aerials,0,0,0,0,1,0
743207,2,2024,1608,1,0,49,develop,assessor or aerials,0,0,0,0,1,0
743231,1,2025,2662,1,0,49,develop,assessor or aerials,0,0,0,0,1,0
743238,1,2025,3543,1,0,49,develop,assessor or aerials,0,0,0,0,1,0
743250,2,2025,1721,1,0,49,develop,assessor or aerials,0,0,0,0,1,0
743265,1,2025,8061,1,0,49,develop,assessor or aerials,0,0,0,0,1,0
743274,1,2024,5486,1,0,49,develop,assessor or aerials,0,0,0,0,1,0
743293,1,2024,3849,1,0,49,develop,assessor or aerials,0,0,0,0,1,0
743329,2,2025,967,1,0,49,develop,assessor or aerials,0,0,0,0,1,0
743331,1,2025,3320,1,0,49,develop,assessor or aerials,0,0,0,0,1,0
743338,2,2025,1141,1,0,49,develop,assessor or aerials,0,0,0,0,1,0
743346,2,2024,1545,1,0,49,develop,assessor or aerials,0,0,0,0,1,0
743348,2,2024,1608,1,0,49,develop,assessor or aerials,0,0,0,0,1,0
743355,1,2024,3901,1,0,49,develop,assessor or aerials,0,0,0,0,1,0
743365,1,2025,3997,1,0,49,develop,assessor or aerials,0,0,0,0,1,0
743380,1,2025,1921,1,0,49,develop,assessor or aerials,0,0,0,0,1,0
743395,2,2024,1846,1,0,49,develop,assessor or aerials,0,0,0,0,1,0
743415,1,2024,6817,1,0,49,develop,assessor or aerials,0,0,0,0,1,0
743440,1,2024,1910,1,0,49,develop,assessor or aerials,0,0,0,0,1,0
743445,2,2024,925,1,0,49,develop,assessor or aerials,0,0,0,0,1,0
743456,2,2024,1860,1,0,49,develop,assessor or aerials,0,0,0,0,1,0
743472,1,2025,5532,1,0,49,develop,assessor or aerials,0,0,0,0,1,0
743492,1,2025,4571,1,0,49,develop,assessor or aerials,0,0,0,0,1,0
743501,1,2025,4430,1,0,49,develop,assessor or aerials,0,0,0,0,1,0
743504,1,2025,2109,1,0,49,develop,assessor or aerials,0,0,0,0,1,0
743508,2,2024,1608,1,0,49,develop,assessor or aerials,0,0,0,0,1,0
743522,1,2024,3463,1,0,49,develop,assessor or aerials,0,0,0,0,1,0
743525,1,2025,7408,1,0,49,develop,assessor or aerials,0,0,0,0,1,0
743551,2,2024,1099,1,0,49,develop,assessor or aerials,0,0,0,0,1,0
743565,1,2024,1712,1,0,49,develop,assessor or aerials,0,0,0,0,1,0
743566,1,2025,3637,1,0,49,develop,assessor or aerials,0,0,0,0,1,0
743583,2,2025,2353,1,0,49,develop,assessor or aerials,0,0,0,0,1,0
743595,1,2025,2221,1,0,49,develop,assessor or aerials,0,0,0,0,1,0
743609,1,2024,2156,1,0,49,develop,assessor or aerials,0,0,0,0,1,0
743624,1,2024,4744,1,0,49,develop,assessor or aerials,0,0,0,0,1,0
743631,1,2024,2054,1,0,49,develop,assessor or aerials,0,0,0,0,1,0
743635,1,2025,875,1,0,49,develop,assessor or aerials,0,0,0,0,1,0
743657,1,2025,3907,1,0,49,develop,assessor or aerials,0,0,0,0,1,0
743668,1,2025,5878,1,0,49,develop,assessor or aerials,0,0,0,0,1,0
743672,1,2024,4588,1,0,49,develop,assessor or aerials,0,0,0,0,1,0
743684,1,2025,4223,1,0,49,develop,assessor or aerials,0,0,0,0,1,0
743685,1,2024,4021,1,0,49,develop,assessor or aerials,0,0,0,0,1,0
743713,1,2024,2086,1,0,49,develop,assessor or aerials,0,0,0,0,1,0
743720,1,2025,1886,1,0,49,develop,assessor or aerials,0,0,0,0,1,0
743721,1,2025,4262,1,0,49,develop,assessor or aerials,0,0,0,0,1,0
743722,2,2025,2406,1,0,49,develop,assessor or aerials,0,0,0,0,1,0
743727,1,2024,1986,1,0,49,develop,assessor or aerials,0,0,0,0,1,0
743737,1,2024,4005,1,0,49,develop,assessor or aerials,0,0,0,0,1,0
743747,1,2024,4579,1,0,49,develop,assessor or aerials,0,0,0,0,1,0
743764,1,2024,2099,1,0,49,develop,assessor or aerials,0,0,0,0,1,0
743832,1,2025,10004,1,0,49,develop,assessor or aerials,0,0,0,0,1,0
743847,1,2024,2109,1,0,49,develop,assessor or aerials,0,0,0,0,1,0
743854,1,2024,19251,1,0,49,develop,assessor or aerials,0,0,0,0,1,0
743855,2,2024,2233,1,0,49,develop,assessor or aerials,0,0,0,0,1,0
743861,1,2024,1793,1,0,49,develop,assessor or aerials,0,0,0,0,1,0
743863,1,2024,11834,1,0,49,develop,assessor or aerials,0,0,0,0,1,0
743871,1,2025,4740,1,0,49,develop,assessor or aerials,0,0,0,0,1,0
743880,1,2024,8159,1,0,49,develop,assessor or aerials,0,0,0,0,1,0
743883,2,2025,1295,1,0,49,develop,assessor or aerials,0,0,0,0,1,0
743886,2,2025,4308,1,0,49,develop,assessor or aerials,0,0,0,0,1,0
743889,1,2025,3262,1,0,49,develop,assessor or aerials,0,0,0,0,1,0
743890,1,2024,4160,1,0,49,develop,assessor or aerials,0,0,0,0,1,0
743893,1,2025,2266,1,0,49,develop,assessor or aerials,0,0,0,0,1,0
743905,1,2025,817,1,0,49,develop,assessor or aerials,0,0,0,0,1,0
743907,1,2024,5042,1,0,49,develop,assessor or aerials,0,0,0,0,1,0
743908,1,2025,5535,1,0,49,develop,assessor or aerials,0,0,0,0,1,0
743910,1,2025,1621,1,0,49,develop,assessor or aerials,0,0,0,0,1,0
743911,1,2025,1858,1,0,49,develop,assessor or aerials,0,0,0,0,1,0
743917,2,2024,2206,1,0,49,develop,assessor or aerials,0,0,0,0,1,0
743926,2,2025,1295,1,0,49,develop,assessor or aerials,0,0,0,0,1,0
743928,1,2026,1148,1,0,49,develop,assessor or aerials,0,0,0,0,1,0
743931,1,2024,1737,1,0,49,develop,assessor or aerials,0,0,0,0,1,0
743940,1,2025,3534,1,0,49,develop,assessor or aerials,0,0,0,0,1,0
743948,2,2025,2058,1,0,49,develop,assessor or aerials,0,0,0,0,1,0
743949,1,2024,1467,1,0,49,develop,assessor or aerials,0,0,0,0,1,0
743959,1,2024,3026,1,0,49,develop,assessor or aerials,0,0,0,0,1,0
743965,1,2025,3826,1,0,49,develop,assessor or aerials,0,0,0,0,1,0
743968,1,2025,2419,1,0,49,develop,assessor or aerials,0,0,0,0,1,0
743970,1,2025,2543,1,0,49,develop,assessor or aerials,0,0,0,0,1,0
743977,2,2025,1292,1,0,49,develop,assessor or aerials,0,0,0,0,1,0
743980,1,2025,3376,1,0,49,develop,assessor or aerials,0,0,0,0,1,0
743987,1,2025,1263,1,0,49,develop,assessor or aerials,0,0,0,0,1,0
743988,1,2025,2369,1,0,49,develop,assessor or aerials,0,0,0,0,1,0
743989,1,2025,2545,1,0,49,develop,assessor or aerials,0,0,0,0,1,0
743990,1,2024,2356,1,0,49,develop,assessor or aerials,0,0,0,0,1,0
743992,1,2024,1518,1,0,49,develop,assessor or aerials,0,0,0,0,1,0
743997,2,2025,2209,1,0,49,develop,assessor or aerials,0,0,0,0,1,0
744002,1,2024,1956,1,0,49,develop,assessor or aerials,0,0,0,0,1,0
744024,1,2025,1263,1,0,49,develop,assessor or aerials,0,0,0,0,1,0
744026,1,2025,1845,1,0,49,develop,assessor or aerials,0,0,0,0,1,0
744042,2,2024,1302,1,0,49,develop,assessor or aerials,0,0,0,0,1,0
744043,1,2025,305,1,0,49,develop,assessor or aerials,0,0,0,0,1,0
744045,2,2025,2898,1,0,49,develop,assessor or aerials,0,0,0,0,1,0
744046,1,2025,1958,1,0,49,develop,assessor or aerials,0,0,0,0,1,0
744062,1,2025,3201,1,0,49,develop,assessor or aerials,0,0,0,0,1,0
744083,1,2024,820,1,0,49,develop,assessor or aerials,0,0,0,0,1,0
744086,1,2025,3397,1,0,49,develop,assessor or aerials,0,0,0,0,1,0
744087,2,2024,2220,1,0,49,develop,assessor or aerials,0,0,0,0,1,0
744089,1,2024,2850,1,0,49,develop,assessor or aerials,0,0,0,0,1,0
744091,1,2025,3920,1,0,49,develop,assessor or aerials,0,0,0,0,1,0
744093,2,2025,2086,1,0,49,develop,assessor or aerials,0,0,0,0,1,0
744096,2,2024,1036,1,0,49,develop,assessor or aerials,0,0,0,0,1,0
744097,2,2024,1036,1,0,49,develop,assessor or aerials,0,0,0,0,1,0
744100,1,2025,1296,1,0,49,develop,assessor or aerials,0,0,0,0,1,0
744101,2,2025,1036,1,0,49,develop,assessor or aerials,0,0,0,0,1,0
744102,2,2024,1953,1,0,49,develop,assessor or aerials,0,0,0,0,1,0
744103,1,2024,4868,1,0,49,develop,assessor or aerials,0,0,0,0,1,0
744106,1,2024,2439,1,0,49,develop,assessor or aerials,0,0,0,0,1,0
744111,2,2024,7895,9,0,49,develop,assessor or aerials,0,0,0,0,1,0
744112,1,2025,693,1,0,49,develop,assessor or aerials,0,0,0,0,1,0
744113,1,2024,1793,1,0,49,develop,assessor or aerials,0,0,0,0,1,0
744126,1,2025,3337,1,0,49,develop,assessor or aerials,0,0,0,0,1,0
744128,1,2025,305,1,0,49,develop,assessor or aerials,0,0,0,0,1,0
744130,1,2025,2057,1,0,49,develop,assessor or aerials,0,0,0,0,1,0
744137,1,2024,1002,1,0,49,develop,assessor or aerials,0,0,0,0,1,0
744138,1,2025,817,1,0,49,develop,assessor or aerials,0,0,0,0,1,0
744140,1,2024,820,1,0,49,develop,assessor or aerials,0,0,0,0,1,0
744141,1,2024,2384,1,0,49,develop,assessor or aerials,0,0,0,0,1,0
744155,1,2024,1481,1,0,49,develop,assessor or aerials,0,0,0,0,1,0
744157,2,2025,1328,1,0,49,develop,assessor or aerials,0,0,0,0,1,0
744159,1,2025,8138,1,0,49,develop,assessor or aerials,0,0,0,0,1,0
744161,2,2024,3161,1,0,49,develop,assessor or aerials,0,0,0,0,1,0
744173,1,2024,3127,1,0,49,develop,assessor or aerials,0,0,0,0,1,0
744193,2,2025,1015,1,0,49,develop,assessor or aerials,0,0,0,0,1,0
744194,1,2025,4241,1,0,49,develop,assessor or aerials,0,0,0,0,1,0
744201,1,2024,2511,1,0,49,develop,assessor or aerials,0,0,0,0,1,0
744202,1,2024,3278,1,0,49,develop,assessor or aerials,0,0,0,0,1,0
744203,2,2024,1036,1,0,49,develop,assessor or aerials,0,0,0,0,1,0
744226,1,2025,5513,1,0,49,develop,assessor or aerials,0,0,0,0,1,0
744238,1,2024,3386,1,0,49,develop,assessor or aerials,0,0,0,0,1,0
744245,1,2025,1895,1,0,49,develop,assessor or aerials,0,0,0,0,1,0
744246,2,2025,2191,1,0,49,develop,assessor or aerials,0,0,0,0,1,0
744247,1,2024,3500,1,0,49,develop,assessor or aerials,0,0,0,0,1,0
744250,1,2025,15259,1,0,49,develop,assessor or aerials,0,0,0,0,1,0
744252,1,2025,2195,1,0,49,develop,assessor or aerials,0,0,0,0,1,0
744263,1,2025,1405,1,0,49,develop,assessor or aerials,0,0,0,0,1,0
744267,4,2024,12900,0,0,49,develop,assessor or aerials,0,0,0,0,1,12900
744270,2,2025,4836,3,0,49,develop,assessor or aerials,0,0,0,0,1,0
744271,1,2025,1068,1,0,49,develop,assessor or aerials,0,0,0,0,1,0
744272,1,2024,1002,1,0,49,develop,assessor or aerials,0,0,0,0,1,0
744279,2,2024,1318,1,0,49,develop,assessor or aerials,0,0,0,0,1,0
744280,1,2024,3795,1,0,49,develop,assessor or aerials,0,0,0,0,1,0
744281,1,2024,1148,1,0,49,develop,assessor or aerials,0,0,0,0,1,0
744282,2,2024,1084,1,0,49,develop,assessor or aerials,0,0,0,0,1,0
744290,1,2025,3823,1,0,49,develop,assessor or aerials,0,0,0,0,1,0
744292,1,2024,4271,1,0,49,develop,assessor or aerials,0,0,0,0,1,0
744294,1,2025,2548,1,0,49,develop,assessor or aerials,0,0,0,0,1,0
744305,2,2024,2277,1,0,49,develop,assessor or aerials,0,0,0,0,1,0
744312,2,2024,2328,1,0,49,develop,assessor or aerials,0,0,0,0,1,0
744314,2,2025,1101,1,0,49,develop,assessor or aerials,0,0,0,0,1,0
744316,2,2024,2207,1,0,49,develop,assessor or aerials,0,0,0,0,1,0
744321,1,2024,2393,1,0,49,develop,assessor or aerials,0,0,0,0,1,0
744325,2,2024,1323,1,0,49,develop,assessor or aerials,0,0,0,0,1,0
744330,1,2025,700,1,0,49,develop,assessor or aerials,0,0,0,0,1,0
744332,1,2024,2334,1,0,49,develop,assessor or aerials,0,0,0,0,1,0
744337,1,2025,654,1,0,49,develop,assessor or aerials,0,0,0,0,1,0
744341,2,2026,1094,1,0,49,develop,assessor or aerials,0,0,0,0,1,0
744342,2,2025,1850,1,0,49,develop,assessor or aerials,0,0,0,0,1,0
744343,1,2025,1933,1,0,49,develop,assessor or aerials,0,0,0,0,1,0
744344,2,2025,1302,1,0,49,develop,assessor or aerials,0,0,0,0,1,0
744347,1,2024,2385,1,0,49,develop,assessor or aerials,0,0,0,0,1,0
744356,1,2025,2167,1,0,49,develop,assessor or aerials,0,0,0,0,1,0
744372,1,2025,2764,1,0,49,develop,assessor or aerials,0,0,0,0,1,0
744388,2,2024,1062,1,0,49,develop,assessor or aerials,0,0,0,0,1,0
744389,1,2025,3281,1,0,49,develop,assessor or aerials,0,0,0,0,1,0
744397,1,2024,3327,1,0,49,develop,assessor or aerials,0,0,0,0,1,0
744400,1,2025,1296,1,0,49,develop,assessor or aerials,0,0,0,0,1,0
744405,1,2025,2539,1,0,49,develop,assessor or aerials,0,0,0,0,1,0
744409,1,2024,3366,1,0,49,develop,assessor or aerials,0,0,0,0,1,0
744410,1,2025,837,1,0,49,develop,assessor or aerials,0,0,0,0,1,0
744414,2,2025,1295,1,0,49,develop,assessor or aerials,0,0,0,0,1,0
744417,1,2025,288,1,0,49,develop,assessor or aerials,0,0,0,0,1,0
744418,2,2024,1553,1,0,49,develop,assessor or aerials,0,0,0,0,1,0
744422,2,2025,933,1,0,49,develop,assessor or aerials,0,0,0,0,1,0
744429,6,2025,84000,0,0,49,develop,assessor or aerials,0,0,0,0,1,84000
744436,1,2024,1873,1,0,49,develop,assessor or aerials,0,0,0,0,1,0
744437,1,2025,5549,1,0,49,develop,assessor or aerials,0,0,0,0,1,0
744440,1,2024,3223,1,0,49,develop,assessor or aerials,0,0,0,0,1,0
744446,1,2024,1176,1,0,49,develop,assessor or aerials,0,0,0,0,1,0
744451,2,2025,1036,1,0,49,develop,assessor or aerials,0,0,0,0,1,0
744452,1,2025,6030,1,0,49,develop,assessor or aerials,0,0,0,0,1,0
744454,1,2024,1628,1,0,49,develop,assessor or aerials,0,0,0,0,1,0
744457,2,2025,1914,1,0,49,develop,assessor or aerials,0,0,0,0,1,0
744458,1,2025,2829,1,0,49,develop,assessor or aerials,0,0,0,0,1,0
744466,1,2025,2583,1,0,49,develop,assessor or aerials,0,0,0,0,1,0
744474,1,2025,7315,1,0,49,develop,assessor or aerials,0,0,0,0,1,0
744480,2,2025,1036,1,0,49,develop,assessor or aerials,0,0,0,0,1,0
744481,1,2024,3674,1,0,49,develop,assessor or aerials,0,0,0,0,1,0
744487,1,2025,7189,1,0,49,develop,assessor or aerials,0,0,0,0,1,0
744491,1,2025,3001,1,0,49,develop,assessor or aerials,0,0,0,0,1,0
744493,2,2025,1302,1,0,49,develop,assessor or aerials,0,0,0,0,1,0
744496,1,2024,2139,1,0,49,develop,assessor or aerials,0,0,0,0,1,0
744500,2,2024,1062,1,0,49,develop,assessor or aerials,0,0,0,0,1,0
744501,2,2025,3256,1,0,49,develop,assessor or aerials,0,0,0,0,1,0
744504,1,2025,2511,1,0,49,develop,assessor or aerials,0,0,0,0,1,0
744508,2,2026,2453,1,0,49,develop,assessor or aerials,0,0,0,0,1,0
744510,1,2024,1148,1,0,49,develop,assessor or aerials,0,0,0,0,1,0
744511,1,2024,3182,1,0,49,develop,assessor or aerials,0,0,0,0,1,0
744515,1,2025,2111,1,0,49,develop,assessor or aerials,0,0,0,0,1,0
744520,1,2024,2789,1,0,49,develop,assessor or aerials,0,0,0,0,1,0
744522,1,2025,1836,1,0,49,develop,assessor or aerials,0,0,0,0,1,0
744523,1,2025,16386,1,0,49,develop,assessor or aerials,0,0,0,0,1,0
744524,1,2025,1002,1,0,49,develop,assessor or aerials,0,0,0,0,1,0
744527,1,2025,2564,1,0,49,develop,assessor or aerials,0,0,0,0,1,0
744533,1,2025,2408,1,0,49,develop,assessor or aerials,0,0,0,0,1,0
744536,1,2025,17736,1,0,49,develop,assessor or aerials,0,0,0,0,1,0
744538,1,2024,6507,1,0,49,develop,assessor or aerials,0,0,0,0,1,0
744547,3,2024,139421,0,0,49,develop,assessor or aerials,0,0,0,0,1,139421
744549,1,2024,3366,1,0,49,develop,assessor or aerials,0,0,0,0,1,0
744555,1,2024,1630,1,0,49,develop,assessor or aerials,0,0,0,0,1,0
744557,2,2025,2246,1,0,49,develop,assessor or aerials,0,0,0,0,1,0
744558,1,2025,3413,1,0,49,develop,assessor or aerials,0,0,0,0,1,0
744562,2,2026,904,1,0,49,develop,assessor or aerials,0,0,0,0,1,0
744565,1,2025,9655,1,0,49,develop,assessor or aerials,0,0,0,0,1,0
744570,1,2025,1948,1,0,49,develop,assessor or aerials,0,0,0,0,1,0
744571,1,2025,2747,1,0,49,develop,assessor or aerials,0,0,0,0,1,0
744577,1,2024,616,1,0,49,develop,assessor or aerials,0,0,0,0,1,0
744584,1,2024,3910,1,0,49,develop,assessor or aerials,0,0,0,0,1,0
744590,1,2024,2511,1,0,49,develop,assessor or aerials,0,0,0,0,1,0
744592,1,2025,1553,1,0,49,develop,assessor or aerials,0,0,0,0,1,0
744594,1,2025,700,1,0,49,develop,assessor or aerials,0,0,0,0,1,0
744601,1,2024,1467,1,0,49,develop,assessor or aerials,0,0,0,0,1,0
744604,2,2025,1092,1,0,49,develop,assessor or aerials,0,0,0,0,1,0
744605,1,2024,3240,1,0,49,develop,assessor or aerials,0,0,0,0,1,0
744608,1,2025,3606,1,0,49,develop,assessor or aerials,0,0,0,0,1,0
744610,1,2024,2083,1,0,49,develop,assessor or aerials,0,0,0,0,1,0
744613,1,2024,1710,1,0,49,develop,assessor or aerials,0,0,0,0,1,0
744615,1,2025,1719,1,0,49,develop,assessor or aerials,0,0,0,0,1,0
744623,1,2024,4602,1,0,49,develop,assessor or aerials,0,0,0,0,1,0
744626,1,2025,3163,1,0,49,develop,assessor or aerials,0,0,0,0,1,0
744635,1,2025,4548,1,0,49,develop,assessor or aerials,0,0,0,0,1,0
744639,5,2026,975,0,0,49,develop,assessor or aerials,0,0,0,0,1,975
744640,2,2024,1442,1,0,49,develop,assessor or aerials,0,0,0,0,1,0
744642,2,2025,1470,1,0,49,develop,assessor or aerials,0,0,0,0,1,0
744650,3,2025,19549,0,0,49,develop,assessor or aerials,0,0,0,0,1,19549
744652,2,2025,1561,1,0,49,develop,assessor or aerials,0,0,0,0,1,0
744661,1,2024,4573,1,0,49,develop,assessor or aerials,0,0,0,0,1,0
744663,1,2025,1813,1,0,49,develop,assessor or aerials,0,0,0,0,1,0
744664,1,2025,3265,1,0,49,develop,assessor or aerials,0,0,0,0,1,0
744667,1,2024,2582,1,0,49,develop,assessor or aerials,0,0,0,0,1,0
744668,2,2025,1561,1,0,49,develop,assessor or aerials,0,0,0,0,1,0
744674,2,2024,1511,1,0,49,develop,assessor or aerials,0,0,0,0,1,0
744676,1,2025,3174,1,0,49,develop,assessor or aerials,0,0,0,0,1,0
744678,2,2025,1021,1,0,49,develop,assessor or aerials,0,0,0,0,1,0
744679,1,2024,1443,1,0,49,develop,assessor or aerials,0,0,0,0,1,0
744680,1,2024,2582,1,0,49,develop,assessor or aerials,0,0,0,0,1,0
744681,1,2025,7809,1,0,49,develop,assessor or aerials,0,0,0,0,1,0
744684,2,2025,333,1,0,49,develop,assessor or aerials,0,0,0,0,1,0
744686,2,2024,2210,1,0,49,develop,assessor or aerials,0,0,0,0,1,0
744688,2,2024,2210,1,0,49,develop,assessor or aerials,0,0,0,0,1,0
744690,1,2024,6937,1,0,49,develop,assessor or aerials,0,0,0,0,1,0
744691,1,2024,1586,1,0,49,develop,assessor or aerials,0,0,0,0,1,0
744693,1,2024,3510,1,0,49,develop,assessor or aerials,0,0,0,0,1,0
744696,1,2024,2582,1,0,49,develop,assessor or aerials,0,0,0,0,1,0
744703,2,2024,2207,1,0,49,develop,assessor or aerials,0,0,0,0,1,0
744707,8,2024,334,0,0,49,develop,assessor or aerials,0,0,0,0,1,334
744708,1,2025,2723,1,0,49,develop,assessor or aerials,0,0,0,0,1,0
744720,1,2025,1563,1,0,49,develop,assessor or aerials,0,0,0,0,1,0
744725,2,2025,333,1,0,49,develop,assessor or aerials,0,0,0,0,1,0
744726,2,2025,2664,1,0,49,develop,assessor or aerials,0,0,0,0,1,0
744730,2,2025,4225,1,0,49,develop,assessor or aerials,0,0,0,0,1,0
744731,1,2024,1409,1,0,49,develop,assessor or aerials,0,0,0,0,1,0
744734,1,2025,3071,1,0,49,develop,assessor or aerials,0,0,0,0,1,0
744735,1,2025,526,1,0,49,develop,assessor or aerials,0,0,0,0,1,0
744736,2,2024,2285,1,0,49,develop,assessor or aerials,0,0,0,0,1,0
744741,1,2025,29401,1,0,49,develop,assessor or aerials,0,0,0,0,1,0
744742,2,2024,2225,1,0,49,develop,assessor or aerials,0,0,0,0,1,0
744744,1,2024,1260,1,0,49,develop,assessor or aerials,0,0,0,0,1,0
744749,1,2024,2726,1,0,49,develop,assessor or aerials,0,0,0,0,1,0
744750,2,2024,4869,6,0,49,develop,assessor or aerials,0,0,0,0,1,0
744752,1,2024,1260,1,0,49,develop,assessor or aerials,0,0,0,0,1,0
744754,2,2024,2207,1,0,49,develop,assessor or aerials,0,0,0,0,1,0
744757,1,2025,526,1,0,49,develop,assessor or aerials,0,0,0,0,1,0
744758,1,2025,2723,1,0,49,develop,assessor or aerials,0,0,0,0,1,0
744760,1,2024,2089,1,0,49,develop,assessor or aerials,0,0,0,0,1,0
744768,2,2024,970,1,0,49,develop,assessor or aerials,0,0,0,0,1,0
744771,2,2025,1561,1,0,49,develop,assessor or aerials,0,0,0,0,1,0
744772,2,2025,5010,1,0,49,develop,assessor or aerials,0,0,0,0,1,0
744775,2,2025,3130,1,0,49,develop,assessor or aerials,0,0,0,0,1,0
744776,2,2024,1341,1,0,49,develop,assessor or aerials,0,0,0,0,1,0
744777,1,2025,11982,1,0,49,develop,assessor or aerials,0,0,0,0,1,0
744780,1,2025,99,1,0,49,develop,assessor or aerials,0,0,0,0,1,0
744782,1,2024,1305,1,0,49,develop,assessor or aerials,0,0,0,0,1,0
744783,2,2025,3161,1,0,49,develop,assessor or aerials,0,0,0,0,1,0
744784,2,2024,2154,1,0,49,develop,assessor or aerials,0,0,0,0,1,0
744786,2,2024,2339,1,0,49,develop,assessor or aerials,0,0,0,0,1,0
744788,2,2025,333,1,0,49,develop,assessor or aerials,0,0,0,0,1,0
744790,2,2025,372,1,0,49,develop,assessor or aerials,0,0,0,0,1,0
744793,1,2024,1260,1,0,49,develop,assessor or aerials,0,0,0,0,1,0
744794,2,2024,1341,1,0,49,develop,assessor or aerials,0,0,0,0,1,0
744801,1,2024,3231,1,0,49,develop,assessor or aerials,0,0,0,0,1,0
744805,1,2024,1260,1,0,49,develop,assessor or aerials,0,0,0,0,1,0
744806,1,2025,3556,1,0,49,develop,assessor or aerials,0,0,0,0,1,0
744815,1,2025,2404,1,0,49,develop,assessor or aerials,0,0,0,0,1,0
744816,1,2025,3043,1,0,49,develop,assessor or aerials,0,0,0,0,1,0
744817,2,2025,3161,1,0,49,develop,assessor or aerials,0,0,0,0,1,0
744818,2,2025,333,1,0,49,develop,assessor or aerials,0,0,0,0,1,0
744826,2,2024,970,1,0,49,develop,assessor or aerials,0,0,0,0,1,0
744827,1,2024,1341,1,0,49,develop,assessor or aerials,0,0,0,0,1,0
744837,1,2024,1260,1,0,49,develop,assessor or aerials,0,0,0,0,1,0
744838,2,2024,1084,1,0,49,develop,assessor or aerials,0,0,0,0,1,0
744840,1,2024,1260,1,0,49,develop,assessor or aerials,0,0,0,0,1,0
744841,1,2024,940,1,0,49,develop,assessor or aerials,0,0,0,0,1,0
744842,2,2025,372,1,0,49,develop,assessor or aerials,0,0,0,0,1,0
744847,1,2024,2620,1,0,49,develop,assessor or aerials,0,0,0,0,1,0
744865,2,2024,1561,1,0,49,develop,assessor or aerials,0,0,0,0,1,0
744876,2,2025,952,1,0,49,develop,assessor or aerials,0,0,0,0,1,0
744878,1,2024,4573,1,0,49,develop,assessor or aerials,0,0,0,0,1,0
744879,2,2024,2261,1,0,49,develop,assessor or aerials,0,0,0,0,1,0
744885,1,2024,1443,1,0,49,develop,assessor or aerials,0,0,0,0,1,0
744886,1,2024,3084,1,0,49,develop,assessor or aerials,0,0,0,0,1,0
744887,1,2025,976,1,0,49,develop,assessor or aerials,0,0,0,0,1,0
744888,1,2025,5771,1,0,49,develop,assessor or aerials,0,0,0,0,1,0
744889,1,2024,7073,1,0,49,develop,assessor or aerials,0,0,0,0,1,0
744890,2,2024,2413,1,0,49,develop,assessor or aerials,0,0,0,0,1,0
744900,1,2025,526,1,0,49,develop,assessor or aerials,0,0,0,0,1,0
744905,2,2024,2345,1,0,49,develop,assessor or aerials,0,0,0,0,1,0
744908,2,2025,357,1,0,49,develop,assessor or aerials,0,0,0,0,1,0
744909,1,2024,1807,1,0,49,develop,assessor or aerials,0,0,0,0,1,0
744910,1,2024,3736,1,0,49,develop,assessor or aerials,0,0,0,0,1,0
744911,1,2024,1305,1,0,49,develop,assessor or aerials,0,0,0,0,1,0
744913,1,2025,6336,1,0,49,develop,assessor or aerials,0,0,0,0,1,0
744914,1,2024,4273,1,0,49,develop,assessor or aerials,0,0,0,0,1,0
744917,1,2025,526,1,0,49,develop,assessor or aerials,0,0,0,0,1,0
744918,2,2025,372,1,0,49,develop,assessor or aerials,0,0,0,0,1,0
744920,1,2024,56,1,0,49,develop,assessor or aerials,0,0,0,0,1,0
744923,1,2024,3051,1,0,49,develop,assessor or aerials,0,0,0,0,1,0
744924,2,2025,1242,1,0,49,develop,assessor or aerials,0,0,0,0,1,0
744925,1,2024,1443,1,0,49,develop,assessor or aerials,0,0,0,0,1,0
744927,1,2024,1260,1,0,49,develop,assessor or aerials,0,0,0,0,1,0
744928,1,2025,2518,1,0,49,develop,assessor or aerials,0,0,0,0,1,0
744931,1,2024,1979,1,0,49,develop,assessor or aerials,0,0,0,0,1,0
744934,1,2024,1792,1,0,49,develop,assessor or aerials,0,0,0,0,1,0
744937,1,2025,976,1,0,49,develop,assessor or aerials,0,0,0,0,1,0
744941,1,2024,1260,1,0,49,develop,assessor or aerials,0,0,0,0,1,0
744943,1,2025,3266,1,0,49,develop,assessor or aerials,0,0,0,0,1,0
744946,1,2025,2323,1,0,49,develop,assessor or aerials,0,0,0,0,1,0
744947,1,2025,1738,1,0,49,develop,assessor or aerials,0,0,0,0,1,0
744949,1,2025,5203,1,0,49,develop,assessor or aerials,0,0,0,0,1,0
744951,1,2025,3675,1,0,49,develop,assessor or aerials,0,0,0,0,1,0
744952,2,2024,1341,1,0,49,develop,assessor or aerials,0,0,0,0,1,0
744953,1,2024,244,1,0,49,develop,assessor or aerials,0,0,0,0,1,0
744954,2,2024,2285,1,0,49,develop,assessor or aerials,0,0,0,0,1,0
744957,1,2024,1260,1,0,49,develop,assessor or aerials,0,0,0,0,1,0
744960,2,2024,2058,1,0,49,develop,assessor or aerials,0,0,0,0,1,0
744962,1,2025,10145,1,0,49,develop,assessor or aerials,0,0,0,0,1,0
744968,1,2024,1503,1,0,49,develop,assessor or aerials,0,0,0,0,1,0
744975,1,2025,526,1,0,49,develop,assessor or aerials,0,0,0,0,1,0
744976,2,2024,1792,1,0,49,develop,assessor or aerials,0,0,0,0,1,0
744980,1,2025,4309,1,0,49,develop,assessor or aerials,0,0,0,0,1,0
744984,1,2025,99,1,0,49,develop,assessor or aerials,0,0,0,0,1,0
744987,1,2024,65848,1,0,49,develop,assessor or aerials,0,0,0,0,1,0
744990,1,2025,526,1,0,49,develop,assessor or aerials,0,0,0,0,1,0
744991,2,2024,1651,1,0,49,develop,assessor or aerials,0,0,0,0,1,0
744994,1,2024,344,1,0,49,develop,assessor or aerials,0,0,0,0,1,0
744998,1,2025,526,1,0,49,develop,assessor or aerials,0,0,0,0,1,0
745001,1,2025,6509,1,0,49,develop,assessor or aerials,0,0,0,0,1,0
745005,2,2024,1083,1,0,49,develop,assessor or aerials,0,0,0,0,1,0
745007,2,2024,2207,1,0,49,develop,assessor or aerials,0,0,0,0,1,0
745013,1,2025,2749,1,0,49,develop,assessor or aerials,0,0,0,0,1,0
745016,1,2025,879,1,0,49,develop,assessor or aerials,0,0,0,0,1,0
745022,2,2025,372,1,0,49,develop,assessor or aerials,0,0,0,0,1,0
745023,2,2025,903,1,0,49,develop,assessor or aerials,0,0,0,0,1,0
745024,1,2025,3307,1,0,49,develop,assessor or aerials,0,0,0,0,1,0
745033,1,2024,1260,1,0,49,develop,assessor or aerials,0,0,0,0,1,0
745037,1,2024,2550,1,0,49,develop,assessor or aerials,0,0,0,0,1,0
745041,2,2024,2207,1,0,49,develop,assessor or aerials,0,0,0,0,1,0
745045,1,2024,13230,1,0,49,develop,assessor or aerials,0,0,0,0,1,0
745046,1,2024,3823,1,0,49,develop,assessor or aerials,0,0,0,0,1,0
745047,2,2025,1561,1,0,49,develop,assessor or aerials,0,0,0,0,1,0
745048,1,2025,4170,1,0,49,develop,assessor or aerials,0,0,0,0,1,0
745051,1,2024,9063,1,0,49,develop,assessor or aerials,0,0,0,0,1,0
745053,1,2025,2119,1,0,49,develop,assessor or aerials,0,0,0,0,1,0
745056,1,2024,3993,1,0,49,develop,assessor or aerials,0,0,0,0,1,0
745059,2,2024,1318,1,0,49,develop,assessor or aerials,0,0,0,0,1,0
745061,1,2025,3264,1,0,49,develop,assessor or aerials,0,0,0,0,1,0
745070,1,2024,95664,1,0,49,develop,assessor or aerials,0,0,0,0,1,0
745071,1,2024,3829,1,0,49,develop,assessor or aerials,0,0,0,0,1,0
745073,1,2025,99,1,0,49,develop,assessor or aerials,0,0,0,0,1,0
745078,1,2024,4128,1,0,49,develop,assessor or aerials,0,0,0,0,1,0
745085,1,2025,3656,1,0,49,develop,assessor or aerials,0,0,0,0,1,0
745088,1,2024,1260,1,0,49,develop,assessor or aerials,0,0,0,0,1,0
745090,2,2024,2054,1,0,49,develop,assessor or aerials,0,0,0,0,1,0
745094,1,2024,1480,1,0,49,develop,assessor or aerials,0,0,0,0,1,0
745095,1,2025,474,1,0,49,develop,assessor or aerials,0,0,0,0,1,0
745098,1,2024,1369,1,0,49,develop,assessor or aerials,0,0,0,0,1,0
745101,2,2024,1084,1,0,49,develop,assessor or aerials,0,0,0,0,1,0
745102,1,2025,526,1,0,49,develop,assessor or aerials,0,0,0,0,1,0
745104,2,2025,333,1,0,49,develop,assessor or aerials,0,0,0,0,1,0
745106,1,2024,630,1,0,49,develop,assessor or aerials,0,0,0,0,1,0
745107,1,2024,2566,1,0,49,develop,assessor or aerials,0,0,0,0,1,0
745108,2,2025,1470,1,0,49,develop,assessor or aerials,0,0,0,0,1,0
745112,1,2025,1961,1,0,49,develop,assessor or aerials,0,0,0,0,1,0
745113,1,2025,526,1,0,49,develop,assessor or aerials,0,0,0,0,1,0
745115,1,2024,2275,1,0,49,develop,assessor or aerials,0,0,0,0,1,0
745117,2,2024,1561,1,0,49,develop,assessor or aerials,0,0,0,0,1,0
745128,1,2025,976,1,0,49,develop,assessor or aerials,0,0,0,0,1,0
745131,1,2025,976,1,0,49,develop,assessor or aerials,0,0,0,0,1,0
745134,2,2024,2154,1,0,49,develop,assessor or aerials,0,0,0,0,1,0
745137,1,2025,3741,1,0,49,develop,assessor or aerials,0,0,0,0,1,0
745145,2,2025,1374,1,0,49,develop,assessor or aerials,0,0,0,0,1,0
745146,1,2025,3252,1,0,49,develop,assessor or aerials,0,0,0,0,1,0
745148,1,2024,1260,1,0,49,develop,assessor or aerials,0,0,0,0,1,0
745149,1,2024,2392,1,0,49,develop,assessor or aerials,0,0,0,0,1,0
745151,1,2025,2555,1,0,49,develop,assessor or aerials,0,0,0,0,1,0
745158,1,2024,1824,1,0,49,develop,assessor or aerials,0,0,0,0,1,0
745160,1,2024,6606,1,0,49,develop,assessor or aerials,0,0,0,0,1,0
745161,1,2024,2695,1,0,49,develop,assessor or aerials,0,0,0,0,1,0
745162,5,2026,3142,0,0,49,develop,assessor or aerials,0,0,0,0,1,3142
745164,2,2025,1561,1,0,49,develop,assessor or aerials,0,0,0,0,1,0
745168,2,2025,1464,1,0,49,develop,assessor or aerials,0,0,0,0,1,0
745177,2,2025,1237,1,0,49,develop,assessor or aerials,0,0,0,0,1,0
745186,2,2025,4356,1,0,49,develop,assessor or aerials,0,0,0,0,1,0
745187,1,2024,2582,1,0,49,develop,assessor or aerials,0,0,0,0,1,0
745189,1,2024,1305,1,0,49,develop,assessor or aerials,0,0,0,0,1,0
745191,3,2025,17833,0,0,49,develop,assessor or aerials,0,0,0,0,1,17833
745192,1,2025,2736,1,0,49,develop,assessor or aerials,0,0,0,0,1,0
745196,2,2025,970,1,0,49,develop,assessor or aerials,0,0,0,0,1,0
745204,1,2024,3736,1,0,49,develop,assessor or aerials,0,0,0,0,1,0
745205,1,2024,2275,1,0,49,develop,assessor or aerials,0,0,0,0,1,0
745206,1,2024,2859,1,0,49,develop,assessor or aerials,0,0,0,0,1,0
745209,1,2024,1260,1,0,49,develop,assessor or aerials,0,0,0,0,1,0
745212,1,2024,3452,1,0,49,develop,assessor or aerials,0,0,0,0,1,0
745213,1,2024,2275,1,0,49,develop,assessor or aerials,0,0,0,0,1,0
745221,2,2025,1242,1,0,49,develop,assessor or aerials,0,0,0,0,1,0
745222,1,2025,2176,1,0,49,develop,assessor or aerials,0,0,0,0,1,0
745223,2,2024,1511,1,0,49,develop,assessor or aerials,0,0,0,0,1,0
745225,1,2024,5604,1,0,49,develop,assessor or aerials,0,0,0,0,1,0
745230,1,2025,526,1,0,49,develop,assessor or aerials,0,0,0,0,1,0
745236,1,2025,6295,1,0,49,develop,assessor or aerials,0,0,0,0,1,0
745241,2,2025,933,1,0,49,develop,assessor or aerials,0,0,0,0,1,0
745242,1,2024,1813,1,0,49,develop,assessor or aerials,0,0,0,0,1,0
745244,2,2024,970,1,0,49,develop,assessor or aerials,0,0,0,0,1,0
745245,2,2025,1237,1,0,49,develop,assessor or aerials,0,0,0,0,1,0
745248,2,2024,1295,1,0,49,develop,assessor or aerials,0,0,0,0,1,0
745250,2,2024,2207,1,0,49,develop,assessor or aerials,0,0,0,0,1,0
745251,1,2025,526,1,0,49,develop,assessor or aerials,0,0,0,0,1,0
745256,2,2025,4697,1,0,49,develop,assessor or aerials,0,0,0,0,1,0
745260,1,2024,2728,1,0,49,develop,assessor or aerials,0,0,0,0,1,0
745262,1,2025,526,1,0,49,develop,assessor or aerials,0,0,0,0,1,0
745263,2,2024,835,1,0,49,develop,assessor or aerials,0,0,0,0,1,0
745274,2,2024,2258,1,0,49,develop,assessor or aerials,0,0,0,0,1,0
745276,1,2025,2523,1,0,49,develop,assessor or aerials,0,0,0,0,1,0
745279,2,2025,2086,1,0,49,develop,assessor or aerials,0,0,0,0,1,0
745282,1,2025,2604,1,0,49,develop,assessor or aerials,0,0,0,0,1,0
745284,1,2025,4206,1,0,49,develop,assessor or aerials,0,0,0,0,1,0
745285,2,2024,1341,1,0,49,develop,assessor or aerials,0,0,0,0,1,0
745288,2,2025,1237,1,0,49,develop,assessor or aerials,0,0,0,0,1,0
745289,2,2025,1561,1,0,49,develop,assessor or aerials,0,0,0,0,1,0
745290,1,2025,3228,1,0,49,develop,assessor or aerials,0,0,0,0,1,0
745292,2,2025,1561,1,0,49,develop,assessor or aerials,0,0,0,0,1,0
745294,2,2024,970,1,0,49,develop,assessor or aerials,0,0,0,0,1,0
745296,1,2025,1260,1,0,49,develop,assessor or aerials,0,0,0,0,1,0
745297,2,2024,1083,1,0,49,develop,assessor or aerials,0,0,0,0,1,0
745299,2,2025,1092,1,0,49,develop,assessor or aerials,0,0,0,0,1,0
745308,2,2025,1084,1,0,49,develop,assessor or aerials,0,0,0,0,1,0
745310,1,2025,3405,1,0,49,develop,assessor or aerials,0,0,0,0,1,0
745311,1,2025,96,1,0,49,develop,assessor or aerials,0,0,0,0,1,0
745317,1,2024,1260,1,0,49,develop,assessor or aerials,0,0,0,0,1,0
745322,2,2025,7649,1,0,49,develop,assessor or aerials,0,0,0,0,1,0
745324,1,2025,526,1,0,49,develop,assessor or aerials,0,0,0,0,1,0
745325,1,2024,3093,1,0,49,develop,assessor or aerials,0,0,0,0,1,0
745326,2,2025,485,1,0,49,develop,assessor or aerials,0,0,0,0,1,0
745329,1,2024,7418,1,0,49,develop,assessor or aerials,0,0,0,0,1,0
745332,1,2024,1593,1,0,49,develop,assessor or aerials,0,0,0,0,1,0
745334,2,2024,970,1,0,49,develop,assessor or aerials,0,0,0,0,1,0
745335,1,2025,110,1,0,49,develop,assessor or aerials,0,0,0,0,1,0
745340,1,2025,526,1,0,49,develop,assessor or aerials,0,0,0,0,1,0
745343,2,2025,1374,1,0,49,develop,assessor or aerials,0,0,0,0,1,0
745345,1,2025,2228,1,0,49,develop,assessor or aerials,0,0,0,0,1,0
745346,2,2024,993,1,0,49,develop,assessor or aerials,0,0,0,0,1,0
745349,2,2024,1341,1,0,49,develop,assessor or aerials,0,0,0,0,1,0
745351,2,2024,2420,1,0,49,develop,assessor or aerials,0,0,0,0,1,0
745353,1,2025,4412,1,0,49,develop,assessor or aerials,0,0,0,0,1,0
745356,1,2024,2376,1,0,49,develop,assessor or aerials,0,0,0,0,1,0
745382,2,2024,2113,1,0,49,develop,assessor or aerials,0,0,0,0,1,0
745385,1,2024,78748,1,0,49,develop,assessor or aerials,0,0,0,0,1,0
745404,2,2024,2339,1,0,49,develop,assessor or aerials,0,0,0,0,1,0
745420,2,2024,1616,1,0,49,develop,assessor or aerials,0,0,0,0,1,0
745425,1,2025,3366,1,0,49,develop,assessor or aerials,0,0,0,0,1,0
745435,2,2024,2285,1,0,49,develop,assessor or aerials,0,0,0,0,1,0
745448,1,2024,2978,1,0,49,develop,assessor or aerials,0,0,0,0,1,0
745455,2,2024,1074,1,0,49,develop,assessor or aerials,0,0,0,0,1,0
745459,2,2024,2498,1,0,49,develop,assessor or aerials,0,0,0,0,1,0
745501,2,2024,1808,1,0,49,develop,assessor or aerials,0,0,0,0,1,0
745505,1,2024,2155,1,0,49,develop,assessor or aerials,0,0,0,0,1,0
745509,1,2025,2338,1,0,49,develop,assessor or aerials,0,0,0,0,1,0
745546,2,2024,1416,1,0,49,develop,assessor or aerials,0,0,0,0,1,0
745576,2,2024,2412,1,0,49,develop,assessor or aerials,0,0,0,0,1,0
745590,2,2024,1817,1,0,49,develop,assessor or aerials,0,0,0,0,1,0
745593,2,2024,775,1,0,49,develop,assessor or aerials,0,0,0,0,1,0
745596,1,2024,2594,1,0,49,develop,assessor or aerials,0,0,0,0,1,0
745597,1,2024,2784,1,0,49,develop,assessor or aerials,0,0,0,0,1,0
745598,1,2025,3120,1,0,49,develop,assessor or aerials,0,0,0,0,1,0
745609,2,2024,1635,1,0,49,develop,assessor or aerials,0,0,0,0,1,0
745647,1,2025,2210,1,0,49,develop,assessor or aerials,0,0,0,0,1,0
745653,1,2025,3418,1,0,49,develop,assessor or aerials,0,0,0,0,1,0
745675,1,2025,2179,1,0,49,develop,assessor or aerials,0,0,0,0,1,0
745687,2,2024,768,1,0,49,develop,assessor or aerials,0,0,0,0,1,0
745705,2,2025,1607,1,0,49,develop,assessor or aerials,0,0,0,0,1,0
745718,1,2025,2767,1,0,49,develop,assessor or aerials,0,0,0,0,1,0
745728,1,2025,2029,1,0,49,develop,assessor or aerials,0,0,0,0,1,0
745739,2,2024,2412,1,0,49,develop,assessor or aerials,0,0,0,0,1,0
745740,2,2024,1615,1,0,49,develop,assessor or aerials,0,0,0,0,1,0
745804,1,2024,74538,1,0,49,develop,assessor or aerials,0,0,0,0,1,0
745818,2,2024,2339,1,0,49,develop,assessor or aerials,0,0,0,0,1,0
745834,2,2024,2296,1,0,49,develop,assessor or aerials,0,0,0,0,1,0
745855,1,2025,1485,1,0,49,develop,assessor or aerials,0,0,0,0,1,0
745875,2,2024,3278,1,0,49,develop,assessor or aerials,0,0,0,0,1,0
745880,2,2024,1962,1,0,49,develop,assessor or aerials,0,0,0,0,1,0
745883,2,2024,1517,1,0,49,develop,assessor or aerials,0,0,0,0,1,0
745933,2,2024,779,1,0,49,develop,assessor or aerials,0,0,0,0,1,0
745954,1,2025,1993,1,0,49,develop,assessor or aerials,0,0,0,0,1,0
745966,2,2024,778,1,0,49,develop,assessor or aerials,0,0,0,0,1,0
745984,1,2024,3018,1,0,49,develop,assessor or aerials,0,0,0,0,1,0
745990,1,2025,3235,1,0,49,develop,assessor or aerials,0,0,0,0,1,0
745994,1,2024,3126,1,0,49,develop,assessor or aerials,0,0,0,0,1,0
746012,2,2024,1301,1,0,49,develop,assessor or aerials,0,0,0,0,1,0
746019,1,2025,3852,1,0,49,develop,assessor or aerials,0,0,0,0,1,0
746031,1,2024,3016,1,0,49,develop,assessor or aerials,0,0,0,0,1,0
746050,1,2024,3790,1,0,49,develop,assessor or aerials,0,0,0,0,1,0
746058,2,2024,768,1,0,49,develop,assessor or aerials,0,0,0,0,1,0
746059,1,2024,3045,1,0,49,develop,assessor or aerials,0,0,0,0,1,0
746081,2,2024,1219,1,0,49,develop,assessor or aerials,0,0,0,0,1,0
746098,1,2025,1452,1,0,49,develop,assessor or aerials,0,0,0,0,1,0
746116,1,2024,17264,1,0,49,develop,assessor or aerials,0,0,0,0,1,0
746122,2,2024,1842,1,0,49,develop,assessor or aerials,0,0,0,0,1,0
746154,1,2024,3172,1,0,49,develop,assessor or aerials,0,0,0,0,1,0
746173,1,2025,3178,1,0,49,develop,assessor or aerials,0,0,0,0,1,0
746219,1,2024,6589,1,0,49,develop,assessor or aerials,0,0,0,0,1,0
753122,5,2026,907,0,0,49,develop,assessor or aerials,0,0,0,0,1,907
753198,1,2024,1950,1,0,49,develop,assessor or aerials,0,0,0,0,1,0
753427,5,2026,990,0,0,49,develop,assessor or aerials,0,0,0,0,1,990
753980,1,2025,2615,1,0,49,develop,assessor or aerials,0,0,0,0,1,0
755400,1,2025,2989,1,0,49,develop,assessor or aerials,0,0,0,0,1,0
755563,1,2025,2802,1,0,49,develop,assessor or aerials,0,0,0,0,1,0
755775,1,2025,2794,1,0,49,develop,assessor or aerials,0,0,0,0,1,0
755901,1,2025,2615,1,0,49,develop,assessor or aerials,0,0,0,0,1,0
756289,1,2025,2802,1,0,49,develop,assessor or aerials,0,0,0,0,1,0
756324,1,2025,2615,1,0,49,develop,assessor or aerials,0,0,0,0,1,0
756393,1,2025,2615,1,0,49,develop,assessor or aerials,0,0,0,0,1,0
756430,1,2025,3395,1,0,49,develop,assessor or aerials,0,0,0,0,1,0
756440,1,2024,3676,1,0,49,develop,assessor or aerials,0,0,0,0,1,0
756462,1,2025,2649,1,0,49,develop,assessor or aerials,0,0,0,0,1,0
756542,1,2024,5386,1,0,49,develop,assessor or aerials,0,0,0,0,1,0
756599,1,2025,2615,1,0,49,develop,assessor or aerials,0,0,0,0,1,0
756714,1,2025,2957,1,0,49,develop,assessor or aerials,0,0,0,0,1,0
756880,1,2025,2409,1,0,49,develop,assessor or aerials,0,0,0,0,1,0
756955,1,2025,2615,1,0,49,develop,assessor or aerials,0,0,0,0,1,0
757088,1,2025,2796,1,0,49,develop,assessor or aerials,0,0,0,0,1,0
757116,1,2025,2615,1,0,49,develop,assessor or aerials,0,0,0,0,1,0
757386,1,2025,3551,1,0,49,develop,assessor or aerials,0,0,0,0,1,0
757449,1,2025,2802,1,0,49,develop,assessor or aerials,0,0,0,0,1,0
757450,1,2025,2802,1,0,49,develop,assessor or aerials,0,0,0,0,1,0
757456,1,2025,2615,1,0,49,develop,assessor or aerials,0,0,0,0,1,0
757576,1,2025,2652,1,0,49,develop,assessor or aerials,0,0,0,0,1,0
757917,1,2025,2615,1,0,49,develop,assessor or aerials,0,0,0,0,1,0
757942,1,2025,8118,1,0,49,develop,assessor or aerials,0,0,0,0,1,0
757969,1,2025,3576,1,0,49,develop,assessor or aerials,0,0,0,0,1,0
758133,1,2025,2615,1,0,49,develop,assessor or aerials,0,0,0,0,1,0
758405,2,2026,1160,1,0,49,develop,assessor or aerials,0,0,0,0,1,0
758432,1,2025,2802,1,0,49,develop,assessor or aerials,0,0,0,0,1,0
758445,1,2025,2615,1,0,49,develop,assessor or aerials,0,0,0,0,1,0
758583,1,2025,1176,1,0,49,develop,assessor or aerials,0,0,0,0,1,0
759115,2,2026,1169,1,0,49,develop,assessor or aerials,0,0,0,0,1,0
760227,2,2026,1162,1,0,49,develop,assessor or aerials,0,0,0,0,1,0
761412,2,2026,1162,1,0,49,develop,assessor or aerials,0,0,0,0,1,0
761831,2,2026,1273,1,0,49,develop,assessor or aerials,0,0,0,0,1,0
762690,2,2026,1162,1,0,49,develop,assessor or aerials,0,0,0,0,1,0
763441,1,2025,1209,1,0,49,develop,assessor or aerials,0,0,0,0,1,0
765789,1,2025,5212,1,0,49,develop,assessor or aerials,0,0,0,0,1,0
766113,1,2025,4757,1,0,49,develop,assessor or aerials,0,0,0,0,1,0
766117,1,2025,1207,1,0,49,develop,assessor or aerials,0,0,0,0,1,0
766211,1,2025,1209,1,0,49,develop,assessor or aerials,0,0,0,0,1,0
766341,1,2025,7972,1,0,49,develop,assessor or aerials,0,0,0,0,1,0
767081,1,2025,5772,1,0,49,develop,assessor or aerials,0,0,0,0,1,0
768018,1,2025,4908,1,0,49,develop,assessor or aerials,0,0,0,0,1,0
768048,1,2024,4305,1,0,49,develop,assessor or aerials,0,0,0,0,1,0
768088,1,2024,5557,1,0,49,develop,assessor or aerials,0,0,0,0,1,0
768140,1,2024,5932,1,0,49,develop,assessor or aerials,0,0,0,0,1,0
768721,1,2025,14214,1,0,49,develop,assessor or aerials,0,0,0,0,1,0
768978,1,2025,11555,1,0,49,develop,assessor or aerials,0,0,0,0,1,0
769053,1,2025,7042,1,0,49,develop,assessor or aerials,0,0,0,0,1,0
769105,1,2025,14582,1,0,49,develop,assessor or aerials,0,0,0,0,1,0
769202,2,2024,1248,1,0,49,develop,assessor or aerials,0,0,0,0,1,0
769360,1,2025,3285,1,0,49,develop,assessor or aerials,0,0,0,0,1,0
769437,1,2025,3314,1,0,49,develop,assessor or aerials,0,0,0,0,1,0
769458,1,2025,5273,1,0,49,develop,assessor or aerials,0,0,0,0,1,0
769641,1,2025,5252,1,0,49,develop,assessor or aerials,0,0,0,0,1,0
769950,1,2025,14916,1,0,49,develop,assessor or aerials,0,0,0,0,1,0
770000,1,2025,2395,1,0,49,develop,assessor or aerials,0,0,0,0,1,0
770075,1,2024,3156,1,0,49,develop,assessor or aerials,0,0,0,0,1,0
770445,2,2024,1491,1,0,49,develop,assessor or aerials,0,0,0,0,1,0
770464,1,2025,2388,1,0,49,develop,assessor or aerials,0,0,0,0,1,0
770535,1,2025,5492,1,0,49,develop,assessor or aerials,0,0,0,0,1,0
770564,1,2025,4176,1,0,49,develop,assessor or aerials,0,0,0,0,1,0
770766,1,2024,2784,1,0,49,develop,assessor or aerials,0,0,0,0,1,0
770849,5,2026,1661,0,0,49,develop,assessor or aerials,0,0,0,0,1,1661
771012,1,2025,2973,1,0,49,develop,assessor or aerials,0,0,0,0,1,0
771052,1,2024,2441,1,0,49,develop,assessor or aerials,0,0,0,0,1,0
771106,1,2024,3052,1,0,49,develop,assessor or aerials,0,0,0,0,1,0
771250,1,2025,2612,1,0,49,develop,assessor or aerials,0,0,0,0,1,0
771300,1,2025,3182,1,0,49,develop,assessor or aerials,0,0,0,0,1,0
771304,1,2025,3665,1,0,49,develop,assessor or aerials,0,0,0,0,1,0
771311,1,2024,4353,1,0,49,develop,assessor or aerials,0,0,0,0,1,0
771457,1,2025,7251,1,0,49,develop,assessor or aerials,0,0,0,0,1,0
771517,1,2025,3848,1,0,49,develop,assessor or aerials,0,0,0,0,1,0
771544,2,2024,33672,18,0,49,develop,assessor or aerials,0,0,0,0,1,0
771613,1,2024,3865,1,0,49,develop,assessor or aerials,0,0,0,0,1,0
771631,2,2024,46249,9,0,49,develop,assessor or aerials,0,0,0,0,1,0
771665,1,2025,3955,1,0,49,develop,assessor or aerials,0,0,0,0,1,0
771709,1,2025,2453,1,0,49,develop,assessor or aerials,0,0,0,0,1,0
771745,1,2024,2620,1,0,49,develop,assessor or aerials,0,0,0,0,1,0
771756,1,2024,2240,1,0,49,develop,assessor or aerials,0,0,0,0,1,0
771794,1,2025,3388,1,0,49,develop,assessor or aerials,0,0,0,0,1,0
772032,1,2025,2612,1,0,49,develop,assessor or aerials,0,0,0,0,1,0
772141,1,2024,3513,1,0,49,develop,assessor or aerials,0,0,0,0,1,0
772164,2,2024,1433,1,0,49,develop,assessor or aerials,0,0,0,0,1,0
772169,1,2025,88,1,0,49,develop,assessor or aerials,0,0,0,0,1,0
772185,1,2024,1622,1,0,49,develop,assessor or aerials,0,0,0,0,1,0
772257,1,2024,630,1,0,49,develop,assessor or aerials,0,0,0,0,1,0
772282,1,2025,4030,1,0,49,develop,assessor or aerials,0,0,0,0,1,0
772299,1,2025,4148,1,0,49,develop,assessor or aerials,0,0,0,0,1,0
772301,2,2024,1433,1,0,49,develop,assessor or aerials,0,0,0,0,1,0
772321,1,2025,5754,1,0,49,develop,assessor or aerials,0,0,0,0,1,0
772341,1,2024,7548,1,0,49,develop,assessor or aerials,0,0,0,0,1,0
772365,1,2025,4186,1,0,49,develop,assessor or aerials,0,0,0,0,1,0
772378,1,2025,4107,1,0,49,develop,assessor or aerials,0,0,0,0,1,0
772447,1,2025,147,1,0,49,develop,assessor or aerials,0,0,0,0,1,0
772505,1,2025,7807,1,0,49,develop,assessor or aerials,0,0,0,0,1,0
772514,1,2024,3091,1,0,49,develop,assessor or aerials,0,0,0,0,1,0
772522,1,2025,3590,1,0,49,develop,assessor or aerials,0,0,0,0,1,0
772527,1,2025,3103,1,0,49,develop,assessor or aerials,0,0,0,0,1,0
772529,1,2025,16399,1,0,49,develop,assessor or aerials,0,0,0,0,1,0
772560,1,2024,3555,1,0,49,develop,assessor or aerials,0,0,0,0,1,0
772592,1,2024,1582,1,0,49,develop,assessor or aerials,0,0,0,0,1,0
772611,1,2024,5299,1,0,49,develop,assessor or aerials,0,0,0,0,1,0
772632,1,2025,7550,1,0,49,develop,assessor or aerials,0,0,0,0,1,0
772658,1,2025,2278,1,0,49,develop,assessor or aerials,0,0,0,0,1,0
772664,1,2025,4154,1,0,49,develop,assessor or aerials,0,0,0,0,1,0
772667,1,2024,5407,1,0,49,develop,assessor or aerials,0,0,0,0,1,0
772721,1,2025,3654,1,0,49,develop,assessor or aerials,0,0,0,0,1,0
772729,1,2024,4136,1,0,49,develop,assessor or aerials,0,0,0,0,1,0
772745,2,2024,1953,1,0,49,develop,assessor or aerials,0,0,0,0,1,0
772747,2,2024,2030,1,0,49,develop,assessor or aerials,0,0,0,0,1,0
772771,1,2024,5483,1,0,49,develop,assessor or aerials,0,0,0,0,1,0
772800,2,2025,1294,1,0,49,develop,assessor or aerials,0,0,0,0,1,0
772802,1,2024,3761,1,0,49,develop,assessor or aerials,0,0,0,0,1,0
772803,1,2025,3680,1,0,49,develop,assessor or aerials,0,0,0,0,1,0
772807,1,2024,4164,1,0,49,develop,assessor or aerials,0,0,0,0,1,0
772828,1,2024,3349,1,0,49,develop,assessor or aerials,0,0,0,0,1,0
772837,1,2024,3800,1,0,49,develop,assessor or aerials,0,0,0,0,1,0
772873,1,2025,4933,1,0,49,develop,assessor or aerials,0,0,0,0,1,0
772886,1,2025,7861,1,0,49,develop,assessor or aerials,0,0,0,0,1,0
772904,4,2024,1300,0,0,49,develop,assessor or aerials,0,0,0,0,1,1300
772965,1,2025,11396,1,0,49,develop,assessor or aerials,0,0,0,0,1,0
772982,1,2025,3008,1,0,49,develop,assessor or aerials,0,0,0,0,1,0
772984,1,2025,4021,1,0,49,develop,assessor or aerials,0,0,0,0,1,0
773063,1,2025,7638,1,0,49,develop,assessor or aerials,0,0,0,0,1,0
773092,1,2025,2657,1,0,49,develop,assessor or aerials,0,0,0,0,1,0
773098,2,2025,2012,1,0,49,develop,assessor or aerials,0,0,0,0,1,0
773102,1,2025,5531,1,0,49,develop,assessor or aerials,0,0,0,0,1,0
773113,2,2024,1608,1,0,49,develop,assessor or aerials,0,0,0,0,1,0
773127,1,2024,3666,1,0,49,develop,assessor or aerials,0,0,0,0,1,0
773158,1,2024,3660,1,0,49,develop,assessor or aerials,0,0,0,0,1,0
773162,1,2025,2590,1,0,49,develop,assessor or aerials,0,0,0,0,1,0
773166,1,2025,2543,1,0,49,develop,assessor or aerials,0,0,0,0,1,0
773172,1,2024,6664,1,0,49,develop,assessor or aerials,0,0,0,0,1,0
773177,1,2024,3860,1,0,49,develop,assessor or aerials,0,0,0,0,1,0
773180,1,2024,2156,1,0,49,develop,assessor or aerials,0,0,0,0,1,0
773212,1,2025,8081,1,0,49,develop,assessor or aerials,0,0,0,0,1,0
773217,2,2024,1608,1,0,49,develop,assessor or aerials,0,0,0,0,1,0
773226,2,2024,10787,12,0,49,develop,assessor or aerials,0,0,0,0,1,0
773235,2,2024,1878,1,0,49,develop,assessor or aerials,0,0,0,0,1,0
773236,1,2025,1537,1,0,49,develop,assessor or aerials,0,0,0,0,1,0
773248,2,2025,961,1,0,49,develop,assessor or aerials,0,0,0,0,1,0
773253,1,2025,1644,1,0,49,develop,assessor or aerials,0,0,0,0,1,0
773270,2,2024,827,1,0,49,develop,assessor or aerials,0,0,0,0,1,0
773272,1,2024,4383,1,0,49,develop,assessor or aerials,0,0,0,0,1,0
773289,1,2024,1088,1,0,49,develop,assessor or aerials,0,0,0,0,1,0
773309,1,2024,4404,1,0,49,develop,assessor or aerials,0,0,0,0,1,0
773319,1,2025,1904,1,0,49,develop,assessor or aerials,0,0,0,0,1,0
773337,2,2024,1878,1,0,49,develop,assessor or aerials,0,0,0,0,1,0
773349,1,2024,2260,1,0,49,develop,assessor or aerials,0,0,0,0,1,0
773357,2,2025,1553,1,0,49,develop,assessor or aerials,0,0,0,0,1,0
773368,2,2025,1163,1,0,49,develop,assessor or aerials,0,0,0,0,1,0
773369,1,2025,2370,1,0,49,develop,assessor or aerials,0,0,0,0,1,0
773370,1,2024,4471,1,0,49,develop,assessor or aerials,0,0,0,0,1,0
773373,1,2024,2091,1,0,49,develop,assessor or aerials,0,0,0,0,1,0
773382,2,2024,1848,1,0,49,develop,assessor or aerials,0,0,0,0,1,0
773393,1,2025,7818,1,0,49,develop,assessor or aerials,0,0,0,0,1,0
773403,2,2024,1848,1,0,49,develop,assessor or aerials,0,0,0,0,1,0
773405,1,2024,11337,1,0,49,develop,assessor or aerials,0,0,0,0,1,0
773407,2,2024,1860,1,0,49,develop,assessor or aerials,0,0,0,0,1,0
773408,1,2024,1088,1,0,49,develop,assessor or aerials,0,0,0,0,1,0
773411,1,2024,8314,1,0,49,develop,assessor or aerials,0,0,0,0,1,0
773414,1,2025,2450,1,0,49,develop,assessor or aerials,0,0,0,0,1,0
773425,1,2024,2761,1,0,49,develop,assessor or aerials,0,0,0,0,1,0
773441,1,2024,3383,1,0,49,develop,assessor or aerials,0,0,0,0,1,0
773446,1,2024,5216,1,0,49,develop,assessor or aerials,0,0,0,0,1,0
773473,2,2024,1092,1,0,49,develop,assessor or aerials,0,0,0,0,1,0
773481,1,2024,1930,1,0,49,develop,assessor or aerials,0,0,0,0,1,0
773486,1,2024,2017,1,0,49,develop,assessor or aerials,0,0,0,0,1,0
773494,2,2024,1100,1,0,49,develop,assessor or aerials,0,0,0,0,1,0
773496,1,2024,2790,1,0,49,develop,assessor or aerials,0,0,0,0,1,0
773508,2,2024,1553,1,0,49,develop,assessor or aerials,0,0,0,0,1,0
773515,1,2024,3140,1,0,49,develop,assessor or aerials,0,0,0,0,1,0
773525,2,2024,1860,1,0,49,develop,assessor or aerials,0,0,0,0,1,0
773550,2,2025,2058,1,0,49,develop,assessor or aerials,0,0,0,0,1,0
773563,2,2024,1608,1,0,49,develop,assessor or aerials,0,0,0,0,1,0
773573,1,2024,2475,1,0,49,develop,assessor or aerials,0,0,0,0,1,0
773582,2,2024,1608,1,0,49,develop,assessor or aerials,0,0,0,0,1,0
773587,1,2025,3701,1,0,49,develop,assessor or aerials,0,0,0,0,1,0
773592,2,2025,1774,1,0,49,develop,assessor or aerials,0,0,0,0,1,0
773608,1,2025,3152,1,0,49,develop,assessor or aerials,0,0,0,0,1,0
773627,1,2024,1697,1,0,49,develop,assessor or aerials,0,0,0,0,1,0
773645,2,2024,1608,1,0,49,develop,assessor or aerials,0,0,0,0,1,0
773656,2,2024,1608,1,0,49,develop,assessor or aerials,0,0,0,0,1,0
773661,2,2024,1608,1,0,49,develop,assessor or aerials,0,0,0,0,1,0
773686,2,2024,1608,1,0,49,develop,assessor or aerials,0,0,0,0,1,0
773697,1,2024,3418,1,0,49,develop,assessor or aerials,0,0,0,0,1,0
773703,1,2025,3994,1,0,49,develop,assessor or aerials,0,0,0,0,1,0
773710,1,2025,2079,1,0,49,develop,assessor or aerials,0,0,0,0,1,0
773714,1,2024,2915,1,0,49,develop,assessor or aerials,0,0,0,0,1,0
773715,1,2025,3094,1,0,49,develop,assessor or aerials,0,0,0,0,1,0
773725,1,2024,8896,1,0,49,develop,assessor or aerials,0,0,0,0,1,0
773740,2,2024,1553,1,0,49,develop,assessor or aerials,0,0,0,0,1,0
773741,1,2025,2973,1,0,49,develop,assessor or aerials,0,0,0,0,1,0
773742,1,2025,5760,1,0,49,develop,assessor or aerials,0,0,0,0,1,0
773750,1,2025,1912,1,0,49,develop,assessor or aerials,0,0,0,0,1,0
773753,1,2024,8777,1,0,49,develop,assessor or aerials,0,0,0,0,1,0
773765,2,2025,1553,1,0,49,develop,assessor or aerials,0,0,0,0,1,0
773769,1,2024,3691,1,0,49,develop,assessor or aerials,0,0,0,0,1,0
773801,1,2024,1612,1,0,49,develop,assessor or aerials,0,0,0,0,1,0
773802,2,2024,1101,1,0,49,develop,assessor or aerials,0,0,0,0,1,0
773807,1,2025,700,1,0,49,develop,assessor or aerials,0,0,0,0,1,0
773814,1,2025,3115,1,0,49,develop,assessor or aerials,0,0,0,0,1,0
773818,1,2025,1385,1,0,49,develop,assessor or aerials,0,0,0,0,1,0
773832,1,2024,8875,1,0,49,develop,assessor or aerials,0,0,0,0,1,0
773854,2,2024,1608,1,0,49,develop,assessor or aerials,0,0,0,0,1,0
773856,1,2025,2334,1,0,49,develop,assessor or aerials,0,0,0,0,1,0
773857,1,2025,1939,1,0,49,develop,assessor or aerials,0,0,0,0,1,0
773867,2,2024,1608,1,0,49,develop,assessor or aerials,0,0,0,0,1,0
773871,2,2024,1608,1,0,49,develop,assessor or aerials,0,0,0,0,1,0
773887,1,2025,1904,1,0,49,develop,assessor or aerials,0,0,0,0,1,0
773890,1,2025,6742,1,0,49,develop,assessor or aerials,0,0,0,0,1,0
773891,1,2024,4681,1,0,49,develop,assessor or aerials,0,0,0,0,1,0
773894,1,2024,5544,1,0,49,develop,assessor or aerials,0,0,0,0,1,0
773908,1,2024,2152,1,0,49,develop,assessor or aerials,0,0,0,0,1,0
773932,1,2025,3689,1,0,49,develop,assessor or aerials,0,0,0,0,1,0
773936,2,2024,1545,1,0,49,develop,assessor or aerials,0,0,0,0,1,0
773976,1,2025,14094,1,0,49,develop,assessor or aerials,0,0,0,0,1,0
773981,1,2025,1811,1,0,49,develop,assessor or aerials,0,0,0,0,1,0
773982,3,2024,75080,0,0,49,develop,assessor or aerials,0,0,0,0,1,75080
773986,1,2025,1002,1,0,49,develop,assessor or aerials,0,0,0,0,1,0
773990,2,2025,4837,3,0,49,develop,assessor or aerials,0,0,0,0,1,0
773998,2,2024,2328,1,0,49,develop,assessor or aerials,0,0,0,0,1,0
774000,5,2024,3000,0,0,49,develop,assessor or aerials,0,0,0,0,1,3000
774011,1,2025,755,1,0,49,develop,assessor or aerials,0,0,0,0,1,0
774013,1,2024,1752,1,0,49,develop,assessor or aerials,0,0,0,0,1,0
774016,1,2024,2058,1,0,49,develop,assessor or aerials,0,0,0,0,1,0
774021,1,2025,2615,1,0,49,develop,assessor or aerials,0,0,0,0,1,0
774022,1,2025,1235,1,0,49,develop,assessor or aerials,0,0,0,0,1,0
774027,1,2026,1030,1,0,49,develop,assessor or aerials,0,0,0,0,1,0
774030,1,2024,875,1,0,49,develop,assessor or aerials,0,0,0,0,1,0
774034,1,2024,1176,1,0,49,develop,assessor or aerials,0,0,0,0,1,0
774035,1,2024,3289,1,0,49,develop,assessor or aerials,0,0,0,0,1,0
774037,1,2025,820,1,0,49,develop,assessor or aerials,0,0,0,0,1,0
774044,1,2025,2479,1,0,49,develop,assessor or aerials,0,0,0,0,1,0
774045,2,2025,1592,1,0,49,develop,assessor or aerials,0,0,0,0,1,0
774046,1,2025,2591,1,0,49,develop,assessor or aerials,0,0,0,0,1,0
774052,1,2025,701,1,0,49,develop,assessor or aerials,0,0,0,0,1,0
774057,1,2025,4161,1,0,49,develop,assessor or aerials,0,0,0,0,1,0
774063,2,2024,2233,1,0,49,develop,assessor or aerials,0,0,0,0,1,0
774073,2,2024,1846,1,0,49,develop,assessor or aerials,0,0,0,0,1,0
774078,2,2024,1294,1,0,49,develop,assessor or aerials,0,0,0,0,1,0
774091,2,2024,1608,1,0,49,develop,assessor or aerials,0,0,0,0,1,0
774102,1,2025,95,1,0,49,develop,assessor or aerials,0,0,0,0,1,0
774103,1,2025,4546,1,0,49,develop,assessor or aerials,0,0,0,0,1,0
774111,1,2025,9769,1,0,49,develop,assessor or aerials,0,0,0,0,1,0
774121,1,2025,2116,1,0,49,develop,assessor or aerials,0,0,0,0,1,0
774122,1,2025,4001,1,0,49,develop,assessor or aerials,0,0,0,0,1,0
774136,1,2025,5963,1,0,49,develop,assessor or aerials,0,0,0,0,1,0
774149,1,2025,212,1,0,49,develop,assessor or aerials,0,0,0,0,1,0
774151,2,2024,2268,1,0,49,develop,assessor or aerials,0,0,0,0,1,0
774153,2,2024,2258,1,0,49,develop,assessor or aerials,0,0,0,0,1,0
774156,3,2024,133997,0,0,49,develop,assessor or aerials,0,0,0,0,1,133997
774159,2,2024,1062,1,0,49,develop,assessor or aerials,0,0,0,0,1,0
774161,1,2025,1495,1,0,49,develop,assessor or aerials,0,0,0,0,1,0
774164,1,2024,3249,1,0,49,develop,assessor or aerials,0,0,0,0,1,0
774166,1,2024,2517,1,0,49,develop,assessor or aerials,0,0,0,0,1,0
774171,1,2024,1190,1,0,49,develop,assessor or aerials,0,0,0,0,1,0
774174,1,2025,3187,1,0,49,develop,assessor or aerials,0,0,0,0,1,0
774176,2,2024,1874,1,0,49,develop,assessor or aerials,0,0,0,0,1,0
774181,1,2025,3741,1,0,49,develop,assessor or aerials,0,0,0,0,1,0
774200,1,2024,3238,1,0,49,develop,assessor or aerials,0,0,0,0,1,0
774201,1,2024,3243,1,0,49,develop,assessor or aerials,0,0,0,0,1,0
774202,2,2025,1846,1,0,49,develop,assessor or aerials,0,0,0,0,1,0
774204,1,2025,8204,1,0,49,develop,assessor or aerials,0,0,0,0,1,0
774206,1,2025,3744,1,0,49,develop,assessor or aerials,0,0,0,0,1,0
774212,1,2024,3053,1,0,49,develop,assessor or aerials,0,0,0,0,1,0
774215,2,2025,1101,1,0,49,develop,assessor or aerials,0,0,0,0,1,0
774223,1,2025,1503,1,0,49,develop,assessor or aerials,0,0,0,0,1,0
774237,1,2024,3267,1,0,49,develop,assessor or aerials,0,0,0,0,1,0
774239,1,2024,3228,1,0,49,develop,assessor or aerials,0,0,0,0,1,0
774242,1,2024,3296,1,0,49,develop,assessor or aerials,0,0,0,0,1,0
774245,1,2025,3392,1,0,49,develop,assessor or aerials,0,0,0,0,1,0
774248,1,2025,7818,1,0,49,develop,assessor or aerials,0,0,0,0,1,0
774254,1,2024,3331,1,0,49,develop,assessor or aerials,0,0,0,0,1,0
774257,2,2024,2268,1,0,49,develop,assessor or aerials,0,0,0,0,1,0
774258,1,2024,820,1,0,49,develop,assessor or aerials,0,0,0,0,1,0
774268,2,2024,1323,1,0,49,develop,assessor or aerials,0,0,0,0,1,0
774273,2,2025,1164,1,0,49,develop,assessor or aerials,0,0,0,0,1,0
774275,1,2025,12217,1,0,49,develop,assessor or aerials,0,0,0,0,1,0
774277,1,2024,3378,1,0,49,develop,assessor or aerials,0,0,0,0,1,0
774281,1,2024,5946,1,0,49,develop,assessor or aerials,0,0,0,0,1,0
774297,2,2026,904,1,0,49,develop,assessor or aerials,0,0,0,0,1,0
774301,1,2024,22665,1,0,49,develop,assessor or aerials,0,0,0,0,1,0
774310,1,2024,3606,1,0,49,develop,assessor or aerials,0,0,0,0,1,0
774316,1,2025,3476,1,0,49,develop,assessor or aerials,0,0,0,0,1,0
774317,1,2024,4137,1,0,49,develop,assessor or aerials,0,0,0,0,1,0
774330,1,2025,5742,1,0,49,develop,assessor or aerials,0,0,0,0,1,0
774331,1,2024,1502,1,0,49,develop,assessor or aerials,0,0,0,0,1,0
774334,2,2024,5317,6,0,49,develop,assessor or aerials,0,0,0,0,1,0
774337,1,2025,11342,1,0,49,develop,assessor or aerials,0,0,0,0,1,0
774339,1,2026,1002,1,0,49,develop,assessor or aerials,0,0,0,0,1,0
774341,1,2024,1956,1,0,49,develop,assessor or aerials,0,0,0,0,1,0
774342,1,2024,4496,1,0,49,develop,assessor or aerials,0,0,0,0,1,0
774349,2,2025,1092,1,0,49,develop,assessor or aerials,0,0,0,0,1,0
774350,2,2025,933,1,0,49,develop,assessor or aerials,0,0,0,0,1,0
774356,2,2025,1473,1,0,49,develop,assessor or aerials,0,0,0,0,1,0
774371,2,2025,1502,1,0,49,develop,assessor or aerials,0,0,0,0,1,0
774376,1,2025,3612,1,0,49,develop,assessor or aerials,0,0,0,0,1,0
774381,2,2024,1062,1,0,49,develop,assessor or aerials,0,0,0,0,1,0
774385,1,2025,3983,1,0,49,develop,assessor or aerials,0,0,0,0,1,0
774399,2,2024,1405,1,0,49,develop,assessor or aerials,0,0,0,0,1,0
774407,1,2024,3577,1,0,49,develop,assessor or aerials,0,0,0,0,1,0
774418,1,2025,2221,1,0,49,develop,assessor or aerials,0,0,0,0,1,0
774422,1,2025,1030,1,0,49,develop,assessor or aerials,0,0,0,0,1,0
774425,2,2024,2206,1,0,49,develop,assessor or aerials,0,0,0,0,1,0
774430,1,2024,3308,1,0,49,develop,assessor or aerials,0,0,0,0,1,0
774436,1,2025,13202,1,0,49,develop,assessor or aerials,0,0,0,0,1,0
774438,1,2025,1496,1,0,49,develop,assessor or aerials,0,0,0,0,1,0
774443,2,2025,1092,1,0,49,develop,assessor or aerials,0,0,0,0,1,0
774449,1,2024,2393,1,0,49,develop,assessor or aerials,0,0,0,0,1,0
774450,1,2024,3055,1,0,49,develop,assessor or aerials,0,0,0,0,1,0
774453,1,2024,2260,1,0,49,develop,assessor or aerials,0,0,0,0,1,0
774454,1,2024,1148,1,0,49,develop,assessor or aerials,0,0,0,0,1,0
774456,2,2025,2209,1,0,49,develop,assessor or aerials,0,0,0,0,1,0
774457,1,2025,875,1,0,49,develop,assessor or aerials,0,0,0,0,1,0
774461,1,2025,3575,1,0,49,develop,assessor or aerials,0,0,0,0,1,0
774466,1,2024,2021,1,0,49,develop,assessor or aerials,0,0,0,0,1,0
774480,1,2025,5572,1,0,49,develop,assessor or aerials,0,0,0,0,1,0
774484,2,2025,1092,1,0,49,develop,assessor or aerials,0,0,0,0,1,0
774498,1,2025,1915,1,0,49,develop,assessor or aerials,0,0,0,0,1,0
774505,2,2026,904,1,0,49,develop,assessor or aerials,0,0,0,0,1,0
774506,2,2025,1260,1,0,49,develop,assessor or aerials,0,0,0,0,1,0
774511,2,2025,1015,1,0,49,develop,assessor or aerials,0,0,0,0,1,0
774513,1,2025,3264,1,0,49,develop,assessor or aerials,0,0,0,0,1,0
774517,1,2024,1712,1,0,49,develop,assessor or aerials,0,0,0,0,1,0
774522,2,2026,1100,1,0,49,develop,assessor or aerials,0,0,0,0,1,0
774533,1,2024,2444,1,0,49,develop,assessor or aerials,0,0,0,0,1,0
774537,1,2024,22068,1,0,49,develop,assessor or aerials,0,0,0,0,1,0
774538,1,2024,1986,1,0,49,develop,assessor or aerials,0,0,0,0,1,0
774543,1,2025,4453,1,0,49,develop,assessor or aerials,0,0,0,0,1,0
774546,1,2025,1636,1,0,49,develop,assessor or aerials,0,0,0,0,1,0
774548,1,2025,466,1,0,49,develop,assessor or aerials,0,0,0,0,1,0
774550,1,2024,1972,1,0,49,develop,assessor or aerials,0,0,0,0,1,0
774554,2,2025,1092,1,0,49,develop,assessor or aerials,0,0,0,0,1,0
774558,2,2025,3161,1,0,49,develop,assessor or aerials,0,0,0,0,1,0
774560,1,2025,3502,1,0,49,develop,assessor or aerials,0,0,0,0,1,0
774563,2,2024,2233,1,0,49,develop,assessor or aerials,0,0,0,0,1,0
774564,1,2025,3796,1,0,49,develop,assessor or aerials,0,0,0,0,1,0
774567,2,2024,2290,1,0,49,develop,assessor or aerials,0,0,0,0,1,0
774570,1,2025,2208,1,0,49,develop,assessor or aerials,0,0,0,0,1,0
774574,1,2024,4012,1,0,49,develop,assessor or aerials,0,0,0,0,1,0
774576,1,2025,1187,1,0,49,develop,assessor or aerials,0,0,0,0,1,0
774580,1,2024,1148,1,0,49,develop,assessor or aerials,0,0,0,0,1,0
774586,1,2024,1176,1,0,49,develop,assessor or aerials,0,0,0,0,1,0
774587,1,2024,2317,1,0,49,develop,assessor or aerials,0,0,0,0,1,0
774590,1,2025,2852,1,0,49,develop,assessor or aerials,0,0,0,0,1,0
774597,2,2024,1405,1,0,49,develop,assessor or aerials,0,0,0,0,1,0
774606,1,2024,1861,1,0,49,develop,assessor or aerials,0,0,0,0,1,0
774611,1,2024,1979,1,0,49,develop,assessor or aerials,0,0,0,0,1,0
774612,1,2024,2422,1,0,49,develop,assessor or aerials,0,0,0,0,1,0
774634,2,2026,4839,3,0,49,develop,assessor or aerials,0,0,0,0,1,0
774638,1,2025,2235,1,0,49,develop,assessor or aerials,0,0,0,0,1,0
774639,1,2025,7474,1,0,49,develop,assessor or aerials,0,0,0,0,1,0
774643,1,2025,1571,1,0,49,develop,assessor or aerials,0,0,0,0,1,0
774645,2,2025,1015,1,0,49,develop,assessor or aerials,0,0,0,0,1,0
774657,2,2025,1036,1,0,49,develop,assessor or aerials,0,0,0,0,1,0
774669,1,2025,3536,1,0,49,develop,assessor or aerials,0,0,0,0,1,0
774675,1,2025,875,1,0,49,develop,assessor or aerials,0,0,0,0,1,0
774678,3,2024,26779,0,0,49,develop,assessor or aerials,0,0,0,0,1,26779
774679,2,2026,1153,1,0,49,develop,assessor or aerials,0,0,0,0,1,0
774683,1,2025,3379,1,0,49,develop,assessor or aerials,0,0,0,0,1,0
774684,1,2024,1148,1,0,49,develop,assessor or aerials,0,0,0,0,1,0
774696,1,2025,1999,1,0,49,develop,assessor or aerials,0,0,0,0,1,0
774699,1,2025,2789,1,0,49,develop,assessor or aerials,0,0,0,0,1,0
774700,1,2025,1501,1,0,49,develop,assessor or aerials,0,0,0,0,1,0
774703,1,2024,5233,1,0,49,develop,assessor or aerials,0,0,0,0,1,0
774705,1,2025,3038,1,0,49,develop,assessor or aerials,0,0,0,0,1,0
774710,1,2025,700,1,0,49,develop,assessor or aerials,0,0,0,0,1,0
774719,2,2024,2233,1,0,49,develop,assessor or aerials,0,0,0,0,1,0
774721,1,2024,2024,1,0,49,develop,assessor or aerials,0,0,0,0,1,0
774723,2,2025,1541,1,0,49,develop,assessor or aerials,0,0,0,0,1,0
774728,1,2025,1493,1,0,49,develop,assessor or aerials,0,0,0,0,1,0
774729,1,2025,4168,1,0,49,develop,assessor or aerials,0,0,0,0,1,0
774733,1,2025,5512,1,0,49,develop,assessor or aerials,0,0,0,0,1,0
774734,1,2024,4035,1,0,49,develop,assessor or aerials,0,0,0,0,1,0
774737,1,2025,2155,1,0,49,develop,assessor or aerials,0,0,0,0,1,0
774741,1,2024,1813,1,0,49,develop,assessor or aerials,0,0,0,0,1,0
774745,1,2025,600,1,0,49,develop,assessor or aerials,0,0,0,0,1,0
774758,1,2024,2992,1,0,49,develop,assessor or aerials,0,0,0,0,1,0
774763,2,2024,2267,1,0,49,develop,assessor or aerials,0,0,0,0,1,0
774768,2,2024,1553,1,0,49,develop,assessor or aerials,0,0,0,0,1,0
774771,1,2024,3267,1,0,49,develop,assessor or aerials,0,0,0,0,1,0
774778,1,2025,6442,1,0,49,develop,assessor or aerials,0,0,0,0,1,0
774779,1,2024,3127,1,0,49,develop,assessor or aerials,0,0,0,0,1,0
774782,1,2025,875,1,0,49,develop,assessor or aerials,0,0,0,0,1,0
774788,2,2024,1443,1,0,49,develop,assessor or aerials,0,0,0,0,1,0
774792,1,2024,2731,1,0,49,develop,assessor or aerials,0,0,0,0,1,0
774794,2,2025,1092,1,0,49,develop,assessor or aerials,0,0,0,0,1,0
774796,2,2024,1535,1,0,49,develop,assessor or aerials,0,0,0,0,1,0
774797,1,2024,2941,1,0,49,develop,assessor or aerials,0,0,0,0,1,0
774798,1,2024,3386,1,0,49,develop,assessor or aerials,0,0,0,0,1,0
774799,2,2025,333,1,0,49,develop,assessor or aerials,0,0,0,0,1,0
774804,1,2024,4684,1,0,49,develop,assessor or aerials,0,0,0,0,1,0
774810,2,2024,1651,1,0,49,develop,assessor or aerials,0,0,0,0,1,0
774815,1,2025,2401,1,0,49,develop,assessor or aerials,0,0,0,0,1,0
774816,1,2025,704,1,0,49,develop,assessor or aerials,0,0,0,0,1,0
774817,1,2025,106,1,0,49,develop,assessor or aerials,0,0,0,0,1,0
774828,2,2024,970,1,0,49,develop,assessor or aerials,0,0,0,0,1,0
774830,2,2024,1341,1,0,49,develop,assessor or aerials,0,0,0,0,1,0
774831,1,2025,2713,1,0,49,develop,assessor or aerials,0,0,0,0,1,0
774832,1,2025,2311,1,0,49,develop,assessor or aerials,0,0,0,0,1,0
774834,1,2025,11730,1,0,49,develop,assessor or aerials,0,0,0,0,1,0
774836,1,2024,4157,1,0,49,develop,assessor or aerials,0,0,0,0,1,0
774842,3,2025,17365,0,0,49,develop,assessor or aerials,0,0,0,0,1,17365
774843,2,2025,1092,1,0,49,develop,assessor or aerials,0,0,0,0,1,0
774845,1,2024,9013,1,0,49,develop,assessor or aerials,0,0,0,0,1,0
774847,1,2024,2827,1,0,49,develop,assessor or aerials,0,0,0,0,1,0
774852,1,2024,3927,1,0,49,develop,assessor or aerials,0,0,0,0,1,0
774854,1,2025,106,1,0,49,develop,assessor or aerials,0,0,0,0,1,0
774856,2,2024,2207,1,0,49,develop,assessor or aerials,0,0,0,0,1,0
774859,2,2024,1233,1,0,49,develop,assessor or aerials,0,0,0,0,1,0
774860,1,2024,2585,1,0,49,develop,assessor or aerials,0,0,0,0,1,0
774864,1,2025,2515,1,0,49,develop,assessor or aerials,0,0,0,0,1,0
774869,1,2024,1260,1,0,49,develop,assessor or aerials,0,0,0,0,1,0
774872,2,2024,2274,1,0,49,develop,assessor or aerials,0,0,0,0,1,0
774878,2,2024,1147,1,0,49,develop,assessor or aerials,0,0,0,0,1,0
774879,2,2025,1470,1,0,49,develop,assessor or aerials,0,0,0,0,1,0
774883,2,2024,1084,1,0,49,develop,assessor or aerials,0,0,0,0,1,0
774884,2,2025,1021,1,0,49,develop,assessor or aerials,0,0,0,0,1,0
774896,1,2024,281,1,0,49,develop,assessor or aerials,0,0,0,0,1,0
774902,2,2025,3130,1,0,49,develop,assessor or aerials,0,0,0,0,1,0
774903,1,2025,526,1,0,49,develop,assessor or aerials,0,0,0,0,1,0
774906,2,2024,267830,66,0,49,develop,assessor or aerials,0,0,0,0,1,0
774908,2,2024,1655,1,0,49,develop,assessor or aerials,0,0,0,0,1,0
774916,1,2024,1260,1,0,49,develop,assessor or aerials,0,0,0,0,1,0
774921,1,2024,2137,1,0,49,develop,assessor or aerials,0,0,0,0,1,0
774922,2,2024,1147,1,0,49,develop,assessor or aerials,0,0,0,0,1,0
774924,2,2025,813,1,0,49,develop,assessor or aerials,0,0,0,0,1,0
774928,1,2024,3129,1,0,49,develop,assessor or aerials,0,0,0,0,1,0
774930,1,2024,3405,1,0,49,develop,assessor or aerials,0,0,0,0,1,0
774935,1,2024,2313,1,0,49,develop,assessor or aerials,0,0,0,0,1,0
774936,2,2025,4247,1,0,49,develop,assessor or aerials,0,0,0,0,1,0
774944,2,2024,1084,1,0,49,develop,assessor or aerials,0,0,0,0,1,0
774945,2,2025,1021,1,0,49,develop,assessor or aerials,0,0,0,0,1,0
774949,1,2024,2488,1,0,49,develop,assessor or aerials,0,0,0,0,1,0
774954,1,2025,3211,1,0,49,develop,assessor or aerials,0,0,0,0,1,0
774956,3,2025,17900,0,0,49,develop,assessor or aerials,0,0,0,0,1,17900
774957,2,2024,2339,1,0,49,develop,assessor or aerials,0,0,0,0,1,0
774959,2,2025,4303,1,0,49,develop,assessor or aerials,0,0,0,0,1,0
774962,2,2024,1306,1,0,49,develop,assessor or aerials,0,0,0,0,1,0
774965,2,2025,1021,1,0,49,develop,assessor or aerials,0,0,0,0,1,0
774968,1,2025,3014,1,0,49,develop,assessor or aerials,0,0,0,0,1,0
774969,2,2024,1443,1,0,49,develop,assessor or aerials,0,0,0,0,1,0
774973,1,2025,700,1,0,49,develop,assessor or aerials,0,0,0,0,1,0
774974,1,2024,2026,1,0,49,develop,assessor or aerials,0,0,0,0,1,0
774975,2,2024,2184,1,0,49,develop,assessor or aerials,0,0,0,0,1,0
774980,2,2024,970,1,0,49,develop,assessor or aerials,0,0,0,0,1,0
774986,1,2025,4157,1,0,49,develop,assessor or aerials,0,0,0,0,1,0
774988,1,2025,2552,1,0,49,develop,assessor or aerials,0,0,0,0,1,0
774989,1,2024,3822,1,0,49,develop,assessor or aerials,0,0,0,0,1,0
774990,2,2025,333,1,0,49,develop,assessor or aerials,0,0,0,0,1,0
774991,1,2024,1260,1,0,49,develop,assessor or aerials,0,0,0,0,1,0
774992,2,2025,952,1,0,49,develop,assessor or aerials,0,0,0,0,1,0
774994,1,2024,4372,1,0,49,develop,assessor or aerials,0,0,0,0,1,0
774997,1,2025,526,1,0,49,develop,assessor or aerials,0,0,0,0,1,0
775001,2,2025,5473,1,0,49,develop,assessor or aerials,0,0,0,0,1,0
775002,1,2025,110,1,0,49,develop,assessor or aerials,0,0,0,0,1,0
775003,2,2024,1561,1,0,49,develop,assessor or aerials,0,0,0,0,1,0
775005,1,2024,1586,1,0,49,develop,assessor or aerials,0,0,0,0,1,0
775006,1,2025,106,1,0,49,develop,assessor or aerials,0,0,0,0,1,0
775007,1,2024,1341,1,0,49,develop,assessor or aerials,0,0,0,0,1,0
775009,2,2025,1092,1,0,49,develop,assessor or aerials,0,0,0,0,1,0
775010,1,2024,1341,1,0,49,develop,assessor or aerials,0,0,0,0,1,0
775011,1,2025,96,1,0,49,develop,assessor or aerials,0,0,0,0,1,0
775013,1,2024,3084,1,0,49,develop,assessor or aerials,0,0,0,0,1,0
775014,2,2025,1561,1,0,49,develop,assessor or aerials,0,0,0,0,1,0
775019,1,2025,2087,1,0,49,develop,assessor or aerials,0,0,0,0,1,0
775029,1,2025,3026,1,0,49,develop,assessor or aerials,0,0,0,0,1,0
775032,1,2025,4331,1,0,49,develop,assessor or aerials,0,0,0,0,1,0
775034,2,2025,970,1,0,49,develop,assessor or aerials,0,0,0,0,1,0
775035,1,2025,526,1,0,49,develop,assessor or aerials,0,0,0,0,1,0
775037,1,2024,1341,1,0,49,develop,assessor or aerials,0,0,0,0,1,0
775040,2,2024,2345,1,0,49,develop,assessor or aerials,0,0,0,0,1,0
775045,2,2024,2345,1,0,49,develop,assessor or aerials,0,0,0,0,1,0
775046,2,2024,2412,1,0,49,develop,assessor or aerials,0,0,0,0,1,0
775047,1,2024,2534,1,0,49,develop,assessor or aerials,0,0,0,0,1,0
775048,1,2024,1524,1,0,49,develop,assessor or aerials,0,0,0,0,1,0
775049,1,2024,6107,1,0,49,develop,assessor or aerials,0,0,0,0,1,0
775052,1,2025,3771,1,0,49,develop,assessor or aerials,0,0,0,0,1,0
775053,2,2025,333,1,0,49,develop,assessor or aerials,0,0,0,0,1,0
775059,1,2024,4391,1,0,49,develop,assessor or aerials,0,0,0,0,1,0
775064,1,2025,976,1,0,49,develop,assessor or aerials,0,0,0,0,1,0
775065,1,2024,1766,1,0,49,develop,assessor or aerials,0,0,0,0,1,0
775066,1,2024,1443,1,0,49,develop,assessor or aerials,0,0,0,0,1,0
775070,1,2024,1260,1,0,49,develop,assessor or aerials,0,0,0,0,1,0
775071,1,2025,4013,1,0,49,develop,assessor or aerials,0,0,0,0,1,0
775072,1,2025,3047,1,0,49,develop,assessor or aerials,0,0,0,0,1,0
775073,1,2025,99,1,0,49,develop,assessor or aerials,0,0,0,0,1,0
775074,1,2024,2903,1,0,49,develop,assessor or aerials,0,0,0,0,1,0
775078,1,2025,2074,1,0,49,develop,assessor or aerials,0,0,0,0,1,0
775080,1,2024,1517,1,0,49,develop,assessor or aerials,0,0,0,0,1,0
775085,1,2025,2721,1,0,49,develop,assessor or aerials,0,0,0,0,1,0
775090,1,2024,2596,1,0,49,develop,assessor or aerials,0,0,0,0,1,0
775093,1,2025,3240,1,0,49,develop,assessor or aerials,0,0,0,0,1,0
775094,1,2024,7928,1,0,49,develop,assessor or aerials,0,0,0,0,1,0
775101,1,2024,3450,1,0,49,develop,assessor or aerials,0,0,0,0,1,0
775103,2,2025,1237,1,0,49,develop,assessor or aerials,0,0,0,0,1,0
775105,1,2024,2748,1,0,49,develop,assessor or aerials,0,0,0,0,1,0
775108,1,2025,99,1,0,49,develop,assessor or aerials,0,0,0,0,1,0
775109,1,2025,2167,1,0,49,develop,assessor or aerials,0,0,0,0,1,0
775110,2,2024,2261,1,0,49,develop,assessor or aerials,0,0,0,0,1,0
775112,1,2024,1740,1,0,49,develop,assessor or aerials,0,0,0,0,1,0
775113,1,2024,4406,1,0,49,develop,assessor or aerials,0,0,0,0,1,0
775117,2,2024,1442,1,0,49,develop,assessor or aerials,0,0,0,0,1,0
775118,1,2024,5888,1,0,49,develop,assessor or aerials,0,0,0,0,1,0
775119,1,2024,3175,1,0,49,develop,assessor or aerials,0,0,0,0,1,0
775121,2,2025,970,1,0,49,develop,assessor or aerials,0,0,0,0,1,0
775133,1,2025,1341,1,0,49,develop,assessor or aerials,0,0,0,0,1,0
775134,1,2024,1260,1,0,49,develop,assessor or aerials,0,0,0,0,1,0
775138,1,2025,5240,1,0,49,develop,assessor or aerials,0,0,0,0,1,0
775139,1,2025,1708,1,0,49,develop,assessor or aerials,0,0,0,0,1,0
775142,1,2024,1260,1,0,49,develop,assessor or aerials,0,0,0,0,1,0
775145,1,2025,3372,1,0,49,develop,assessor or aerials,0,0,0,0,1,0
775147,1,2025,8358,1,0,49,develop,assessor or aerials,0,0,0,0,1,0
775150,1,2025,2551,1,0,49,develop,assessor or aerials,0,0,0,0,1,0
775153,1,2025,1708,1,0,49,develop,assessor or aerials,0,0,0,0,1,0
775154,2,2025,1783,1,0,49,develop,assessor or aerials,0,0,0,0,1,0
775155,1,2025,1991,1,0,49,develop,assessor or aerials,0,0,0,0,1,0
775157,1,2024,2582,1,0,49,develop,assessor or aerials,0,0,0,0,1,0
775159,2,2024,1442,1,0,49,develop,assessor or aerials,0,0,0,0,1,0
775162,1,2024,1305,1,0,49,develop,assessor or aerials,0,0,0,0,1,0
775163,1,2025,3208,1,0,49,develop,assessor or aerials,0,0,0,0,1,0
775164,1,2024,1443,1,0,49,develop,assessor or aerials,0,0,0,0,1,0
775165,2,2025,1092,1,0,49,develop,assessor or aerials,0,0,0,0,1,0
775167,1,2024,3060,1,0,49,develop,assessor or aerials,0,0,0,0,1,0
775169,1,2025,4943,1,0,49,develop,assessor or aerials,0,0,0,0,1,0
775171,1,2025,4157,1,0,49,develop,assessor or aerials,0,0,0,0,1,0
775180,2,2025,933,1,0,49,develop,assessor or aerials,0,0,0,0,1,0
775181,1,2025,4171,1,0,49,develop,assessor or aerials,0,0,0,0,1,0
775184,1,2024,2965,1,0,49,develop,assessor or aerials,0,0,0,0,1,0
775185,1,2025,99,1,0,49,develop,assessor or aerials,0,0,0,0,1,0
775187,1,2024,3452,1,0,49,develop,assessor or aerials,0,0,0,0,1,0
775188,2,2024,1569,1,0,49,develop,assessor or aerials,0,0,0,0,1,0
775191,1,2024,2645,1,0,49,develop,assessor or aerials,0,0,0,0,1,0
775192,2,2025,1561,1,0,49,develop,assessor or aerials,0,0,0,0,1,0
775195,1,2025,2721,1,0,49,develop,assessor or aerials,0,0,0,0,1,0
775199,2,2025,1101,1,0,49,develop,assessor or aerials,0,0,0,0,1,0
775202,2,2024,1555,1,0,49,develop,assessor or aerials,0,0,0,0,1,0
775204,1,2024,7284,1,0,49,develop,assessor or aerials,0,0,0,0,1,0
775205,1,2025,5095,1,0,49,develop,assessor or aerials,0,0,0,0,1,0
775216,2,2025,4242,1,0,49,develop,assessor or aerials,0,0,0,0,1,0
775220,1,2025,2451,1,0,49,develop,assessor or aerials,0,0,0,0,1,0
775221,2,2025,1561,1,0,49,develop,assessor or aerials,0,0,0,0,1,0
775222,2,2025,1242,1,0,49,develop,assessor or aerials,0,0,0,0,1,0
775225,2,2024,2225,1,0,49,develop,assessor or aerials,0,0,0,0,1,0
775226,1,2024,4181,1,0,49,develop,assessor or aerials,0,0,0,0,1,0
775228,2,2024,2147,1,0,49,develop,assessor or aerials,0,0,0,0,1,0
775229,2,2024,2412,1,0,49,develop,assessor or aerials,0,0,0,0,1,0
775230,1,2024,2576,1,0,49,develop,assessor or aerials,0,0,0,0,1,0
775232,2,2024,772,1,0,49,develop,assessor or aerials,0,0,0,0,1,0
775236,1,2024,2466,1,0,49,develop,assessor or aerials,0,0,0,0,1,0
775237,2,2024,1001,1,0,49,develop,assessor or aerials,0,0,0,0,1,0
775240,1,2025,8480,1,0,49,develop,assessor or aerials,0,0,0,0,1,0
775241,2,2024,2207,1,0,49,develop,assessor or aerials,0,0,0,0,1,0
775242,1,2024,1524,1,0,49,develop,assessor or aerials,0,0,0,0,1,0
775243,1,2025,110,1,0,49,develop,assessor or aerials,0,0,0,0,1,0
775249,2,2024,1295,1,0,49,develop,assessor or aerials,0,0,0,0,1,0
775257,2,2024,1295,1,0,49,develop,assessor or aerials,0,0,0,0,1,0
775260,1,2025,2724,1,0,49,develop,assessor or aerials,0,0,0,0,1,0
775263,2,2024,2420,1,0,49,develop,assessor or aerials,0,0,0,0,1,0
775265,1,2024,1480,1,0,49,develop,assessor or aerials,0,0,0,0,1,0
775266,2,2025,1084,1,0,49,develop,assessor or aerials,0,0,0,0,1,0
775268,2,2024,1366,1,0,49,develop,assessor or aerials,0,0,0,0,1,0
775270,1,2024,1260,1,0,49,develop,assessor or aerials,0,0,0,0,1,0
775275,2,2024,338366,84,0,49,develop,assessor or aerials,0,0,0,0,1,0
775276,1,2025,526,1,0,49,develop,assessor or aerials,0,0,0,0,1,0
775278,1,2025,1341,1,0,49,develop,assessor or aerials,0,0,0,0,1,0
775280,1,2024,1443,1,0,49,develop,assessor or aerials,0,0,0,0,1,0
775284,2,2024,1233,1,0,49,develop,assessor or aerials,0,0,0,0,1,0
775287,1,2025,6827,1,0,49,develop,assessor or aerials,0,0,0,0,1,0
775293,1,2025,2646,1,0,49,develop,assessor or aerials,0,0,0,0,1,0
775296,2,2025,970,1,0,49,develop,assessor or aerials,0,0,0,0,1,0
775297,2,2024,1233,1,0,49,develop,assessor or aerials,0,0,0,0,1,0
775300,2,2024,2154,1,0,49,develop,assessor or aerials,0,0,0,0,1,0
775301,1,2024,3452,1,0,49,develop,assessor or aerials,0,0,0,0,1,0
775305,2,2024,1001,1,0,49,develop,assessor or aerials,0,0,0,0,1,0
775309,1,2025,4157,1,0,49,develop,assessor or aerials,0,0,0,0,1,0
775313,1,2024,2567,1,0,49,develop,assessor or aerials,0,0,0,0,1,0
775318,1,2025,106,1,0,49,develop,assessor or aerials,0,0,0,0,1,0
775320,1,2024,3886,1,0,49,develop,assessor or aerials,0,0,0,0,1,0
775322,2,2025,919,1,0,49,develop,assessor or aerials,0,0,0,0,1,0
775324,2,2024,882,1,0,49,develop,assessor or aerials,0,0,0,0,1,0
775326,1,2025,2206,1,0,49,develop,assessor or aerials,0,0,0,0,1,0
775328,1,2024,2582,1,0,49,develop,assessor or aerials,0,0,0,0,1,0
775342,4,2024,4979,0,0,49,develop,assessor or aerials,0,0,0,0,1,4979
775343,1,2025,4239,1,0,49,develop,assessor or aerials,0,0,0,0,1,0
775347,1,2025,1468,1,0,49,develop,assessor or aerials,0,0,0,0,1,0
775355,2,2025,333,1,0,49,develop,assessor or aerials,0,0,0,0,1,0
775356,1,2024,3674,1,0,49,develop,assessor or aerials,0,0,0,0,1,0
775360,1,2024,2195,1,0,49,develop,assessor or aerials,0,0,0,0,1,0
775365,1,2024,1466,1,0,49,develop,assessor or aerials,0,0,0,0,1,0
775368,2,2024,970,1,0,49,develop,assessor or aerials,0,0,0,0,1,0
775369,2,2025,1237,1,0,49,develop,assessor or aerials,0,0,0,0,1,0
775371,1,2024,1260,1,0,49,develop,assessor or aerials,0,0,0,0,1,0
775375,1,2024,178,1,0,49,develop,assessor or aerials,0,0,0,0,1,0
775379,2,2025,1237,1,0,49,develop,assessor or aerials,0,0,0,0,1,0
775382,1,2025,5082,1,0,49,develop,assessor or aerials,0,0,0,0,1,0
775394,1,2025,2523,1,0,49,develop,assessor or aerials,0,0,0,0,1,0
775398,4,2024,19756,0,0,49,develop,assessor or aerials,0,0,0,0,1,19756
775403,2,2024,1443,1,0,49,develop,assessor or aerials,0,0,0,0,1,0
775404,1,2025,1741,1,0,49,develop,assessor or aerials,0,0,0,0,1,0
775405,1,2025,3126,1,0,49,develop,assessor or aerials,0,0,0,0,1,0
775409,1,2024,244,1,0,49,develop,assessor or aerials,0,0,0,0,1,0
775411,1,2024,2550,1,0,49,develop,assessor or aerials,0,0,0,0,1,0
775413,1,2025,4273,1,0,49,develop,assessor or aerials,0,0,0,0,1,0
775418,1,2024,2912,1,0,49,develop,assessor or aerials,0,0,0,0,1,0
775419,1,2025,96,1,0,49,develop,assessor or aerials,0,0,0,0,1,0
775420,1,2025,1966,1,0,49,develop,assessor or aerials,0,0,0,0,1,0
775421,1,2025,5572,1,0,49,develop,assessor or aerials,0,0,0,0,1,0
775430,1,2025,3327,1,0,49,develop,assessor or aerials,0,0,0,0,1,0
775435,1,2025,976,1,0,49,develop,assessor or aerials,0,0,0,0,1,0
775438,2,2024,1957,1,0,49,develop,assessor or aerials,0,0,0,0,1,0
775442,1,2024,1260,1,0,49,develop,assessor or aerials,0,0,0,0,1,0
775448,1,2025,3208,1,0,49,develop,assessor or aerials,0,0,0,0,1,0
775452,1,2024,3131,1,0,49,develop,assessor or aerials,0,0,0,0,1,0
775454,2,2024,2207,1,0,49,develop,assessor or aerials,0,0,0,0,1,0
775459,2,2025,3130,1,0,49,develop,assessor or aerials,0,0,0,0,1,0
775461,2,2024,1569,1,0,49,develop,assessor or aerials,0,0,0,0,1,0
775464,2,2025,372,1,0,49,develop,assessor or aerials,0,0,0,0,1,0
775468,1,2024,1528,1,0,49,develop,assessor or aerials,0,0,0,0,1,0
775469,1,2024,3628,1,0,49,develop,assessor or aerials,0,0,0,0,1,0
775470,1,2025,4570,1,0,49,develop,assessor or aerials,0,0,0,0,1,0
775477,1,2025,4100,1,0,49,develop,assessor or aerials,0,0,0,0,1,0
775483,1,2024,3046,1,0,49,develop,assessor or aerials,0,0,0,0,1,0
775487,1,2024,2241,1,0,49,develop,assessor or aerials,0,0,0,0,1,0
775488,1,2024,3047,1,0,49,develop,assessor or aerials,0,0,0,0,1,0
775496,2,2025,1783,1,0,49,develop,assessor or aerials,0,0,0,0,1,0
775499,2,2024,3278,1,0,49,develop,assessor or aerials,0,0,0,0,1,0
775501,1,2024,3845,1,0,49,develop,assessor or aerials,0,0,0,0,1,0
775504,2,2024,1221,1,0,49,develop,assessor or aerials,0,0,0,0,1,0
775509,2,2024,2296,1,0,49,develop,assessor or aerials,0,0,0,0,1,0
775511,2,2024,768,1,0,49,develop,assessor or aerials,0,0,0,0,1,0
775519,2,2024,765,1,0,49,develop,assessor or aerials,0,0,0,0,1,0
775521,1,2024,2637,1,0,49,develop,assessor or aerials,0,0,0,0,1,0
775524,2,2024,768,1,0,49,develop,assessor or aerials,0,0,0,0,1,0
775525,2,2024,2412,1,0,49,develop,assessor or aerials,0,0,0,0,1,0
775529,2,2024,1134,1,0,49,develop,assessor or aerials,0,0,0,0,1,0
775530,1,2024,3427,1,0,49,develop,assessor or aerials,0,0,0,0,1,0
775536,2,2024,2296,1,0,49,develop,assessor or aerials,0,0,0,0,1,0
775545,1,2025,2032,1,0,49,develop,assessor or aerials,0,0,0,0,1,0
775546,2,2024,2381,1,0,49,develop,assessor or aerials,0,0,0,0,1,0
775547,4,2024,2000,0,0,49,develop,assessor or aerials,0,0,0,0,1,2000
775549,1,2025,10419,1,0,49,develop,assessor or aerials,0,0,0,0,1,0
775551,1,2025,1723,1,0,49,develop,assessor or aerials,0,0,0,0,1,0
775556,2,2024,779,1,0,49,develop,assessor or aerials,0,0,0,0,1,0
775558,2,2025,1945,1,0,49,develop,assessor or aerials,0,0,0,0,1,0
775563,2,2024,1039,1,0,49,develop,assessor or aerials,0,0,0,0,1,0
775581,1,2025,2251,1,0,49,develop,assessor or aerials,0,0,0,0,1,0
775585,2,2024,1134,1,0,49,develop,assessor or aerials,0,0,0,0,1,0
775590,1,2024,2273,1,0,49,develop,assessor or aerials,0,0,0,0,1,0
775593,2,2024,768,1,0,49,develop,assessor or aerials,0,0,0,0,1,0
775595,1,2024,2637,1,0,49,develop,assessor or aerials,0,0,0,0,1,0
775598,2,2024,1935,1,0,49,develop,assessor or aerials,0,0,0,0,1,0
775606,1,2025,1122,1,0,49,develop,assessor or aerials,0,0,0,0,1,0
775614,4,2024,3752,0,0,49,develop,assessor or aerials,0,0,0,0,1,3752
775615,1,2025,1122,1,0,49,develop,assessor or aerials,0,0,0,0,1,0
775619,1,2025,1160,1,0,49,develop,assessor or aerials,0,0,0,0,1,0
775628,1,2025,1122,1,0,49,develop,assessor or aerials,0,0,0,0,1,0
775654,1,2024,1122,1,0,49,develop,assessor or aerials,0,0,0,0,1,0
775666,1,2025,1122,1,0,49,develop,assessor or aerials,0,0,0,0,1,0
775680,4,2024,3760,0,0,49,develop,assessor or aerials,0,0,0,0,1,3760
775691,1,2025,1160,1,0,49,develop,assessor or aerials,0,0,0,0,1,0
775703,1,2024,2555,1,0,49,develop,assessor or aerials,0,0,0,0,1,0
775705,1,2025,7826,1,0,49,develop,assessor or aerials,0,0,0,0,1,0
775714,1,2025,1100,1,0,49,develop,assessor or aerials,0,0,0,0,1,0
775728,1,2025,1090,1,0,49,develop,assessor or aerials,0,0,0,0,1,0
775735,1,2024,1160,1,0,49,develop,assessor or aerials,0,0,0,0,1,0
775740,1,2025,1160,1,0,49,develop,assessor or aerials,0,0,0,0,1,0
775742,1,2024,1160,1,0,49,develop,assessor or aerials,0,0,0,0,1,0
775747,1,2024,1160,1,0,49,develop,assessor or aerials,0,0,0,0,1,0
775763,1,2025,1122,1,0,49,develop,assessor or aerials,0,0,0,0,1,0
775767,1,2024,1160,1,0,49,develop,assessor or aerials,0,0,0,0,1,0
775771,1,2024,1160,1,0,49,develop,assessor or aerials,0,0,0,0,1,0
775777,1,2025,1122,1,0,49,develop,assessor or aerials,0,0,0,0,1,0
775781,1,2025,1160,1,0,49,develop,assessor or aerials,0,0,0,0,1,0
775786,1,2024,2555,1,0,49,develop,assessor or aerials,0,0,0,0,1,0
775794,1,2024,1160,1,0,49,develop,assessor or aerials,0,0,0,0,1,0
775804,1,2025,1684,1,0,49,develop,assessor or aerials,0,0,0,0,1,0
775812,1,2025,1160,1,0,49,develop,assessor or aerials,0,0,0,0,1,0
775819,1,2025,2461,1,0,49,develop,assessor or aerials,0,0,0,0,1,0
775820,1,2025,2597,1,0,49,develop,assessor or aerials,0,0,0,0,1,0
775822,2,2025,3161,1,0,49,develop,assessor or aerials,0,0,0,0,1,0
775826,2,2025,3161,1,0,49,develop,assessor or aerials,0,0,0,0,1,0
775827,1,2025,775,1,0,49,develop,assessor or aerials,0,0,0,0,1,0
775831,2,2025,3161,1,0,49,develop,assessor or aerials,0,0,0,0,1,0
775832,1,2024,7532,1,0,49,develop,assessor or aerials,0,0,0,0,1,0
775833,1,2025,775,1,0,49,develop,assessor or aerials,0,0,0,0,1,0
775834,2,2025,3161,1,0,49,develop,assessor or aerials,0,0,0,0,1,0
775835,1,2025,775,1,0,49,develop,assessor or aerials,0,0,0,0,1,0
775838,2,2025,3161,1,0,49,develop,assessor or aerials,0,0,0,0,1,0
775840,1,2025,683,1,0,49,develop,assessor or aerials,0,0,0,0,1,0
775843,1,2025,775,1,0,49,develop,assessor or aerials,0,0,0,0,1,0
775844,2,2025,3161,1,0,49,develop,assessor or aerials,0,0,0,0,1,0
775845,1,2025,775,1,0,49,develop,assessor or aerials,0,0,0,0,1,0
775846,1,2025,775,1,0,49,develop,assessor or aerials,0,0,0,0,1,0
775849,1,2025,775,1,0,49,develop,assessor or aerials,0,0,0,0,1,0
775855,1,2025,683,1,0,49,develop,assessor or aerials,0,0,0,0,1,0
775861,1,2025,2592,1,0,49,develop,assessor or aerials,0,0,0,0,1,0
775864,2,2025,3161,1,0,49,develop,assessor or aerials,0,0,0,0,1,0
775865,2,2025,3161,1,0,49,develop,assessor or aerials,0,0,0,0,1,0
775867,1,2025,2514,1,0,49,develop,assessor or aerials,0,0,0,0,1,0
775868,1,2025,775,1,0,49,develop,assessor or aerials,0,0,0,0,1,0
775873,1,2024,3166,1,0,49,develop,assessor or aerials,0,0,0,0,1,0
775874,1,2024,3076,1,0,49,develop,assessor or aerials,0,0,0,0,1,0
775876,1,2025,2594,1,0,49,develop,assessor or aerials,0,0,0,0,1,0
775879,1,2025,775,1,0,49,develop,assessor or aerials,0,0,0,0,1,0
775881,1,2025,2762,1,0,49,develop,assessor or aerials,0,0,0,0,1,0
775882,2,2024,1878,1,0,49,develop,assessor or aerials,0,0,0,0,1,0
775883,1,2024,7229,1,0,49,develop,assessor or aerials,0,0,0,0,1,0
775884,1,2025,683,1,0,49,develop,assessor or aerials,0,0,0,0,1,0
775890,1,2025,683,1,0,49,develop,assessor or aerials,0,0,0,0,1,0
775891,2,2025,3161,1,0,49,develop,assessor or aerials,0,0,0,0,1,0
775893,1,2025,3106,1,0,49,develop,assessor or aerials,0,0,0,0,1,0
775907,1,2025,2461,1,0,49,develop,assessor or aerials,0,0,0,0,1,0
775911,1,2025,6011,1,0,49,develop,assessor or aerials,0,0,0,0,1,0
775921,1,2025,775,1,0,49,develop,assessor or aerials,0,0,0,0,1,0
775922,1,2025,2780,1,0,49,develop,assessor or aerials,0,0,0,0,1,0
775924,1,2025,683,1,0,49,develop,assessor or aerials,0,0,0,0,1,0
775925,1,2024,775,1,0,49,develop,assessor or aerials,0,0,0,0,1,0
775926,1,2025,683,1,0,49,develop,assessor or aerials,0,0,0,0,1,0
775929,1,2025,14155,1,0,49,develop,assessor or aerials,0,0,0,0,1,0
775935,1,2025,775,1,0,49,develop,assessor or aerials,0,0,0,0,1,0
775936,1,2024,17812,1,0,49,develop,assessor or aerials,0,0,0,0,1,0
775937,2,2025,3161,1,0,49,develop,assessor or aerials,0,0,0,0,1,0
775942,2,2025,3161,1,0,49,develop,assessor or aerials,0,0,0,0,1,0
775944,1,2025,775,1,0,49,develop,assessor or aerials,0,0,0,0,1,0
775945,1,2025,775,1,0,49,develop,assessor or aerials,0,0,0,0,1,0
775952,1,2025,2461,1,0,49,develop,assessor or aerials,0,0,0,0,1,0
775953,1,2025,683,1,0,49,develop,assessor or aerials,0,0,0,0,1,0
775957,1,2025,3016,1,0,49,develop,assessor or aerials,0,0,0,0,1,0
775958,1,2025,6961,1,0,49,develop,assessor or aerials,0,0,0,0,1,0
775959,2,2025,3161,1,0,49,develop,assessor or aerials,0,0,0,0,1,0
775961,2,2025,3161,1,0,49,develop,assessor or aerials,0,0,0,0,1,0
775963,1,2025,775,1,0,49,develop,assessor or aerials,0,0,0,0,1,0
775965,2,2024,1878,1,0,49,develop,assessor or aerials,0,0,0,0,1,0
775966,1,2024,3210,1,0,49,develop,assessor or aerials,0,0,0,0,1,0
775971,1,2025,775,1,0,49,develop,assessor or aerials,0,0,0,0,1,0
775972,1,2024,4830,1,0,49,develop,assessor or aerials,0,0,0,0,1,0
775974,1,2024,12432,1,0,49,develop,assessor or aerials,0,0,0,0,1,0
775977,1,2025,775,1,0,49,develop,assessor or aerials,0,0,0,0,1,0
775978,2,2025,3161,1,0,49,develop,assessor or aerials,0,0,0,0,1,0
775981,1,2025,775,1,0,49,develop,assessor or aerials,0,0,0,0,1,0
775982,1,2025,683,1,0,49,develop,assessor or aerials,0,0,0,0,1,0
775991,1,2025,775,1,0,49,develop,assessor or aerials,0,0,0,0,1,0
775995,1,2025,775,1,0,49,develop,assessor or aerials,0,0,0,0,1,0
775997,1,2024,2430,1,0,49,develop,assessor or aerials,0,0,0,0,1,0
775998,1,2025,775,1,0,49,develop,assessor or aerials,0,0,0,0,1,0
775999,1,2025,7031,1,0,49,develop,assessor or aerials,0,0,0,0,1,0
776006,2,2025,3161,1,0,49,develop,assessor or aerials,0,0,0,0,1,0
776009,1,2025,775,1,0,49,develop,assessor or aerials,0,0,0,0,1,0
776020,1,2025,3056,1,0,49,develop,assessor or aerials,0,0,0,0,1,0
776024,1,2025,2465,1,0,49,develop,assessor or aerials,0,0,0,0,1,0
776025,1,2025,775,1,0,49,develop,assessor or aerials,0,0,0,0,1,0
776028,2,2025,3161,1,0,49,develop,assessor or aerials,0,0,0,0,1,0
776029,1,2025,775,1,0,49,develop,assessor or aerials,0,0,0,0,1,0
776032,2,2025,3161,1,0,49,develop,assessor or aerials,0,0,0,0,1,0
776036,1,2025,3093,1,0,49,develop,assessor or aerials,0,0,0,0,1,0
776046,1,2024,3399,1,0,49,develop,assessor or aerials,0,0,0,0,1,0
776047,1,2025,775,1,0,49,develop,assessor or aerials,0,0,0,0,1,0
776048,2,2025,3161,1,0,49,develop,assessor or aerials,0,0,0,0,1,0
776049,1,2025,775,1,0,49,develop,assessor or aerials,0,0,0,0,1,0
776053,1,2025,775,1,0,49,develop,assessor or aerials,0,0,0,0,1,0
776054,1,2024,1508,1,0,49,develop,assessor or aerials,0,0,0,0,1,0
776055,1,2025,683,1,0,49,develop,assessor or aerials,0,0,0,0,1,0
776056,1,2024,683,1,0,49,develop,assessor or aerials,0,0,0,0,1,0
776057,1,2025,2819,1,0,49,develop,assessor or aerials,0,0,0,0,1,0
776060,2,2025,3161,1,0,49,develop,assessor or aerials,0,0,0,0,1,0
776061,1,2025,775,1,0,49,develop,assessor or aerials,0,0,0,0,1,0
776064,1,2025,2900,1,0,49,develop,assessor or aerials,0,0,0,0,1,0
776065,1,2025,775,1,0,49,develop,assessor or aerials,0,0,0,0,1,0
776071,1,2025,683,1,0,49,develop,assessor or aerials,0,0,0,0,1,0
776073,1,2025,775,1,0,49,develop,assessor or aerials,0,0,0,0,1,0
776083,1,2025,775,1,0,49,develop,assessor or aerials,0,0,0,0,1,0
776084,2,2025,3161,1,0,49,develop,assessor or aerials,0,0,0,0,1,0
776085,2,2025,3161,1,0,49,develop,assessor or aerials,0,0,0,0,1,0
776088,1,2025,2861,1,0,49,develop,assessor or aerials,0,0,0,0,1,0
776090,1,2025,775,1,0,49,develop,assessor or aerials,0,0,0,0,1,0
776092,2,2025,3161,1,0,49,develop,assessor or aerials,0,0,0,0,1,0
776097,1,2025,683,1,0,49,develop,assessor or aerials,0,0,0,0,1,0
776099,1,2025,775,1,0,49,develop,assessor or aerials,0,0,0,0,1,0
776103,2,2025,3161,1,0,49,develop,assessor or aerials,0,0,0,0,1,0
776105,1,2025,683,1,0,49,develop,assessor or aerials,0,0,0,0,1,0
776106,1,2025,683,1,0,49,develop,assessor or aerials,0,0,0,0,1,0
776108,1,2025,683,1,0,49,develop,assessor or aerials,0,0,0,0,1,0
776110,1,2025,775,1,0,49,develop,assessor or aerials,0,0,0,0,1,0
776111,2,2025,3161,1,0,49,develop,assessor or aerials,0,0,0,0,1,0
776116,1,2025,775,1,0,49,develop,assessor or aerials,0,0,0,0,1,0
776117,1,2025,683,1,0,49,develop,assessor or aerials,0,0,0,0,1,0
776119,1,2025,2594,1,0,49,develop,assessor or aerials,0,0,0,0,1,0
776134,1,2025,775,1,0,49,develop,assessor or aerials,0,0,0,0,1,0
776135,1,2025,775,1,0,49,develop,assessor or aerials,0,0,0,0,1,0
776139,2,2024,1166,1,0,49,develop,assessor or aerials,0,0,0,0,1,0
776144,2,2024,1208,1,0,49,develop,assessor or aerials,0,0,0,0,1,0
776150,2,2024,1760,1,0,49,develop,assessor or aerials,0,0,0,0,1,0
776153,2,2024,1166,1,0,49,develop,assessor or aerials,0,0,0,0,1,0
776156,2,2024,1208,1,0,49,develop,assessor or aerials,0,0,0,0,1,0
776157,2,2024,1868,1,0,49,develop,assessor or aerials,0,0,0,0,1,0
776169,2,2024,1760,1,0,49,develop,assessor or aerials,0,0,0,0,1,0
776171,2,2024,1868,1,0,49,develop,assessor or aerials,0,0,0,0,1,0
776174,2,2024,1760,1,0,49,develop,assessor or aerials,0,0,0,0,1,0
776177,2,2024,1166,1,0,49,develop,assessor or aerials,0,0,0,0,1,0
776184,1,2025,2393,1,0,49,develop,assessor or aerials,0,0,0,0,1,0
776195,2,2024,1868,1,0,49,develop,assessor or aerials,0,0,0,0,1,0
776201,1,2025,2752,1,0,49,develop,assessor or aerials,0,0,0,0,1,0
776207,1,2025,2871,1,0,49,develop,assessor or aerials,0,0,0,0,1,0
776208,2,2024,1166,1,0,49,develop,assessor or aerials,0,0,0,0,1,0
776212,2,2024,1208,1,0,49,develop,assessor or aerials,0,0,0,0,1,0
776220,1,2025,2815,1,0,49,develop,assessor or aerials,0,0,0,0,1,0
776222,2,2024,1166,1,0,49,develop,assessor or aerials,0,0,0,0,1,0
776225,1,2025,2308,1,0,49,develop,assessor or aerials,0,0,0,0,1,0
776229,2,2024,1208,1,0,49,develop,assessor or aerials,0,0,0,0,1,0
776230,2,2024,1208,1,0,49,develop,assessor or aerials,0,0,0,0,1,0
776232,2,2024,1166,1,0,49,develop,assessor or aerials,0,0,0,0,1,0
776233,2,2024,1166,1,0,49,develop,assessor or aerials,0,0,0,0,1,0
776234,2,2024,1760,1,0,49,develop,assessor or aerials,0,0,0,0,1,0
776236,2,2024,1166,1,0,49,develop,assessor or aerials,0,0,0,0,1,0
776238,1,2024,22014,1,0,49,develop,assessor or aerials,0,0,0,0,1,0
776239,1,2024,2028,1,0,49,develop,assessor or aerials,0,0,0,0,1,0
776241,2,2024,1208,1,0,49,develop,assessor or aerials,0,0,0,0,1,0
776243,1,2025,3248,1,0,49,develop,assessor or aerials,0,0,0,0,1,0
776245,2,2024,1166,1,0,49,develop,assessor or aerials,0,0,0,0,1,0
776253,1,2025,3600,1,0,49,develop,assessor or aerials,0,0,0,0,1,0
776256,2,2024,1166,1,0,49,develop,assessor or aerials,0,0,0,0,1,0
776260,2,2024,1868,1,0,49,develop,assessor or aerials,0,0,0,0,1,0
776262,1,2024,3166,1,0,49,develop,assessor or aerials,0,0,0,0,1,0
776265,2,2024,1166,1,0,49,develop,assessor or aerials,0,0,0,0,1,0
776267,2,2024,1208,1,0,49,develop,assessor or aerials,0,0,0,0,1,0
776273,2,2024,1166,1,0,49,develop,assessor or aerials,0,0,0,0,1,0
776278,2,2024,1166,1,0,49,develop,assessor or aerials,0,0,0,0,1,0
776280,2,2024,1208,1,0,49,develop,assessor or aerials,0,0,0,0,1,0
776281,2,2024,1760,1,0,49,develop,assessor or aerials,0,0,0,0,1,0
776282,2,2024,1166,1,0,49,develop,assessor or aerials,0,0,0,0,1,0
776292,2,2024,1166,1,0,49,develop,assessor or aerials,0,0,0,0,1,0
776294,2,2024,1208,1,0,49,develop,assessor or aerials,0,0,0,0,1,0
776295,2,2024,1166,1,0,49,develop,assessor or aerials,0,0,0,0,1,0
776296,2,2024,1208,1,0,49,develop,assessor or aerials,0,0,0,0,1,0
776297,1,2025,3455,1,0,49,develop,assessor or aerials,0,0,0,0,1,0
776300,1,2024,2381,1,0,49,develop,assessor or aerials,0,0,0,0,1,0
776301,1,2024,32755,1,0,49,develop,assessor or aerials,0,0,0,0,1,0
776311,2,2024,1868,1,0,49,develop,assessor or aerials,0,0,0,0,1,0
776312,2,2024,1760,1,0,49,develop,assessor or aerials,0,0,0,0,1,0
776322,2,2024,1166,1,0,49,develop,assessor or aerials,0,0,0,0,1,0
776324,2,2024,1208,1,0,49,develop,assessor or aerials,0,0,0,0,1,0
776330,1,2025,2661,1,0,49,develop,assessor or aerials,0,0,0,0,1,0
776335,2,2024,1166,1,0,49,develop,assessor or aerials,0,0,0,0,1,0
776336,2,2024,1208,1,0,49,develop,assessor or aerials,0,0,0,0,1,0
776337,1,2025,2763,1,0,49,develop,assessor or aerials,0,0,0,0,1,0
776342,2,2024,1166,1,0,49,develop,assessor or aerials,0,0,0,0,1,0
776344,1,2025,3236,1,0,49,develop,assessor or aerials,0,0,0,0,1,0
776350,2,2024,1208,1,0,49,develop,assessor or aerials,0,0,0,0,1,0
776353,2,2024,1166,1,0,49,develop,assessor or aerials,0,0,0,0,1,0
776356,1,2024,8263,1,0,49,develop,assessor or aerials,0,0,0,0,1,0
776357,2,2024,1166,1,0,49,develop,assessor or aerials,0,0,0,0,1,0
776365,2,2024,1760,1,0,49,develop,assessor or aerials,0,0,0,0,1,0
776368,2,2024,1166,1,0,49,develop,assessor or aerials,0,0,0,0,1,0
776371,2,2024,1208,1,0,49,develop,assessor or aerials,0,0,0,0,1,0
776372,2,2024,1166,1,0,49,develop,assessor or aerials,0,0,0,0,1,0
776377,2,2024,1208,1,0,49,develop,assessor or aerials,0,0,0,0,1,0
776380,2,2024,1760,1,0,49,develop,assessor or aerials,0,0,0,0,1,0
776381,2,2024,1208,1,0,49,develop,assessor or aerials,0,0,0,0,1,0
776388,2,2024,1166,1,0,49,develop,assessor or aerials,0,0,0,0,1,0
776391,2,2024,1166,1,0,49,develop,assessor or aerials,0,0,0,0,1,0
776392,2,2024,1868,1,0,49,develop,assessor or aerials,0,0,0,0,1,0
776394,1,2025,3599,1,0,49,develop,assessor or aerials,0,0,0,0,1,0
776396,1,2025,1263,1,0,49,develop,assessor or aerials,0,0,0,0,1,0
776397,2,2024,1426,1,0,49,develop,assessor or aerials,0,0,0,0,1,0
776402,2,2024,2206,1,0,49,develop,assessor or aerials,0,0,0,0,1,0
776403,1,2024,2939,1,0,49,develop,assessor or aerials,0,0,0,0,1,0
776404,2,2024,1426,1,0,49,develop,assessor or aerials,0,0,0,0,1,0
776405,1,2025,1226,1,0,49,develop,assessor or aerials,0,0,0,0,1,0
776406,2,2024,2206,1,0,49,develop,assessor or aerials,0,0,0,0,1,0
776407,1,2025,1219,1,0,49,develop,assessor or aerials,0,0,0,0,1,0
776408,2,2024,1426,1,0,49,develop,assessor or aerials,0,0,0,0,1,0
776411,2,2024,2206,1,0,49,develop,assessor or aerials,0,0,0,0,1,0
776412,1,2025,2184,1,0,49,develop,assessor or aerials,0,0,0,0,1,0
776413,2,2024,2206,1,0,49,develop,assessor or aerials,0,0,0,0,1,0
776414,2,2024,1426,1,0,49,develop,assessor or aerials,0,0,0,0,1,0
776419,2,2024,1426,1,0,49,develop,assessor or aerials,0,0,0,0,1,0
776420,2,2024,1426,1,0,49,develop,assessor or aerials,0,0,0,0,1,0
776421,2,2024,1426,1,0,49,develop,assessor or aerials,0,0,0,0,1,0
776422,2,2024,1426,1,0,49,develop,assessor or aerials,0,0,0,0,1,0
776423,2,2024,2206,1,0,49,develop,assessor or aerials,0,0,0,0,1,0
776424,1,2025,1921,1,0,49,develop,assessor or aerials,0,0,0,0,1,0
776425,1,2025,1364,1,0,49,develop,assessor or aerials,0,0,0,0,1,0
776426,1,2025,2435,1,0,49,develop,assessor or aerials,0,0,0,0,1,0
776428,1,2025,2189,1,0,49,develop,assessor or aerials,0,0,0,0,1,0
776430,2,2024,2288,1,0,49,develop,assessor or aerials,0,0,0,0,1,0
776432,1,2024,2994,1,0,49,develop,assessor or aerials,0,0,0,0,1,0
776434,1,2024,3242,1,0,49,develop,assessor or aerials,0,0,0,0,1,0
776436,2,2024,2206,1,0,49,develop,assessor or aerials,0,0,0,0,1,0
776438,2,2024,2258,1,0,49,develop,assessor or aerials,0,0,0,0,1,0
776441,1,2025,1993,1,0,49,develop,assessor or aerials,0,0,0,0,1,0
776443,2,2024,2288,1,0,49,develop,assessor or aerials,0,0,0,0,1,0
776444,1,2025,2596,1,0,49,develop,assessor or aerials,0,0,0,0,1,0
776445,1,2025,2549,1,0,49,develop,assessor or aerials,0,0,0,0,1,0
776450,1,2025,1220,1,0,49,develop,assessor or aerials,0,0,0,0,1,0
776451,1,2024,2161,1,0,49,develop,assessor or aerials,0,0,0,0,1,0
776455,1,2025,2606,1,0,49,develop,assessor or aerials,0,0,0,0,1,0
776458,2,2024,2206,1,0,49,develop,assessor or aerials,0,0,0,0,1,0
776460,1,2024,4449,1,0,49,develop,assessor or aerials,0,0,0,0,1,0
776462,2,2024,1426,1,0,49,develop,assessor or aerials,0,0,0,0,1,0
776463,2,2024,2206,1,0,49,develop,assessor or aerials,0,0,0,0,1,0
776464,1,2025,1180,1,0,49,develop,assessor or aerials,0,0,0,0,1,0
776465,2,2024,1426,1,0,49,develop,assessor or aerials,0,0,0,0,1,0
776466,1,2024,3652,1,0,49,develop,assessor or aerials,0,0,0,0,1,0
776467,2,2024,2231,1,0,49,develop,assessor or aerials,0,0,0,0,1,0
776468,2,2024,2206,1,0,49,develop,assessor or aerials,0,0,0,0,1,0
776472,1,2024,1942,1,0,49,develop,assessor or aerials,0,0,0,0,1,0
776473,2,2024,1426,1,0,49,develop,assessor or aerials,0,0,0,0,1,0
776474,2,2024,1426,1,0,49,develop,assessor or aerials,0,0,0,0,1,0
776475,2,2024,2206,1,0,49,develop,assessor or aerials,0,0,0,0,1,0
776476,1,2024,3581,1,0,49,develop,assessor or aerials,0,0,0,0,1,0
776477,1,2024,2307,1,0,49,develop,assessor or aerials,0,0,0,0,1,0
776479,2,2024,1426,1,0,49,develop,assessor or aerials,0,0,0,0,1,0
776480,2,2024,1426,1,0,49,develop,assessor or aerials,0,0,0,0,1,0
776481,1,2025,3110,1,0,49,develop,assessor or aerials,0,0,0,0,1,0
776487,1,2025,2223,1,0,49,develop,assessor or aerials,0,0,0,0,1,0
776488,1,2025,3194,1,0,49,develop,assessor or aerials,0,0,0,0,1,0
776489,2,2024,1426,1,0,49,develop,assessor or aerials,0,0,0,0,1,0
776490,2,2024,2206,1,0,49,develop,assessor or aerials,0,0,0,0,1,0
776492,2,2024,1426,1,0,49,develop,assessor or aerials,0,0,0,0,1,0
776493,1,2024,2560,1,0,49,develop,assessor or aerials,0,0,0,0,1,0
776494,2,2024,2258,1,0,49,develop,assessor or aerials,0,0,0,0,1,0
776495,1,2025,2916,1,0,49,develop,assessor or aerials,0,0,0,0,1,0
776497,1,2025,1229,1,0,49,develop,assessor or aerials,0,0,0,0,1,0
776501,1,2025,2540,1,0,49,develop,assessor or aerials,0,0,0,0,1,0
776503,2,2024,1426,1,0,49,develop,assessor or aerials,0,0,0,0,1,0
776508,1,2024,2994,1,0,49,develop,assessor or aerials,0,0,0,0,1,0
776511,2,2024,1426,1,0,49,develop,assessor or aerials,0,0,0,0,1,0
776513,1,2025,2454,1,0,49,develop,assessor or aerials,0,0,0,0,1,0
776518,2,2024,1426,1,0,49,develop,assessor or aerials,0,0,0,0,1,0
776519,1,2024,2127,1,0,49,develop,assessor or aerials,0,0,0,0,1,0
776520,1,2025,2467,1,0,49,develop,assessor or aerials,0,0,0,0,1,0
776523,2,2024,1426,1,0,49,develop,assessor or aerials,0,0,0,0,1,0
776524,1,2025,1288,1,0,49,develop,assessor or aerials,0,0,0,0,1,0
776525,1,2025,2550,1,0,49,develop,assessor or aerials,0,0,0,0,1,0
776526,1,2025,1224,1,0,49,develop,assessor or aerials,0,0,0,0,1,0
776527,1,2024,5239,1,0,49,develop,assessor or aerials,0,0,0,0,1,0
776529,2,2024,1426,1,0,49,develop,assessor or aerials,0,0,0,0,1,0
776530,2,2024,1426,1,0,49,develop,assessor or aerials,0,0,0,0,1,0
776531,2,2024,1426,1,0,49,develop,assessor or aerials,0,0,0,0,1,0
776532,2,2024,2206,1,0,49,develop,assessor or aerials,0,0,0,0,1,0
776534,2,2024,1426,1,0,49,develop,assessor or aerials,0,0,0,0,1,0
776535,2,2024,1426,1,0,49,develop,assessor or aerials,0,0,0,0,1,0
776539,2,2024,2206,1,0,49,develop,assessor or aerials,0,0,0,0,1,0
776540,1,2025,1209,1,0,49,develop,assessor or aerials,0,0,0,0,1,0
776541,2,2024,2258,1,0,49,develop,assessor or aerials,0,0,0,0,1,0
776544,1,2025,2540,1,0,49,develop,assessor or aerials,0,0,0,0,1,0
776546,2,2024,2206,1,0,49,develop,assessor or aerials,0,0,0,0,1,0
776548,1,2025,1428,1,0,49,develop,assessor or aerials,0,0,0,0,1,0
776549,2,2024,1426,1,0,49,develop,assessor or aerials,0,0,0,0,1,0
776550,1,2025,1995,1,0,49,develop,assessor or aerials,0,0,0,0,1,0
776553,2,2024,1426,1,0,49,develop,assessor or aerials,0,0,0,0,1,0
776554,1,2025,2557,1,0,49,develop,assessor or aerials,0,0,0,0,1,0
776555,1,2025,2433,1,0,49,develop,assessor or aerials,0,0,0,0,1,0
776556,1,2025,2227,1,0,49,develop,assessor or aerials,0,0,0,0,1,0
776558,2,2024,1426,1,0,49,develop,assessor or aerials,0,0,0,0,1,0
776559,2,2024,1426,1,0,49,develop,assessor or aerials,0,0,0,0,1,0
776560,2,2024,2206,1,0,49,develop,assessor or aerials,0,0,0,0,1,0
776567,1,2025,2555,1,0,49,develop,assessor or aerials,0,0,0,0,1,0
776570,2,2024,1426,1,0,49,develop,assessor or aerials,0,0,0,0,1,0
776572,2,2024,2206,1,0,49,develop,assessor or aerials,0,0,0,0,1,0
776573,1,2025,2188,1,0,49,develop,assessor or aerials,0,0,0,0,1,0
776576,1,2025,2572,1,0,49,develop,assessor or aerials,0,0,0,0,1,0
776578,2,2024,2231,1,0,49,develop,assessor or aerials,0,0,0,0,1,0
776580,2,2024,2258,1,0,49,develop,assessor or aerials,0,0,0,0,1,0
776581,1,2025,1220,1,0,49,develop,assessor or aerials,0,0,0,0,1,0
776584,1,2024,2872,1,0,49,develop,assessor or aerials,0,0,0,0,1,0
776586,1,2025,1533,1,0,49,develop,assessor or aerials,0,0,0,0,1,0
776589,2,2024,1426,1,0,49,develop,assessor or aerials,0,0,0,0,1,0
776590,1,2025,1904,1,0,49,develop,assessor or aerials,0,0,0,0,1,0
776591,2,2024,1426,1,0,49,develop,assessor or aerials,0,0,0,0,1,0
776592,2,2024,2206,1,0,49,develop,assessor or aerials,0,0,0,0,1,0
776597,1,2025,1733,1,0,49,develop,assessor or aerials,0,0,0,0,1,0
776598,2,2024,1426,1,0,49,develop,assessor or aerials,0,0,0,0,1,0
776600,2,2024,2258,1,0,49,develop,assessor or aerials,0,0,0,0,1,0
776603,1,2025,2432,1,0,49,develop,assessor or aerials,0,0,0,0,1,0
776606,2,2024,1426,1,0,49,develop,assessor or aerials,0,0,0,0,1,0
776608,2,2024,1426,1,0,49,develop,assessor or aerials,0,0,0,0,1,0
776610,2,2024,1426,1,0,49,develop,assessor or aerials,0,0,0,0,1,0
776612,2,2024,2206,1,0,49,develop,assessor or aerials,0,0,0,0,1,0
776614,2,2024,1426,1,0,49,develop,assessor or aerials,0,0,0,0,1,0
776616,2,2024,2206,1,0,49,develop,assessor or aerials,0,0,0,0,1,0
776617,2,2024,1426,1,0,49,develop,assessor or aerials,0,0,0,0,1,0
776621,2,2024,2206,1,0,49,develop,assessor or aerials,0,0,0,0,1,0
776622,1,2025,2012,1,0,49,develop,assessor or aerials,0,0,0,0,1,0
776625,1,2025,1228,1,0,49,develop,assessor or aerials,0,0,0,0,1,0
776626,2,2024,2206,1,0,49,develop,assessor or aerials,0,0,0,0,1,0
776629,1,2025,1208,1,0,49,develop,assessor or aerials,0,0,0,0,1,0
776631,2,2024,1426,1,0,49,develop,assessor or aerials,0,0,0,0,1,0
776633,2,2024,2231,1,0,49,develop,assessor or aerials,0,0,0,0,1,0
776635,1,2024,2560,1,0,49,develop,assessor or aerials,0,0,0,0,1,0
776636,2,2024,2231,1,0,49,develop,assessor or aerials,0,0,0,0,1,0
776637,1,2025,1229,1,0,49,develop,assessor or aerials,0,0,0,0,1,0
776640,2,2024,2206,1,0,49,develop,assessor or aerials,0,0,0,0,1,0
776642,2,2024,1426,1,0,49,develop,assessor or aerials,0,0,0,0,1,0
776645,2,2024,2231,1,0,49,develop,assessor or aerials,0,0,0,0,1,0
776647,2,2024,2206,1,0,49,develop,assessor or aerials,0,0,0,0,1,0
776648,2,2024,2258,1,0,49,develop,assessor or aerials,0,0,0,0,1,0
776649,2,2024,1426,1,0,49,develop,assessor or aerials,0,0,0,0,1,0
776650,2,2024,2250,1,0,49,develop,assessor or aerials,0,0,0,0,1,0
776655,2,2024,1426,1,0,49,develop,assessor or aerials,0,0,0,0,1,0
776656,2,2024,1426,1,0,49,develop,assessor or aerials,0,0,0,0,1,0
776659,1,2025,2098,1,0,49,develop,assessor or aerials,0,0,0,0,1,0
776660,2,2024,1426,1,0,49,develop,assessor or aerials,0,0,0,0,1,0
776664,2,2024,2258,1,0,49,develop,assessor or aerials,0,0,0,0,1,0
776666,2,2024,1426,1,0,49,develop,assessor or aerials,0,0,0,0,1,0
776667,1,2025,1232,1,0,49,develop,assessor or aerials,0,0,0,0,1,0
776670,2,2024,1426,1,0,49,develop,assessor or aerials,0,0,0,0,1,0
776671,1,2025,2285,1,0,49,develop,assessor or aerials,0,0,0,0,1,0
776674,2,2024,1426,1,0,49,develop,assessor or aerials,0,0,0,0,1,0
776676,2,2024,1426,1,0,49,develop,assessor or aerials,0,0,0,0,1,0
776677,2,2024,1426,1,0,49,develop,assessor or aerials,0,0,0,0,1,0
776679,1,2025,1090,1,0,49,develop,assessor or aerials,0,0,0,0,1,0
776680,2,2024,1426,1,0,49,develop,assessor or aerials,0,0,0,0,1,0
776681,1,2025,2444,1,0,49,develop,assessor or aerials,0,0,0,0,1,0
776684,1,2024,2664,1,0,49,develop,assessor or aerials,0,0,0,0,1,0
776685,2,2024,1426,1,0,49,develop,assessor or aerials,0,0,0,0,1,0
776687,2,2024,1426,1,0,49,develop,assessor or aerials,0,0,0,0,1,0
776688,2,2024,1426,1,0,49,develop,assessor or aerials,0,0,0,0,1,0
776692,1,2025,1222,1,0,49,develop,assessor or aerials,0,0,0,0,1,0
776693,2,2024,1426,1,0,49,develop,assessor or aerials,0,0,0,0,1,0
776694,1,2025,1231,1,0,49,develop,assessor or aerials,0,0,0,0,1,0
776695,2,2024,1426,1,0,49,develop,assessor or aerials,0,0,0,0,1,0
776696,2,2024,1426,1,0,49,develop,assessor or aerials,0,0,0,0,1,0
776699,2,2024,1426,1,0,49,develop,assessor or aerials,0,0,0,0,1,0
776700,1,2025,1227,1,0,49,develop,assessor or aerials,0,0,0,0,1,0
776701,1,2024,1285,1,0,49,develop,assessor or aerials,0,0,0,0,1,0
776703,1,2025,2100,1,0,49,develop,assessor or aerials,0,0,0,0,1,0
776704,2,2024,1426,1,0,49,develop,assessor or aerials,0,0,0,0,1,0
776706,1,2024,1271,1,0,49,develop,assessor or aerials,0,0,0,0,1,0
776708,2,2024,2206,1,0,49,develop,assessor or aerials,0,0,0,0,1,0
776709,1,2025,2209,1,0,49,develop,assessor or aerials,0,0,0,0,1,0
776710,2,2024,1426,1,0,49,develop,assessor or aerials,0,0,0,0,1,0
776714,2,2024,1426,1,0,49,develop,assessor or aerials,0,0,0,0,1,0
776716,2,2025,1470,1,0,49,develop,assessor or aerials,0,0,0,0,1,0
776717,2,2025,1470,1,0,49,develop,assessor or aerials,0,0,0,0,1,0
776718,1,2024,272,1,0,49,develop,assessor or aerials,0,0,0,0,1,0
776721,2,2025,1470,1,0,49,develop,assessor or aerials,0,0,0,0,1,0
776722,2,2025,1561,1,0,49,develop,assessor or aerials,0,0,0,0,1,0
776724,1,2024,292,1,0,49,develop,assessor or aerials,0,0,0,0,1,0
776727,2,2025,1470,1,0,49,develop,assessor or aerials,0,0,0,0,1,0
776728,2,2025,1470,1,0,49,develop,assessor or aerials,0,0,0,0,1,0
776729,2,2025,1470,1,0,49,develop,assessor or aerials,0,0,0,0,1,0
776730,2,2024,2054,1,0,49,develop,assessor or aerials,0,0,0,0,1,0
776732,1,2024,293,1,0,49,develop,assessor or aerials,0,0,0,0,1,0
776734,2,2024,2054,1,0,49,develop,assessor or aerials,0,0,0,0,1,0
776735,2,2025,1470,1,0,49,develop,assessor or aerials,0,0,0,0,1,0
776736,2,2025,1470,1,0,49,develop,assessor or aerials,0,0,0,0,1,0
776737,2,2025,1470,1,0,49,develop,assessor or aerials,0,0,0,0,1,0
776738,2,2025,1470,1,0,49,develop,assessor or aerials,0,0,0,0,1,0
776739,2,2025,1470,1,0,49,develop,assessor or aerials,0,0,0,0,1,0
776741,2,2025,1470,1,0,49,develop,assessor or aerials,0,0,0,0,1,0
776743,2,2024,2054,1,0,49,develop,assessor or aerials,0,0,0,0,1,0
776747,2,2025,1470,1,0,49,develop,assessor or aerials,0,0,0,0,1,0
776749,2,2025,1561,1,0,49,develop,assessor or aerials,0,0,0,0,1,0
776751,2,2025,1561,1,0,49,develop,assessor or aerials,0,0,0,0,1,0
776754,2,2025,1470,1,0,49,develop,assessor or aerials,0,0,0,0,1,0
776757,2,2025,1561,1,0,49,develop,assessor or aerials,0,0,0,0,1,0
776758,1,2024,361,1,0,49,develop,assessor or aerials,0,0,0,0,1,0
776760,2,2025,1470,1,0,49,develop,assessor or aerials,0,0,0,0,1,0
776762,2,2025,1470,1,0,49,develop,assessor or aerials,0,0,0,0,1,0
776764,2,2025,1470,1,0,49,develop,assessor or aerials,0,0,0,0,1,0
776765,2,2025,1470,1,0,49,develop,assessor or aerials,0,0,0,0,1,0
776767,2,2025,1470,1,0,49,develop,assessor or aerials,0,0,0,0,1,0
776768,2,2025,1470,1,0,49,develop,assessor or aerials,0,0,0,0,1,0
776770,2,2025,1561,1,0,49,develop,assessor or aerials,0,0,0,0,1,0
776771,2,2025,1470,1,0,49,develop,assessor or aerials,0,0,0,0,1,0
776773,1,2024,272,1,0,49,develop,assessor or aerials,0,0,0,0,1,0
776774,2,2025,1470,1,0,49,develop,assessor or aerials,0,0,0,0,1,0
776775,2,2025,1470,1,0,49,develop,assessor or aerials,0,0,0,0,1,0
776777,2,2024,2054,1,0,49,develop,assessor or aerials,0,0,0,0,1,0
776778,2,2025,1470,1,0,49,develop,assessor or aerials,0,0,0,0,1,0
776779,2,2025,1470,1,0,49,develop,assessor or aerials,0,0,0,0,1,0
776781,2,2025,1470,1,0,49,develop,assessor or aerials,0,0,0,0,1,0
776783,2,2025,1470,1,0,49,develop,assessor or aerials,0,0,0,0,1,0
776785,1,2024,272,1,0,49,develop,assessor or aerials,0,0,0,0,1,0
776787,2,2024,2054,1,0,49,develop,assessor or aerials,0,0,0,0,1,0
776788,2,2025,1470,1,0,49,develop,assessor or aerials,0,0,0,0,1,0
776790,1,2024,293,1,0,49,develop,assessor or aerials,0,0,0,0,1,0
776791,2,2024,2054,1,0,49,develop,assessor or aerials,0,0,0,0,1,0
776794,1,2025,588,1,0,49,develop,assessor or aerials,0,0,0,0,1,0
776795,2,2025,1470,1,0,49,develop,assessor or aerials,0,0,0,0,1,0
776796,2,2024,2054,1,0,49,develop,assessor or aerials,0,0,0,0,1,0
776797,2,2025,1470,1,0,49,develop,assessor or aerials,0,0,0,0,1,0
776799,2,2025,1470,1,0,49,develop,assessor or aerials,0,0,0,0,1,0
776802,2,2024,2054,1,0,49,develop,assessor or aerials,0,0,0,0,1,0
776805,2,2024,2054,1,0,49,develop,assessor or aerials,0,0,0,0,1,0
776808,2,2025,1470,1,0,49,develop,assessor or aerials,0,0,0,0,1,0
776811,2,2025,1470,1,0,49,develop,assessor or aerials,0,0,0,0,1,0
776814,2,2025,1470,1,0,49,develop,assessor or aerials,0,0,0,0,1,0
776815,2,2025,1470,1,0,49,develop,assessor or aerials,0,0,0,0,1,0
776816,2,2025,1470,1,0,49,develop,assessor or aerials,0,0,0,0,1,0
776817,2,2024,2054,1,0,49,develop,assessor or aerials,0,0,0,0,1,0
776820,2,2025,1470,1,0,49,develop,assessor or aerials,0,0,0,0,1,0
776822,2,2025,1470,1,0,49,develop,assessor or aerials,0,0,0,0,1,0
776825,2,2024,2054,1,0,49,develop,assessor or aerials,0,0,0,0,1,0
776826,2,2024,2054,1,0,49,develop,assessor or aerials,0,0,0,0,1,0
776827,2,2025,1470,1,0,49,develop,assessor or aerials,0,0,0,0,1,0
776828,2,2025,1470,1,0,49,develop,assessor or aerials,0,0,0,0,1,0
776829,2,2024,2054,1,0,49,develop,assessor or aerials,0,0,0,0,1,0
776831,1,2024,272,1,0,49,develop,assessor or aerials,0,0,0,0,1,0
776833,2,2024,2054,1,0,49,develop,assessor or aerials,0,0,0,0,1,0
776834,2,2025,1470,1,0,49,develop,assessor or aerials,0,0,0,0,1,0
776836,1,2024,310,1,0,49,develop,assessor or aerials,0,0,0,0,1,0
776838,2,2024,2054,1,0,49,develop,assessor or aerials,0,0,0,0,1,0
776844,2,2025,1470,1,0,49,develop,assessor or aerials,0,0,0,0,1,0
776846,2,2025,1470,1,0,49,develop,assessor or aerials,0,0,0,0,1,0
776847,2,2025,1470,1,0,49,develop,assessor or aerials,0,0,0,0,1,0
776849,2,2024,2054,1,0,49,develop,assessor or aerials,0,0,0,0,1,0
776850,2,2025,1470,1,0,49,develop,assessor or aerials,0,0,0,0,1,0
776851,1,2024,293,1,0,49,develop,assessor or aerials,0,0,0,0,1,0
776854,2,2025,1470,1,0,49,develop,assessor or aerials,0,0,0,0,1,0
776857,2,2025,1470,1,0,49,develop,assessor or aerials,0,0,0,0,1,0
776861,2,2025,1470,1,0,49,develop,assessor or aerials,0,0,0,0,1,0
776862,2,2025,1470,1,0,49,develop,assessor or aerials,0,0,0,0,1,0
776863,2,2025,1470,1,0,49,develop,assessor or aerials,0,0,0,0,1,0
776864,2,2025,1561,1,0,49,develop,assessor or aerials,0,0,0,0,1,0
776865,2,2025,1470,1,0,49,develop,assessor or aerials,0,0,0,0,1,0
776866,1,2024,292,1,0,49,develop,assessor or aerials,0,0,0,0,1,0
776867,2,2025,1470,1,0,49,develop,assessor or aerials,0,0,0,0,1,0
776869,1,2024,273,1,0,49,develop,assessor or aerials,0,0,0,0,1,0
776870,2,2025,1470,1,0,49,develop,assessor or aerials,0,0,0,0,1,0
776871,2,2025,1561,1,0,49,develop,assessor or aerials,0,0,0,0,1,0
776872,2,2025,1561,1,0,49,develop,assessor or aerials,0,0,0,0,1,0
776873,2,2025,1470,1,0,49,develop,assessor or aerials,0,0,0,0,1,0
776875,2,2025,1470,1,0,49,develop,assessor or aerials,0,0,0,0,1,0
776876,2,2025,1470,1,0,49,develop,assessor or aerials,0,0,0,0,1,0
776877,2,2025,1470,1,0,49,develop,assessor or aerials,0,0,0,0,1,0
776878,2,2025,1561,1,0,49,develop,assessor or aerials,0,0,0,0,1,0
776881,1,2024,309,1,0,49,develop,assessor or aerials,0,0,0,0,1,0
776883,2,2024,2054,1,0,49,develop,assessor or aerials,0,0,0,0,1,0
776885,1,2024,2612,1,0,49,develop,assessor or aerials,0,0,0,0,1,0
776886,2,2025,1470,1,0,49,develop,assessor or aerials,0,0,0,0,1,0
776888,2,2025,1470,1,0,49,develop,assessor or aerials,0,0,0,0,1,0
776890,1,2024,291,1,0,49,develop,assessor or aerials,0,0,0,0,1,0
776892,2,2025,1470,1,0,49,develop,assessor or aerials,0,0,0,0,1,0
776893,1,2024,292,1,0,49,develop,assessor or aerials,0,0,0,0,1,0
776894,2,2025,1470,1,0,49,develop,assessor or aerials,0,0,0,0,1,0
776895,2,2025,1470,1,0,49,develop,assessor or aerials,0,0,0,0,1,0
776897,2,2025,1470,1,0,49,develop,assessor or aerials,0,0,0,0,1,0
776900,2,2024,2054,1,0,49,develop,assessor or aerials,0,0,0,0,1,0
776902,2,2025,1561,1,0,49,develop,assessor or aerials,0,0,0,0,1,0
776903,2,2025,1470,1,0,49,develop,assessor or aerials,0,0,0,0,1,0
776904,2,2025,1470,1,0,49,develop,assessor or aerials,0,0,0,0,1,0
776908,2,2025,1470,1,0,49,develop,assessor or aerials,0,0,0,0,1,0
776909,2,2025,1470,1,0,49,develop,assessor or aerials,0,0,0,0,1,0
776910,2,2025,1561,1,0,49,develop,assessor or aerials,0,0,0,0,1,0
776912,2,2025,1470,1,0,49,develop,assessor or aerials,0,0,0,0,1,0
776913,1,2024,272,1,0,49,develop,assessor or aerials,0,0,0,0,1,0
776914,2,2025,1470,1,0,49,develop,assessor or aerials,0,0,0,0,1,0
776916,2,2025,1561,1,0,49,develop,assessor or aerials,0,0,0,0,1,0
776917,2,2024,2054,1,0,49,develop,assessor or aerials,0,0,0,0,1,0
776918,2,2025,1470,1,0,49,develop,assessor or aerials,0,0,0,0,1,0
776920,2,2025,1470,1,0,49,develop,assessor or aerials,0,0,0,0,1,0
776921,1,2024,272,1,0,49,develop,assessor or aerials,0,0,0,0,1,0
776922,1,2024,361,1,0,49,develop,assessor or aerials,0,0,0,0,1,0
776925,2,2025,1470,1,0,49,develop,assessor or aerials,0,0,0,0,1,0
776926,1,2024,273,1,0,49,develop,assessor or aerials,0,0,0,0,1,0
776931,2,2025,1470,1,0,49,develop,assessor or aerials,0,0,0,0,1,0
776932,2,2025,1470,1,0,49,develop,assessor or aerials,0,0,0,0,1,0
776934,2,2024,2054,1,0,49,develop,assessor or aerials,0,0,0,0,1,0
776941,1,2024,286,1,0,49,develop,assessor or aerials,0,0,0,0,1,0
776943,2,2024,2054,1,0,49,develop,assessor or aerials,0,0,0,0,1,0
776946,2,2024,2054,1,0,49,develop,assessor or aerials,0,0,0,0,1,0
776947,2,2025,1470,1,0,49,develop,assessor or aerials,0,0,0,0,1,0
776949,1,2024,292,1,0,49,develop,assessor or aerials,0,0,0,0,1,0
776951,2,2025,1470,1,0,49,develop,assessor or aerials,0,0,0,0,1,0
776952,2,2025,1470,1,0,49,develop,assessor or aerials,0,0,0,0,1,0
776953,2,2025,1470,1,0,49,develop,assessor or aerials,0,0,0,0,1,0
776954,2,2025,1470,1,0,49,develop,assessor or aerials,0,0,0,0,1,0
776955,1,2024,293,1,0,49,develop,assessor or aerials,0,0,0,0,1,0
776956,2,2025,1470,1,0,49,develop,assessor or aerials,0,0,0,0,1,0
776963,1,2025,2399,1,0,49,develop,assessor or aerials,0,0,0,0,1,0
777010,1,2025,2412,1,0,49,develop,assessor or aerials,0,0,0,0,1,0
777084,1,2025,5532,1,0,49,develop,assessor or aerials,0,0,0,0,1,0
777095,1,2024,116,1,0,49,develop,assessor or aerials,0,0,0,0,1,0
777107,2,2024,2278,1,0,49,develop,assessor or aerials,0,0,0,0,1,0
777111,2,2024,2262,1,0,49,develop,assessor or aerials,0,0,0,0,1,0
777116,2,2024,2924,1,0,49,develop,assessor or aerials,0,0,0,0,1,0
777118,2,2024,2433,1,0,49,develop,assessor or aerials,0,0,0,0,1,0
777121,2,2024,2328,1,0,49,develop,assessor or aerials,0,0,0,0,1,0
777125,2,2024,2268,1,0,49,develop,assessor or aerials,0,0,0,0,1,0
777127,2,2024,2268,1,0,49,develop,assessor or aerials,0,0,0,0,1,0
777129,1,2024,1776,1,0,49,develop,assessor or aerials,0,0,0,0,1,0
777130,2,2024,1569,1,0,49,develop,assessor or aerials,0,0,0,0,1,0
777133,1,2024,3772,1,0,49,develop,assessor or aerials,0,0,0,0,1,0
777138,2,2025,4182,1,0,49,develop,assessor or aerials,0,0,0,0,1,0
777148,2,2024,1569,1,0,49,develop,assessor or aerials,0,0,0,0,1,0
777157,1,2025,2685,1,0,49,develop,assessor or aerials,0,0,0,0,1,0
777162,2,2024,2268,1,0,49,develop,assessor or aerials,0,0,0,0,1,0
777166,2,2024,2193,1,0,49,develop,assessor or aerials,0,0,0,0,1,0
777170,2,2024,2278,1,0,49,develop,assessor or aerials,0,0,0,0,1,0
777175,2,2024,2193,1,0,49,develop,assessor or aerials,0,0,0,0,1,0
777178,2,2024,2154,1,0,49,develop,assessor or aerials,0,0,0,0,1,0
777187,1,2024,6616,1,0,49,develop,assessor or aerials,0,0,0,0,1,0
777192,1,2024,133,1,0,49,develop,assessor or aerials,0,0,0,0,1,0
777201,2,2024,2193,1,0,49,develop,assessor or aerials,0,0,0,0,1,0
777209,2,2024,2328,1,0,49,develop,assessor or aerials,0,0,0,0,1,0
777215,2,2024,2193,1,0,49,develop,assessor or aerials,0,0,0,0,1,0
777220,2,2024,2268,1,0,49,develop,assessor or aerials,0,0,0,0,1,0
777228,2,2024,2268,1,0,49,develop,assessor or aerials,0,0,0,0,1,0
777232,2,2024,2278,1,0,49,develop,assessor or aerials,0,0,0,0,1,0
777235,2,2024,2278,1,0,49,develop,assessor or aerials,0,0,0,0,1,0
777237,2,2024,2268,1,0,49,develop,assessor or aerials,0,0,0,0,1,0
777239,2,2024,2278,1,0,49,develop,assessor or aerials,0,0,0,0,1,0
777242,2,2024,2278,1,0,49,develop,assessor or aerials,0,0,0,0,1,0
777244,2,2024,2193,1,0,49,develop,assessor or aerials,0,0,0,0,1,0
777253,2,2024,2278,1,0,49,develop,assessor or aerials,0,0,0,0,1,0
777259,2,2024,970,1,0,49,develop,assessor or aerials,0,0,0,0,1,0
777261,2,2025,4182,1,0,49,develop,assessor or aerials,0,0,0,0,1,0
777262,2,2024,2433,1,0,49,develop,assessor or aerials,0,0,0,0,1,0
777264,2,2024,2278,1,0,49,develop,assessor or aerials,0,0,0,0,1,0
777278,2,2024,2328,1,0,49,develop,assessor or aerials,0,0,0,0,1,0
777279,2,2024,2278,1,0,49,develop,assessor or aerials,0,0,0,0,1,0
777280,2,2024,2154,1,0,49,develop,assessor or aerials,0,0,0,0,1,0
777284,2,2024,2154,1,0,49,develop,assessor or aerials,0,0,0,0,1,0
777305,1,2025,9735,1,0,49,develop,assessor or aerials,0,0,0,0,1,0
777307,2,2024,2268,1,0,49,develop,assessor or aerials,0,0,0,0,1,0
777311,2,2024,1242,1,0,49,develop,assessor or aerials,0,0,0,0,1,0
777313,2,2024,2278,1,0,49,develop,assessor or aerials,0,0,0,0,1,0
777316,2,2024,2433,1,0,49,develop,assessor or aerials,0,0,0,0,1,0
777317,2,2024,970,1,0,49,develop,assessor or aerials,0,0,0,0,1,0
777318,2,2024,2433,1,0,49,develop,assessor or aerials,0,0,0,0,1,0
777320,2,2024,2727,1,0,49,develop,assessor or aerials,0,0,0,0,1,0
777324,2,2024,1569,1,0,49,develop,assessor or aerials,0,0,0,0,1,0
777328,2,2024,2154,1,0,49,develop,assessor or aerials,0,0,0,0,1,0
777333,2,2024,2910,1,0,49,develop,assessor or aerials,0,0,0,0,1,0
777337,2,2024,2278,1,0,49,develop,assessor or aerials,0,0,0,0,1,0
777345,2,2024,2268,1,0,49,develop,assessor or aerials,0,0,0,0,1,0
777346,2,2024,2443,1,0,49,develop,assessor or aerials,0,0,0,0,1,0
777351,2,2024,2268,1,0,49,develop,assessor or aerials,0,0,0,0,1,0
777353,2,2024,2328,1,0,49,develop,assessor or aerials,0,0,0,0,1,0
777358,1,2025,6014,1,0,49,develop,assessor or aerials,0,0,0,0,1,0
777359,2,2024,970,1,0,49,develop,assessor or aerials,0,0,0,0,1,0
777364,2,2024,2727,1,0,49,develop,assessor or aerials,0,0,0,0,1,0
777368,2,2024,2463,1,0,49,develop,assessor or aerials,0,0,0,0,1,0
777378,2,2024,2433,1,0,49,develop,assessor or aerials,0,0,0,0,1,0
777384,2,2024,1569,1,0,49,develop,assessor or aerials,0,0,0,0,1,0
777385,2,2024,2154,1,0,49,develop,assessor or aerials,0,0,0,0,1,0
777390,2,2024,2154,1,0,49,develop,assessor or aerials,0,0,0,0,1,0
777393,2,2024,2268,1,0,49,develop,assessor or aerials,0,0,0,0,1,0
777395,2,2024,2278,1,0,49,develop,assessor or aerials,0,0,0,0,1,0
777397,2,2024,2278,1,0,49,develop,assessor or aerials,0,0,0,0,1,0
777407,2,2024,2154,1,0,49,develop,assessor or aerials,0,0,0,0,1,0
777414,2,2024,2154,1,0,49,develop,assessor or aerials,0,0,0,0,1,0
777418,2,2024,1569,1,0,49,develop,assessor or aerials,0,0,0,0,1,0
777420,2,2024,2278,1,0,49,develop,assessor or aerials,0,0,0,0,1,0
777425,2,2024,2154,1,0,49,develop,assessor or aerials,0,0,0,0,1,0
777432,2,2024,1569,1,0,49,develop,assessor or aerials,0,0,0,0,1,0
777433,2,2024,2443,1,0,49,develop,assessor or aerials,0,0,0,0,1,0
777435,2,2024,2278,1,0,49,develop,assessor or aerials,0,0,0,0,1,0
777436,2,2024,2268,1,0,49,develop,assessor or aerials,0,0,0,0,1,0
777438,2,2024,970,1,0,49,develop,assessor or aerials,0,0,0,0,1,0
777440,2,2024,2268,1,0,49,develop,assessor or aerials,0,0,0,0,1,0
777447,2,2024,1237,1,0,49,develop,assessor or aerials,0,0,0,0,1,0
777448,2,2024,2328,1,0,49,develop,assessor or aerials,0,0,0,0,1,0
777450,1,2025,2769,1,0,49,develop,assessor or aerials,0,0,0,0,1,0
777458,2,2024,2268,1,0,49,develop,assessor or aerials,0,0,0,0,1,0
777467,2,2024,2154,1,0,49,develop,assessor or aerials,0,0,0,0,1,0
777471,2,2025,3256,1,0,49,develop,assessor or aerials,0,0,0,0,1,0
777473,2,2024,1237,1,0,49,develop,assessor or aerials,0,0,0,0,1,0
777475,2,2024,2268,1,0,49,develop,assessor or aerials,0,0,0,0,1,0
777477,2,2024,2443,1,0,49,develop,assessor or aerials,0,0,0,0,1,0
777483,2,2024,2193,1,0,49,develop,assessor or aerials,0,0,0,0,1,0
777485,2,2024,2193,1,0,49,develop,assessor or aerials,0,0,0,0,1,0
777496,2,2024,2328,1,0,49,develop,assessor or aerials,0,0,0,0,1,0
777499,2,2024,2154,1,0,49,develop,assessor or aerials,0,0,0,0,1,0
777502,2,2024,2154,1,0,49,develop,assessor or aerials,0,0,0,0,1,0
777509,2,2024,2278,1,0,49,develop,assessor or aerials,0,0,0,0,1,0
777512,1,2024,1887,1,0,49,develop,assessor or aerials,0,0,0,0,1,0
777515,1,2025,1548,1,0,49,develop,assessor or aerials,0,0,0,0,1,0
777516,1,2025,4417,1,0,49,develop,assessor or aerials,0,0,0,0,1,0
777521,1,2024,3122,1,0,49,develop,assessor or aerials,0,0,0,0,1,0
777524,1,2024,3787,1,0,49,develop,assessor or aerials,0,0,0,0,1,0
777526,1,2024,2460,1,0,49,develop,assessor or aerials,0,0,0,0,1,0
777528,1,2024,1831,1,0,49,develop,assessor or aerials,0,0,0,0,1,0
777529,1,2024,3682,1,0,49,develop,assessor or aerials,0,0,0,0,1,0
777530,1,2025,1548,1,0,49,develop,assessor or aerials,0,0,0,0,1,0
777534,1,2024,3818,1,0,49,develop,assessor or aerials,0,0,0,0,1,0
777537,1,2025,1535,1,0,49,develop,assessor or aerials,0,0,0,0,1,0
777539,1,2024,1913,1,0,49,develop,assessor or aerials,0,0,0,0,1,0
777545,1,2024,2427,1,0,49,develop,assessor or aerials,0,0,0,0,1,0
777546,1,2025,1411,1,0,49,develop,assessor or aerials,0,0,0,0,1,0
777547,1,2024,3050,1,0,49,develop,assessor or aerials,0,0,0,0,1,0
777549,1,2025,1548,1,0,49,develop,assessor or aerials,0,0,0,0,1,0
777550,1,2024,3504,1,0,49,develop,assessor or aerials,0,0,0,0,1,0
777556,1,2025,1548,1,0,49,develop,assessor or aerials,0,0,0,0,1,0
777558,1,2025,1548,1,0,49,develop,assessor or aerials,0,0,0,0,1,0
777559,1,2024,3936,1,0,49,develop,assessor or aerials,0,0,0,0,1,0
777560,1,2024,4003,1,0,49,develop,assessor or aerials,0,0,0,0,1,0
777562,1,2024,3050,1,0,49,develop,assessor or aerials,0,0,0,0,1,0
777565,1,2024,3502,1,0,49,develop,assessor or aerials,0,0,0,0,1,0
777566,1,2024,1766,1,0,49,develop,assessor or aerials,0,0,0,0,1,0
777570,1,2024,3778,1,0,49,develop,assessor or aerials,0,0,0,0,1,0
777575,1,2025,18891,1,0,49,develop,assessor or aerials,0,0,0,0,1,0
777579,1,2024,1655,1,0,49,develop,assessor or aerials,0,0,0,0,1,0
777587,1,2024,3787,1,0,49,develop,assessor or aerials,0,0,0,0,1,0
777589,1,2024,3996,1,0,49,develop,assessor or aerials,0,0,0,0,1,0
777591,1,2024,1991,1,0,49,develop,assessor or aerials,0,0,0,0,1,0
777594,1,2025,1411,1,0,49,develop,assessor or aerials,0,0,0,0,1,0
777595,1,2025,3030,1,0,49,develop,assessor or aerials,0,0,0,0,1,0
777596,1,2024,3919,1,0,49,develop,assessor or aerials,0,0,0,0,1,0
777602,1,2024,1411,1,0,49,develop,assessor or aerials,0,0,0,0,1,0
777604,1,2025,7096,1,0,49,develop,assessor or aerials,0,0,0,0,1,0
777612,1,2025,10232,1,0,49,develop,assessor or aerials,0,0,0,0,1,0
777613,1,2024,3243,1,0,49,develop,assessor or aerials,0,0,0,0,1,0
777614,1,2024,4225,1,0,49,develop,assessor or aerials,0,0,0,0,1,0
777615,1,2024,2704,1,0,49,develop,assessor or aerials,0,0,0,0,1,0
777616,1,2024,3778,1,0,49,develop,assessor or aerials,0,0,0,0,1,0
777617,1,2024,2696,1,0,49,develop,assessor or aerials,0,0,0,0,1,0
777623,1,2024,1909,1,0,49,develop,assessor or aerials,0,0,0,0,1,0
777637,1,2024,2306,1,0,49,develop,assessor or aerials,0,0,0,0,1,0
777638,1,2024,1888,1,0,49,develop,assessor or aerials,0,0,0,0,1,0
777642,1,2024,1821,1,0,49,develop,assessor or aerials,0,0,0,0,1,0
777644,1,2025,1542,1,0,49,develop,assessor or aerials,0,0,0,0,1,0
777645,1,2024,1930,1,0,49,develop,assessor or aerials,0,0,0,0,1,0
777646,1,2024,3480,1,0,49,develop,assessor or aerials,0,0,0,0,1,0
777648,1,2024,1736,1,0,49,develop,assessor or aerials,0,0,0,0,1,0
777651,1,2025,2962,1,0,49,develop,assessor or aerials,0,0,0,0,1,0
777653,1,2025,1411,1,0,49,develop,assessor or aerials,0,0,0,0,1,0
777661,1,2025,2962,1,0,49,develop,assessor or aerials,0,0,0,0,1,0
777664,1,2024,3936,1,0,49,develop,assessor or aerials,0,0,0,0,1,0
777665,1,2024,1908,1,0,49,develop,assessor or aerials,0,0,0,0,1,0
777668,1,2024,2242,1,0,49,develop,assessor or aerials,0,0,0,0,1,0
777673,1,2024,3243,1,0,49,develop,assessor or aerials,0,0,0,0,1,0
777674,1,2024,1751,1,0,49,develop,assessor or aerials,0,0,0,0,1,0
777681,1,2024,3777,1,0,49,develop,assessor or aerials,0,0,0,0,1,0
777684,1,2024,4147,1,0,49,develop,assessor or aerials,0,0,0,0,1,0
777686,1,2024,3215,1,0,49,develop,assessor or aerials,0,0,0,0,1,0
777691,1,2024,2391,1,0,49,develop,assessor or aerials,0,0,0,0,1,0
777700,1,2024,2242,1,0,49,develop,assessor or aerials,0,0,0,0,1,0
777701,1,2024,3667,1,0,49,develop,assessor or aerials,0,0,0,0,1,0
777703,1,2025,1411,1,0,49,develop,assessor or aerials,0,0,0,0,1,0
777705,1,2024,1907,1,0,49,develop,assessor or aerials,0,0,0,0,1,0
777707,1,2025,1548,1,0,49,develop,assessor or aerials,0,0,0,0,1,0
777710,1,2024,1469,1,0,49,develop,assessor or aerials,0,0,0,0,1,0
777711,1,2024,3526,1,0,49,develop,assessor or aerials,0,0,0,0,1,0
777720,1,2025,2962,1,0,49,develop,assessor or aerials,0,0,0,0,1,0
777721,1,2024,1738,1,0,49,develop,assessor or aerials,0,0,0,0,1,0
777722,1,2024,4260,1,0,49,develop,assessor or aerials,0,0,0,0,1,0
777725,1,2024,7984,1,0,49,develop,assessor or aerials,0,0,0,0,1,0
777730,1,2025,1411,1,0,49,develop,assessor or aerials,0,0,0,0,1,0
777732,1,2024,3127,1,0,49,develop,assessor or aerials,0,0,0,0,1,0
777734,1,2024,4963,1,0,49,develop,assessor or aerials,0,0,0,0,1,0
777736,1,2025,1411,1,0,49,develop,assessor or aerials,0,0,0,0,1,0
777740,1,2024,3502,1,0,49,develop,assessor or aerials,0,0,0,0,1,0
777741,1,2025,2962,1,0,49,develop,assessor or aerials,0,0,0,0,1,0
777742,1,2025,1535,1,0,49,develop,assessor or aerials,0,0,0,0,1,0
777743,1,2025,2962,1,0,49,develop,assessor or aerials,0,0,0,0,1,0
777744,1,2025,2962,1,0,49,develop,assessor or aerials,0,0,0,0,1,0
777749,1,2024,2558,1,0,49,develop,assessor or aerials,0,0,0,0,1,0
777751,1,2025,1548,1,0,49,develop,assessor or aerials,0,0,0,0,1,0
777756,1,2024,3243,1,0,49,develop,assessor or aerials,0,0,0,0,1,0
777757,1,2024,3199,1,0,49,develop,assessor or aerials,0,0,0,0,1,0
777758,1,2024,1824,1,0,49,develop,assessor or aerials,0,0,0,0,1,0
777759,1,2024,1655,1,0,49,develop,assessor or aerials,0,0,0,0,1,0
777760,1,2025,2517,1,0,49,develop,assessor or aerials,0,0,0,0,1,0
777762,1,2025,1548,1,0,49,develop,assessor or aerials,0,0,0,0,1,0
777763,1,2025,1548,1,0,49,develop,assessor or aerials,0,0,0,0,1,0
777765,1,2024,3224,1,0,49,develop,assessor or aerials,0,0,0,0,1,0
777767,1,2025,1411,1,0,49,develop,assessor or aerials,0,0,0,0,1,0
777769,1,2024,1767,1,0,49,develop,assessor or aerials,0,0,0,0,1,0
777771,1,2024,3618,1,0,49,develop,assessor or aerials,0,0,0,0,1,0
777772,1,2025,1548,1,0,49,develop,assessor or aerials,0,0,0,0,1,0
777791,1,2024,4815,1,0,49,develop,assessor or aerials,0,0,0,0,1,0
777792,1,2025,2728,1,0,49,develop,assessor or aerials,0,0,0,0,1,0
777794,2,2024,1736,1,0,49,develop,assessor or aerials,0,0,0,0,1,0
777796,2,2024,1736,1,0,49,develop,assessor or aerials,0,0,0,0,1,0
777798,1,2024,1121,1,0,49,develop,assessor or aerials,0,0,0,0,1,0
777801,1,2025,2568,1,0,49,develop,assessor or aerials,0,0,0,0,1,0
777808,1,2025,2623,1,0,49,develop,assessor or aerials,0,0,0,0,1,0
777810,1,2024,2708,1,0,49,develop,assessor or aerials,0,0,0,0,1,0
777814,1,2025,3012,1,0,49,develop,assessor or aerials,0,0,0,0,1,0
777818,1,2024,3032,1,0,49,develop,assessor or aerials,0,0,0,0,1,0
777822,1,2024,2632,1,0,49,develop,assessor or aerials,0,0,0,0,1,0
777826,1,2024,3033,1,0,49,develop,assessor or aerials,0,0,0,0,1,0
777830,2,2024,1736,1,0,49,develop,assessor or aerials,0,0,0,0,1,0
777844,1,2024,5451,1,0,49,develop,assessor or aerials,0,0,0,0,1,0
777849,2,2024,1889,1,0,49,develop,assessor or aerials,0,0,0,0,1,0
777850,2,2024,1961,1,0,49,develop,assessor or aerials,0,0,0,0,1,0
777852,1,2025,3220,1,0,49,develop,assessor or aerials,0,0,0,0,1,0
777854,2,2024,1736,1,0,49,develop,assessor or aerials,0,0,0,0,1,0
777856,1,2024,3166,1,0,49,develop,assessor or aerials,0,0,0,0,1,0
777859,1,2024,2957,1,0,49,develop,assessor or aerials,0,0,0,0,1,0
777860,1,2025,2703,1,0,49,develop,assessor or aerials,0,0,0,0,1,0
777869,1,2024,3372,1,0,49,develop,assessor or aerials,0,0,0,0,1,0
777874,1,2025,3367,1,0,49,develop,assessor or aerials,0,0,0,0,1,0
777876,1,2025,2642,1,0,49,develop,assessor or aerials,0,0,0,0,1,0
777878,1,2025,2612,1,0,49,develop,assessor or aerials,0,0,0,0,1,0
777881,1,2025,2615,1,0,49,develop,assessor or aerials,0,0,0,0,1,0
777889,1,2024,4304,1,0,49,develop,assessor or aerials,0,0,0,0,1,0
777890,2,2024,1237,1,0,49,develop,assessor or aerials,0,0,0,0,1,0
777894,2,2024,1962,1,0,49,develop,assessor or aerials,0,0,0,0,1,0
777895,1,2024,3033,1,0,49,develop,assessor or aerials,0,0,0,0,1,0
777896,2,2024,1736,1,0,49,develop,assessor or aerials,0,0,0,0,1,0
777898,2,2024,1762,1,0,49,develop,assessor or aerials,0,0,0,0,1,0
777899,1,2025,2928,1,0,49,develop,assessor or aerials,0,0,0,0,1,0
777905,2,2024,1736,1,0,49,develop,assessor or aerials,0,0,0,0,1,0
777908,1,2025,2650,1,0,49,develop,assessor or aerials,0,0,0,0,1,0
777922,1,2025,2854,1,0,49,develop,assessor or aerials,0,0,0,0,1,0
777924,1,2024,3841,1,0,49,develop,assessor or aerials,0,0,0,0,1,0
777925,1,2025,3313,1,0,49,develop,assessor or aerials,0,0,0,0,1,0
777927,1,2024,2571,1,0,49,develop,assessor or aerials,0,0,0,0,1,0
777928,1,2024,4585,1,0,49,develop,assessor or aerials,0,0,0,0,1,0
777929,1,2024,3472,1,0,49,develop,assessor or aerials,0,0,0,0,1,0
777932,1,2025,2612,1,0,49,develop,assessor or aerials,0,0,0,0,1,0
777934,1,2024,3090,1,0,49,develop,assessor or aerials,0,0,0,0,1,0
777936,1,2024,3589,1,0,49,develop,assessor or aerials,0,0,0,0,1,0
777937,1,2025,2700,1,0,49,develop,assessor or aerials,0,0,0,0,1,0
777943,1,2024,3754,1,0,49,develop,assessor or aerials,0,0,0,0,1,0
777945,1,2025,2765,1,0,49,develop,assessor or aerials,0,0,0,0,1,0
777952,1,2024,3372,1,0,49,develop,assessor or aerials,0,0,0,0,1,0
777953,1,2024,3254,1,0,49,develop,assessor or aerials,0,0,0,0,1,0
777954,1,2024,3032,1,0,49,develop,assessor or aerials,0,0,0,0,1,0
777956,1,2025,3265,1,0,49,develop,assessor or aerials,0,0,0,0,1,0
777957,2,2024,1962,1,0,49,develop,assessor or aerials,0,0,0,0,1,0
777959,2,2024,1736,1,0,49,develop,assessor or aerials,0,0,0,0,1,0
777961,1,2025,2851,1,0,49,develop,assessor or aerials,0,0,0,0,1,0
777963,1,2024,5161,1,0,49,develop,assessor or aerials,0,0,0,0,1,0
777964,2,2024,1736,1,0,49,develop,assessor or aerials,0,0,0,0,1,0
777966,1,2024,5720,1,0,49,develop,assessor or aerials,0,0,0,0,1,0
777968,2,2024,1961,1,0,49,develop,assessor or aerials,0,0,0,0,1,0
777976,1,2024,3360,1,0,49,develop,assessor or aerials,0,0,0,0,1,0
777990,1,2024,3163,1,0,49,develop,assessor or aerials,0,0,0,0,1,0
778000,1,2024,3507,1,0,49,develop,assessor or aerials,0,0,0,0,1,0
778004,1,2025,2744,1,0,49,develop,assessor or aerials,0,0,0,0,1,0
778008,2,2024,1736,1,0,49,develop,assessor or aerials,0,0,0,0,1,0
778009,1,2024,3360,1,0,49,develop,assessor or aerials,0,0,0,0,1,0
778010,2,2024,1546,1,0,49,develop,assessor or aerials,0,0,0,0,1,0
778011,1,2025,2612,1,0,49,develop,assessor or aerials,0,0,0,0,1,0
778012,1,2024,3559,1,0,49,develop,assessor or aerials,0,0,0,0,1,0
778022,1,2024,2571,1,0,49,develop,assessor or aerials,0,0,0,0,1,0
778028,1,2025,4830,1,0,49,develop,assessor or aerials,0,0,0,0,1,0
778029,2,2024,1962,1,0,49,develop,assessor or aerials,0,0,0,0,1,0
778032,1,2024,2593,1,0,49,develop,assessor or aerials,0,0,0,0,1,0
778034,1,2024,3372,1,0,49,develop,assessor or aerials,0,0,0,0,1,0
778035,1,2024,2775,1,0,49,develop,assessor or aerials,0,0,0,0,1,0
778042,1,2024,10326,1,0,49,develop,assessor or aerials,0,0,0,0,1,0
778043,2,2024,1736,1,0,49,develop,assessor or aerials,0,0,0,0,1,0
778048,1,2025,2677,1,0,49,develop,assessor or aerials,0,0,0,0,1,0
778056,1,2025,2614,1,0,49,develop,assessor or aerials,0,0,0,0,1,0
778057,2,2024,1962,1,0,49,develop,assessor or aerials,0,0,0,0,1,0
778060,1,2024,2779,1,0,49,develop,assessor or aerials,0,0,0,0,1,0
778070,1,2024,3360,1,0,49,develop,assessor or aerials,0,0,0,0,1,0
778072,1,2024,3032,1,0,49,develop,assessor or aerials,0,0,0,0,1,0
778073,2,2024,1736,1,0,49,develop,assessor or aerials,0,0,0,0,1,0
778074,1,2024,3793,1,0,49,develop,assessor or aerials,0,0,0,0,1,0
778077,1,2025,2869,1,0,49,develop,assessor or aerials,0,0,0,0,1,0
778078,1,2024,4067,1,0,49,develop,assessor or aerials,0,0,0,0,1,0
778079,1,2024,3550,1,0,49,develop,assessor or aerials,0,0,0,0,1,0
778088,2,2024,1961,1,0,49,develop,assessor or aerials,0,0,0,0,1,0
778097,1,2025,2937,1,0,49,develop,assessor or aerials,0,0,0,0,1,0
778101,1,2025,2612,1,0,49,develop,assessor or aerials,0,0,0,0,1,0
778102,1,2025,2669,1,0,49,develop,assessor or aerials,0,0,0,0,1,0
778106,2,2024,1961,1,0,49,develop,assessor or aerials,0,0,0,0,1,0
778120,1,2024,3390,1,0,49,develop,assessor or aerials,0,0,0,0,1,0
778125,1,2024,3608,1,0,49,develop,assessor or aerials,0,0,0,0,1,0
778130,1,2024,3812,1,0,49,develop,assessor or aerials,0,0,0,0,1,0
778131,2,2024,1736,1,0,49,develop,assessor or aerials,0,0,0,0,1,0
778133,1,2025,2865,1,0,49,develop,assessor or aerials,0,0,0,0,1,0
778139,1,2024,2756,1,0,49,develop,assessor or aerials,0,0,0,0,1,0
778140,1,2025,2612,1,0,49,develop,assessor or aerials,0,0,0,0,1,0
778144,1,2024,2571,1,0,49,develop,assessor or aerials,0,0,0,0,1,0
778146,1,2024,4270,1,0,49,develop,assessor or aerials,0,0,0,0,1,0
778151,1,2025,2618,1,0,49,develop,assessor or aerials,0,0,0,0,1,0
778153,1,2025,2634,1,0,49,develop,assessor or aerials,0,0,0,0,1,0
778177,1,2025,16024,1,0,49,develop,assessor or aerials,0,0,0,0,1,0
778215,1,2024,10860,1,0,49,develop,assessor or aerials,0,0,0,0,1,0
778217,1,2025,3286,1,0,49,develop,assessor or aerials,0,0,0,0,1,0
778247,1,2025,2637,1,0,49,develop,assessor or aerials,0,0,0,0,1,0
778248,1,2025,2639,1,0,49,develop,assessor or aerials,0,0,0,0,1,0
778255,1,2024,3713,1,0,49,develop,assessor or aerials,0,0,0,0,1,0
778256,1,2024,13022,1,0,49,develop,assessor or aerials,0,0,0,0,1,0
778258,1,2025,2937,1,0,49,develop,assessor or aerials,0,0,0,0,1,0
778259,1,2025,2988,1,0,49,develop,assessor or aerials,0,0,0,0,1,0
778266,1,2025,3265,1,0,49,develop,assessor or aerials,0,0,0,0,1,0
778272,1,2025,2988,1,0,49,develop,assessor or aerials,0,0,0,0,1,0
778274,1,2025,3026,1,0,49,develop,assessor or aerials,0,0,0,0,1,0
778276,1,2025,3268,1,0,49,develop,assessor or aerials,0,0,0,0,1,0
778278,1,2025,2997,1,0,49,develop,assessor or aerials,0,0,0,0,1,0
778280,2,2024,2213,1,0,49,develop,assessor or aerials,0,0,0,0,1,0
778285,1,2025,3060,1,0,49,develop,assessor or aerials,0,0,0,0,1,0
778290,1,2024,2635,1,0,49,develop,assessor or aerials,0,0,0,0,1,0
778293,1,2024,3265,1,0,49,develop,assessor or aerials,0,0,0,0,1,0
778294,2,2024,2199,1,0,49,develop,assessor or aerials,0,0,0,0,1,0
778299,1,2025,3271,1,0,49,develop,assessor or aerials,0,0,0,0,1,0
778300,1,2025,3790,1,0,49,develop,assessor or aerials,0,0,0,0,1,0
778309,1,2025,2988,1,0,49,develop,assessor or aerials,0,0,0,0,1,0
778311,1,2025,3033,1,0,49,develop,assessor or aerials,0,0,0,0,1,0
778318,1,2025,2774,1,0,49,develop,assessor or aerials,0,0,0,0,1,0
778319,1,2025,3037,1,0,49,develop,assessor or aerials,0,0,0,0,1,0
778320,2,2024,2220,1,0,49,develop,assessor or aerials,0,0,0,0,1,0
778326,1,2025,2995,1,0,49,develop,assessor or aerials,0,0,0,0,1,0
778331,1,2025,2995,1,0,49,develop,assessor or aerials,0,0,0,0,1,0
778359,2,2024,2220,1,0,49,develop,assessor or aerials,0,0,0,0,1,0
778362,1,2025,3265,1,0,49,develop,assessor or aerials,0,0,0,0,1,0
778378,1,2025,3763,1,0,49,develop,assessor or aerials,0,0,0,0,1,0
778393,1,2025,2632,1,0,49,develop,assessor or aerials,0,0,0,0,1,0
778413,2,2024,2220,1,0,49,develop,assessor or aerials,0,0,0,0,1,0
778417,2,2024,2213,1,0,49,develop,assessor or aerials,0,0,0,0,1,0
778425,1,2025,3619,1,0,49,develop,assessor or aerials,0,0,0,0,1,0
778427,1,2024,2174,1,0,49,develop,assessor or aerials,0,0,0,0,1,0
778430,1,2025,2630,1,0,49,develop,assessor or aerials,0,0,0,0,1,0
778434,1,2025,2988,1,0,49,develop,assessor or aerials,0,0,0,0,1,0
778436,1,2025,2631,1,0,49,develop,assessor or aerials,0,0,0,0,1,0
778442,1,2025,2999,1,0,49,develop,assessor or aerials,0,0,0,0,1,0
778444,1,2025,2988,1,0,49,develop,assessor or aerials,0,0,0,0,1,0
778445,1,2025,2634,1,0,49,develop,assessor or aerials,0,0,0,0,1,0
778450,2,2024,2196,1,0,49,develop,assessor or aerials,0,0,0,0,1,0
778458,1,2025,2709,1,0,49,develop,assessor or aerials,0,0,0,0,1,0
778459,1,2025,3265,1,0,49,develop,assessor or aerials,0,0,0,0,1,0
778460,1,2025,3324,1,0,49,develop,assessor or aerials,0,0,0,0,1,0
778461,1,2025,3670,1,0,49,develop,assessor or aerials,0,0,0,0,1,0
778468,1,2025,2988,1,0,49,develop,assessor or aerials,0,0,0,0,1,0
778473,1,2025,2992,1,0,49,develop,assessor or aerials,0,0,0,0,1,0
778478,1,2025,2998,1,0,49,develop,assessor or aerials,0,0,0,0,1,0
778480,2,2024,2220,1,0,49,develop,assessor or aerials,0,0,0,0,1,0
778486,1,2024,2860,1,0,49,develop,assessor or aerials,0,0,0,0,1,0
778487,1,2025,3112,1,0,49,develop,assessor or aerials,0,0,0,0,1,0
778490,1,2025,2997,1,0,49,develop,assessor or aerials,0,0,0,0,1,0
778499,2,2024,2196,1,0,49,develop,assessor or aerials,0,0,0,0,1,0
778505,1,2026,39528,1,0,49,develop,assessor or aerials,0,0,0,0,1,0
778607,1,2025,2181,1,0,49,develop,assessor or aerials,0,0,0,0,1,0
778618,1,2025,3460,1,0,49,develop,assessor or aerials,0,0,0,0,1,0
778623,1,2025,7928,1,0,49,develop,assessor or aerials,0,0,0,0,1,0
778624,1,2024,2954,1,0,49,develop,assessor or aerials,0,0,0,0,1,0
778628,1,2025,2824,1,0,49,develop,assessor or aerials,0,0,0,0,1,0
778663,1,2024,3265,1,0,49,develop,assessor or aerials,0,0,0,0,1,0
778664,1,2025,1480,1,0,49,develop,assessor or aerials,0,0,0,0,1,0
778677,1,2024,4717,1,0,49,develop,assessor or aerials,0,0,0,0,1,0
778702,1,2025,2024,1,0,49,develop,assessor or aerials,0,0,0,0,1,0
778742,1,2025,1607,1,0,49,develop,assessor or aerials,0,0,0,0,1,0
778743,1,2025,2016,1,0,49,develop,assessor or aerials,0,0,0,0,1,0
778788,1,2025,2788,1,0,49,develop,assessor or aerials,0,0,0,0,1,0
778805,1,2025,1486,1,0,49,develop,assessor or aerials,0,0,0,0,1,0
778819,1,2025,2372,1,0,49,develop,assessor or aerials,0,0,0,0,1,0
778853,1,2024,5531,1,0,49,develop,assessor or aerials,0,0,0,0,1,0
778915,1,2025,1544,1,0,49,develop,assessor or aerials,0,0,0,0,1,0
778920,1,2025,5545,1,0,49,develop,assessor or aerials,0,0,0,0,1,0
778921,1,2025,2370,1,0,49,develop,assessor or aerials,0,0,0,0,1,0
778926,1,2025,1450,1,0,49,develop,assessor or aerials,0,0,0,0,1,0
778935,1,2025,2858,1,0,49,develop,assessor or aerials,0,0,0,0,1,0
778952,1,2024,1610,1,0,49,develop,assessor or aerials,0,0,0,0,1,0
778953,1,2024,245,1,0,49,develop,assessor or aerials,0,0,0,0,1,0
778954,1,2024,245,1,0,49,develop,assessor or aerials,0,0,0,0,1,0
778960,1,2024,1610,1,0,49,develop,assessor or aerials,0,0,0,0,1,0
778966,1,2024,302,1,0,49,develop,assessor or aerials,0,0,0,0,1,0
778967,1,2024,302,1,0,49,develop,assessor or aerials,0,0,0,0,1,0
778973,1,2024,1610,1,0,49,develop,assessor or aerials,0,0,0,0,1,0
778974,1,2024,302,1,0,49,develop,assessor or aerials,0,0,0,0,1,0
778976,1,2024,1384,1,0,49,develop,assessor or aerials,0,0,0,0,1,0
778977,1,2024,245,1,0,49,develop,assessor or aerials,0,0,0,0,1,0
778978,1,2024,302,1,0,49,develop,assessor or aerials,0,0,0,0,1,0
778982,1,2024,302,1,0,49,develop,assessor or aerials,0,0,0,0,1,0
778983,1,2024,245,1,0,49,develop,assessor or aerials,0,0,0,0,1,0
778984,1,2024,1610,1,0,49,develop,assessor or aerials,0,0,0,0,1,0
778988,1,2024,272,1,0,49,develop,assessor or aerials,0,0,0,0,1,0
778989,1,2025,6680,1,0,49,develop,assessor or aerials,0,0,0,0,1,0
778994,1,2024,272,1,0,49,develop,assessor or aerials,0,0,0,0,1,0
778997,1,2024,1610,1,0,49,develop,assessor or aerials,0,0,0,0,1,0
779000,1,2024,1610,1,0,49,develop,assessor or aerials,0,0,0,0,1,0
779001,1,2024,302,1,0,49,develop,assessor or aerials,0,0,0,0,1,0
779002,1,2024,272,1,0,49,develop,assessor or aerials,0,0,0,0,1,0
779004,1,2024,302,1,0,49,develop,assessor or aerials,0,0,0,0,1,0
779006,1,2024,1443,1,0,49,develop,assessor or aerials,0,0,0,0,1,0
779007,1,2024,272,1,0,49,develop,assessor or aerials,0,0,0,0,1,0
779008,1,2024,1384,1,0,49,develop,assessor or aerials,0,0,0,0,1,0
779009,1,2025,814,1,0,49,develop,assessor or aerials,0,0,0,0,1,0
779014,1,2024,272,1,0,49,develop,assessor or aerials,0,0,0,0,1,0
779016,1,2024,302,1,0,49,develop,assessor or aerials,0,0,0,0,1,0
779019,1,2024,1442,1,0,49,develop,assessor or aerials,0,0,0,0,1,0
779026,1,2024,1610,1,0,49,develop,assessor or aerials,0,0,0,0,1,0
779027,1,2024,245,1,0,49,develop,assessor or aerials,0,0,0,0,1,0
779028,1,2024,1610,1,0,49,develop,assessor or aerials,0,0,0,0,1,0
779030,1,2024,3025,1,0,49,develop,assessor or aerials,0,0,0,0,1,0
779033,1,2024,1663,1,0,49,develop,assessor or aerials,0,0,0,0,1,0
779034,1,2024,245,1,0,49,develop,assessor or aerials,0,0,0,0,1,0
779035,1,2024,1610,1,0,49,develop,assessor or aerials,0,0,0,0,1,0
779039,1,2024,1384,1,0,49,develop,assessor or aerials,0,0,0,0,1,0
779041,1,2024,272,1,0,49,develop,assessor or aerials,0,0,0,0,1,0
779042,1,2024,272,1,0,49,develop,assessor or aerials,0,0,0,0,1,0
779054,1,2024,1610,1,0,49,develop,assessor or aerials,0,0,0,0,1,0
779055,1,2024,1610,1,0,49,develop,assessor or aerials,0,0,0,0,1,0
779056,1,2024,302,1,0,49,develop,assessor or aerials,0,0,0,0,1,0
779057,1,2024,1610,1,0,49,develop,assessor or aerials,0,0,0,0,1,0
779059,1,2024,272,1,0,49,develop,assessor or aerials,0,0,0,0,1,0
779061,1,2024,302,1,0,49,develop,assessor or aerials,0,0,0,0,1,0
779062,1,2024,272,1,0,49,develop,assessor or aerials,0,0,0,0,1,0
779063,1,2024,272,1,0,49,develop,assessor or aerials,0,0,0,0,1,0
779064,1,2024,302,1,0,49,develop,assessor or aerials,0,0,0,0,1,0
779066,1,2024,270,1,0,49,develop,assessor or aerials,0,0,0,0,1,0
779067,1,2024,302,1,0,49,develop,assessor or aerials,0,0,0,0,1,0
779074,1,2024,272,1,0,49,develop,assessor or aerials,0,0,0,0,1,0
779076,1,2024,270,1,0,49,develop,assessor or aerials,0,0,0,0,1,0
779077,1,2024,272,1,0,49,develop,assessor or aerials,0,0,0,0,1,0
779079,1,2024,245,1,0,49,develop,assessor or aerials,0,0,0,0,1,0
779081,1,2024,270,1,0,49,develop,assessor or aerials,0,0,0,0,1,0
779082,1,2024,1610,1,0,49,develop,assessor or aerials,0,0,0,0,1,0
779083,1,2024,302,1,0,49,develop,assessor or aerials,0,0,0,0,1,0
779084,1,2024,272,1,0,49,develop,assessor or aerials,0,0,0,0,1,0
779086,1,2024,302,1,0,49,develop,assessor or aerials,0,0,0,0,1,0
779088,1,2024,272,1,0,49,develop,assessor or aerials,0,0,0,0,1,0
779091,1,2024,1384,1,0,49,develop,assessor or aerials,0,0,0,0,1,0
779095,1,2024,302,1,0,49,develop,assessor or aerials,0,0,0,0,1,0
779097,1,2025,2197,1,0,49,develop,assessor or aerials,0,0,0,0,1,0
779099,1,2024,1663,1,0,49,develop,assessor or aerials,0,0,0,0,1,0
779100,1,2024,302,1,0,49,develop,assessor or aerials,0,0,0,0,1,0
779101,1,2024,272,1,0,49,develop,assessor or aerials,0,0,0,0,1,0
779110,1,2024,1663,1,0,49,develop,assessor or aerials,0,0,0,0,1,0
779111,1,2024,245,1,0,49,develop,assessor or aerials,0,0,0,0,1,0
779115,1,2024,1610,1,0,49,develop,assessor or aerials,0,0,0,0,1,0
779117,1,2024,272,1,0,49,develop,assessor or aerials,0,0,0,0,1,0
779118,1,2024,245,1,0,49,develop,assessor or aerials,0,0,0,0,1,0
779120,1,2024,245,1,0,49,develop,assessor or aerials,0,0,0,0,1,0
779122,1,2024,1663,1,0,49,develop,assessor or aerials,0,0,0,0,1,0
779124,1,2024,1443,1,0,49,develop,assessor or aerials,0,0,0,0,1,0
779127,1,2024,272,1,0,49,develop,assessor or aerials,0,0,0,0,1,0
779130,1,2024,272,1,0,49,develop,assessor or aerials,0,0,0,0,1,0
779134,1,2024,245,1,0,49,develop,assessor or aerials,0,0,0,0,1,0
779135,1,2024,245,1,0,49,develop,assessor or aerials,0,0,0,0,1,0
779136,1,2024,1307,1,0,49,develop,assessor or aerials,0,0,0,0,1,0
779137,1,2024,2988,1,0,49,develop,assessor or aerials,0,0,0,0,1,0
779141,1,2024,270,1,0,49,develop,assessor or aerials,0,0,0,0,1,0
779142,1,2024,270,1,0,49,develop,assessor or aerials,0,0,0,0,1,0
779143,1,2024,1384,1,0,49,develop,assessor or aerials,0,0,0,0,1,0
779144,1,2025,14107,1,0,49,develop,assessor or aerials,0,0,0,0,1,0
779145,1,2024,302,1,0,49,develop,assessor or aerials,0,0,0,0,1,0
779149,1,2024,272,1,0,49,develop,assessor or aerials,0,0,0,0,1,0
779150,1,2024,1307,1,0,49,develop,assessor or aerials,0,0,0,0,1,0
779154,1,2024,1610,1,0,49,develop,assessor or aerials,0,0,0,0,1,0
779155,1,2024,4614,1,0,49,develop,assessor or aerials,0,0,0,0,1,0
779156,1,2024,302,1,0,49,develop,assessor or aerials,0,0,0,0,1,0
779157,1,2024,1384,1,0,49,develop,assessor or aerials,0,0,0,0,1,0
779159,1,2024,302,1,0,49,develop,assessor or aerials,0,0,0,0,1,0
779164,1,2025,4244,1,0,49,develop,assessor or aerials,0,0,0,0,1,0
779169,1,2024,2654,1,0,49,develop,assessor or aerials,0,0,0,0,1,0
779170,1,2024,2778,1,0,49,develop,assessor or aerials,0,0,0,0,1,0
779171,1,2024,1972,1,0,49,develop,assessor or aerials,0,0,0,0,1,0
779174,1,2024,2122,1,0,49,develop,assessor or aerials,0,0,0,0,1,0
779175,1,2024,3224,1,0,49,develop,assessor or aerials,0,0,0,0,1,0
779176,1,2025,6224,1,0,49,develop,assessor or aerials,0,0,0,0,1,0
779179,1,2024,1793,1,0,49,develop,assessor or aerials,0,0,0,0,1,0
779184,1,2024,7544,1,0,49,develop,assessor or aerials,0,0,0,0,1,0
779191,1,2024,2122,1,0,49,develop,assessor or aerials,0,0,0,0,1,0
779196,1,2024,1972,1,0,49,develop,assessor or aerials,0,0,0,0,1,0
779198,1,2024,1716,1,0,49,develop,assessor or aerials,0,0,0,0,1,0
779199,1,2024,2758,1,0,49,develop,assessor or aerials,0,0,0,0,1,0
779201,1,2024,2860,1,0,49,develop,assessor or aerials,0,0,0,0,1,0
779207,1,2024,2674,1,0,49,develop,assessor or aerials,0,0,0,0,1,0
779211,1,2024,3378,1,0,49,develop,assessor or aerials,0,0,0,0,1,0
779213,1,2025,3265,1,0,49,develop,assessor or aerials,0,0,0,0,1,0
779218,1,2025,3613,1,0,49,develop,assessor or aerials,0,0,0,0,1,0
779220,1,2024,14752,1,0,49,develop,assessor or aerials,0,0,0,0,1,0
779221,1,2024,1793,1,0,49,develop,assessor or aerials,0,0,0,0,1,0
779222,1,2025,4156,1,0,49,develop,assessor or aerials,0,0,0,0,1,0
779228,1,2024,2704,1,0,49,develop,assessor or aerials,0,0,0,0,1,0
779229,1,2024,2103,1,0,49,develop,assessor or aerials,0,0,0,0,1,0
779233,1,2024,2639,1,0,49,develop,assessor or aerials,0,0,0,0,1,0
779237,1,2024,2860,1,0,49,develop,assessor or aerials,0,0,0,0,1,0
779242,1,2025,4157,1,0,49,develop,assessor or aerials,0,0,0,0,1,0
779243,1,2025,3481,1,0,49,develop,assessor or aerials,0,0,0,0,1,0
779249,1,2024,2724,1,0,49,develop,assessor or aerials,0,0,0,0,1,0
779251,1,2024,1793,1,0,49,develop,assessor or aerials,0,0,0,0,1,0
779254,1,2024,1972,1,0,49,develop,assessor or aerials,0,0,0,0,1,0
779255,1,2024,2364,1,0,49,develop,assessor or aerials,0,0,0,0,1,0
779257,1,2024,2527,1,0,49,develop,assessor or aerials,0,0,0,0,1,0
779260,1,2024,2445,1,0,49,develop,assessor or aerials,0,0,0,0,1,0
779261,1,2024,2423,1,0,49,develop,assessor or aerials,0,0,0,0,1,0
779262,1,2024,5532,1,0,49,develop,assessor or aerials,0,0,0,0,1,0
779263,1,2024,2704,1,0,49,develop,assessor or aerials,0,0,0,0,1,0
779266,1,2025,3309,1,0,49,develop,assessor or aerials,0,0,0,0,1,0
779267,1,2024,3343,1,0,49,develop,assessor or aerials,0,0,0,0,1,0
779270,1,2025,3265,1,0,49,develop,assessor or aerials,0,0,0,0,1,0
779279,1,2024,2715,1,0,49,develop,assessor or aerials,0,0,0,0,1,0
779291,1,2025,4931,1,0,49,develop,assessor or aerials,0,0,0,0,1,0
779293,1,2025,4160,1,0,49,develop,assessor or aerials,0,0,0,0,1,0
779294,1,2025,3487,1,0,49,develop,assessor or aerials,0,0,0,0,1,0
779295,1,2024,2361,1,0,49,develop,assessor or aerials,0,0,0,0,1,0
779297,1,2024,1882,1,0,49,develop,assessor or aerials,0,0,0,0,1,0
779300,1,2024,1793,1,0,49,develop,assessor or aerials,0,0,0,0,1,0
779301,1,2024,1972,1,0,49,develop,assessor or aerials,0,0,0,0,1,0
779304,1,2024,2103,1,0,49,develop,assessor or aerials,0,0,0,0,1,0
779307,1,2024,1703,1,0,49,develop,assessor or aerials,0,0,0,0,1,0
779312,1,2025,4578,1,0,49,develop,assessor or aerials,0,0,0,0,1,0
779313,1,2024,1703,1,0,49,develop,assessor or aerials,0,0,0,0,1,0
779315,1,2024,8931,1,0,49,develop,assessor or aerials,0,0,0,0,1,0
779318,1,2025,4157,1,0,49,develop,assessor or aerials,0,0,0,0,1,0
779319,1,2025,4157,1,0,49,develop,assessor or aerials,0,0,0,0,1,0
779320,1,2025,3480,1,0,49,develop,assessor or aerials,0,0,0,0,1,0
779322,1,2024,2111,1,0,49,develop,assessor or aerials,0,0,0,0,1,0
779324,1,2025,3874,1,0,49,develop,assessor or aerials,0,0,0,0,1,0
779325,1,2025,3835,1,0,49,develop,assessor or aerials,0,0,0,0,1,0
779333,1,2024,1972,1,0,49,develop,assessor or aerials,0,0,0,0,1,0
779335,1,2024,2122,1,0,49,develop,assessor or aerials,0,0,0,0,1,0
779341,1,2025,4157,1,0,49,develop,assessor or aerials,0,0,0,0,1,0
779346,1,2024,1793,1,0,49,develop,assessor or aerials,0,0,0,0,1,0
779349,1,2025,3265,1,0,49,develop,assessor or aerials,0,0,0,0,1,0
779350,1,2025,4157,1,0,49,develop,assessor or aerials,0,0,0,0,1,0
779352,1,2024,1648,1,0,49,develop,assessor or aerials,0,0,0,0,1,0
779355,1,2024,25545,1,0,49,develop,assessor or aerials,0,0,0,0,1,0
779359,1,2024,1972,1,0,49,develop,assessor or aerials,0,0,0,0,1,0
779361,1,2025,4615,1,0,49,develop,assessor or aerials,0,0,0,0,1,0
779363,1,2024,1972,1,0,49,develop,assessor or aerials,0,0,0,0,1,0
779364,1,2025,3267,1,0,49,develop,assessor or aerials,0,0,0,0,1,0
779366,1,2024,1972,1,0,49,develop,assessor or aerials,0,0,0,0,1,0
779370,1,2024,2567,1,0,49,develop,assessor or aerials,0,0,0,0,1,0
779373,1,2024,2860,1,0,49,develop,assessor or aerials,0,0,0,0,1,0
779377,1,2025,4824,1,0,49,develop,assessor or aerials,0,0,0,0,1,0
779380,1,2024,2190,1,0,49,develop,assessor or aerials,0,0,0,0,1,0
779383,1,2025,5739,1,0,49,develop,assessor or aerials,0,0,0,0,1,0
779388,1,2025,3344,1,0,49,develop,assessor or aerials,0,0,0,0,1,0
779389,1,2025,3265,1,0,49,develop,assessor or aerials,0,0,0,0,1,0
779391,1,2024,2704,1,0,49,develop,assessor or aerials,0,0,0,0,1,0
779396,1,2025,4936,1,0,49,develop,assessor or aerials,0,0,0,0,1,0
779400,1,2024,1771,1,0,49,develop,assessor or aerials,0,0,0,0,1,0
779401,1,2025,3637,1,0,49,develop,assessor or aerials,0,0,0,0,1,0
779403,1,2024,2265,1,0,49,develop,assessor or aerials,0,0,0,0,1,0
779406,1,2024,1972,1,0,49,develop,assessor or aerials,0,0,0,0,1,0
779411,1,2025,4502,1,0,49,develop,assessor or aerials,0,0,0,0,1,0
779414,1,2024,1972,1,0,49,develop,assessor or aerials,0,0,0,0,1,0
779416,1,2024,1972,1,0,49,develop,assessor or aerials,0,0,0,0,1,0
779418,1,2024,1917,1,0,49,develop,assessor or aerials,0,0,0,0,1,0
779420,1,2024,2445,1,0,49,develop,assessor or aerials,0,0,0,0,1,0
779421,1,2024,2429,1,0,49,develop,assessor or aerials,0,0,0,0,1,0
779423,1,2024,2362,1,0,49,develop,assessor or aerials,0,0,0,0,1,0
779426,1,2025,2597,1,0,49,develop,assessor or aerials,0,0,0,0,1,0
779431,1,2025,6410,1,0,49,develop,assessor or aerials,0,0,0,0,1,0
779434,1,2025,3457,1,0,49,develop,assessor or aerials,0,0,0,0,1,0
779438,1,2024,3207,1,0,49,develop,assessor or aerials,0,0,0,0,1,0
779439,1,2025,4157,1,0,49,develop,assessor or aerials,0,0,0,0,1,0
779445,1,2024,1793,1,0,49,develop,assessor or aerials,0,0,0,0,1,0
779446,1,2025,3269,1,0,49,develop,assessor or aerials,0,0,0,0,1,0
779454,1,2024,2364,1,0,49,develop,assessor or aerials,0,0,0,0,1,0
779458,1,2024,2809,1,0,49,develop,assessor or aerials,0,0,0,0,1,0
779467,1,2025,12276,1,0,49,develop,assessor or aerials,0,0,0,0,1,0
779474,1,2024,2322,1,0,49,develop,assessor or aerials,0,0,0,0,1,0
779475,1,2024,2639,1,0,49,develop,assessor or aerials,0,0,0,0,1,0
779480,1,2024,2567,1,0,49,develop,assessor or aerials,0,0,0,0,1,0
779483,1,2024,2726,1,0,49,develop,assessor or aerials,0,0,0,0,1,0
779489,1,2025,3465,1,0,49,develop,assessor or aerials,0,0,0,0,1,0
779496,1,2024,2917,1,0,49,develop,assessor or aerials,0,0,0,0,1,0
779498,1,2024,2885,1,0,49,develop,assessor or aerials,0,0,0,0,1,0
779500,1,2024,2715,1,0,49,develop,assessor or aerials,0,0,0,0,1,0
779506,1,2024,2445,1,0,49,develop,assessor or aerials,0,0,0,0,1,0
779507,1,2025,4157,1,0,49,develop,assessor or aerials,0,0,0,0,1,0
779508,1,2024,2543,1,0,49,develop,assessor or aerials,0,0,0,0,1,0
779511,1,2024,1882,1,0,49,develop,assessor or aerials,0,0,0,0,1,0
779514,1,2024,1972,1,0,49,develop,assessor or aerials,0,0,0,0,1,0
779516,1,2024,1793,1,0,49,develop,assessor or aerials,0,0,0,0,1,0
779520,1,2024,2445,1,0,49,develop,assessor or aerials,0,0,0,0,1,0
779525,1,2024,2088,1,0,49,develop,assessor or aerials,0,0,0,0,1,0
779533,1,2025,4157,1,0,49,develop,assessor or aerials,0,0,0,0,1,0
779535,1,2024,20356,1,0,49,develop,assessor or aerials,0,0,0,0,1,0
779537,1,2024,1972,1,0,49,develop,assessor or aerials,0,0,0,0,1,0
779541,1,2024,4707,1,0,49,develop,assessor or aerials,0,0,0,0,1,0
779543,1,2025,4155,1,0,49,develop,assessor or aerials,0,0,0,0,1,0
779550,1,2024,2414,1,0,49,develop,assessor or aerials,0,0,0,0,1,0
779553,1,2024,2808,1,0,49,develop,assessor or aerials,0,0,0,0,1,0
779554,1,2024,3204,1,0,49,develop,assessor or aerials,0,0,0,0,1,0
779556,1,2025,4158,1,0,49,develop,assessor or aerials,0,0,0,0,1,0
779559,1,2025,4160,1,0,49,develop,assessor or aerials,0,0,0,0,1,0
779560,1,2025,4157,1,0,49,develop,assessor or aerials,0,0,0,0,1,0
779567,1,2025,2516,1,0,49,develop,assessor or aerials,0,0,0,0,1,0
779569,1,2025,4176,1,0,49,develop,assessor or aerials,0,0,0,0,1,0
779571,1,2025,4160,1,0,49,develop,assessor or aerials,0,0,0,0,1,0
779576,1,2025,4157,1,0,49,develop,assessor or aerials,0,0,0,0,1,0
779577,1,2024,2756,1,0,49,develop,assessor or aerials,0,0,0,0,1,0
779582,1,2024,2577,1,0,49,develop,assessor or aerials,0,0,0,0,1,0
779583,1,2025,4343,1,0,49,develop,assessor or aerials,0,0,0,0,1,0
779587,1,2025,4157,1,0,49,develop,assessor or aerials,0,0,0,0,1,0
779593,1,2025,4157,1,0,49,develop,assessor or aerials,0,0,0,0,1,0
779594,1,2024,2604,1,0,49,develop,assessor or aerials,0,0,0,0,1,0
779595,1,2024,1972,1,0,49,develop,assessor or aerials,0,0,0,0,1,0
779597,1,2024,1771,1,0,49,develop,assessor or aerials,0,0,0,0,1,0
779599,1,2024,1882,1,0,49,develop,assessor or aerials,0,0,0,0,1,0
779602,1,2024,2860,1,0,49,develop,assessor or aerials,0,0,0,0,1,0
779603,1,2024,2445,1,0,49,develop,assessor or aerials,0,0,0,0,1,0
779605,1,2024,2654,1,0,49,develop,assessor or aerials,0,0,0,0,1,0
779606,1,2024,2429,1,0,49,develop,assessor or aerials,0,0,0,0,1,0
779607,1,2024,2429,1,0,49,develop,assessor or aerials,0,0,0,0,1,0
779616,1,2024,11808,1,0,49,develop,assessor or aerials,0,0,0,0,1,0
779622,1,2024,2704,1,0,49,develop,assessor or aerials,0,0,0,0,1,0
779631,1,2024,3202,1,0,49,develop,assessor or aerials,0,0,0,0,1,0
779643,1,2025,4157,1,0,49,develop,assessor or aerials,0,0,0,0,1,0
779644,1,2024,2803,1,0,49,develop,assessor or aerials,0,0,0,0,1,0
779655,1,2024,2952,1,0,49,develop,assessor or aerials,0,0,0,0,1,0
779656,1,2025,3487,1,0,49,develop,assessor or aerials,0,0,0,0,1,0
779659,1,2025,4156,1,0,49,develop,assessor or aerials,0,0,0,0,1,0
779661,1,2025,5023,1,0,49,develop,assessor or aerials,0,0,0,0,1,0
779662,1,2025,3637,1,0,49,develop,assessor or aerials,0,0,0,0,1,0
779663,1,2025,3320,1,0,49,develop,assessor or aerials,0,0,0,0,1,0
779667,1,2025,4157,1,0,49,develop,assessor or aerials,0,0,0,0,1,0
779668,1,2024,1972,1,0,49,develop,assessor or aerials,0,0,0,0,1,0
779673,1,2024,1972,1,0,49,develop,assessor or aerials,0,0,0,0,1,0
779676,1,2025,3769,1,0,49,develop,assessor or aerials,0,0,0,0,1,0
779678,1,2024,2527,1,0,49,develop,assessor or aerials,0,0,0,0,1,0
779682,1,2024,2445,1,0,49,develop,assessor or aerials,0,0,0,0,1,0
779683,1,2024,2429,1,0,49,develop,assessor or aerials,0,0,0,0,1,0
779687,1,2024,2445,1,0,49,develop,assessor or aerials,0,0,0,0,1,0
779691,1,2024,1738,1,0,49,develop,assessor or aerials,0,0,0,0,1,0
779693,1,2024,2639,1,0,49,develop,assessor or aerials,0,0,0,0,1,0
779695,1,2024,1972,1,0,49,develop,assessor or aerials,0,0,0,0,1,0
779696,1,2024,2088,1,0,49,develop,assessor or aerials,0,0,0,0,1,0
779697,1,2025,4604,1,0,49,develop,assessor or aerials,0,0,0,0,1,0
779700,1,2025,4583,1,0,49,develop,assessor or aerials,0,0,0,0,1,0
779702,1,2024,2200,1,0,49,develop,assessor or aerials,0,0,0,0,1,0
779706,1,2025,3265,1,0,49,develop,assessor or aerials,0,0,0,0,1,0
779708,1,2024,2429,1,0,49,develop,assessor or aerials,0,0,0,0,1,0
779709,1,2024,2527,1,0,49,develop,assessor or aerials,0,0,0,0,1,0
779713,1,2025,4452,1,0,49,develop,assessor or aerials,0,0,0,0,1,0
779714,1,2025,3983,1,0,49,develop,assessor or aerials,0,0,0,0,1,0
779720,1,2024,2711,1,0,49,develop,assessor or aerials,0,0,0,0,1,0
779722,1,2025,3229,1,0,49,develop,assessor or aerials,0,0,0,0,1,0
779726,1,2025,2767,1,0,49,develop,assessor or aerials,0,0,0,0,1,0
779730,1,2025,3254,1,0,49,develop,assessor or aerials,0,0,0,0,1,0
779736,1,2025,14198,1,0,49,develop,assessor or aerials,0,0,0,0,1,0
779740,1,2025,2702,1,0,49,develop,assessor or aerials,0,0,0,0,1,0
779751,1,2024,2917,1,0,49,develop,assessor or aerials,0,0,0,0,1,0
779757,1,2025,2917,1,0,49,develop,assessor or aerials,0,0,0,0,1,0
779759,1,2025,2722,1,0,49,develop,assessor or aerials,0,0,0,0,1,0
779777,1,2025,5629,1,0,49,develop,assessor or aerials,0,0,0,0,1,0
779778,1,2024,2695,1,0,49,develop,assessor or aerials,0,0,0,0,1,0
779785,1,2025,2738,1,0,49,develop,assessor or aerials,0,0,0,0,1,0
779787,1,2025,2918,1,0,49,develop,assessor or aerials,0,0,0,0,1,0
779789,1,2025,2711,1,0,49,develop,assessor or aerials,0,0,0,0,1,0
779801,1,2025,14199,1,0,49,develop,assessor or aerials,0,0,0,0,1,0
779813,1,2024,6194,1,0,49,develop,assessor or aerials,0,0,0,0,1,0
779814,1,2025,2700,1,0,49,develop,assessor or aerials,0,0,0,0,1,0
779834,1,2024,3434,1,0,49,develop,assessor or aerials,0,0,0,0,1,0
779835,1,2025,2701,1,0,49,develop,assessor or aerials,0,0,0,0,1,0
779848,1,2025,3502,1,0,49,develop,assessor or aerials,0,0,0,0,1,0
779849,1,2025,3267,1,0,49,develop,assessor or aerials,0,0,0,0,1,0
779851,1,2025,2693,1,0,49,develop,assessor or aerials,0,0,0,0,1,0
779854,1,2025,2705,1,0,49,develop,assessor or aerials,0,0,0,0,1,0
779856,1,2025,2794,1,0,49,develop,assessor or aerials,0,0,0,0,1,0
779861,1,2024,2711,1,0,49,develop,assessor or aerials,0,0,0,0,1,0
779864,1,2024,2416,1,0,49,develop,assessor or aerials,0,0,0,0,1,0
779867,1,2025,2711,1,0,49,develop,assessor or aerials,0,0,0,0,1,0
779871,1,2025,2711,1,0,49,develop,assessor or aerials,0,0,0,0,1,0
779882,1,2025,2917,1,0,49,develop,assessor or aerials,0,0,0,0,1,0
779887,1,2024,3970,1,0,49,develop,assessor or aerials,0,0,0,0,1,0
779893,1,2024,2837,1,0,49,develop,assessor or aerials,0,0,0,0,1,0
779899,1,2024,4285,1,0,49,develop,assessor or aerials,0,0,0,0,1,0
779901,1,2025,2711,1,0,49,develop,assessor or aerials,0,0,0,0,1,0
779903,1,2025,2711,1,0,49,develop,assessor or aerials,0,0,0,0,1,0
779919,1,2025,2700,1,0,49,develop,assessor or aerials,0,0,0,0,1,0
779921,1,2025,6636,1,0,49,develop,assessor or aerials,0,0,0,0,1,0
779922,1,2025,2711,1,0,49,develop,assessor or aerials,0,0,0,0,1,0
779928,1,2025,2711,1,0,49,develop,assessor or aerials,0,0,0,0,1,0
779929,1,2025,2711,1,0,49,develop,assessor or aerials,0,0,0,0,1,0
779937,1,2025,2711,1,0,49,develop,assessor or aerials,0,0,0,0,1,0
779943,1,2025,2241,1,0,49,develop,assessor or aerials,0,0,0,0,1,0
779946,1,2025,2037,1,0,49,develop,assessor or aerials,0,0,0,0,1,0
779951,1,2025,1912,1,0,49,develop,assessor or aerials,0,0,0,0,1,0
779958,1,2025,2241,1,0,49,develop,assessor or aerials,0,0,0,0,1,0
779959,1,2024,2058,1,0,49,develop,assessor or aerials,0,0,0,0,1,0
779962,1,2025,2120,1,0,49,develop,assessor or aerials,0,0,0,0,1,0
779963,1,2024,2405,1,0,49,develop,assessor or aerials,0,0,0,0,1,0
779978,1,2024,3640,1,0,49,develop,assessor or aerials,0,0,0,0,1,0
779981,1,2025,1705,1,0,49,develop,assessor or aerials,0,0,0,0,1,0
779982,1,2025,1912,1,0,49,develop,assessor or aerials,0,0,0,0,1,0
779993,1,2025,1790,1,0,49,develop,assessor or aerials,0,0,0,0,1,0
779994,1,2025,2241,1,0,49,develop,assessor or aerials,0,0,0,0,1,0
779995,1,2025,2241,1,0,49,develop,assessor or aerials,0,0,0,0,1,0
779997,1,2024,2058,1,0,49,develop,assessor or aerials,0,0,0,0,1,0
780003,1,2025,2166,1,0,49,develop,assessor or aerials,0,0,0,0,1,0
780006,1,2025,2106,1,0,49,develop,assessor or aerials,0,0,0,0,1,0
780011,1,2025,1705,1,0,49,develop,assessor or aerials,0,0,0,0,1,0
780013,1,2025,2728,1,0,49,develop,assessor or aerials,0,0,0,0,1,0
780016,1,2025,1790,1,0,49,develop,assessor or aerials,0,0,0,0,1,0
780017,1,2025,2241,1,0,49,develop,assessor or aerials,0,0,0,0,1,0
780020,1,2025,7807,1,0,49,develop,assessor or aerials,0,0,0,0,1,0
780022,1,2025,1705,1,0,49,develop,assessor or aerials,0,0,0,0,1,0
780024,1,2025,1912,1,0,49,develop,assessor or aerials,0,0,0,0,1,0
780027,1,2025,2456,1,0,49,develop,assessor or aerials,0,0,0,0,1,0
780028,1,2025,2058,1,0,49,develop,assessor or aerials,0,0,0,0,1,0
780030,1,2025,2058,1,0,49,develop,assessor or aerials,0,0,0,0,1,0
780036,1,2024,2274,1,0,49,develop,assessor or aerials,0,0,0,0,1,0
780038,1,2025,1790,1,0,49,develop,assessor or aerials,0,0,0,0,1,0
780050,1,2025,1705,1,0,49,develop,assessor or aerials,0,0,0,0,1,0
780053,1,2025,2437,1,0,49,develop,assessor or aerials,0,0,0,0,1,0
780054,1,2024,2058,1,0,49,develop,assessor or aerials,0,0,0,0,1,0
780059,1,2025,2241,1,0,49,develop,assessor or aerials,0,0,0,0,1,0
780065,1,2025,1790,1,0,49,develop,assessor or aerials,0,0,0,0,1,0
780069,1,2024,2405,1,0,49,develop,assessor or aerials,0,0,0,0,1,0
780072,1,2025,1790,1,0,49,develop,assessor or aerials,0,0,0,0,1,0
780076,1,2025,1705,1,0,49,develop,assessor or aerials,0,0,0,0,1,0
780077,1,2025,2286,1,0,49,develop,assessor or aerials,0,0,0,0,1,0
780078,1,2024,2058,1,0,49,develop,assessor or aerials,0,0,0,0,1,0
780082,1,2024,2058,1,0,49,develop,assessor or aerials,0,0,0,0,1,0
780083,1,2025,2241,1,0,49,develop,assessor or aerials,0,0,0,0,1,0
780084,1,2025,2698,1,0,49,develop,assessor or aerials,0,0,0,0,1,0
780085,1,2025,4274,1,0,49,develop,assessor or aerials,0,0,0,0,1,0
780087,1,2025,2413,1,0,49,develop,assessor or aerials,0,0,0,0,1,0
780091,1,2025,4124,1,0,49,develop,assessor or aerials,0,0,0,0,1,0
780100,1,2025,1705,1,0,49,develop,assessor or aerials,0,0,0,0,1,0
780106,1,2025,4713,1,0,49,develop,assessor or aerials,0,0,0,0,1,0
780107,1,2025,2053,1,0,49,develop,assessor or aerials,0,0,0,0,1,0
780109,1,2025,3066,1,0,49,develop,assessor or aerials,0,0,0,0,1,0
780118,1,2025,2061,1,0,49,develop,assessor or aerials,0,0,0,0,1,0
780120,1,2025,2120,1,0,49,develop,assessor or aerials,0,0,0,0,1,0
780121,1,2024,2578,1,0,49,develop,assessor or aerials,0,0,0,0,1,0
780128,1,2024,2058,1,0,49,develop,assessor or aerials,0,0,0,0,1,0
780137,1,2025,2241,1,0,49,develop,assessor or aerials,0,0,0,0,1,0
780141,1,2025,1790,1,0,49,develop,assessor or aerials,0,0,0,0,1,0
780146,1,2025,1790,1,0,49,develop,assessor or aerials,0,0,0,0,1,0
780157,1,2025,1705,1,0,49,develop,assessor or aerials,0,0,0,0,1,0
780165,1,2025,2241,1,0,49,develop,assessor or aerials,0,0,0,0,1,0
780166,1,2025,1912,1,0,49,develop,assessor or aerials,0,0,0,0,1,0
780171,1,2025,1912,1,0,49,develop,assessor or aerials,0,0,0,0,1,0
780177,1,2025,2333,1,0,49,develop,assessor or aerials,0,0,0,0,1,0
780179,1,2025,4574,1,0,49,develop,assessor or aerials,0,0,0,0,1,0
780183,1,2024,2083,1,0,49,develop,assessor or aerials,0,0,0,0,1,0
780185,1,2025,1941,1,0,49,develop,assessor or aerials,0,0,0,0,1,0
780187,1,2025,1705,1,0,49,develop,assessor or aerials,0,0,0,0,1,0
780193,1,2025,2149,1,0,49,develop,assessor or aerials,0,0,0,0,1,0
780194,1,2025,2120,1,0,49,develop,assessor or aerials,0,0,0,0,1,0
780196,1,2024,2058,1,0,49,develop,assessor or aerials,0,0,0,0,1,0
780198,1,2024,2058,1,0,49,develop,assessor or aerials,0,0,0,0,1,0
780202,1,2024,2058,1,0,49,develop,assessor or aerials,0,0,0,0,1,0
780205,4,2024,1200,1,0,49,develop,assessor or aerials,0,0,0,0,1,1200
780207,1,2025,2286,1,0,49,develop,assessor or aerials,0,0,0,0,1,0
780211,1,2025,2241,1,0,49,develop,assessor or aerials,0,0,0,0,1,0
780217,1,2025,2286,1,0,49,develop,assessor or aerials,0,0,0,0,1,0
780221,1,2025,1705,1,0,49,develop,assessor or aerials,0,0,0,0,1,0
780222,1,2025,7798,1,0,49,develop,assessor or aerials,0,0,0,0,1,0
780233,1,2025,2698,1,0,49,develop,assessor or aerials,0,0,0,0,1,0
780234,1,2025,2241,1,0,49,develop,assessor or aerials,0,0,0,0,1,0
780235,1,2025,2120,1,0,49,develop,assessor or aerials,0,0,0,0,1,0
780237,1,2025,1912,1,0,49,develop,assessor or aerials,0,0,0,0,1,0
780239,1,2024,3640,1,0,49,develop,assessor or aerials,0,0,0,0,1,0
780241,1,2025,3422,1,0,49,develop,assessor or aerials,0,0,0,0,1,0
780245,1,2025,2241,1,0,49,develop,assessor or aerials,0,0,0,0,1,0
780248,1,2024,3140,1,0,49,develop,assessor or aerials,0,0,0,0,1,0
780274,1,2024,2849,1,0,49,develop,assessor or aerials,0,0,0,0,1,0
780302,1,2024,123,1,0,49,develop,assessor or aerials,0,0,0,0,1,0
780343,1,2024,332,1,0,49,develop,assessor or aerials,0,0,0,0,1,0
780390,1,2024,3318,1,0,49,develop,assessor or aerials,0,0,0,0,1,0
780392,1,2025,3225,1,0,49,develop,assessor or aerials,0,0,0,0,1,0
780440,1,2024,44162,1,0,49,develop,assessor or aerials,0,0,0,0,1,0
780483,1,2025,3765,1,0,49,develop,assessor or aerials,0,0,0,0,1,0
780525,1,2024,4157,1,0,49,develop,assessor or aerials,0,0,0,0,1,0
780529,1,2024,4190,1,0,49,develop,assessor or aerials,0,0,0,0,1,0
780537,1,2024,4175,1,0,49,develop,assessor or aerials,0,0,0,0,1,0
780540,1,2024,4217,1,0,49,develop,assessor or aerials,0,0,0,0,1,0
780543,1,2025,5677,1,0,49,develop,assessor or aerials,0,0,0,0,1,0
780544,1,2024,4600,1,0,49,develop,assessor or aerials,0,0,0,0,1,0
780545,1,2025,3188,1,0,49,develop,assessor or aerials,0,0,0,0,1,0
780554,2,2024,1618,1,0,49,develop,assessor or aerials,0,0,0,0,1,0
780558,1,2025,3578,1,0,49,develop,assessor or aerials,0,0,0,0,1,0
780559,1,2025,5302,1,0,49,develop,assessor or aerials,0,0,0,0,1,0
780561,1,2025,3545,1,0,49,develop,assessor or aerials,0,0,0,0,1,0
780562,2,2024,1618,1,0,49,develop,assessor or aerials,0,0,0,0,1,0
780572,1,2024,4176,1,0,49,develop,assessor or aerials,0,0,0,0,1,0
780578,1,2024,5154,1,0,49,develop,assessor or aerials,0,0,0,0,1,0
780579,1,2025,5991,1,0,49,develop,assessor or aerials,0,0,0,0,1,0
780581,1,2024,4157,1,0,49,develop,assessor or aerials,0,0,0,0,1,0
780584,1,2025,2550,1,0,49,develop,assessor or aerials,0,0,0,0,1,0
780594,1,2025,3926,1,0,49,develop,assessor or aerials,0,0,0,0,1,0
780595,2,2024,1618,1,0,49,develop,assessor or aerials,0,0,0,0,1,0
780602,2,2024,1618,1,0,49,develop,assessor or aerials,0,0,0,0,1,0
780616,1,2025,3857,1,0,49,develop,assessor or aerials,0,0,0,0,1,0
780620,1,2025,7180,1,0,49,develop,assessor or aerials,0,0,0,0,1,0
780624,1,2024,3503,1,0,49,develop,assessor or aerials,0,0,0,0,1,0
780625,1,2025,3752,1,0,49,develop,assessor or aerials,0,0,0,0,1,0
780629,1,2024,4892,1,0,49,develop,assessor or aerials,0,0,0,0,1,0
780632,1,2024,8236,1,0,49,develop,assessor or aerials,0,0,0,0,1,0
780638,1,2025,2583,1,0,49,develop,assessor or aerials,0,0,0,0,1,0
780654,1,2024,4892,1,0,49,develop,assessor or aerials,0,0,0,0,1,0
780658,1,2024,4157,1,0,49,develop,assessor or aerials,0,0,0,0,1,0
780664,1,2024,4164,1,0,49,develop,assessor or aerials,0,0,0,0,1,0
780666,1,2025,3278,1,0,49,develop,assessor or aerials,0,0,0,0,1,0
780672,1,2025,3320,1,0,49,develop,assessor or aerials,0,0,0,0,1,0
780673,1,2024,4157,1,0,49,develop,assessor or aerials,0,0,0,0,1,0
780674,1,2025,11716,1,0,49,develop,assessor or aerials,0,0,0,0,1,0
780679,1,2025,9178,1,0,49,develop,assessor or aerials,0,0,0,0,1,0
780680,2,2024,1618,1,0,49,develop,assessor or aerials,0,0,0,0,1,0
780683,1,2025,3363,1,0,49,develop,assessor or aerials,0,0,0,0,1,0
780688,1,2025,3299,1,0,49,develop,assessor or aerials,0,0,0,0,1,0
780698,1,2024,7155,1,0,49,develop,assessor or aerials,0,0,0,0,1,0
780707,1,2025,3702,1,0,49,develop,assessor or aerials,0,0,0,0,1,0
780708,1,2024,6275,1,0,49,develop,assessor or aerials,0,0,0,0,1,0
780717,1,2025,8546,1,0,49,develop,assessor or aerials,0,0,0,0,1,0
780724,1,2024,4285,1,0,49,develop,assessor or aerials,0,0,0,0,1,0
780725,2,2024,1618,1,0,49,develop,assessor or aerials,0,0,0,0,1,0
780730,1,2024,4157,1,0,49,develop,assessor or aerials,0,0,0,0,1,0
780731,1,2025,5134,1,0,49,develop,assessor or aerials,0,0,0,0,1,0
780742,1,2024,4157,1,0,49,develop,assessor or aerials,0,0,0,0,1,0
780764,1,2024,4171,1,0,49,develop,assessor or aerials,0,0,0,0,1,0
780769,1,2025,3774,1,0,49,develop,assessor or aerials,0,0,0,0,1,0
780772,1,2024,4157,1,0,49,develop,assessor or aerials,0,0,0,0,1,0
780774,1,2024,4544,1,0,49,develop,assessor or aerials,0,0,0,0,1,0
780777,1,2024,4157,1,0,49,develop,assessor or aerials,0,0,0,0,1,0
780800,1,2024,4621,1,0,49,develop,assessor or aerials,0,0,0,0,1,0
780804,1,2024,4157,1,0,49,develop,assessor or aerials,0,0,0,0,1,0
780805,1,2025,4685,1,0,49,develop,assessor or aerials,0,0,0,0,1,0
780824,1,2025,5669,1,0,49,develop,assessor or aerials,0,0,0,0,1,0
780832,1,2024,4285,1,0,49,develop,assessor or aerials,0,0,0,0,1,0
780838,1,2025,5670,1,0,49,develop,assessor or aerials,0,0,0,0,1,0
780839,1,2025,11643,1,0,49,develop,assessor or aerials,0,0,0,0,1,0
780840,1,2025,5221,1,0,49,develop,assessor or aerials,0,0,0,0,1,0
780845,1,2024,2856,1,0,49,develop,assessor or aerials,0,0,0,0,1,0
780847,1,2025,3332,1,0,49,develop,assessor or aerials,0,0,0,0,1,0
780848,1,2024,4190,1,0,49,develop,assessor or aerials,0,0,0,0,1,0
780851,1,2024,4723,1,0,49,develop,assessor or aerials,0,0,0,0,1,0
780853,1,2024,6757,1,0,49,develop,assessor or aerials,0,0,0,0,1,0
780864,1,2024,4190,1,0,49,develop,assessor or aerials,0,0,0,0,1,0
780867,2,2024,1618,1,0,49,develop,assessor or aerials,0,0,0,0,1,0
780870,1,2025,6240,1,0,49,develop,assessor or aerials,0,0,0,0,1,0
780879,1,2025,3283,1,0,49,develop,assessor or aerials,0,0,0,0,1,0
780884,2,2024,1618,1,0,49,develop,assessor or aerials,0,0,0,0,1,0
780885,1,2024,3972,1,0,49,develop,assessor or aerials,0,0,0,0,1,0
780888,1,2025,8417,1,0,49,develop,assessor or aerials,0,0,0,0,1,0
780891,1,2024,3510,1,0,49,develop,assessor or aerials,0,0,0,0,1,0
780892,1,2024,4573,1,0,49,develop,assessor or aerials,0,0,0,0,1,0
780895,2,2024,1618,1,0,49,develop,assessor or aerials,0,0,0,0,1,0
780897,1,2024,4217,1,0,49,develop,assessor or aerials,0,0,0,0,1,0
780899,1,2025,3932,1,0,49,develop,assessor or aerials,0,0,0,0,1,0
780904,2,2024,1618,1,0,49,develop,assessor or aerials,0,0,0,0,1,0
780906,1,2024,3715,1,0,49,develop,assessor or aerials,0,0,0,0,1,0
780910,1,2024,4157,1,0,49,develop,assessor or aerials,0,0,0,0,1,0
780930,1,2024,4160,1,0,49,develop,assessor or aerials,0,0,0,0,1,0
780933,1,2024,4573,1,0,49,develop,assessor or aerials,0,0,0,0,1,0
780936,1,2025,3961,1,0,49,develop,assessor or aerials,0,0,0,0,1,0
780937,1,2024,4578,1,0,49,develop,assessor or aerials,0,0,0,0,1,0
780938,1,2025,8023,1,0,49,develop,assessor or aerials,0,0,0,0,1,0
780954,1,2024,4217,1,0,49,develop,assessor or aerials,0,0,0,0,1,0
780959,1,2024,3474,1,0,49,develop,assessor or aerials,0,0,0,0,1,0
780964,1,2024,4285,1,0,49,develop,assessor or aerials,0,0,0,0,1,0
780971,1,2024,4280,1,0,49,develop,assessor or aerials,0,0,0,0,1,0
780976,1,2024,6889,1,0,49,develop,assessor or aerials,0,0,0,0,1,0
780984,1,2025,11604,1,0,49,develop,assessor or aerials,0,0,0,0,1,0
780995,2,2024,1618,1,0,49,develop,assessor or aerials,0,0,0,0,1,0
780999,1,2025,4633,1,0,49,develop,assessor or aerials,0,0,0,0,1,0
781001,1,2024,4378,1,0,49,develop,assessor or aerials,0,0,0,0,1,0
781002,1,2024,6549,1,0,49,develop,assessor or aerials,0,0,0,0,1,0
781003,1,2025,2413,1,0,49,develop,assessor or aerials,0,0,0,0,1,0
781008,1,2025,1164,1,0,49,develop,assessor or aerials,0,0,0,0,1,0
781009,1,2025,2076,1,0,49,develop,assessor or aerials,0,0,0,0,1,0
781010,1,2024,2456,1,0,49,develop,assessor or aerials,0,0,0,0,1,0
781013,1,2024,2405,1,0,49,develop,assessor or aerials,0,0,0,0,1,0
781014,1,2025,1247,1,0,49,develop,assessor or aerials,0,0,0,0,1,0
781019,1,2024,4142,1,0,49,develop,assessor or aerials,0,0,0,0,1,0
781023,1,2024,2405,1,0,49,develop,assessor or aerials,0,0,0,0,1,0
781032,1,2025,1164,1,0,49,develop,assessor or aerials,0,0,0,0,1,0
781039,1,2024,2536,1,0,49,develop,assessor or aerials,0,0,0,0,1,0
781057,1,2024,2536,1,0,49,develop,assessor or aerials,0,0,0,0,1,0
781059,1,2024,2536,1,0,49,develop,assessor or aerials,0,0,0,0,1,0
781063,1,2024,2377,1,0,49,develop,assessor or aerials,0,0,0,0,1,0
781070,1,2025,2519,1,0,49,develop,assessor or aerials,0,0,0,0,1,0
781077,1,2025,10142,1,0,49,develop,assessor or aerials,0,0,0,0,1,0
781078,1,2024,2456,1,0,49,develop,assessor or aerials,0,0,0,0,1,0
781085,1,2025,2039,1,0,49,develop,assessor or aerials,0,0,0,0,1,0
781087,1,2025,1164,1,0,49,develop,assessor or aerials,0,0,0,0,1,0
781090,1,2025,1164,1,0,49,develop,assessor or aerials,0,0,0,0,1,0
781096,1,2024,2536,1,0,49,develop,assessor or aerials,0,0,0,0,1,0
781098,1,2024,2536,1,0,49,develop,assessor or aerials,0,0,0,0,1,0
781100,1,2024,2536,1,0,49,develop,assessor or aerials,0,0,0,0,1,0
781102,1,2024,2405,1,0,49,develop,assessor or aerials,0,0,0,0,1,0
781104,1,2024,2377,1,0,49,develop,assessor or aerials,0,0,0,0,1,0
781111,1,2025,1936,1,0,49,develop,assessor or aerials,0,0,0,0,1,0
781142,1,2025,1164,1,0,49,develop,assessor or aerials,0,0,0,0,1,0
781143,1,2025,1164,1,0,49,develop,assessor or aerials,0,0,0,0,1,0
781145,1,2025,1792,1,0,49,develop,assessor or aerials,0,0,0,0,1,0
781148,1,2025,1164,1,0,49,develop,assessor or aerials,0,0,0,0,1,0
781149,1,2025,2018,1,0,49,develop,assessor or aerials,0,0,0,0,1,0
781156,1,2024,2456,1,0,49,develop,assessor or aerials,0,0,0,0,1,0
781160,1,2024,2405,1,0,49,develop,assessor or aerials,0,0,0,0,1,0
781161,1,2024,2536,1,0,49,develop,assessor or aerials,0,0,0,0,1,0
781170,1,2024,2456,1,0,49,develop,assessor or aerials,0,0,0,0,1,0
781172,1,2025,1164,1,0,49,develop,assessor or aerials,0,0,0,0,1,0
781175,1,2024,2302,1,0,49,develop,assessor or aerials,0,0,0,0,1,0
781259,1,2024,1770,1,0,49,develop,assessor or aerials,0,0,0,0,1,0
781261,1,2024,4095,1,0,49,develop,assessor or aerials,0,0,0,0,1,0
781303,1,2024,4304,1,0,49,develop,assessor or aerials,0,0,0,0,1,0
781340,1,2024,1917,1,0,49,develop,assessor or aerials,0,0,0,0,1,0
781344,1,2024,2624,1,0,49,develop,assessor or aerials,0,0,0,0,1,0
781345,1,2024,1586,1,0,49,develop,assessor or aerials,0,0,0,0,1,0
781347,1,2024,3654,1,0,49,develop,assessor or aerials,0,0,0,0,1,0
781348,1,2025,11171,1,0,49,develop,assessor or aerials,0,0,0,0,1,0
781358,1,2025,4877,1,0,49,develop,assessor or aerials,0,0,0,0,1,0
781365,1,2024,1700,1,0,49,develop,assessor or aerials,0,0,0,0,1,0
781368,1,2024,1836,1,0,49,develop,assessor or aerials,0,0,0,0,1,0
781369,1,2024,4340,1,0,49,develop,assessor or aerials,0,0,0,0,1,0
781371,1,2024,2670,1,0,49,develop,assessor or aerials,0,0,0,0,1,0
781380,1,2024,2557,1,0,49,develop,assessor or aerials,0,0,0,0,1,0
781381,1,2024,1873,1,0,49,develop,assessor or aerials,0,0,0,0,1,0
781382,1,2024,1584,1,0,49,develop,assessor or aerials,0,0,0,0,1,0
781383,1,2024,1853,1,0,49,develop,assessor or aerials,0,0,0,0,1,0
781388,1,2024,1584,1,0,49,develop,assessor or aerials,0,0,0,0,1,0
781394,1,2024,2624,1,0,49,develop,assessor or aerials,0,0,0,0,1,0
781395,1,2024,1842,1,0,49,develop,assessor or aerials,0,0,0,0,1,0
781398,1,2024,1860,1,0,49,develop,assessor or aerials,0,0,0,0,1,0
781399,1,2024,1605,1,0,49,develop,assessor or aerials,0,0,0,0,1,0
781400,1,2024,3670,1,0,49,develop,assessor or aerials,0,0,0,0,1,0
781405,1,2024,1876,1,0,49,develop,assessor or aerials,0,0,0,0,1,0
781407,1,2024,3186,1,0,49,develop,assessor or aerials,0,0,0,0,1,0
781409,1,2024,4590,1,0,49,develop,assessor or aerials,0,0,0,0,1,0
781411,1,2024,2670,1,0,49,develop,assessor or aerials,0,0,0,0,1,0
781412,1,2024,1584,1,0,49,develop,assessor or aerials,0,0,0,0,1,0
781413,1,2024,2334,1,0,49,develop,assessor or aerials,0,0,0,0,1,0
781415,1,2024,1604,1,0,49,develop,assessor or aerials,0,0,0,0,1,0
781417,1,2024,1584,1,0,49,develop,assessor or aerials,0,0,0,0,1,0
781421,1,2024,1605,1,0,49,develop,assessor or aerials,0,0,0,0,1,0
781423,1,2024,1583,1,0,49,develop,assessor or aerials,0,0,0,0,1,0
781425,1,2024,1725,1,0,49,develop,assessor or aerials,0,0,0,0,1,0
781426,1,2025,3087,1,0,49,develop,assessor or aerials,0,0,0,0,1,0
781430,1,2025,3867,1,0,49,develop,assessor or aerials,0,0,0,0,1,0
781437,1,2024,1913,1,0,49,develop,assessor or aerials,0,0,0,0,1,0
781440,1,2024,4542,1,0,49,develop,assessor or aerials,0,0,0,0,1,0
781441,1,2024,1586,1,0,49,develop,assessor or aerials,0,0,0,0,1,0
781444,1,2024,1586,1,0,49,develop,assessor or aerials,0,0,0,0,1,0
781445,1,2024,1584,1,0,49,develop,assessor or aerials,0,0,0,0,1,0
781447,1,2024,1602,1,0,49,develop,assessor or aerials,0,0,0,0,1,0
781451,1,2024,1862,1,0,49,develop,assessor or aerials,0,0,0,0,1,0
781453,1,2024,2893,1,0,49,develop,assessor or aerials,0,0,0,0,1,0
781457,1,2024,1586,1,0,49,develop,assessor or aerials,0,0,0,0,1,0
781463,1,2024,1586,1,0,49,develop,assessor or aerials,0,0,0,0,1,0
781465,1,2024,3732,1,0,49,develop,assessor or aerials,0,0,0,0,1,0
781472,1,2024,1586,1,0,49,develop,assessor or aerials,0,0,0,0,1,0
781474,1,2024,1856,1,0,49,develop,assessor or aerials,0,0,0,0,1,0
781475,1,2025,1956,1,0,49,develop,assessor or aerials,0,0,0,0,1,0
781485,1,2025,2532,1,0,49,develop,assessor or aerials,0,0,0,0,1,0
781493,1,2025,1661,1,0,49,develop,assessor or aerials,0,0,0,0,1,0
781497,1,2024,1720,1,0,49,develop,assessor or aerials,0,0,0,0,1,0
781499,1,2024,1842,1,0,49,develop,assessor or aerials,0,0,0,0,1,0
781500,1,2024,1584,1,0,49,develop,assessor or aerials,0,0,0,0,1,0
781503,1,2025,1586,1,0,49,develop,assessor or aerials,0,0,0,0,1,0
781504,1,2024,1602,1,0,49,develop,assessor or aerials,0,0,0,0,1,0
781509,1,2024,2010,1,0,49,develop,assessor or aerials,0,0,0,0,1,0
781510,1,2025,1012,1,0,49,develop,assessor or aerials,0,0,0,0,1,0
781511,1,2025,1041,1,0,49,develop,assessor or aerials,0,0,0,0,1,0
781512,1,2024,1584,1,0,49,develop,assessor or aerials,0,0,0,0,1,0
781513,1,2024,1584,1,0,49,develop,assessor or aerials,0,0,0,0,1,0
781523,1,2024,2624,1,0,49,develop,assessor or aerials,0,0,0,0,1,0
781528,1,2024,1583,1,0,49,develop,assessor or aerials,0,0,0,0,1,0
781534,1,2024,1868,1,0,49,develop,assessor or aerials,0,0,0,0,1,0
781542,1,2024,3361,1,0,49,develop,assessor or aerials,0,0,0,0,1,0
781543,1,2024,2624,1,0,49,develop,assessor or aerials,0,0,0,0,1,0
781552,1,2024,1879,1,0,49,develop,assessor or aerials,0,0,0,0,1,0
781558,1,2024,2334,1,0,49,develop,assessor or aerials,0,0,0,0,1,0
781561,1,2025,1586,1,0,49,develop,assessor or aerials,0,0,0,0,1,0
781566,1,2024,3563,1,0,49,develop,assessor or aerials,0,0,0,0,1,0
781572,1,2025,1949,1,0,49,develop,assessor or aerials,0,0,0,0,1,0
781578,1,2024,1584,1,0,49,develop,assessor or aerials,0,0,0,0,1,0
781581,1,2024,3650,1,0,49,develop,assessor or aerials,0,0,0,0,1,0
781586,1,2024,1584,1,0,49,develop,assessor or aerials,0,0,0,0,1,0
781588,1,2024,3692,1,0,49,develop,assessor or aerials,0,0,0,0,1,0
781589,1,2024,1586,1,0,49,develop,assessor or aerials,0,0,0,0,1,0
781590,1,2024,1604,1,0,49,develop,assessor or aerials,0,0,0,0,1,0
781596,2,2025,1517,1,0,49,develop,assessor or aerials,0,0,0,0,1,0
781603,2,2025,1517,1,0,49,develop,assessor or aerials,0,0,0,0,1,0
781605,2,2025,1473,1,0,49,develop,assessor or aerials,0,0,0,0,1,0
781618,2,2025,1282,1,0,49,develop,assessor or aerials,0,0,0,0,1,0
781622,2,2025,1414,1,0,49,develop,assessor or aerials,0,0,0,0,1,0
781625,2,2025,1282,1,0,49,develop,assessor or aerials,0,0,0,0,1,0
781630,2,2025,1524,1,0,49,develop,assessor or aerials,0,0,0,0,1,0
781631,2,2025,1524,1,0,49,develop,assessor or aerials,0,0,0,0,1,0
781633,1,2024,7794,1,0,49,develop,assessor or aerials,0,0,0,0,1,0
781636,2,2025,2083,1,0,49,develop,assessor or aerials,0,0,0,0,1,0
781639,1,2024,3628,1,0,49,develop,assessor or aerials,0,0,0,0,1,0
781642,2,2024,2082,1,0,49,develop,assessor or aerials,0,0,0,0,1,0
781646,2,2025,1517,1,0,49,develop,assessor or aerials,0,0,0,0,1,0
781648,2,2025,1517,1,0,49,develop,assessor or aerials,0,0,0,0,1,0
781650,2,2025,1282,1,0,49,develop,assessor or aerials,0,0,0,0,1,0
781653,2,2025,1524,1,0,49,develop,assessor or aerials,0,0,0,0,1,0
781655,2,2025,1517,1,0,49,develop,assessor or aerials,0,0,0,0,1,0
781659,2,2024,2416,1,0,49,develop,assessor or aerials,0,0,0,0,1,0
781660,2,2024,2416,1,0,49,develop,assessor or aerials,0,0,0,0,1,0
781666,2,2025,1524,1,0,49,develop,assessor or aerials,0,0,0,0,1,0
781672,2,2025,1414,1,0,49,develop,assessor or aerials,0,0,0,0,1,0
781674,2,2024,2082,1,0,49,develop,assessor or aerials,0,0,0,0,1,0
781675,2,2024,2082,1,0,49,develop,assessor or aerials,0,0,0,0,1,0
781689,2,2025,1414,1,0,49,develop,assessor or aerials,0,0,0,0,1,0
781690,1,2025,3678,1,0,49,develop,assessor or aerials,0,0,0,0,1,0
781692,2,2025,1517,1,0,49,develop,assessor or aerials,0,0,0,0,1,0
781693,2,2025,1524,1,0,49,develop,assessor or aerials,0,0,0,0,1,0
781696,2,2025,1524,1,0,49,develop,assessor or aerials,0,0,0,0,1,0
781700,2,2025,1473,1,0,49,develop,assessor or aerials,0,0,0,0,1,0
781705,2,2025,1414,1,0,49,develop,assessor or aerials,0,0,0,0,1,0
781710,2,2025,1524,1,0,49,develop,assessor or aerials,0,0,0,0,1,0
781714,2,2025,1473,1,0,49,develop,assessor or aerials,0,0,0,0,1,0
781718,2,2025,1517,1,0,49,develop,assessor or aerials,0,0,0,0,1,0
781719,2,2025,1282,1,0,49,develop,assessor or aerials,0,0,0,0,1,0
781720,2,2025,1414,1,0,49,develop,assessor or aerials,0,0,0,0,1,0
781722,2,2025,1282,1,0,49,develop,assessor or aerials,0,0,0,0,1,0
781724,2,2024,2082,1,0,49,develop,assessor or aerials,0,0,0,0,1,0
781725,2,2025,2133,1,0,49,develop,assessor or aerials,0,0,0,0,1,0
781726,2,2025,1524,1,0,49,develop,assessor or aerials,0,0,0,0,1,0
781732,2,2025,1282,1,0,49,develop,assessor or aerials,0,0,0,0,1,0
781733,2,2024,2082,1,0,49,develop,assessor or aerials,0,0,0,0,1,0
781735,2,2025,1517,1,0,49,develop,assessor or aerials,0,0,0,0,1,0
781742,2,2025,1517,1,0,49,develop,assessor or aerials,0,0,0,0,1,0
781743,2,2024,2082,1,0,49,develop,assessor or aerials,0,0,0,0,1,0
781744,2,2025,1414,1,0,49,develop,assessor or aerials,0,0,0,0,1,0
781746,1,2024,3419,1,0,49,develop,assessor or aerials,0,0,0,0,1,0
781750,2,2025,1282,1,0,49,develop,assessor or aerials,0,0,0,0,1,0
781752,2,2025,1414,1,0,49,develop,assessor or aerials,0,0,0,0,1,0
781755,2,2025,1517,1,0,49,develop,assessor or aerials,0,0,0,0,1,0
781760,2,2025,1524,1,0,49,develop,assessor or aerials,0,0,0,0,1,0
781762,2,2024,2082,1,0,49,develop,assessor or aerials,0,0,0,0,1,0
781767,2,2024,2082,1,0,49,develop,assessor or aerials,0,0,0,0,1,0
781775,2,2025,1414,1,0,49,develop,assessor or aerials,0,0,0,0,1,0
781776,2,2024,2082,1,0,49,develop,assessor or aerials,0,0,0,0,1,0
781778,2,2025,1282,1,0,49,develop,assessor or aerials,0,0,0,0,1,0
781779,2,2025,1414,1,0,49,develop,assessor or aerials,0,0,0,0,1,0
781782,2,2024,2082,1,0,49,develop,assessor or aerials,0,0,0,0,1,0
781783,2,2025,1517,1,0,49,develop,assessor or aerials,0,0,0,0,1,0
781786,2,2024,2082,1,0,49,develop,assessor or aerials,0,0,0,0,1,0
781795,2,2024,2408,1,0,49,develop,assessor or aerials,0,0,0,0,1,0
781797,2,2025,1282,1,0,49,develop,assessor or aerials,0,0,0,0,1,0
781798,2,2025,1517,1,0,49,develop,assessor or aerials,0,0,0,0,1,0
781801,1,2024,13780,1,0,49,develop,assessor or aerials,0,0,0,0,1,0
781802,2,2024,2082,1,0,49,develop,assessor or aerials,0,0,0,0,1,0
781803,2,2025,1414,1,0,49,develop,assessor or aerials,0,0,0,0,1,0
781810,2,2025,1517,1,0,49,develop,assessor or aerials,0,0,0,0,1,0
781812,2,2024,2082,1,0,49,develop,assessor or aerials,0,0,0,0,1,0
781813,2,2025,1517,1,0,49,develop,assessor or aerials,0,0,0,0,1,0
781821,2,2025,1282,1,0,49,develop,assessor or aerials,0,0,0,0,1,0
781823,1,2024,2819,1,0,49,develop,assessor or aerials,0,0,0,0,1,0
781824,2,2025,1524,1,0,49,develop,assessor or aerials,0,0,0,0,1,0
781827,2,2025,1473,1,0,49,develop,assessor or aerials,0,0,0,0,1,0
781829,2,2025,2083,1,0,49,develop,assessor or aerials,0,0,0,0,1,0
781830,2,2025,1282,1,0,49,develop,assessor or aerials,0,0,0,0,1,0
781832,2,2025,1517,1,0,49,develop,assessor or aerials,0,0,0,0,1,0
781836,2,2024,2408,1,0,49,develop,assessor or aerials,0,0,0,0,1,0
781839,2,2024,2082,1,0,49,develop,assessor or aerials,0,0,0,0,1,0
781842,2,2025,1282,1,0,49,develop,assessor or aerials,0,0,0,0,1,0
781848,2,2024,2082,1,0,49,develop,assessor or aerials,0,0,0,0,1,0
781852,1,2024,3543,1,0,49,develop,assessor or aerials,0,0,0,0,1,0
781853,2,2024,2082,1,0,49,develop,assessor or aerials,0,0,0,0,1,0
781854,2,2025,1517,1,0,49,develop,assessor or aerials,0,0,0,0,1,0
781864,2,2025,2133,1,0,49,develop,assessor or aerials,0,0,0,0,1,0
781870,2,2025,1282,1,0,49,develop,assessor or aerials,0,0,0,0,1,0
781872,2,2025,1282,1,0,49,develop,assessor or aerials,0,0,0,0,1,0
781937,1,2024,4575,1,0,49,develop,assessor or aerials,0,0,0,0,1,0
781960,1,2025,5323,1,0,49,develop,assessor or aerials,0,0,0,0,1,0
781965,1,2024,1796,1,0,49,develop,assessor or aerials,0,0,0,0,1,0
781981,1,2024,3472,1,0,49,develop,assessor or aerials,0,0,0,0,1,0
781985,1,2025,5304,1,0,49,develop,assessor or aerials,0,0,0,0,1,0
782016,1,2024,1428,1,0,49,develop,assessor or aerials,0,0,0,0,1,0
782017,1,2024,654,1,0,49,develop,assessor or aerials,0,0,0,0,1,0
782018,1,2025,4370,1,0,49,develop,assessor or aerials,0,0,0,0,1,0
782019,1,2024,1005,1,0,49,develop,assessor or aerials,0,0,0,0,1,0
782020,1,2024,1954,1,0,49,develop,assessor or aerials,0,0,0,0,1,0
782022,1,2025,2661,1,0,49,develop,assessor or aerials,0,0,0,0,1,0
782024,1,2024,2155,1,0,49,develop,assessor or aerials,0,0,0,0,1,0
782025,1,2024,1002,1,0,49,develop,assessor or aerials,0,0,0,0,1,0
782032,1,2025,2934,1,0,49,develop,assessor or aerials,0,0,0,0,1,0
782035,1,2024,1837,1,0,49,develop,assessor or aerials,0,0,0,0,1,0
782036,1,2024,1002,1,0,49,develop,assessor or aerials,0,0,0,0,1,0
782040,1,2024,3038,1,0,49,develop,assessor or aerials,0,0,0,0,1,0
782041,1,2024,2854,1,0,49,develop,assessor or aerials,0,0,0,0,1,0
782042,1,2024,1548,1,0,49,develop,assessor or aerials,0,0,0,0,1,0
782043,1,2025,4812,1,0,49,develop,assessor or aerials,0,0,0,0,1,0
782045,1,2024,2804,1,0,49,develop,assessor or aerials,0,0,0,0,1,0
782052,1,2025,3177,1,0,49,develop,assessor or aerials,0,0,0,0,1,0
782064,1,2024,2384,1,0,49,develop,assessor or aerials,0,0,0,0,1,0
782065,1,2024,1508,1,0,49,develop,assessor or aerials,0,0,0,0,1,0
782067,1,2025,2809,1,0,49,develop,assessor or aerials,0,0,0,0,1,0
782068,1,2024,3126,1,0,49,develop,assessor or aerials,0,0,0,0,1,0
782071,1,2024,2477,1,0,49,develop,assessor or aerials,0,0,0,0,1,0
782077,1,2024,1439,1,0,49,develop,assessor or aerials,0,0,0,0,1,0
782081,1,2024,3136,1,0,49,develop,assessor or aerials,0,0,0,0,1,0
782088,1,2024,1891,1,0,49,develop,assessor or aerials,0,0,0,0,1,0
782089,1,2025,3954,1,0,49,develop,assessor or aerials,0,0,0,0,1,0
782090,1,2024,1417,1,0,49,develop,assessor or aerials,0,0,0,0,1,0
782091,1,2025,5222,1,0,49,develop,assessor or aerials,0,0,0,0,1,0
782092,1,2024,4158,1,0,49,develop,assessor or aerials,0,0,0,0,1,0
782097,1,2024,3324,1,0,49,develop,assessor or aerials,0,0,0,0,1,0
782102,1,2025,2700,1,0,49,develop,assessor or aerials,0,0,0,0,1,0
782103,1,2025,3272,1,0,49,develop,assessor or aerials,0,0,0,0,1,0
782111,1,2025,4392,1,0,49,develop,assessor or aerials,0,0,0,0,1,0
782113,1,2024,4261,1,0,49,develop,assessor or aerials,0,0,0,0,1,0
782116,1,2024,2200,1,0,49,develop,assessor or aerials,0,0,0,0,1,0
782117,1,2025,4126,1,0,49,develop,assessor or aerials,0,0,0,0,1,0
782118,1,2024,1167,1,0,49,develop,assessor or aerials,0,0,0,0,1,0
782119,1,2024,2384,1,0,49,develop,assessor or aerials,0,0,0,0,1,0
782120,1,2024,2372,1,0,49,develop,assessor or aerials,0,0,0,0,1,0
782128,1,2025,4234,1,0,49,develop,assessor or aerials,0,0,0,0,1,0
782133,1,2024,1783,1,0,49,develop,assessor or aerials,0,0,0,0,1,0
782134,1,2025,3379,1,0,49,develop,assessor or aerials,0,0,0,0,1,0
782139,1,2024,3623,1,0,49,develop,assessor or aerials,0,0,0,0,1,0
782144,1,2024,3073,1,0,49,develop,assessor or aerials,0,0,0,0,1,0
782147,1,2024,2155,1,0,49,develop,assessor or aerials,0,0,0,0,1,0
782148,1,2024,2376,1,0,49,develop,assessor or aerials,0,0,0,0,1,0
782151,1,2024,3423,1,0,49,develop,assessor or aerials,0,0,0,0,1,0
782155,1,2025,4396,1,0,49,develop,assessor or aerials,0,0,0,0,1,0
782156,1,2024,3891,1,0,49,develop,assessor or aerials,0,0,0,0,1,0
782157,1,2024,1251,1,0,49,develop,assessor or aerials,0,0,0,0,1,0
782162,1,2024,1825,1,0,49,develop,assessor or aerials,0,0,0,0,1,0
782166,1,2025,4534,1,0,49,develop,assessor or aerials,0,0,0,0,1,0
782175,1,2024,2286,1,0,49,develop,assessor or aerials,0,0,0,0,1,0
782176,1,2024,2058,1,0,49,develop,assessor or aerials,0,0,0,0,1,0
782178,1,2024,5141,1,0,49,develop,assessor or aerials,0,0,0,0,1,0
782180,1,2025,2846,1,0,49,develop,assessor or aerials,0,0,0,0,1,0
782181,1,2025,2370,1,0,49,develop,assessor or aerials,0,0,0,0,1,0
782185,1,2024,2320,1,0,49,develop,assessor or aerials,0,0,0,0,1,0
782190,1,2024,2890,1,0,49,develop,assessor or aerials,0,0,0,0,1,0
782193,1,2024,2341,1,0,49,develop,assessor or aerials,0,0,0,0,1,0
782197,1,2024,2320,1,0,49,develop,assessor or aerials,0,0,0,0,1,0
782201,1,2024,2058,1,0,49,develop,assessor or aerials,0,0,0,0,1,0
782204,1,2024,3048,1,0,49,develop,assessor or aerials,0,0,0,0,1,0
782210,1,2024,2341,1,0,49,develop,assessor or aerials,0,0,0,0,1,0
782211,1,2024,2320,1,0,49,develop,assessor or aerials,0,0,0,0,1,0
782214,3,2025,13231,0,0,49,develop,assessor or aerials,0,0,0,0,1,13231
782217,1,2025,3382,1,0,49,develop,assessor or aerials,0,0,0,0,1,0
782218,1,2024,2341,1,0,49,develop,assessor or aerials,0,0,0,0,1,0
782221,1,2024,3676,1,0,49,develop,assessor or aerials,0,0,0,0,1,0
782222,1,2024,2320,1,0,49,develop,assessor or aerials,0,0,0,0,1,0
782224,1,2024,2416,1,0,49,develop,assessor or aerials,0,0,0,0,1,0
782226,1,2024,2516,1,0,49,develop,assessor or aerials,0,0,0,0,1,0
782227,1,2024,2341,1,0,49,develop,assessor or aerials,0,0,0,0,1,0
782230,1,2024,2385,1,0,49,develop,assessor or aerials,0,0,0,0,1,0
782240,1,2024,2058,1,0,49,develop,assessor or aerials,0,0,0,0,1,0
782243,1,2024,2058,1,0,49,develop,assessor or aerials,0,0,0,0,1,0
782246,1,2024,2341,1,0,49,develop,assessor or aerials,0,0,0,0,1,0
782247,1,2024,2342,1,0,49,develop,assessor or aerials,0,0,0,0,1,0
782248,1,2024,2320,1,0,49,develop,assessor or aerials,0,0,0,0,1,0
782251,1,2025,22695,1,0,49,develop,assessor or aerials,0,0,0,0,1,0
782252,1,2024,2058,1,0,49,develop,assessor or aerials,0,0,0,0,1,0
782255,1,2024,2505,1,0,49,develop,assessor or aerials,0,0,0,0,1,0
782256,1,2024,2400,1,0,49,develop,assessor or aerials,0,0,0,0,1,0
782259,1,2024,2058,1,0,49,develop,assessor or aerials,0,0,0,0,1,0
782260,1,2024,2358,1,0,49,develop,assessor or aerials,0,0,0,0,1,0
782264,1,2024,2320,1,0,49,develop,assessor or aerials,0,0,0,0,1,0
782270,1,2024,2493,1,0,49,develop,assessor or aerials,0,0,0,0,1,0
782271,1,2024,2059,1,0,49,develop,assessor or aerials,0,0,0,0,1,0
782273,1,2024,3162,1,0,49,develop,assessor or aerials,0,0,0,0,1,0
782275,1,2024,2341,1,0,49,develop,assessor or aerials,0,0,0,0,1,0
782276,1,2024,2286,1,0,49,develop,assessor or aerials,0,0,0,0,1,0
782277,1,2024,2058,1,0,49,develop,assessor or aerials,0,0,0,0,1,0
782290,1,2024,2058,1,0,49,develop,assessor or aerials,0,0,0,0,1,0
782291,1,2024,3744,1,0,49,develop,assessor or aerials,0,0,0,0,1,0
782294,1,2024,2046,1,0,49,develop,assessor or aerials,0,0,0,0,1,0
782297,1,2024,2331,1,0,49,develop,assessor or aerials,0,0,0,0,1,0
782299,1,2024,2494,1,0,49,develop,assessor or aerials,0,0,0,0,1,0
782302,1,2024,2058,1,0,49,develop,assessor or aerials,0,0,0,0,1,0
782318,1,2024,3453,1,0,49,develop,assessor or aerials,0,0,0,0,1,0
782323,1,2024,2320,1,0,49,develop,assessor or aerials,0,0,0,0,1,0
782324,2,2024,2443,1,0,49,develop,assessor or aerials,0,0,0,0,1,0
782325,2,2024,2442,1,0,49,develop,assessor or aerials,0,0,0,0,1,0
782326,1,2024,270,1,0,49,develop,assessor or aerials,0,0,0,0,1,0
782329,2,2024,2442,1,0,49,develop,assessor or aerials,0,0,0,0,1,0
782332,1,2024,272,1,0,49,develop,assessor or aerials,0,0,0,0,1,0
782333,1,2024,270,1,0,49,develop,assessor or aerials,0,0,0,0,1,0
782334,1,2024,245,1,0,49,develop,assessor or aerials,0,0,0,0,1,0
782338,2,2025,1651,1,0,49,develop,assessor or aerials,0,0,0,0,1,0
782339,1,2024,270,1,0,49,develop,assessor or aerials,0,0,0,0,1,0
782340,1,2024,272,1,0,49,develop,assessor or aerials,0,0,0,0,1,0
782342,1,2024,2742,1,0,49,develop,assessor or aerials,0,0,0,0,1,0
782345,2,2024,1651,1,0,49,develop,assessor or aerials,0,0,0,0,1,0
782347,1,2024,270,1,0,49,develop,assessor or aerials,0,0,0,0,1,0
782348,1,2025,1974,1,0,49,develop,assessor or aerials,0,0,0,0,1,0
782349,1,2024,245,1,0,49,develop,assessor or aerials,0,0,0,0,1,0
782354,2,2024,1651,1,0,49,develop,assessor or aerials,0,0,0,0,1,0
782355,2,2024,1651,1,0,49,develop,assessor or aerials,0,0,0,0,1,0
782357,2,2025,1651,1,0,49,develop,assessor or aerials,0,0,0,0,1,0
782361,2,2025,1651,1,0,49,develop,assessor or aerials,0,0,0,0,1,0
782363,1,2024,270,1,0,49,develop,assessor or aerials,0,0,0,0,1,0
782369,1,2025,3480,1,0,49,develop,assessor or aerials,0,0,0,0,1,0
782372,1,2024,270,1,0,49,develop,assessor or aerials,0,0,0,0,1,0
782375,2,2025,1651,1,0,49,develop,assessor or aerials,0,0,0,0,1,0
782381,2,2025,1651,1,0,49,develop,assessor or aerials,0,0,0,0,1,0
782385,1,2024,272,1,0,49,develop,assessor or aerials,0,0,0,0,1,0
782397,2,2025,1651,1,0,49,develop,assessor or aerials,0,0,0,0,1,0
782398,1,2024,272,1,0,49,develop,assessor or aerials,0,0,0,0,1,0
782400,2,2024,1651,1,0,49,develop,assessor or aerials,0,0,0,0,1,0
782402,2,2025,1651,1,0,49,develop,assessor or aerials,0,0,0,0,1,0
782404,1,2024,245,1,0,49,develop,assessor or aerials,0,0,0,0,1,0
782405,2,2025,1651,1,0,49,develop,assessor or aerials,0,0,0,0,1,0
782406,1,2024,270,1,0,49,develop,assessor or aerials,0,0,0,0,1,0
782407,1,2024,270,1,0,49,develop,assessor or aerials,0,0,0,0,1,0
782409,1,2024,270,1,0,49,develop,assessor or aerials,0,0,0,0,1,0
782412,1,2024,270,1,0,49,develop,assessor or aerials,0,0,0,0,1,0
782415,1,2024,272,1,0,49,develop,assessor or aerials,0,0,0,0,1,0
782420,1,2024,270,1,0,49,develop,assessor or aerials,0,0,0,0,1,0
782421,1,2024,270,1,0,49,develop,assessor or aerials,0,0,0,0,1,0
782424,2,2024,1651,1,0,49,develop,assessor or aerials,0,0,0,0,1,0
782428,1,2024,272,1,0,49,develop,assessor or aerials,0,0,0,0,1,0
782429,1,2024,245,1,0,49,develop,assessor or aerials,0,0,0,0,1,0
782432,2,2024,1651,1,0,49,develop,assessor or aerials,0,0,0,0,1,0
782440,2,2025,1651,1,0,49,develop,assessor or aerials,0,0,0,0,1,0
782444,2,2025,1651,1,0,49,develop,assessor or aerials,0,0,0,0,1,0
782445,1,2025,1468,1,0,49,develop,assessor or aerials,0,0,0,0,1,0
782447,2,2025,1651,1,0,49,develop,assessor or aerials,0,0,0,0,1,0
782448,1,2024,272,1,0,49,develop,assessor or aerials,0,0,0,0,1,0
782451,2,2024,1651,1,0,49,develop,assessor or aerials,0,0,0,0,1,0
782454,2,2025,1651,1,0,49,develop,assessor or aerials,0,0,0,0,1,0
782455,1,2024,272,1,0,49,develop,assessor or aerials,0,0,0,0,1,0
782456,2,2024,1651,1,0,49,develop,assessor or aerials,0,0,0,0,1,0
782462,1,2024,270,1,0,49,develop,assessor or aerials,0,0,0,0,1,0
782464,2,2025,1651,1,0,49,develop,assessor or aerials,0,0,0,0,1,0
782469,1,2024,272,1,0,49,develop,assessor or aerials,0,0,0,0,1,0
782470,1,2024,2478,1,0,49,develop,assessor or aerials,0,0,0,0,1,0
782471,2,2025,1651,1,0,49,develop,assessor or aerials,0,0,0,0,1,0
782472,2,2025,1651,1,0,49,develop,assessor or aerials,0,0,0,0,1,0
782474,1,2024,245,1,0,49,develop,assessor or aerials,0,0,0,0,1,0
782477,1,2024,272,1,0,49,develop,assessor or aerials,0,0,0,0,1,0
782478,2,2025,1651,1,0,49,develop,assessor or aerials,0,0,0,0,1,0
782479,1,2024,245,1,0,49,develop,assessor or aerials,0,0,0,0,1,0
782482,2,2025,1651,1,0,49,develop,assessor or aerials,0,0,0,0,1,0
782484,2,2025,1651,1,0,49,develop,assessor or aerials,0,0,0,0,1,0
782491,2,2025,1651,1,0,49,develop,assessor or aerials,0,0,0,0,1,0
782494,2,2025,1651,1,0,49,develop,assessor or aerials,0,0,0,0,1,0
782495,1,2024,245,1,0,49,develop,assessor or aerials,0,0,0,0,1,0
782496,2,2024,1651,1,0,49,develop,assessor or aerials,0,0,0,0,1,0
782498,1,2024,245,1,0,49,develop,assessor or aerials,0,0,0,0,1,0
782502,8,2024,20366,0,0,49,develop,assessor or aerials,0,0,0,0,1,20366
782504,2,2025,1651,1,0,49,develop,assessor or aerials,0,0,0,0,1,0
782508,2,2024,1651,1,0,49,develop,assessor or aerials,0,0,0,0,1,0
782511,1,2024,272,1,0,49,develop,assessor or aerials,0,0,0,0,1,0
782513,1,2024,272,1,0,49,develop,assessor or aerials,0,0,0,0,1,0
782515,1,2024,272,1,0,49,develop,assessor or aerials,0,0,0,0,1,0
782517,1,2024,272,1,0,49,develop,assessor or aerials,0,0,0,0,1,0
782519,1,2025,2757,1,0,49,develop,assessor or aerials,0,0,0,0,1,0
782520,1,2025,3661,1,0,49,develop,assessor or aerials,0,0,0,0,1,0
782521,2,2025,1651,1,0,49,develop,assessor or aerials,0,0,0,0,1,0
782522,2,2025,1651,1,0,49,develop,assessor or aerials,0,0,0,0,1,0
782523,2,2025,1651,1,0,49,develop,assessor or aerials,0,0,0,0,1,0
782527,2,2025,1651,1,0,49,develop,assessor or aerials,0,0,0,0,1,0
782535,2,2025,1651,1,0,49,develop,assessor or aerials,0,0,0,0,1,0
782537,2,2024,2443,1,0,49,develop,assessor or aerials,0,0,0,0,1,0
782541,2,2025,1651,1,0,49,develop,assessor or aerials,0,0,0,0,1,0
782542,1,2024,270,1,0,49,develop,assessor or aerials,0,0,0,0,1,0
782544,1,2025,1916,1,0,49,develop,assessor or aerials,0,0,0,0,1,0
782545,1,2024,272,1,0,49,develop,assessor or aerials,0,0,0,0,1,0
782546,1,2024,270,1,0,49,develop,assessor or aerials,0,0,0,0,1,0
782549,1,2024,270,1,0,49,develop,assessor or aerials,0,0,0,0,1,0
782564,1,2025,5820,1,0,49,develop,assessor or aerials,0,0,0,0,1,0
782566,2,2025,1783,1,0,49,develop,assessor or aerials,0,0,0,0,1,0
782583,1,2025,4580,1,0,49,develop,assessor or aerials,0,0,0,0,1,0
782596,1,2024,4359,1,0,49,develop,assessor or aerials,0,0,0,0,1,0
782619,1,2025,5810,1,0,49,develop,assessor or aerials,0,0,0,0,1,0
782639,1,2025,7081,1,0,49,develop,assessor or aerials,0,0,0,0,1,0
782700,1,2025,7926,1,0,49,develop,assessor or aerials,0,0,0,0,1,0
782703,1,2024,5386,1,0,49,develop,assessor or aerials,0,0,0,0,1,0
782709,1,2025,8372,1,0,49,develop,assessor or aerials,0,0,0,0,1,0
782716,1,2025,4956,1,0,49,develop,assessor or aerials,0,0,0,0,1,0
782741,2,2025,1783,1,0,49,develop,assessor or aerials,0,0,0,0,1,0
782767,2,2025,1268,1,0,49,develop,assessor or aerials,0,0,0,0,1,0
782768,2,2025,1187,1,0,49,develop,assessor or aerials,0,0,0,0,1,0
782771,2,2025,1181,1,0,49,develop,assessor or aerials,0,0,0,0,1,0
782772,2,2025,1205,1,0,49,develop,assessor or aerials,0,0,0,0,1,0
782776,2,2025,1181,1,0,49,develop,assessor or aerials,0,0,0,0,1,0
782777,2,2025,1181,1,0,49,develop,assessor or aerials,0,0,0,0,1,0
782780,2,2025,1347,1,0,49,develop,assessor or aerials,0,0,0,0,1,0
782786,2,2025,1205,1,0,49,develop,assessor or aerials,0,0,0,0,1,0
782789,1,2024,2103,1,0,49,develop,assessor or aerials,0,0,0,0,1,0
782792,2,2024,1347,1,0,49,develop,assessor or aerials,0,0,0,0,1,0
782793,2,2025,1205,1,0,49,develop,assessor or aerials,0,0,0,0,1,0
782794,2,2025,1205,1,0,49,develop,assessor or aerials,0,0,0,0,1,0
782797,2,2025,1181,1,0,49,develop,assessor or aerials,0,0,0,0,1,0
782798,2,2025,1181,1,0,49,develop,assessor or aerials,0,0,0,0,1,0
782800,2,2025,1268,1,0,49,develop,assessor or aerials,0,0,0,0,1,0
782803,1,2024,2103,1,0,49,develop,assessor or aerials,0,0,0,0,1,0
782804,2,2024,1205,1,0,49,develop,assessor or aerials,0,0,0,0,1,0
782805,2,2025,1181,1,0,49,develop,assessor or aerials,0,0,0,0,1,0
782806,2,2025,1205,1,0,49,develop,assessor or aerials,0,0,0,0,1,0
782809,2,2025,1187,1,0,49,develop,assessor or aerials,0,0,0,0,1,0
782811,2,2025,1181,1,0,49,develop,assessor or aerials,0,0,0,0,1,0
782813,2,2024,1205,1,0,49,develop,assessor or aerials,0,0,0,0,1,0
782818,2,2024,1205,1,0,49,develop,assessor or aerials,0,0,0,0,1,0
782821,2,2024,1181,1,0,49,develop,assessor or aerials,0,0,0,0,1,0
782823,1,2024,2037,1,0,49,develop,assessor or aerials,0,0,0,0,1,0
782824,2,2024,2340,1,0,49,develop,assessor or aerials,0,0,0,0,1,0
782826,2,2024,2392,1,0,49,develop,assessor or aerials,0,0,0,0,1,0
782827,2,2025,1205,1,0,49,develop,assessor or aerials,0,0,0,0,1,0
782831,2,2025,1347,1,0,49,develop,assessor or aerials,0,0,0,0,1,0
782834,2,2025,1181,1,0,49,develop,assessor or aerials,0,0,0,0,1,0
782836,2,2025,1268,1,0,49,develop,assessor or aerials,0,0,0,0,1,0
782838,2,2024,1347,1,0,49,develop,assessor or aerials,0,0,0,0,1,0
782839,2,2025,1187,1,0,49,develop,assessor or aerials,0,0,0,0,1,0
782841,2,2024,1187,1,0,49,develop,assessor or aerials,0,0,0,0,1,0
782843,1,2025,3309,1,0,49,develop,assessor or aerials,0,0,0,0,1,0
782846,2,2025,1268,1,0,49,develop,assessor or aerials,0,0,0,0,1,0
782852,2,2025,1268,1,0,49,develop,assessor or aerials,0,0,0,0,1,0
782853,2,2025,1187,1,0,49,develop,assessor or aerials,0,0,0,0,1,0
782855,2,2025,1181,1,0,49,develop,assessor or aerials,0,0,0,0,1,0
782858,2,2025,1347,1,0,49,develop,assessor or aerials,0,0,0,0,1,0
782861,2,2025,1181,1,0,49,develop,assessor or aerials,0,0,0,0,1,0
782864,2,2024,1205,1,0,49,develop,assessor or aerials,0,0,0,0,1,0
782865,2,2025,1187,1,0,49,develop,assessor or aerials,0,0,0,0,1,0
782866,2,2025,1205,1,0,49,develop,assessor or aerials,0,0,0,0,1,0
782868,2,2024,1205,1,0,49,develop,assessor or aerials,0,0,0,0,1,0
782879,1,2025,668,1,0,49,develop,assessor or aerials,0,0,0,0,1,0
782882,2,2025,1269,1,0,49,develop,assessor or aerials,0,0,0,0,1,0
782886,2,2025,1181,1,0,49,develop,assessor or aerials,0,0,0,0,1,0
782893,2,2025,1187,1,0,49,develop,assessor or aerials,0,0,0,0,1,0
782896,2,2025,1268,1,0,49,develop,assessor or aerials,0,0,0,0,1,0
782898,2,2025,1268,1,0,49,develop,assessor or aerials,0,0,0,0,1,0
782900,1,2024,1743,1,0,49,develop,assessor or aerials,0,0,0,0,1,0
782902,2,2025,1347,1,0,49,develop,assessor or aerials,0,0,0,0,1,0
782905,2,2024,2392,1,0,49,develop,assessor or aerials,0,0,0,0,1,0
782906,2,2024,2340,1,0,49,develop,assessor or aerials,0,0,0,0,1,0
782909,2,2025,1268,1,0,49,develop,assessor or aerials,0,0,0,0,1,0
782912,2,2025,1205,1,0,49,develop,assessor or aerials,0,0,0,0,1,0
782914,2,2025,1181,1,0,49,develop,assessor or aerials,0,0,0,0,1,0
782917,2,2024,1181,1,0,49,develop,assessor or aerials,0,0,0,0,1,0
782921,2,2025,1181,1,0,49,develop,assessor or aerials,0,0,0,0,1,0
782922,2,2025,1205,1,0,49,develop,assessor or aerials,0,0,0,0,1,0
782923,2,2025,1181,1,0,49,develop,assessor or aerials,0,0,0,0,1,0
782924,2,2024,1347,1,0,49,develop,assessor or aerials,0,0,0,0,1,0
782926,2,2025,1181,1,0,49,develop,assessor or aerials,0,0,0,0,1,0
782930,1,2024,6119,1,0,49,develop,assessor or aerials,0,0,0,0,1,0
782935,2,2024,1181,1,0,49,develop,assessor or aerials,0,0,0,0,1,0
782938,2,2025,1205,1,0,49,develop,assessor or aerials,0,0,0,0,1,0
782940,2,2025,1187,1,0,49,develop,assessor or aerials,0,0,0,0,1,0
782941,1,2024,1888,1,0,49,develop,assessor or aerials,0,0,0,0,1,0
782944,1,2025,5284,1,0,49,develop,assessor or aerials,0,0,0,0,1,0
782945,2,2024,1187,1,0,49,develop,assessor or aerials,0,0,0,0,1,0
782946,2,2024,2340,1,0,49,develop,assessor or aerials,0,0,0,0,1,0
782949,2,2024,2392,1,0,49,develop,assessor or aerials,0,0,0,0,1,0
782950,2,2024,1181,1,0,49,develop,assessor or aerials,0,0,0,0,1,0
782951,1,2024,2103,1,0,49,develop,assessor or aerials,0,0,0,0,1,0
782955,1,2025,2626,1,0,49,develop,assessor or aerials,0,0,0,0,1,0
782956,2,2025,1181,1,0,49,develop,assessor or aerials,0,0,0,0,1,0
782958,2,2025,1205,1,0,49,develop,assessor or aerials,0,0,0,0,1,0
782960,1,2024,6771,1,0,49,develop,assessor or aerials,0,0,0,0,1,0
782961,2,2025,1187,1,0,49,develop,assessor or aerials,0,0,0,0,1,0
782962,2,2025,1205,1,0,49,develop,assessor or aerials,0,0,0,0,1,0
782964,2,2025,1314,1,0,49,develop,assessor or aerials,0,0,0,0,1,0
782969,1,2024,675,1,0,49,develop,assessor or aerials,0,0,0,0,1,0
782970,2,2025,1181,1,0,49,develop,assessor or aerials,0,0,0,0,1,0
782973,2,2024,1268,1,0,49,develop,assessor or aerials,0,0,0,0,1,0
782974,2,2025,1181,1,0,49,develop,assessor or aerials,0,0,0,0,1,0
782976,2,2024,2340,1,0,49,develop,assessor or aerials,0,0,0,0,1,0
782979,2,2024,1268,1,0,49,develop,assessor or aerials,0,0,0,0,1,0
782980,2,2025,1347,1,0,49,develop,assessor or aerials,0,0,0,0,1,0
782981,1,2024,1797,1,0,49,develop,assessor or aerials,0,0,0,0,1,0
782986,2,2024,1181,1,0,49,develop,assessor or aerials,0,0,0,0,1,0
782988,2,2024,1181,1,0,49,develop,assessor or aerials,0,0,0,0,1,0
782989,2,2025,1181,1,0,49,develop,assessor or aerials,0,0,0,0,1,0
782991,2,2025,1187,1,0,49,develop,assessor or aerials,0,0,0,0,1,0
782997,2,2025,1268,1,0,49,develop,assessor or aerials,0,0,0,0,1,0
782999,2,2025,1181,1,0,49,develop,assessor or aerials,0,0,0,0,1,0
783002,2,2024,1187,1,0,49,develop,assessor or aerials,0,0,0,0,1,0
783004,2,2024,1181,1,0,49,develop,assessor or aerials,0,0,0,0,1,0
783008,2,2025,1181,1,0,49,develop,assessor or aerials,0,0,0,0,1,0
783011,2,2024,1187,1,0,49,develop,assessor or aerials,0,0,0,0,1,0
783015,1,2024,5320,1,0,49,develop,assessor or aerials,0,0,0,0,1,0
783020,2,2025,1205,1,0,49,develop,assessor or aerials,0,0,0,0,1,0
783024,2,2025,1181,1,0,49,develop,assessor or aerials,0,0,0,0,1,0
783026,1,2025,7012,1,0,49,develop,assessor or aerials,0,0,0,0,1,0
783027,2,2024,1268,1,0,49,develop,assessor or aerials,0,0,0,0,1,0
783030,1,2024,2103,1,0,49,develop,assessor or aerials,0,0,0,0,1,0
783033,2,2025,1187,1,0,49,develop,assessor or aerials,0,0,0,0,1,0
783037,2,2025,1181,1,0,49,develop,assessor or aerials,0,0,0,0,1,0
783038,2,2025,1268,1,0,49,develop,assessor or aerials,0,0,0,0,1,0
783042,2,2025,1205,1,0,49,develop,assessor or aerials,0,0,0,0,1,0
783045,2,2025,1314,1,0,49,develop,assessor or aerials,0,0,0,0,1,0
783050,2,2025,1269,1,0,49,develop,assessor or aerials,0,0,0,0,1,0
783051,2,2025,1182,1,0,49,develop,assessor or aerials,0,0,0,0,1,0
783052,2,2024,1181,1,0,49,develop,assessor or aerials,0,0,0,0,1,0
783055,2,2025,1181,1,0,49,develop,assessor or aerials,0,0,0,0,1,0
783056,2,2024,1181,1,0,49,develop,assessor or aerials,0,0,0,0,1,0
783057,2,2024,1347,1,0,49,develop,assessor or aerials,0,0,0,0,1,0
783060,2,2025,1181,1,0,49,develop,assessor or aerials,0,0,0,0,1,0
783061,2,2024,1268,1,0,49,develop,assessor or aerials,0,0,0,0,1,0
783062,2,2025,1268,1,0,49,develop,assessor or aerials,0,0,0,0,1,0
783064,2,2025,1182,1,0,49,develop,assessor or aerials,0,0,0,0,1,0
783067,2,2025,1347,1,0,49,develop,assessor or aerials,0,0,0,0,1,0
783068,2,2024,2392,1,0,49,develop,assessor or aerials,0,0,0,0,1,0
783070,1,2025,526,1,0,49,develop,assessor or aerials,0,0,0,0,1,0
783072,2,2025,1181,1,0,49,develop,assessor or aerials,0,0,0,0,1,0
783077,2,2024,1181,1,0,49,develop,assessor or aerials,0,0,0,0,1,0
783078,8,2024,18391,1,0,49,develop,assessor or aerials,0,0,0,0,1,18391
783081,2,2024,1181,1,0,49,develop,assessor or aerials,0,0,0,0,1,0
783082,2,2025,1181,1,0,49,develop,assessor or aerials,0,0,0,0,1,0
783083,1,2024,3140,1,0,49,develop,assessor or aerials,0,0,0,0,1,0
783084,2,2025,1347,1,0,49,develop,assessor or aerials,0,0,0,0,1,0
783085,1,2025,501,1,0,49,develop,assessor or aerials,0,0,0,0,1,0
783089,2,2025,1181,1,0,49,develop,assessor or aerials,0,0,0,0,1,0
783093,2,2025,1181,1,0,49,develop,assessor or aerials,0,0,0,0,1,0
783096,2,2025,1268,1,0,49,develop,assessor or aerials,0,0,0,0,1,0
783098,2,2024,1187,1,0,49,develop,assessor or aerials,0,0,0,0,1,0
783110,1,2024,2751,1,0,49,develop,assessor or aerials,0,0,0,0,1,0
783111,2,2024,1181,1,0,49,develop,assessor or aerials,0,0,0,0,1,0
783112,2,2025,1205,1,0,49,develop,assessor or aerials,0,0,0,0,1,0
783113,2,2025,1181,1,0,49,develop,assessor or aerials,0,0,0,0,1,0
783114,2,2024,1187,1,0,49,develop,assessor or aerials,0,0,0,0,1,0
783119,2,2025,1181,1,0,49,develop,assessor or aerials,0,0,0,0,1,0
783122,2,2025,1347,1,0,49,develop,assessor or aerials,0,0,0,0,1,0
783124,2,2025,1181,1,0,49,develop,assessor or aerials,0,0,0,0,1,0
783125,2,2025,1181,1,0,49,develop,assessor or aerials,0,0,0,0,1,0
783130,1,2024,11531,1,0,49,develop,assessor or aerials,0,0,0,0,1,0
783133,2,2024,1181,1,0,49,develop,assessor or aerials,0,0,0,0,1,0
783135,2,2025,1205,1,0,49,develop,assessor or aerials,0,0,0,0,1,0
783136,1,2024,4720,1,0,49,develop,assessor or aerials,0,0,0,0,1,0
783138,1,2025,26940,1,0,49,develop,assessor or aerials,0,0,0,0,1,0
783140,1,2025,13030,1,0,49,develop,assessor or aerials,0,0,0,0,1,0
783156,1,2025,5255,1,0,49,develop,assessor or aerials,0,0,0,0,1,0
783161,1,2024,3798,1,0,49,develop,assessor or aerials,0,0,0,0,1,0
783163,1,2025,18423,1,0,49,develop,assessor or aerials,0,0,0,0,1,0
783171,1,2025,10359,1,0,49,develop,assessor or aerials,0,0,0,0,1,0
783174,1,2025,12597,1,0,49,develop,assessor or aerials,0,0,0,0,1,0
783188,1,2025,12224,1,0,49,develop,assessor or aerials,0,0,0,0,1,0
783194,1,2025,10573,1,0,49,develop,assessor or aerials,0,0,0,0,1,0
783202,1,2025,10611,1,0,49,develop,assessor or aerials,0,0,0,0,1,0
783216,1,2025,8024,1,0,49,develop,assessor or aerials,0,0,0,0,1,0
783237,1,2025,18199,1,0,49,develop,assessor or aerials,0,0,0,0,1,0
783244,1,2024,3895,1,0,49,develop,assessor or aerials,0,0,0,0,1,0
783246,1,2025,12629,1,0,49,develop,assessor or aerials,0,0,0,0,1,0
783275,1,2024,3590,1,0,49,develop,assessor or aerials,0,0,0,0,1,0
783281,1,2024,6629,1,0,49,develop,assessor or aerials,0,0,0,0,1,0
783284,1,2024,3518,1,0,49,develop,assessor or aerials,0,0,0,0,1,0
783286,1,2025,15798,1,0,49,develop,assessor or aerials,0,0,0,0,1,0
783287,1,2025,4450,1,0,49,develop,assessor or aerials,0,0,0,0,1,0
783291,1,2025,2636,1,0,49,develop,assessor or aerials,0,0,0,0,1,0
783293,1,2024,3644,1,0,49,develop,assessor or aerials,0,0,0,0,1,0
783294,1,2025,5069,1,0,49,develop,assessor or aerials,0,0,0,0,1,0
783296,1,2025,3150,1,0,49,develop,assessor or aerials,0,0,0,0,1,0
783302,1,2025,2637,1,0,49,develop,assessor or aerials,0,0,0,0,1,0
783304,1,2024,2932,1,0,49,develop,assessor or aerials,0,0,0,0,1,0
783305,1,2024,1061,1,0,49,develop,assessor or aerials,0,0,0,0,1,0
783306,1,2024,6510,1,0,49,develop,assessor or aerials,0,0,0,0,1,0
783308,1,2025,4442,1,0,49,develop,assessor or aerials,0,0,0,0,1,0
783313,1,2024,3055,1,0,49,develop,assessor or aerials,0,0,0,0,1,0
783317,1,2025,1094,1,0,49,develop,assessor or aerials,0,0,0,0,1,0
783324,1,2025,3243,1,0,49,develop,assessor or aerials,0,0,0,0,1,0
783328,1,2025,5432,1,0,49,develop,assessor or aerials,0,0,0,0,1,0
783330,1,2025,2980,1,0,49,develop,assessor or aerials,0,0,0,0,1,0
783336,1,2024,1795,1,0,49,develop,assessor or aerials,0,0,0,0,1,0
783337,1,2025,2804,1,0,49,develop,assessor or aerials,0,0,0,0,1,0
783339,1,2025,3885,1,0,49,develop,assessor or aerials,0,0,0,0,1,0
783346,1,2025,2683,1,0,49,develop,assessor or aerials,0,0,0,0,1,0
783351,1,2025,3285,1,0,49,develop,assessor or aerials,0,0,0,0,1,0
783355,1,2025,3272,1,0,49,develop,assessor or aerials,0,0,0,0,1,0
783359,1,2026,5510,1,0,49,develop,assessor or aerials,0,0,0,0,1,0
783362,1,2024,1063,1,0,49,develop,assessor or aerials,0,0,0,0,1,0
783365,1,2024,1060,1,0,49,develop,assessor or aerials,0,0,0,0,1,0
783366,1,2024,2763,1,0,49,develop,assessor or aerials,0,0,0,0,1,0
783371,1,2024,1473,1,0,49,develop,assessor or aerials,0,0,0,0,1,0
783373,1,2025,3423,1,0,49,develop,assessor or aerials,0,0,0,0,1,0
783376,1,2024,1061,1,0,49,develop,assessor or aerials,0,0,0,0,1,0
783377,1,2024,3690,1,0,49,develop,assessor or aerials,0,0,0,0,1,0
783383,1,2025,5443,1,0,49,develop,assessor or aerials,0,0,0,0,1,0
783386,1,2024,3152,1,0,49,develop,assessor or aerials,0,0,0,0,1,0
783393,1,2025,1192,1,0,49,develop,assessor or aerials,0,0,0,0,1,0
783396,1,2025,4437,1,0,49,develop,assessor or aerials,0,0,0,0,1,0
783401,1,2024,3419,1,0,49,develop,assessor or aerials,0,0,0,0,1,0
783403,1,2026,5727,1,0,49,develop,assessor or aerials,0,0,0,0,1,0
783406,1,2024,3522,1,0,49,develop,assessor or aerials,0,0,0,0,1,0
783425,1,2025,874,1,0,49,develop,assessor or aerials,0,0,0,0,1,0
783426,1,2024,3469,1,0,49,develop,assessor or aerials,0,0,0,0,1,0
783428,1,2025,2976,1,0,49,develop,assessor or aerials,0,0,0,0,1,0
783430,1,2025,2718,1,0,49,develop,assessor or aerials,0,0,0,0,1,0
783435,1,2024,1510,1,0,49,develop,assessor or aerials,0,0,0,0,1,0
783439,1,2025,3521,1,0,49,develop,assessor or aerials,0,0,0,0,1,0
783440,1,2025,5500,1,0,49,develop,assessor or aerials,0,0,0,0,1,0
783441,1,2025,6385,1,0,49,develop,assessor or aerials,0,0,0,0,1,0
783445,1,2025,4583,1,0,49,develop,assessor or aerials,0,0,0,0,1,0
783446,1,2024,3518,1,0,49,develop,assessor or aerials,0,0,0,0,1,0
783448,1,2025,2636,1,0,49,develop,assessor or aerials,0,0,0,0,1,0
783450,1,2024,1069,1,0,49,develop,assessor or aerials,0,0,0,0,1,0
783455,1,2025,3685,1,0,49,develop,assessor or aerials,0,0,0,0,1,0
783458,1,2024,3909,1,0,49,develop,assessor or aerials,0,0,0,0,1,0
783461,1,2025,2879,1,0,49,develop,assessor or aerials,0,0,0,0,1,0
783463,1,2025,3252,1,0,49,develop,assessor or aerials,0,0,0,0,1,0
783465,1,2025,3114,1,0,49,develop,assessor or aerials,0,0,0,0,1,0
783471,1,2025,2720,1,0,49,develop,assessor or aerials,0,0,0,0,1,0
783477,1,2024,3990,1,0,49,develop,assessor or aerials,0,0,0,0,1,0
783479,1,2024,1508,1,0,49,develop,assessor or aerials,0,0,0,0,1,0
783481,1,2024,3129,1,0,49,develop,assessor or aerials,0,0,0,0,1,0
783487,1,2025,1194,1,0,49,develop,assessor or aerials,0,0,0,0,1,0
783488,1,2025,2687,1,0,49,develop,assessor or aerials,0,0,0,0,1,0
783494,1,2025,29406,1,0,49,develop,assessor or aerials,0,0,0,0,1,0
783496,1,2025,6410,1,0,49,develop,assessor or aerials,0,0,0,0,1,0
783499,1,2025,5741,1,0,49,develop,assessor or aerials,0,0,0,0,1,0
783506,1,2025,3687,1,0,49,develop,assessor or aerials,0,0,0,0,1,0
783509,1,2025,29983,1,0,49,develop,assessor or aerials,0,0,0,0,1,0
783510,1,2025,7786,1,0,49,develop,assessor or aerials,0,0,0,0,1,0
783512,1,2025,2974,1,0,49,develop,assessor or aerials,0,0,0,0,1,0
783516,1,2025,5751,1,0,49,develop,assessor or aerials,0,0,0,0,1,0
783528,1,2025,3488,1,0,49,develop,assessor or aerials,0,0,0,0,1,0
783529,1,2025,5940,1,0,49,develop,assessor or aerials,0,0,0,0,1,0
783531,1,2025,2651,1,0,49,develop,assessor or aerials,0,0,0,0,1,0
783534,1,2025,3970,1,0,49,develop,assessor or aerials,0,0,0,0,1,0
783535,1,2024,2772,1,0,49,develop,assessor or aerials,0,0,0,0,1,0
783540,1,2025,3437,1,0,49,develop,assessor or aerials,0,0,0,0,1,0
783581,1,2024,1065,1,0,49,develop,assessor or aerials,0,0,0,0,1,0
783583,1,2025,3910,1,0,49,develop,assessor or aerials,0,0,0,0,1,0
783584,1,2024,3055,1,0,49,develop,assessor or aerials,0,0,0,0,1,0
783586,1,2025,3895,1,0,49,develop,assessor or aerials,0,0,0,0,1,0
783589,1,2024,2688,1,0,49,develop,assessor or aerials,0,0,0,0,1,0
783596,1,2025,3475,1,0,49,develop,assessor or aerials,0,0,0,0,1,0
783598,1,2024,3518,1,0,49,develop,assessor or aerials,0,0,0,0,1,0
783602,1,2024,4514,1,0,49,develop,assessor or aerials,0,0,0,0,1,0
783608,1,2026,6071,1,0,49,develop,assessor or aerials,0,0,0,0,1,0
783610,1,2025,5130,1,0,49,develop,assessor or aerials,0,0,0,0,1,0
783618,1,2024,4943,1,0,49,develop,assessor or aerials,0,0,0,0,1,0
783622,1,2024,5256,1,0,49,develop,assessor or aerials,0,0,0,0,1,0
783623,1,2024,5274,1,0,49,develop,assessor or aerials,0,0,0,0,1,0
783626,1,2024,1927,1,0,49,develop,assessor or aerials,0,0,0,0,1,0
783631,1,2024,5400,1,0,49,develop,assessor or aerials,0,0,0,0,1,0
783633,1,2024,2780,1,0,49,develop,assessor or aerials,0,0,0,0,1,0
783634,1,2024,3179,1,0,49,develop,assessor or aerials,0,0,0,0,1,0
783635,1,2024,2275,1,0,49,develop,assessor or aerials,0,0,0,0,1,0
783636,1,2024,2275,1,0,49,develop,assessor or aerials,0,0,0,0,1,0
783647,1,2024,2275,1,0,49,develop,assessor or aerials,0,0,0,0,1,0
783648,1,2024,2275,1,0,49,develop,assessor or aerials,0,0,0,0,1,0
783650,1,2024,3442,1,0,49,develop,assessor or aerials,0,0,0,0,1,0
783654,1,2024,2780,1,0,49,develop,assessor or aerials,0,0,0,0,1,0
783656,2,2024,2421,1,0,49,develop,assessor or aerials,0,0,0,0,1,0
783665,1,2024,4026,1,0,49,develop,assessor or aerials,0,0,0,0,1,0
783666,1,2024,4915,1,0,49,develop,assessor or aerials,0,0,0,0,1,0
783667,1,2024,3288,1,0,49,develop,assessor or aerials,0,0,0,0,1,0
783671,1,2024,4067,1,0,49,develop,assessor or aerials,0,0,0,0,1,0
783673,1,2024,3183,1,0,49,develop,assessor or aerials,0,0,0,0,1,0
783676,1,2024,2275,1,0,49,develop,assessor or aerials,0,0,0,0,1,0
783680,1,2024,3179,1,0,49,develop,assessor or aerials,0,0,0,0,1,0
783681,1,2024,7450,1,0,49,develop,assessor or aerials,0,0,0,0,1,0
783684,1,2024,2664,1,0,49,develop,assessor or aerials,0,0,0,0,1,0
783686,1,2024,4601,1,0,49,develop,assessor or aerials,0,0,0,0,1,0
783688,1,2024,2275,1,0,49,develop,assessor or aerials,0,0,0,0,1,0
783692,1,2024,4314,1,0,49,develop,assessor or aerials,0,0,0,0,1,0
783702,2,2024,2421,1,0,49,develop,assessor or aerials,0,0,0,0,1,0
783703,1,2024,4035,1,0,49,develop,assessor or aerials,0,0,0,0,1,0
783708,1,2024,3864,1,0,49,develop,assessor or aerials,0,0,0,0,1,0
783715,1,2024,2471,1,0,49,develop,assessor or aerials,0,0,0,0,1,0
783718,1,2024,2558,1,0,49,develop,assessor or aerials,0,0,0,0,1,0
783722,1,2024,4035,1,0,49,develop,assessor or aerials,0,0,0,0,1,0
783724,1,2024,4311,1,0,49,develop,assessor or aerials,0,0,0,0,1,0
783728,1,2024,3179,1,0,49,develop,assessor or aerials,0,0,0,0,1,0
783729,1,2024,3004,1,0,49,develop,assessor or aerials,0,0,0,0,1,0
783730,1,2024,3437,1,0,49,develop,assessor or aerials,0,0,0,0,1,0
783734,1,2025,8837,1,0,49,develop,assessor or aerials,0,0,0,0,1,0
783738,1,2024,2664,1,0,49,develop,assessor or aerials,0,0,0,0,1,0
783740,1,2024,3851,1,0,49,develop,assessor or aerials,0,0,0,0,1,0
783745,1,2024,2830,1,0,49,develop,assessor or aerials,0,0,0,0,1,0
783746,1,2024,3790,1,0,49,develop,assessor or aerials,0,0,0,0,1,0
783756,1,2024,3994,1,0,49,develop,assessor or aerials,0,0,0,0,1,0
783783,1,2024,3140,1,0,49,develop,assessor or aerials,0,0,0,0,1,0
783786,1,2024,3723,1,0,49,develop,assessor or aerials,0,0,0,0,1,0
783787,1,2024,4214,1,0,49,develop,assessor or aerials,0,0,0,0,1,0
783791,1,2024,2655,1,0,49,develop,assessor or aerials,0,0,0,0,1,0
783792,1,2024,3480,1,0,49,develop,assessor or aerials,0,0,0,0,1,0
783794,1,2024,3004,1,0,49,develop,assessor or aerials,0,0,0,0,1,0
783802,1,2024,3148,1,0,49,develop,assessor or aerials,0,0,0,0,1,0
783806,1,2024,7140,1,0,49,develop,assessor or aerials,0,0,0,0,1,0
783809,1,2024,2664,1,0,49,develop,assessor or aerials,0,0,0,0,1,0
783810,1,2024,3378,1,0,49,develop,assessor or aerials,0,0,0,0,1,0
783814,1,2024,3004,1,0,49,develop,assessor or aerials,0,0,0,0,1,0
783819,1,2024,3179,1,0,49,develop,assessor or aerials,0,0,0,0,1,0
783831,1,2024,3257,1,0,49,develop,assessor or aerials,0,0,0,0,1,0
783834,1,2025,5626,1,0,49,develop,assessor or aerials,0,0,0,0,1,0
783835,1,2024,2057,1,0,49,develop,assessor or aerials,0,0,0,0,1,0
783838,1,2024,2058,1,0,49,develop,assessor or aerials,0,0,0,0,1,0
783839,1,2024,3277,1,0,49,develop,assessor or aerials,0,0,0,0,1,0
783842,1,2024,2144,1,0,49,develop,assessor or aerials,0,0,0,0,1,0
783844,1,2024,2462,1,0,49,develop,assessor or aerials,0,0,0,0,1,0
783846,1,2024,2311,1,0,49,develop,assessor or aerials,0,0,0,0,1,0
783848,1,2024,2552,1,0,49,develop,assessor or aerials,0,0,0,0,1,0
783849,1,2024,2172,1,0,49,develop,assessor or aerials,0,0,0,0,1,0
783851,1,2024,2058,1,0,49,develop,assessor or aerials,0,0,0,0,1,0
783856,1,2024,3030,1,0,49,develop,assessor or aerials,0,0,0,0,1,0
783857,1,2024,2948,1,0,49,develop,assessor or aerials,0,0,0,0,1,0
783858,1,2024,4712,1,0,49,develop,assessor or aerials,0,0,0,0,1,0
783859,1,2024,4316,1,0,49,develop,assessor or aerials,0,0,0,0,1,0
783861,1,2024,3006,1,0,49,develop,assessor or aerials,0,0,0,0,1,0
783864,1,2024,5223,1,0,49,develop,assessor or aerials,0,0,0,0,1,0
783865,1,2024,2435,1,0,49,develop,assessor or aerials,0,0,0,0,1,0
783867,1,2024,3821,1,0,49,develop,assessor or aerials,0,0,0,0,1,0
783871,1,2024,3025,1,0,49,develop,assessor or aerials,0,0,0,0,1,0
783874,1,2024,2058,1,0,49,develop,assessor or aerials,0,0,0,0,1,0
783875,1,2024,3268,1,0,49,develop,assessor or aerials,0,0,0,0,1,0
783876,1,2024,2468,1,0,49,develop,assessor or aerials,0,0,0,0,1,0
783878,1,2024,2965,1,0,49,develop,assessor or aerials,0,0,0,0,1,0
783880,1,2024,2260,1,0,49,develop,assessor or aerials,0,0,0,0,1,0
783881,1,2024,3043,1,0,49,develop,assessor or aerials,0,0,0,0,1,0
783883,1,2024,2494,1,0,49,develop,assessor or aerials,0,0,0,0,1,0
783884,1,2024,2171,1,0,49,develop,assessor or aerials,0,0,0,0,1,0
783886,1,2024,3944,1,0,49,develop,assessor or aerials,0,0,0,0,1,0
783887,1,2024,2786,1,0,49,develop,assessor or aerials,0,0,0,0,1,0
783888,1,2024,4187,1,0,49,develop,assessor or aerials,0,0,0,0,1,0
783889,1,2024,3003,1,0,49,develop,assessor or aerials,0,0,0,0,1,0
783890,1,2024,2058,1,0,49,develop,assessor or aerials,0,0,0,0,1,0
783894,1,2024,2924,1,0,49,develop,assessor or aerials,0,0,0,0,1,0
783895,1,2024,2308,1,0,49,develop,assessor or aerials,0,0,0,0,1,0
783896,1,2024,2056,1,0,49,develop,assessor or aerials,0,0,0,0,1,0
783897,1,2024,4384,1,0,49,develop,assessor or aerials,0,0,0,0,1,0
783898,1,2025,47251,1,0,49,develop,assessor or aerials,0,0,0,0,1,0
783907,1,2024,3024,1,0,49,develop,assessor or aerials,0,0,0,0,1,0
783909,1,2024,2275,1,0,49,develop,assessor or aerials,0,0,0,0,1,0
783914,1,2024,2205,1,0,49,develop,assessor or aerials,0,0,0,0,1,0
783915,1,2024,2275,1,0,49,develop,assessor or aerials,0,0,0,0,1,0
783916,1,2024,4252,1,0,49,develop,assessor or aerials,0,0,0,0,1,0
783919,1,2024,3595,1,0,49,develop,assessor or aerials,0,0,0,0,1,0
783921,1,2024,5035,1,0,49,develop,assessor or aerials,0,0,0,0,1,0
783922,1,2024,2246,1,0,49,develop,assessor or aerials,0,0,0,0,1,0
783925,1,2024,2370,1,0,49,develop,assessor or aerials,0,0,0,0,1,0
783927,1,2024,4020,1,0,49,develop,assessor or aerials,0,0,0,0,1,0
783931,1,2024,2652,1,0,49,develop,assessor or aerials,0,0,0,0,1,0
783932,1,2024,2984,1,0,49,develop,assessor or aerials,0,0,0,0,1,0
783933,1,2024,2812,1,0,49,develop,assessor or aerials,0,0,0,0,1,0
783934,1,2024,2283,1,0,49,develop,assessor or aerials,0,0,0,0,1,0
783935,1,2024,2496,1,0,49,develop,assessor or aerials,0,0,0,0,1,0
783936,1,2024,2401,1,0,49,develop,assessor or aerials,0,0,0,0,1,0
783937,1,2024,3808,1,0,49,develop,assessor or aerials,0,0,0,0,1,0
783940,1,2024,2275,1,0,49,develop,assessor or aerials,0,0,0,0,1,0
783941,1,2024,4478,1,0,49,develop,assessor or aerials,0,0,0,0,1,0
783943,1,2024,2366,1,0,49,develop,assessor or aerials,0,0,0,0,1,0
783946,1,2024,4352,1,0,49,develop,assessor or aerials,0,0,0,0,1,0
783947,1,2025,9011,1,0,49,develop,assessor or aerials,0,0,0,0,1,0
783949,1,2024,4836,1,0,49,develop,assessor or aerials,0,0,0,0,1,0
783950,1,2024,2803,1,0,49,develop,assessor or aerials,0,0,0,0,1,0
783953,1,2024,2060,1,0,49,develop,assessor or aerials,0,0,0,0,1,0
783954,1,2024,3918,1,0,49,develop,assessor or aerials,0,0,0,0,1,0
783955,1,2024,4122,1,0,49,develop,assessor or aerials,0,0,0,0,1,0
783957,1,2024,2624,1,0,49,develop,assessor or aerials,0,0,0,0,1,0
783959,1,2024,3130,1,0,49,develop,assessor or aerials,0,0,0,0,1,0
783960,1,2024,2297,1,0,49,develop,assessor or aerials,0,0,0,0,1,0
783961,1,2024,3108,1,0,49,develop,assessor or aerials,0,0,0,0,1,0
783962,1,2024,2275,1,0,49,develop,assessor or aerials,0,0,0,0,1,0
783963,1,2024,2471,1,0,49,develop,assessor or aerials,0,0,0,0,1,0
783965,1,2024,2275,1,0,49,develop,assessor or aerials,0,0,0,0,1,0
783967,1,2024,2204,1,0,49,develop,assessor or aerials,0,0,0,0,1,0
783970,1,2024,2431,1,0,49,develop,assessor or aerials,0,0,0,0,1,0
783975,1,2024,2494,1,0,49,develop,assessor or aerials,0,0,0,0,1,0
783976,1,2024,3018,1,0,49,develop,assessor or aerials,0,0,0,0,1,0
783979,1,2024,5992,1,0,49,develop,assessor or aerials,0,0,0,0,1,0
783980,1,2024,2307,1,0,49,develop,assessor or aerials,0,0,0,0,1,0
783981,1,2024,2099,1,0,49,develop,assessor or aerials,0,0,0,0,1,0
783982,1,2024,2471,1,0,49,develop,assessor or aerials,0,0,0,0,1,0
783983,1,2024,3003,1,0,49,develop,assessor or aerials,0,0,0,0,1,0
783984,1,2024,2275,1,0,49,develop,assessor or aerials,0,0,0,0,1,0
783985,1,2024,2494,1,0,49,develop,assessor or aerials,0,0,0,0,1,0
783987,1,2024,2319,1,0,49,develop,assessor or aerials,0,0,0,0,1,0
783989,1,2024,2222,1,0,49,develop,assessor or aerials,0,0,0,0,1,0
783991,1,2024,2600,1,0,49,develop,assessor or aerials,0,0,0,0,1,0
783992,1,2024,2464,1,0,49,develop,assessor or aerials,0,0,0,0,1,0
783993,1,2024,2815,1,0,49,develop,assessor or aerials,0,0,0,0,1,0
783997,1,2024,3223,1,0,49,develop,assessor or aerials,0,0,0,0,1,0
783998,1,2024,4882,1,0,49,develop,assessor or aerials,0,0,0,0,1,0
784000,1,2024,2058,1,0,49,develop,assessor or aerials,0,0,0,0,1,0
784003,1,2024,4278,1,0,49,develop,assessor or aerials,0,0,0,0,1,0
784004,1,2024,2471,1,0,49,develop,assessor or aerials,0,0,0,0,1,0
784005,1,2024,3015,1,0,49,develop,assessor or aerials,0,0,0,0,1,0
784009,1,2024,2452,1,0,49,develop,assessor or aerials,0,0,0,0,1,0
784010,1,2024,2879,1,0,49,develop,assessor or aerials,0,0,0,0,1,0
784011,1,2024,2398,1,0,49,develop,assessor or aerials,0,0,0,0,1,0
784013,1,2024,2961,1,0,49,develop,assessor or aerials,0,0,0,0,1,0
784014,1,2024,2060,1,0,49,develop,assessor or aerials,0,0,0,0,1,0
784015,1,2024,2359,1,0,49,develop,assessor or aerials,0,0,0,0,1,0
784016,1,2024,3411,1,0,49,develop,assessor or aerials,0,0,0,0,1,0
784017,1,2024,2700,1,0,49,develop,assessor or aerials,0,0,0,0,1,0
784020,1,2024,2503,1,0,49,develop,assessor or aerials,0,0,0,0,1,0
784021,1,2024,2325,1,0,49,develop,assessor or aerials,0,0,0,0,1,0
784022,1,2024,2651,1,0,49,develop,assessor or aerials,0,0,0,0,1,0
784023,1,2024,2764,1,0,49,develop,assessor or aerials,0,0,0,0,1,0
784029,1,2024,2494,1,0,49,develop,assessor or aerials,0,0,0,0,1,0
784038,1,2024,2017,1,0,49,develop,assessor or aerials,0,0,0,0,1,0
784047,1,2024,2741,1,0,49,develop,assessor or aerials,0,0,0,0,1,0
784051,1,2024,2667,1,0,49,develop,assessor or aerials,0,0,0,0,1,0
784053,1,2024,3003,1,0,49,develop,assessor or aerials,0,0,0,0,1,0
784054,1,2024,2058,1,0,49,develop,assessor or aerials,0,0,0,0,1,0
784055,1,2024,2953,1,0,49,develop,assessor or aerials,0,0,0,0,1,0
784057,1,2024,2370,1,0,49,develop,assessor or aerials,0,0,0,0,1,0
784058,1,2024,2702,1,0,49,develop,assessor or aerials,0,0,0,0,1,0
784063,1,2024,3994,1,0,49,develop,assessor or aerials,0,0,0,0,1,0
784066,1,2024,2275,1,0,49,develop,assessor or aerials,0,0,0,0,1,0
784070,1,2024,4313,1,0,49,develop,assessor or aerials,0,0,0,0,1,0
784072,1,2024,2471,1,0,49,develop,assessor or aerials,0,0,0,0,1,0
784074,1,2024,2862,1,0,49,develop,assessor or aerials,0,0,0,0,1,0
784076,1,2024,4328,1,0,49,develop,assessor or aerials,0,0,0,0,1,0
784079,1,2024,2512,1,0,49,develop,assessor or aerials,0,0,0,0,1,0
784080,1,2024,2587,1,0,49,develop,assessor or aerials,0,0,0,0,1,0
784081,1,2024,3512,1,0,49,develop,assessor or aerials,0,0,0,0,1,0
784084,1,2024,2466,1,0,49,develop,assessor or aerials,0,0,0,0,1,0
784085,1,2024,2392,1,0,49,develop,assessor or aerials,0,0,0,0,1,0
784087,1,2024,3435,1,0,49,develop,assessor or aerials,0,0,0,0,1,0
784088,1,2024,2671,1,0,49,develop,assessor or aerials,0,0,0,0,1,0
784089,1,2024,2779,1,0,49,develop,assessor or aerials,0,0,0,0,1,0
784090,1,2024,3449,1,0,49,develop,assessor or aerials,0,0,0,0,1,0
784092,1,2024,2610,1,0,49,develop,assessor or aerials,0,0,0,0,1,0
784093,1,2024,2320,1,0,49,develop,assessor or aerials,0,0,0,0,1,0
784095,1,2024,2839,1,0,49,develop,assessor or aerials,0,0,0,0,1,0
784097,1,2024,2172,1,0,49,develop,assessor or aerials,0,0,0,0,1,0
784099,1,2024,2482,1,0,49,develop,assessor or aerials,0,0,0,0,1,0
784103,1,2024,2585,1,0,49,develop,assessor or aerials,0,0,0,0,1,0
784105,1,2024,2779,1,0,49,develop,assessor or aerials,0,0,0,0,1,0
784106,1,2024,2338,1,0,49,develop,assessor or aerials,0,0,0,0,1,0
784109,1,2024,2230,1,0,49,develop,assessor or aerials,0,0,0,0,1,0
784110,1,2024,2519,1,0,49,develop,assessor or aerials,0,0,0,0,1,0
784111,1,2024,2845,1,0,49,develop,assessor or aerials,0,0,0,0,1,0
784112,1,2024,3015,1,0,49,develop,assessor or aerials,0,0,0,0,1,0
784114,1,2024,3003,1,0,49,develop,assessor or aerials,0,0,0,0,1,0
784115,1,2024,3450,1,0,49,develop,assessor or aerials,0,0,0,0,1,0
784116,1,2024,3994,1,0,49,develop,assessor or aerials,0,0,0,0,1,0
784121,4,2024,9139,0,0,49,develop,assessor or aerials,0,0,0,0,1,9139
784128,1,2025,2370,1,0,49,develop,assessor or aerials,0,0,0,0,1,0
784131,1,2024,1898,1,0,49,develop,assessor or aerials,0,0,0,0,1,0
784154,1,2024,70,1,0,49,develop,assessor or aerials,0,0,0,0,1,0
784158,2,2024,1953,1,0,49,develop,assessor or aerials,0,0,0,0,1,0
784177,1,2024,3850,1,0,49,develop,assessor or aerials,0,0,0,0,1,0
784181,2,2024,1953,1,0,49,develop,assessor or aerials,0,0,0,0,1,0
784186,1,2024,60302,1,0,49,develop,assessor or aerials,0,0,0,0,1,0
784204,1,2024,3434,1,0,49,develop,assessor or aerials,0,0,0,0,1,0
784205,1,2024,2659,1,0,49,develop,assessor or aerials,0,0,0,0,1,0
784214,1,2024,35119,1,0,49,develop,assessor or aerials,0,0,0,0,1,0
784236,2,2024,2278,1,0,49,develop,assessor or aerials,0,0,0,0,1,0
784242,1,2024,2399,1,0,49,develop,assessor or aerials,0,0,0,0,1,0
784254,2,2024,2193,1,0,49,develop,assessor or aerials,0,0,0,0,1,0
784272,1,2024,3728,1,0,49,develop,assessor or aerials,0,0,0,0,1,0
784279,2,2024,2157,1,0,49,develop,assessor or aerials,0,0,0,0,1,0
784281,1,2024,129,1,0,49,develop,assessor or aerials,0,0,0,0,1,0
784284,2,2025,1701,1,0,49,develop,assessor or aerials,0,0,0,0,1,0
784285,2,2025,1155,1,0,49,develop,assessor or aerials,0,0,0,0,1,0
784299,1,2025,4016,1,0,49,develop,assessor or aerials,0,0,0,0,1,0
784300,1,2024,4324,1,0,49,develop,assessor or aerials,0,0,0,0,1,0
784302,1,2025,3419,1,0,49,develop,assessor or aerials,0,0,0,0,1,0
784303,2,2025,2930,1,0,49,develop,assessor or aerials,0,0,0,0,1,0
784304,2,2025,992,1,0,49,develop,assessor or aerials,0,0,0,0,1,0
784307,2,2025,1033,1,0,49,develop,assessor or aerials,0,0,0,0,1,0
784308,1,2025,4308,1,0,49,develop,assessor or aerials,0,0,0,0,1,0
784313,1,2025,4369,1,0,49,develop,assessor or aerials,0,0,0,0,1,0
784314,2,2024,2156,1,0,49,develop,assessor or aerials,0,0,0,0,1,0
784315,1,2024,3274,1,0,49,develop,assessor or aerials,0,0,0,0,1,0
784320,2,2024,2157,1,0,49,develop,assessor or aerials,0,0,0,0,1,0
784323,1,2024,1972,1,0,49,develop,assessor or aerials,0,0,0,0,1,0
784324,1,2024,1806,1,0,49,develop,assessor or aerials,0,0,0,0,1,0
784327,1,2025,4359,1,0,49,develop,assessor or aerials,0,0,0,0,1,0
784331,2,2024,2115,1,0,49,develop,assessor or aerials,0,0,0,0,1,0
784333,1,2025,2103,1,0,49,develop,assessor or aerials,0,0,0,0,1,0
784334,2,2025,992,1,0,49,develop,assessor or aerials,0,0,0,0,1,0
784335,1,2024,3069,1,0,49,develop,assessor or aerials,0,0,0,0,1,0
784339,2,2025,589,1,0,49,develop,assessor or aerials,0,0,0,0,1,0
784340,2,2024,2157,1,0,49,develop,assessor or aerials,0,0,0,0,1,0
784341,2,2025,1033,1,0,49,develop,assessor or aerials,0,0,0,0,1,0
784343,2,2024,2372,1,0,49,develop,assessor or aerials,0,0,0,0,1,0
784344,1,2024,3650,1,0,49,develop,assessor or aerials,0,0,0,0,1,0
784347,1,2025,3405,1,0,49,develop,assessor or aerials,0,0,0,0,1,0
784349,1,2025,5001,1,0,49,develop,assessor or aerials,0,0,0,0,1,0
784352,1,2025,6098,1,0,49,develop,assessor or aerials,0,0,0,0,1,0
784354,2,2025,1033,1,0,49,develop,assessor or aerials,0,0,0,0,1,0
784355,2,2025,589,1,0,49,develop,assessor or aerials,0,0,0,0,1,0
784356,1,2025,2532,1,0,49,develop,assessor or aerials,0,0,0,0,1,0
784358,1,2024,2278,1,0,49,develop,assessor or aerials,0,0,0,0,1,0
784360,2,2024,2206,1,0,49,develop,assessor or aerials,0,0,0,0,1,0
784361,2,2024,2157,1,0,49,develop,assessor or aerials,0,0,0,0,1,0
784362,2,2025,1033,1,0,49,develop,assessor or aerials,0,0,0,0,1,0
784367,1,2025,2058,1,0,49,develop,assessor or aerials,0,0,0,0,1,0
784368,1,2025,2542,1,0,49,develop,assessor or aerials,0,0,0,0,1,0
784370,2,2024,2157,1,0,49,develop,assessor or aerials,0,0,0,0,1,0
784371,2,2025,1602,1,0,49,develop,assessor or aerials,0,0,0,0,1,0
784372,2,2025,1304,1,0,49,develop,assessor or aerials,0,0,0,0,1,0
784373,2,2025,590,1,0,49,develop,assessor or aerials,0,0,0,0,1,0
784378,2,2025,1034,1,0,49,develop,assessor or aerials,0,0,0,0,1,0
784379,1,2025,3424,1,0,49,develop,assessor or aerials,0,0,0,0,1,0
784382,1,2024,4411,1,0,49,develop,assessor or aerials,0,0,0,0,1,0
784386,2,2025,1694,1,0,49,develop,assessor or aerials,0,0,0,0,1,0
784388,2,2025,1155,1,0,49,develop,assessor or aerials,0,0,0,0,1,0
784391,2,2025,1366,1,0,49,develop,assessor or aerials,0,0,0,0,1,0
784395,1,2024,2462,1,0,49,develop,assessor or aerials,0,0,0,0,1,0
784399,1,2025,5844,1,0,49,develop,assessor or aerials,0,0,0,0,1,0
784400,2,2025,1033,1,0,49,develop,assessor or aerials,0,0,0,0,1,0
784401,1,2024,1768,1,0,49,develop,assessor or aerials,0,0,0,0,1,0
784402,2,2025,1155,1,0,49,develop,assessor or aerials,0,0,0,0,1,0
784406,2,2025,1147,1,0,49,develop,assessor or aerials,0,0,0,0,1,0
784412,2,2025,1618,1,0,49,develop,assessor or aerials,0,0,0,0,1,0
784420,2,2025,1033,1,0,49,develop,assessor or aerials,0,0,0,0,1,0
784421,2,2024,2206,1,0,49,develop,assessor or aerials,0,0,0,0,1,0
784422,2,2024,2206,1,0,49,develop,assessor or aerials,0,0,0,0,1,0
784423,2,2024,2157,1,0,49,develop,assessor or aerials,0,0,0,0,1,0
784424,2,2024,2157,1,0,49,develop,assessor or aerials,0,0,0,0,1,0
784426,2,2024,2157,1,0,49,develop,assessor or aerials,0,0,0,0,1,0
784427,1,2025,4395,1,0,49,develop,assessor or aerials,0,0,0,0,1,0
784431,2,2025,985,1,0,49,develop,assessor or aerials,0,0,0,0,1,0
784435,2,2025,1347,1,0,49,develop,assessor or aerials,0,0,0,0,1,0
784436,2,2024,2157,1,0,49,develop,assessor or aerials,0,0,0,0,1,0
784438,2,2025,1589,1,0,49,develop,assessor or aerials,0,0,0,0,1,0
784442,2,2025,1367,1,0,49,develop,assessor or aerials,0,0,0,0,1,0
784446,1,2025,2784,1,0,49,develop,assessor or aerials,0,0,0,0,1,0
784449,1,2025,3775,1,0,49,develop,assessor or aerials,0,0,0,0,1,0
784453,2,2025,829,1,0,49,develop,assessor or aerials,0,0,0,0,1,0
784454,1,2025,3293,1,0,49,develop,assessor or aerials,0,0,0,0,1,0
784456,2,2025,1147,1,0,49,develop,assessor or aerials,0,0,0,0,1,0
784457,2,2024,2413,1,0,49,develop,assessor or aerials,0,0,0,0,1,0
784459,1,2025,5808,1,0,49,develop,assessor or aerials,0,0,0,0,1,0
784460,2,2026,1155,1,0,49,develop,assessor or aerials,0,0,0,0,1,0
784461,2,2024,2157,1,0,49,develop,assessor or aerials,0,0,0,0,1,0
784462,1,2024,4253,1,0,49,develop,assessor or aerials,0,0,0,0,1,0
784463,2,2025,992,1,0,49,develop,assessor or aerials,0,0,0,0,1,0
784464,2,2025,1147,1,0,49,develop,assessor or aerials,0,0,0,0,1,0
784465,1,2025,2721,1,0,49,develop,assessor or aerials,0,0,0,0,1,0
784466,2,2024,2206,1,0,49,develop,assessor or aerials,0,0,0,0,1,0
784467,2,2025,1305,1,0,49,develop,assessor or aerials,0,0,0,0,1,0
784468,1,2025,3645,1,0,49,develop,assessor or aerials,0,0,0,0,1,0
784471,1,2025,4184,1,0,49,develop,assessor or aerials,0,0,0,0,1,0
784473,2,2025,590,1,0,49,develop,assessor or aerials,0,0,0,0,1,0
784474,2,2024,2157,1,0,49,develop,assessor or aerials,0,0,0,0,1,0
784475,1,2024,1449,1,0,49,develop,assessor or aerials,0,0,0,0,1,0
784478,2,2024,2157,1,0,49,develop,assessor or aerials,0,0,0,0,1,0
784480,2,2025,992,1,0,49,develop,assessor or aerials,0,0,0,0,1,0
784482,1,2024,3935,1,0,49,develop,assessor or aerials,0,0,0,0,1,0
784486,2,2025,589,1,0,49,develop,assessor or aerials,0,0,0,0,1,0
784492,1,2025,3632,1,0,49,develop,assessor or aerials,0,0,0,0,1,0
784494,1,2024,2111,1,0,49,develop,assessor or aerials,0,0,0,0,1,0
784495,2,2025,1033,1,0,49,develop,assessor or aerials,0,0,0,0,1,0
784497,2,2025,1034,1,0,49,develop,assessor or aerials,0,0,0,0,1,0
784498,1,2024,1717,1,0,49,develop,assessor or aerials,0,0,0,0,1,0
784499,2,2025,1621,1,0,49,develop,assessor or aerials,0,0,0,0,1,0
784501,1,2024,1714,1,0,49,develop,assessor or aerials,0,0,0,0,1,0
784503,1,2024,6672,1,0,49,develop,assessor or aerials,0,0,0,0,1,0
784505,2,2025,992,1,0,49,develop,assessor or aerials,0,0,0,0,1,0
784511,2,2025,985,1,0,49,develop,assessor or aerials,0,0,0,0,1,0
784513,2,2025,829,1,0,49,develop,assessor or aerials,0,0,0,0,1,0
784517,1,2025,5406,1,0,49,develop,assessor or aerials,0,0,0,0,1,0
784523,1,2025,17,1,0,49,develop,assessor or aerials,0,0,0,0,1,0
784524,1,2024,1705,1,0,49,develop,assessor or aerials,0,0,0,0,1,0
784527,2,2024,2372,1,0,49,develop,assessor or aerials,0,0,0,0,1,0
784529,2,2024,2442,1,0,49,develop,assessor or aerials,0,0,0,0,1,0
784534,1,2025,7399,1,0,49,develop,assessor or aerials,0,0,0,0,1,0
784538,2,2024,2157,1,0,49,develop,assessor or aerials,0,0,0,0,1,0
784540,1,2025,2787,1,0,49,develop,assessor or aerials,0,0,0,0,1,0
784542,2,2025,829,1,0,49,develop,assessor or aerials,0,0,0,0,1,0
784544,1,2024,2691,1,0,49,develop,assessor or aerials,0,0,0,0,1,0
784546,2,2024,2157,1,0,49,develop,assessor or aerials,0,0,0,0,1,0
784547,1,2024,1850,1,0,49,develop,assessor or aerials,0,0,0,0,1,0
784550,2,2025,992,1,0,49,develop,assessor or aerials,0,0,0,0,1,0
784556,2,2024,2372,1,0,49,develop,assessor or aerials,0,0,0,0,1,0
784557,1,2025,4437,1,0,49,develop,assessor or aerials,0,0,0,0,1,0
784558,2,2025,1347,1,0,49,develop,assessor or aerials,0,0,0,0,1,0
784560,1,2025,8057,1,0,49,develop,assessor or aerials,0,0,0,0,1,0
784561,2,2025,589,1,0,49,develop,assessor or aerials,0,0,0,0,1,0
784566,1,2025,3870,1,0,49,develop,assessor or aerials,0,0,0,0,1,0
784567,2,2024,2157,1,0,49,develop,assessor or aerials,0,0,0,0,1,0
784570,1,2025,4581,1,0,49,develop,assessor or aerials,0,0,0,0,1,0
784572,2,2025,1155,1,0,49,develop,assessor or aerials,0,0,0,0,1,0
784573,1,2025,3375,1,0,49,develop,assessor or aerials,0,0,0,0,1,0
784575,2,2025,1368,1,0,49,develop,assessor or aerials,0,0,0,0,1,0
784577,2,2025,1155,1,0,49,develop,assessor or aerials,0,0,0,0,1,0
784578,2,2024,2206,1,0,49,develop,assessor or aerials,0,0,0,0,1,0
784580,2,2024,2157,1,0,49,develop,assessor or aerials,0,0,0,0,1,0
784581,1,2025,4118,1,0,49,develop,assessor or aerials,0,0,0,0,1,0
784582,1,2024,3720,1,0,49,develop,assessor or aerials,0,0,0,0,1,0
784584,2,2024,2157,1,0,49,develop,assessor or aerials,0,0,0,0,1,0
784585,2,2024,2156,1,0,49,develop,assessor or aerials,0,0,0,0,1,0
784589,2,2024,2206,1,0,49,develop,assessor or aerials,0,0,0,0,1,0
784590,2,2025,931,1,0,49,develop,assessor or aerials,0,0,0,0,1,0
784591,2,2025,1155,1,0,49,develop,assessor or aerials,0,0,0,0,1,0
784592,2,2024,2442,1,0,49,develop,assessor or aerials,0,0,0,0,1,0
784594,2,2024,2206,1,0,49,develop,assessor or aerials,0,0,0,0,1,0
784595,1,2025,3265,1,0,49,develop,assessor or aerials,0,0,0,0,1,0
784596,2,2025,589,1,0,49,develop,assessor or aerials,0,0,0,0,1,0
784598,2,2025,1611,1,0,49,develop,assessor or aerials,0,0,0,0,1,0
784599,1,2024,2324,1,0,49,develop,assessor or aerials,0,0,0,0,1,0
784604,1,2025,4135,1,0,49,develop,assessor or aerials,0,0,0,0,1,0
784606,2,2025,1703,1,0,49,develop,assessor or aerials,0,0,0,0,1,0
784609,2,2025,1155,1,0,49,develop,assessor or aerials,0,0,0,0,1,0
784616,1,2025,3934,1,0,49,develop,assessor or aerials,0,0,0,0,1,0
784620,2,2025,1155,1,0,49,develop,assessor or aerials,0,0,0,0,1,0
784621,2,2024,2157,1,0,49,develop,assessor or aerials,0,0,0,0,1,0
784622,1,2024,1610,1,0,49,develop,assessor or aerials,0,0,0,0,1,0
784624,2,2024,2157,1,0,49,develop,assessor or aerials,0,0,0,0,1,0
784625,1,2024,4620,1,0,49,develop,assessor or aerials,0,0,0,0,1,0
784627,2,2025,992,1,0,49,develop,assessor or aerials,0,0,0,0,1,0
784629,2,2024,2372,1,0,49,develop,assessor or aerials,0,0,0,0,1,0
784633,1,2025,3946,1,0,49,develop,assessor or aerials,0,0,0,0,1,0
784636,2,2024,1503,1,0,49,develop,assessor or aerials,0,0,0,0,1,0
784639,1,2024,1705,1,0,49,develop,assessor or aerials,0,0,0,0,1,0
784640,2,2025,1670,1,0,49,develop,assessor or aerials,0,0,0,0,1,0
784641,1,2024,3179,1,0,49,develop,assessor or aerials,0,0,0,0,1,0
784646,1,2024,2958,1,0,49,develop,assessor or aerials,0,0,0,0,1,0
784650,2,2025,829,1,0,49,develop,assessor or aerials,0,0,0,0,1,0
784652,2,2025,931,1,0,49,develop,assessor or aerials,0,0,0,0,1,0
784653,1,2025,4876,1,0,49,develop,assessor or aerials,0,0,0,0,1,0
784655,2,2025,1298,1,0,49,develop,assessor or aerials,0,0,0,0,1,0
784657,1,2024,2787,1,0,49,develop,assessor or aerials,0,0,0,0,1,0
784658,2,2025,1147,1,0,49,develop,assessor or aerials,0,0,0,0,1,0
784661,2,2024,2157,1,0,49,develop,assessor or aerials,0,0,0,0,1,0
784662,2,2024,2157,1,0,49,develop,assessor or aerials,0,0,0,0,1,0
784663,1,2025,2580,1,0,49,develop,assessor or aerials,0,0,0,0,1,0
784666,2,2025,1155,1,0,49,develop,assessor or aerials,0,0,0,0,1,0
784667,1,2024,1787,1,0,49,develop,assessor or aerials,0,0,0,0,1,0
784668,2,2024,2157,1,0,49,develop,assessor or aerials,0,0,0,0,1,0
784669,2,2025,1155,1,0,49,develop,assessor or aerials,0,0,0,0,1,0
784671,2,2024,2442,1,0,49,develop,assessor or aerials,0,0,0,0,1,0
784675,2,2025,1699,1,0,49,develop,assessor or aerials,0,0,0,0,1,0
784680,2,2024,2157,1,0,49,develop,assessor or aerials,0,0,0,0,1,0
784681,1,2025,2721,1,0,49,develop,assessor or aerials,0,0,0,0,1,0
784682,2,2025,1698,1,0,49,develop,assessor or aerials,0,0,0,0,1,0
784685,1,2025,3487,1,0,49,develop,assessor or aerials,0,0,0,0,1,0
784688,2,2024,2157,1,0,49,develop,assessor or aerials,0,0,0,0,1,0
784689,2,2025,589,1,0,49,develop,assessor or aerials,0,0,0,0,1,0
784690,1,2025,2124,1,0,49,develop,assessor or aerials,0,0,0,0,1,0
784691,1,2025,3265,1,0,49,develop,assessor or aerials,0,0,0,0,1,0
784695,1,2025,6092,1,0,49,develop,assessor or aerials,0,0,0,0,1,0
784698,2,2025,1155,1,0,49,develop,assessor or aerials,0,0,0,0,1,0
784701,2,2025,1155,1,0,49,develop,assessor or aerials,0,0,0,0,1,0
784702,2,2025,829,1,0,49,develop,assessor or aerials,0,0,0,0,1,0
784704,2,2024,2041,1,0,49,develop,assessor or aerials,0,0,0,0,1,0
784706,2,2025,1155,1,0,49,develop,assessor or aerials,0,0,0,0,1,0
784708,2,2025,829,1,0,49,develop,assessor or aerials,0,0,0,0,1,0
784709,1,2025,6548,1,0,49,develop,assessor or aerials,0,0,0,0,1,0
784712,2,2024,2157,1,0,49,develop,assessor or aerials,0,0,0,0,1,0
784714,2,2024,2157,1,0,49,develop,assessor or aerials,0,0,0,0,1,0
784717,2,2024,2157,1,0,49,develop,assessor or aerials,0,0,0,0,1,0
784719,1,2025,4372,1,0,49,develop,assessor or aerials,0,0,0,0,1,0
784723,2,2024,2157,1,0,49,develop,assessor or aerials,0,0,0,0,1,0
784730,2,2024,2157,1,0,49,develop,assessor or aerials,0,0,0,0,1,0
784731,2,2025,1155,1,0,49,develop,assessor or aerials,0,0,0,0,1,0
784732,2,2024,2206,1,0,49,develop,assessor or aerials,0,0,0,0,1,0
784733,2,2025,1155,1,0,49,develop,assessor or aerials,0,0,0,0,1,0
784734,1,2025,2721,1,0,49,develop,assessor or aerials,0,0,0,0,1,0
784735,2,2024,2041,1,0,49,develop,assessor or aerials,0,0,0,0,1,0
784737,2,2025,1611,1,0,49,develop,assessor or aerials,0,0,0,0,1,0
784743,2,2025,590,1,0,49,develop,assessor or aerials,0,0,0,0,1,0
784745,1,2025,3283,1,0,49,develop,assessor or aerials,0,0,0,0,1,0
784746,1,2025,3579,1,0,49,develop,assessor or aerials,0,0,0,0,1,0
784751,2,2025,992,1,0,49,develop,assessor or aerials,0,0,0,0,1,0
784752,2,2024,2157,1,0,49,develop,assessor or aerials,0,0,0,0,1,0
784754,2,2024,2157,1,0,49,develop,assessor or aerials,0,0,0,0,1,0
784755,2,2025,1619,1,0,49,develop,assessor or aerials,0,0,0,0,1,0
784757,2,2025,589,1,0,49,develop,assessor or aerials,0,0,0,0,1,0
784759,2,2024,2157,1,0,49,develop,assessor or aerials,0,0,0,0,1,0
784760,2,2025,988,1,0,49,develop,assessor or aerials,0,0,0,0,1,0
784763,1,2025,2134,1,0,49,develop,assessor or aerials,0,0,0,0,1,0
784767,1,2024,1663,1,0,49,develop,assessor or aerials,0,0,0,0,1,0
784769,2,2025,1147,1,0,49,develop,assessor or aerials,0,0,0,0,1,0
784773,1,2025,2796,1,0,49,develop,assessor or aerials,0,0,0,0,1,0
784775,1,2025,3265,1,0,49,develop,assessor or aerials,0,0,0,0,1,0
784776,2,2025,1037,1,0,49,develop,assessor or aerials,0,0,0,0,1,0
784778,2,2025,1155,1,0,49,develop,assessor or aerials,0,0,0,0,1,0
784784,2,2024,2206,1,0,49,develop,assessor or aerials,0,0,0,0,1,0
784785,2,2024,2157,1,0,49,develop,assessor or aerials,0,0,0,0,1,0
784786,2,2025,1347,1,0,49,develop,assessor or aerials,0,0,0,0,1,0
784787,2,2024,2206,1,0,49,develop,assessor or aerials,0,0,0,0,1,0
784790,2,2024,2157,1,0,49,develop,assessor or aerials,0,0,0,0,1,0
784793,2,2025,1033,1,0,49,develop,assessor or aerials,0,0,0,0,1,0
784795,1,2024,5244,1,0,49,develop,assessor or aerials,0,0,0,0,1,0
784796,2,2024,2157,1,0,49,develop,assessor or aerials,0,0,0,0,1,0
784798,7,2024,19094,5,0,49,develop,assessor or aerials,0,0,0,0,1,19094
784800,1,2025,3550,1,0,49,develop,assessor or aerials,0,0,0,0,1,0
784801,2,2025,931,1,0,49,develop,assessor or aerials,0,0,0,0,1,0
784808,2,2025,931,1,0,49,develop,assessor or aerials,0,0,0,0,1,0
784810,1,2024,2676,1,0,49,develop,assessor or aerials,0,0,0,0,1,0
784811,2,2024,2157,1,0,49,develop,assessor or aerials,0,0,0,0,1,0
784812,2,2025,1300,1,0,49,develop,assessor or aerials,0,0,0,0,1,0
784814,1,2024,3640,1,0,49,develop,assessor or aerials,0,0,0,0,1,0
784815,2,2025,932,1,0,49,develop,assessor or aerials,0,0,0,0,1,0
784816,1,2025,5085,1,0,49,develop,assessor or aerials,0,0,0,0,1,0
784820,2,2024,2157,1,0,49,develop,assessor or aerials,0,0,0,0,1,0
784821,1,2024,2074,1,0,49,develop,assessor or aerials,0,0,0,0,1,0
784823,1,2024,3855,1,0,49,develop,assessor or aerials,0,0,0,0,1,0
784824,2,2025,932,1,0,49,develop,assessor or aerials,0,0,0,0,1,0
784826,2,2025,985,1,0,49,develop,assessor or aerials,0,0,0,0,1,0
784827,1,2025,4737,1,0,49,develop,assessor or aerials,0,0,0,0,1,0
784829,2,2024,2157,1,0,49,develop,assessor or aerials,0,0,0,0,1,0
784830,2,2024,2157,1,0,49,develop,assessor or aerials,0,0,0,0,1,0
784832,2,2024,2157,1,0,49,develop,assessor or aerials,0,0,0,0,1,0
784837,1,2025,4265,1,0,49,develop,assessor or aerials,0,0,0,0,1,0
784840,2,2025,1347,1,0,49,develop,assessor or aerials,0,0,0,0,1,0
784841,2,2025,1033,1,0,49,develop,assessor or aerials,0,0,0,0,1,0
784843,2,2024,2157,1,0,49,develop,assessor or aerials,0,0,0,0,1,0
784845,1,2025,3331,1,0,49,develop,assessor or aerials,0,0,0,0,1,0
784846,2,2025,931,1,0,49,develop,assessor or aerials,0,0,0,0,1,0
784850,2,2025,1304,1,0,49,develop,assessor or aerials,0,0,0,0,1,0
784851,2,2024,2345,1,0,49,develop,assessor or aerials,0,0,0,0,1,0
784852,1,2025,3318,1,0,49,develop,assessor or aerials,0,0,0,0,1,0
784860,1,2025,4857,1,0,49,develop,assessor or aerials,0,0,0,0,1,0
784865,2,2024,2157,1,0,49,develop,assessor or aerials,0,0,0,0,1,0
784866,1,2025,3264,1,0,49,develop,assessor or aerials,0,0,0,0,1,0
784869,2,2024,2157,1,0,49,develop,assessor or aerials,0,0,0,0,1,0
784870,1,2025,2790,1,0,49,develop,assessor or aerials,0,0,0,0,1,0
784875,1,2024,3790,1,0,49,develop,assessor or aerials,0,0,0,0,1,0
784876,2,2024,2206,1,0,49,develop,assessor or aerials,0,0,0,0,1,0
784877,2,2025,1347,1,0,49,develop,assessor or aerials,0,0,0,0,1,0
784878,2,2024,2157,1,0,49,develop,assessor or aerials,0,0,0,0,1,0
784881,2,2024,2157,1,0,49,develop,assessor or aerials,0,0,0,0,1,0
784883,2,2024,2157,1,0,49,develop,assessor or aerials,0,0,0,0,1,0
784886,1,2024,1706,1,0,49,develop,assessor or aerials,0,0,0,0,1,0
784887,2,2025,1147,1,0,49,develop,assessor or aerials,0,0,0,0,1,0
784888,2,2024,2345,1,0,49,develop,assessor or aerials,0,0,0,0,1,0
784895,2,2024,2041,1,0,49,develop,assessor or aerials,0,0,0,0,1,0
784900,1,2025,4577,1,0,49,develop,assessor or aerials,0,0,0,0,1,0
784903,2,2025,985,1,0,49,develop,assessor or aerials,0,0,0,0,1,0
784904,1,2025,2741,1,0,49,develop,assessor or aerials,0,0,0,0,1,0
784906,1,2025,5522,1,0,49,develop,assessor or aerials,0,0,0,0,1,0
784907,2,2025,992,1,0,49,develop,assessor or aerials,0,0,0,0,1,0
784910,2,2024,2157,1,0,49,develop,assessor or aerials,0,0,0,0,1,0
784912,2,2025,1700,1,0,49,develop,assessor or aerials,0,0,0,0,1,0
784913,2,2024,2206,1,0,49,develop,assessor or aerials,0,0,0,0,1,0
784914,2,2025,1147,1,0,49,develop,assessor or aerials,0,0,0,0,1,0
784915,1,2025,4025,1,0,49,develop,assessor or aerials,0,0,0,0,1,0
784918,2,2025,1370,1,0,49,develop,assessor or aerials,0,0,0,0,1,0
784919,2,2024,2346,1,0,49,develop,assessor or aerials,0,0,0,0,1,0
784924,2,2024,2157,1,0,49,develop,assessor or aerials,0,0,0,0,1,0
784930,1,2024,4172,1,0,49,develop,assessor or aerials,0,0,0,0,1,0
784931,2,2024,2041,1,0,49,develop,assessor or aerials,0,0,0,0,1,0
784932,1,2025,3009,1,0,49,develop,assessor or aerials,0,0,0,0,1,0
784938,2,2025,932,1,0,49,develop,assessor or aerials,0,0,0,0,1,0
784939,1,2025,4933,1,0,49,develop,assessor or aerials,0,0,0,0,1,0
784940,1,2025,2572,1,0,49,develop,assessor or aerials,0,0,0,0,1,0
784945,2,2024,2442,1,0,49,develop,assessor or aerials,0,0,0,0,1,0
784947,1,2024,3650,1,0,49,develop,assessor or aerials,0,0,0,0,1,0
784953,1,2024,2069,1,0,49,develop,assessor or aerials,0,0,0,0,1,0
784955,2,2024,2157,1,0,49,develop,assessor or aerials,0,0,0,0,1,0
784957,2,2024,2157,1,0,49,develop,assessor or aerials,0,0,0,0,1,0
784958,2,2025,1155,1,0,49,develop,assessor or aerials,0,0,0,0,1,0
784961,1,2024,1834,1,0,49,develop,assessor or aerials,0,0,0,0,1,0
784964,1,2024,5092,1,0,49,develop,assessor or aerials,0,0,0,0,1,0
784965,2,2025,1155,1,0,49,develop,assessor or aerials,0,0,0,0,1,0
784966,2,2025,1367,1,0,49,develop,assessor or aerials,0,0,0,0,1,0
784977,2,2024,2157,1,0,49,develop,assessor or aerials,0,0,0,0,1,0
784980,2,2024,1503,1,0,49,develop,assessor or aerials,0,0,0,0,1,0
784981,2,2024,2157,1,0,49,develop,assessor or aerials,0,0,0,0,1,0
784982,2,2025,931,1,0,49,develop,assessor or aerials,0,0,0,0,1,0
784993,1,2025,6579,1,0,49,develop,assessor or aerials,0,0,0,0,1,0
784996,2,2024,2157,1,0,49,develop,assessor or aerials,0,0,0,0,1,0
784999,2,2025,1698,1,0,49,develop,assessor or aerials,0,0,0,0,1,0
785000,2,2025,1155,1,0,49,develop,assessor or aerials,0,0,0,0,1,0
785001,1,2024,1726,1,0,49,develop,assessor or aerials,0,0,0,0,1,0
785002,1,2025,2103,1,0,49,develop,assessor or aerials,0,0,0,0,1,0
785009,2,2025,1155,1,0,49,develop,assessor or aerials,0,0,0,0,1,0
785012,2,2025,1033,1,0,49,develop,assessor or aerials,0,0,0,0,1,0
785013,2,2025,1368,1,0,49,develop,assessor or aerials,0,0,0,0,1,0
785015,2,2024,2413,1,0,49,develop,assessor or aerials,0,0,0,0,1,0
785016,1,2025,3331,1,0,49,develop,assessor or aerials,0,0,0,0,1,0
785017,2,2024,2157,1,0,49,develop,assessor or aerials,0,0,0,0,1,0
785018,2,2025,1365,1,0,49,develop,assessor or aerials,0,0,0,0,1,0
785024,2,2025,1795,1,0,49,develop,assessor or aerials,0,0,0,0,1,0
785025,1,2025,2721,1,0,49,develop,assessor or aerials,0,0,0,0,1,0
785026,2,2024,2206,1,0,49,develop,assessor or aerials,0,0,0,0,1,0
785027,2,2024,2157,1,0,49,develop,assessor or aerials,0,0,0,0,1,0
785029,1,2024,2675,1,0,49,develop,assessor or aerials,0,0,0,0,1,0
785032,2,2024,2157,1,0,49,develop,assessor or aerials,0,0,0,0,1,0
785036,2,2025,1696,1,0,49,develop,assessor or aerials,0,0,0,0,1,0
785043,2,2025,1037,1,0,49,develop,assessor or aerials,0,0,0,0,1,0
785048,1,2025,2543,1,0,49,develop,assessor or aerials,0,0,0,0,1,0
785050,2,2024,2157,1,0,49,develop,assessor or aerials,0,0,0,0,1,0
785051,1,2024,3018,1,0,49,develop,assessor or aerials,0,0,0,0,1,0
785056,1,2025,3896,1,0,49,develop,assessor or aerials,0,0,0,0,1,0
785058,1,2025,4564,1,0,49,develop,assessor or aerials,0,0,0,0,1,0
785060,1,2025,3934,1,0,49,develop,assessor or aerials,0,0,0,0,1,0
785061,2,2024,2157,1,0,49,develop,assessor or aerials,0,0,0,0,1,0
785062,2,2025,1700,1,0,49,develop,assessor or aerials,0,0,0,0,1,0
785063,2,2025,2931,1,0,49,develop,assessor or aerials,0,0,0,0,1,0
785065,2,2025,985,1,0,49,develop,assessor or aerials,0,0,0,0,1,0
785067,1,2025,11683,1,0,49,develop,assessor or aerials,0,0,0,0,1,0
785072,1,2024,2230,1,0,49,develop,assessor or aerials,0,0,0,0,1,0
785074,1,2024,3011,1,0,49,develop,assessor or aerials,0,0,0,0,1,0
785077,2,2025,1155,1,0,49,develop,assessor or aerials,0,0,0,0,1,0
785078,2,2024,2206,1,0,49,develop,assessor or aerials,0,0,0,0,1,0
785079,2,2024,2206,1,0,49,develop,assessor or aerials,0,0,0,0,1,0
785080,1,2025,3269,1,0,49,develop,assessor or aerials,0,0,0,0,1,0
785081,2,2025,1688,1,0,49,develop,assessor or aerials,0,0,0,0,1,0
785086,1,2025,2103,1,0,49,develop,assessor or aerials,0,0,0,0,1,0
785088,2,2024,2346,1,0,49,develop,assessor or aerials,0,0,0,0,1,0
785089,1,2025,3326,1,0,49,develop,assessor or aerials,0,0,0,0,1,0
785091,2,2025,1347,1,0,49,develop,assessor or aerials,0,0,0,0,1,0
785092,2,2025,1347,1,0,49,develop,assessor or aerials,0,0,0,0,1,0
785094,1,2024,2036,1,0,49,develop,assessor or aerials,0,0,0,0,1,0
785095,1,2024,2526,1,0,49,develop,assessor or aerials,0,0,0,0,1,0
785096,2,2025,1368,1,0,49,develop,assessor or aerials,0,0,0,0,1,0
785098,1,2025,2103,1,0,49,develop,assessor or aerials,0,0,0,0,1,0
785106,1,2024,3622,1,0,49,develop,assessor or aerials,0,0,0,0,1,0
785111,1,2024,1762,1,0,49,develop,assessor or aerials,0,0,0,0,1,0
785114,2,2025,589,1,0,49,develop,assessor or aerials,0,0,0,0,1,0
785115,2,2024,2157,1,0,49,develop,assessor or aerials,0,0,0,0,1,0
785121,1,2024,3105,1,0,49,develop,assessor or aerials,0,0,0,0,1,0
785122,2,2025,931,1,0,49,develop,assessor or aerials,0,0,0,0,1,0
785123,2,2024,2206,1,0,49,develop,assessor or aerials,0,0,0,0,1,0
785127,1,2024,1705,1,0,49,develop,assessor or aerials,0,0,0,0,1,0
785128,1,2024,2434,1,0,49,develop,assessor or aerials,0,0,0,0,1,0
785129,2,2024,50231,18,0,49,develop,assessor or aerials,0,0,0,0,1,0
785131,2,2024,2206,1,0,49,develop,assessor or aerials,0,0,0,0,1,0
785134,2,2025,589,1,0,49,develop,assessor or aerials,0,0,0,0,1,0
785136,1,2024,1717,1,0,49,develop,assessor or aerials,0,0,0,0,1,0
785139,2,2025,829,1,0,49,develop,assessor or aerials,0,0,0,0,1,0
785141,2,2025,1147,1,0,49,develop,assessor or aerials,0,0,0,0,1,0
785145,2,2024,2206,1,0,49,develop,assessor or aerials,0,0,0,0,1,0
785146,1,2025,4041,1,0,49,develop,assessor or aerials,0,0,0,0,1,0
785148,2,2025,1155,1,0,49,develop,assessor or aerials,0,0,0,0,1,0
785152,2,2025,1684,1,0,49,develop,assessor or aerials,0,0,0,0,1,0
785153,1,2024,4749,1,0,49,develop,assessor or aerials,0,0,0,0,1,0
785154,1,2024,2978,1,0,49,develop,assessor or aerials,0,0,0,0,1,0
785155,2,2025,1623,1,0,49,develop,assessor or aerials,0,0,0,0,1,0
785157,2,2025,1155,1,0,49,develop,assessor or aerials,0,0,0,0,1,0
785158,2,2024,2372,1,0,49,develop,assessor or aerials,0,0,0,0,1,0
785159,2,2024,2206,1,0,49,develop,assessor or aerials,0,0,0,0,1,0
785160,2,2025,592,1,0,49,develop,assessor or aerials,0,0,0,0,1,0
785161,2,2025,1689,1,0,49,develop,assessor or aerials,0,0,0,0,1,0
785164,1,2025,3331,1,0,49,develop,assessor or aerials,0,0,0,0,1,0
785165,1,2024,1443,1,0,49,develop,assessor or aerials,0,0,0,0,1,0
785167,2,2024,2157,1,0,49,develop,assessor or aerials,0,0,0,0,1,0
785169,1,2024,2319,1,0,49,develop,assessor or aerials,0,0,0,0,1,0
785171,2,2024,2206,1,0,49,develop,assessor or aerials,0,0,0,0,1,0
785172,2,2025,1033,1,0,49,develop,assessor or aerials,0,0,0,0,1,0
785173,2,2024,2157,1,0,49,develop,assessor or aerials,0,0,0,0,1,0
785176,2,2025,989,1,0,49,develop,assessor or aerials,0,0,0,0,1,0
785178,2,2025,1033,1,0,49,develop,assessor or aerials,0,0,0,0,1,0
785180,2,2024,1503,1,0,49,develop,assessor or aerials,0,0,0,0,1,0
785181,1,2024,1681,1,0,49,develop,assessor or aerials,0,0,0,0,1,0
785182,1,2025,3424,1,0,49,develop,assessor or aerials,0,0,0,0,1,0
785183,2,2024,2442,1,0,49,develop,assessor or aerials,0,0,0,0,1,0
785184,2,2024,2157,1,0,49,develop,assessor or aerials,0,0,0,0,1,0
785187,2,2024,2157,1,0,49,develop,assessor or aerials,0,0,0,0,1,0
785188,2,2024,2157,1,0,49,develop,assessor or aerials,0,0,0,0,1,0
785189,1,2025,2099,1,0,49,develop,assessor or aerials,0,0,0,0,1,0
785190,1,2025,4505,1,0,49,develop,assessor or aerials,0,0,0,0,1,0
785194,2,2025,985,1,0,49,develop,assessor or aerials,0,0,0,0,1,0
785195,2,2024,2157,1,0,49,develop,assessor or aerials,0,0,0,0,1,0
785196,2,2024,2206,1,0,49,develop,assessor or aerials,0,0,0,0,1,0
785199,2,2024,2157,1,0,49,develop,assessor or aerials,0,0,0,0,1,0
785200,1,2024,1616,1,0,49,develop,assessor or aerials,0,0,0,0,1,0
785206,1,2024,4667,1,0,49,develop,assessor or aerials,0,0,0,0,1,0
785209,1,2025,3829,1,0,49,develop,assessor or aerials,0,0,0,0,1,0
785212,2,2024,2157,1,0,49,develop,assessor or aerials,0,0,0,0,1,0
785216,1,2025,4509,1,0,49,develop,assessor or aerials,0,0,0,0,1,0
785217,1,2025,2721,1,0,49,develop,assessor or aerials,0,0,0,0,1,0
785218,1,2024,1009,1,0,49,develop,assessor or aerials,0,0,0,0,1,0
785219,1,2024,1839,1,0,49,develop,assessor or aerials,0,0,0,0,1,0
785220,1,2024,5284,1,0,49,develop,assessor or aerials,0,0,0,0,1,0
785223,1,2025,3717,1,0,49,develop,assessor or aerials,0,0,0,0,1,0
785224,2,2024,2157,1,0,49,develop,assessor or aerials,0,0,0,0,1,0
785227,1,2025,4601,1,0,49,develop,assessor or aerials,0,0,0,0,1,0
785229,1,2024,4324,1,0,49,develop,assessor or aerials,0,0,0,0,1,0
785230,1,2025,1482,1,0,49,develop,assessor or aerials,0,0,0,0,1,0
785233,2,2025,1697,1,0,49,develop,assessor or aerials,0,0,0,0,1,0
785234,1,2025,3672,1,0,49,develop,assessor or aerials,0,0,0,0,1,0
785235,1,2024,5102,1,0,49,develop,assessor or aerials,0,0,0,0,1,0
785236,2,2025,1700,1,0,49,develop,assessor or aerials,0,0,0,0,1,0
785237,2,2024,2157,1,0,49,develop,assessor or aerials,0,0,0,0,1,0
785238,2,2025,828,1,0,49,develop,assessor or aerials,0,0,0,0,1,0
785239,1,2024,2408,1,0,49,develop,assessor or aerials,0,0,0,0,1,0
785240,2,2025,829,1,0,49,develop,assessor or aerials,0,0,0,0,1,0
785243,2,2025,1300,1,0,49,develop,assessor or aerials,0,0,0,0,1,0
785246,2,2024,2345,1,0,49,develop,assessor or aerials,0,0,0,0,1,0
785250,2,2024,2157,1,0,49,develop,assessor or aerials,0,0,0,0,1,0
785251,2,2024,1953,1,0,49,develop,assessor or aerials,0,0,0,0,1,0
785252,1,2024,2514,1,0,49,develop,assessor or aerials,0,0,0,0,1,0
785253,1,2024,1717,1,0,49,develop,assessor or aerials,0,0,0,0,1,0
785255,2,2025,1034,1,0,49,develop,assessor or aerials,0,0,0,0,1,0
785257,2,2024,2157,1,0,49,develop,assessor or aerials,0,0,0,0,1,0
785258,2,2025,1034,1,0,49,develop,assessor or aerials,0,0,0,0,1,0
785260,2,2024,2157,1,0,49,develop,assessor or aerials,0,0,0,0,1,0
785261,2,2025,1033,1,0,49,develop,assessor or aerials,0,0,0,0,1,0
785262,1,2024,2326,1,0,49,develop,assessor or aerials,0,0,0,0,1,0
785264,2,2024,2157,1,0,49,develop,assessor or aerials,0,0,0,0,1,0
785271,1,2024,1715,1,0,49,develop,assessor or aerials,0,0,0,0,1,0
785272,2,2024,2157,1,0,49,develop,assessor or aerials,0,0,0,0,1,0
785273,2,2025,593,1,0,49,develop,assessor or aerials,0,0,0,0,1,0
785277,1,2025,3040,1,0,49,develop,assessor or aerials,0,0,0,0,1,0
785280,1,2025,3445,1,0,49,develop,assessor or aerials,0,0,0,0,1,0
785282,2,2024,2156,1,0,49,develop,assessor or aerials,0,0,0,0,1,0
785283,2,2025,1147,1,0,49,develop,assessor or aerials,0,0,0,0,1,0
785284,1,2024,3294,1,0,49,develop,assessor or aerials,0,0,0,0,1,0
785287,2,2024,2157,1,0,49,develop,assessor or aerials,0,0,0,0,1,0
785288,2,2024,2157,1,0,49,develop,assessor or aerials,0,0,0,0,1,0
785289,2,2025,931,1,0,49,develop,assessor or aerials,0,0,0,0,1,0
785292,1,2025,6493,1,0,49,develop,assessor or aerials,0,0,0,0,1,0
785294,1,2024,119,1,0,49,develop,assessor or aerials,0,0,0,0,1,0
785295,2,2024,2157,1,0,49,develop,assessor or aerials,0,0,0,0,1,0
785297,2,2025,1155,1,0,49,develop,assessor or aerials,0,0,0,0,1,0
785298,2,2025,1147,1,0,49,develop,assessor or aerials,0,0,0,0,1,0
785302,2,2025,931,1,0,49,develop,assessor or aerials,0,0,0,0,1,0
785303,2,2025,1621,1,0,49,develop,assessor or aerials,0,0,0,0,1,0
785305,2,2025,829,1,0,49,develop,assessor or aerials,0,0,0,0,1,0
785306,1,2024,1693,1,0,49,develop,assessor or aerials,0,0,0,0,1,0
785311,1,2025,3417,1,0,49,develop,assessor or aerials,0,0,0,0,1,0
785312,2,2024,2157,1,0,49,develop,assessor or aerials,0,0,0,0,1,0
785315,1,2025,8298,1,0,49,develop,assessor or aerials,0,0,0,0,1,0
785320,2,2024,1503,1,0,49,develop,assessor or aerials,0,0,0,0,1,0
785322,2,2024,2157,1,0,49,develop,assessor or aerials,0,0,0,0,1,0
785324,1,2024,1963,1,0,49,develop,assessor or aerials,0,0,0,0,1,0
785325,1,2024,3727,1,0,49,develop,assessor or aerials,0,0,0,0,1,0
785328,1,2025,1389,1,0,49,develop,assessor or aerials,0,0,0,0,1,0
785329,2,2024,2442,1,0,49,develop,assessor or aerials,0,0,0,0,1,0
785331,1,2025,7296,1,0,49,develop,assessor or aerials,0,0,0,0,1,0
785332,2,2024,2206,1,0,49,develop,assessor or aerials,0,0,0,0,1,0
785333,1,2025,3393,1,0,49,develop,assessor or aerials,0,0,0,0,1,0
785334,1,2025,4597,1,0,49,develop,assessor or aerials,0,0,0,0,1,0
785336,1,2024,2347,1,0,49,develop,assessor or aerials,0,0,0,0,1,0
785340,1,2025,4439,1,0,49,develop,assessor or aerials,0,0,0,0,1,0
785342,2,2025,1033,1,0,49,develop,assessor or aerials,0,0,0,0,1,0
785344,2,2025,1347,1,0,49,develop,assessor or aerials,0,0,0,0,1,0
785346,1,2024,308,1,0,49,develop,assessor or aerials,0,0,0,0,1,0
785348,2,2025,1033,1,0,49,develop,assessor or aerials,0,0,0,0,1,0
785349,1,2024,2126,1,0,49,develop,assessor or aerials,0,0,0,0,1,0
785350,2,2025,1700,1,0,49,develop,assessor or aerials,0,0,0,0,1,0
785351,2,2024,2157,1,0,49,develop,assessor or aerials,0,0,0,0,1,0
785353,2,2024,2206,1,0,49,develop,assessor or aerials,0,0,0,0,1,0
785354,1,2025,3265,1,0,49,develop,assessor or aerials,0,0,0,0,1,0
785360,1,2024,3821,1,0,49,develop,assessor or aerials,0,0,0,0,1,0
785361,1,2025,2721,1,0,49,develop,assessor or aerials,0,0,0,0,1,0
785363,2,2024,2157,1,0,49,develop,assessor or aerials,0,0,0,0,1,0
785366,2,2024,2157,1,0,49,develop,assessor or aerials,0,0,0,0,1,0
785368,2,2025,592,1,0,49,develop,assessor or aerials,0,0,0,0,1,0
785378,2,2025,1155,1,0,49,develop,assessor or aerials,0,0,0,0,1,0
785379,2,2025,1300,1,0,49,develop,assessor or aerials,0,0,0,0,1,0
785381,2,2024,2157,1,0,49,develop,assessor or aerials,0,0,0,0,1,0
785382,2,2025,829,1,0,49,develop,assessor or aerials,0,0,0,0,1,0
785384,2,2025,593,1,0,49,develop,assessor or aerials,0,0,0,0,1,0
785385,1,2024,2613,1,0,49,develop,assessor or aerials,0,0,0,0,1,0
785386,2,2024,2157,1,0,49,develop,assessor or aerials,0,0,0,0,1,0
785389,2,2025,1347,1,0,49,develop,assessor or aerials,0,0,0,0,1,0
785392,1,2025,4378,1,0,49,develop,assessor or aerials,0,0,0,0,1,0
785394,2,2024,2157,1,0,49,develop,assessor or aerials,0,0,0,0,1,0
785396,1,2024,3669,1,0,49,develop,assessor or aerials,0,0,0,0,1,0
785398,2,2025,1644,1,0,49,develop,assessor or aerials,0,0,0,0,1,0
785402,2,2025,1155,1,0,49,develop,assessor or aerials,0,0,0,0,1,0
785404,2,2024,2157,1,0,49,develop,assessor or aerials,0,0,0,0,1,0
785405,2,2025,931,1,0,49,develop,assessor or aerials,0,0,0,0,1,0
785407,2,2024,2391,1,0,49,develop,assessor or aerials,0,0,0,0,1,0
785409,2,2024,2157,1,0,49,develop,assessor or aerials,0,0,0,0,1,0
785412,2,2025,4390,1,0,49,develop,assessor or aerials,0,0,0,0,1,0
785416,2,2025,1615,1,0,49,develop,assessor or aerials,0,0,0,0,1,0
785417,2,2025,829,1,0,49,develop,assessor or aerials,0,0,0,0,1,0
785418,1,2025,3513,1,0,49,develop,assessor or aerials,0,0,0,0,1,0
785421,2,2024,2429,1,0,49,develop,assessor or aerials,0,0,0,0,1,0
785423,2,2024,2157,1,0,49,develop,assessor or aerials,0,0,0,0,1,0
785425,2,2024,2157,1,0,49,develop,assessor or aerials,0,0,0,0,1,0
785426,2,2025,1612,1,0,49,develop,assessor or aerials,0,0,0,0,1,0
785430,2,2024,2156,1,0,49,develop,assessor or aerials,0,0,0,0,1,0
785432,2,2025,1368,1,0,49,develop,assessor or aerials,0,0,0,0,1,0
785433,1,2025,4179,1,0,49,develop,assessor or aerials,0,0,0,0,1,0
785437,2,2024,2157,1,0,49,develop,assessor or aerials,0,0,0,0,1,0
785438,1,2025,2274,1,0,49,develop,assessor or aerials,0,0,0,0,1,0
785439,2,2025,1684,1,0,49,develop,assessor or aerials,0,0,0,0,1,0
785440,1,2024,3372,1,0,49,develop,assessor or aerials,0,0,0,0,1,0
785442,1,2025,4951,1,0,49,develop,assessor or aerials,0,0,0,0,1,0
785445,1,2024,880,1,0,49,develop,assessor or aerials,0,0,0,0,1,0
785446,2,2025,1347,1,0,49,develop,assessor or aerials,0,0,0,0,1,0
785453,2,2024,2206,1,0,49,develop,assessor or aerials,0,0,0,0,1,0
785454,2,2024,2157,1,0,49,develop,assessor or aerials,0,0,0,0,1,0
785456,2,2025,1033,1,0,49,develop,assessor or aerials,0,0,0,0,1,0
785457,2,2024,2157,1,0,49,develop,assessor or aerials,0,0,0,0,1,0
785460,1,2025,5758,1,0,49,develop,assessor or aerials,0,0,0,0,1,0
785461,2,2024,2157,1,0,49,develop,assessor or aerials,0,0,0,0,1,0
785462,1,2025,3889,1,0,49,develop,assessor or aerials,0,0,0,0,1,0
785464,2,2024,2156,1,0,49,develop,assessor or aerials,0,0,0,0,1,0
785465,2,2024,2206,1,0,49,develop,assessor or aerials,0,0,0,0,1,0
785466,2,2025,4427,1,0,49,develop,assessor or aerials,0,0,0,0,1,0
785468,2,2025,1620,1,0,49,develop,assessor or aerials,0,0,0,0,1,0
785471,1,2025,4256,1,0,49,develop,assessor or aerials,0,0,0,0,1,0
785472,2,2024,2157,1,0,49,develop,assessor or aerials,0,0,0,0,1,0
785473,1,2025,5224,1,0,49,develop,assessor or aerials,0,0,0,0,1,0
785475,2,2024,2157,1,0,49,develop,assessor or aerials,0,0,0,0,1,0
785477,1,2025,4105,1,0,49,develop,assessor or aerials,0,0,0,0,1,0
785478,1,2024,816,1,0,49,develop,assessor or aerials,0,0,0,0,1,0
785479,2,2024,2157,1,0,49,develop,assessor or aerials,0,0,0,0,1,0
785480,2,2025,1155,1,0,49,develop,assessor or aerials,0,0,0,0,1,0
785481,2,2025,829,1,0,49,develop,assessor or aerials,0,0,0,0,1,0
785486,2,2024,2157,1,0,49,develop,assessor or aerials,0,0,0,0,1,0
785487,2,2025,1155,1,0,49,develop,assessor or aerials,0,0,0,0,1,0
785489,1,2024,1972,1,0,49,develop,assessor or aerials,0,0,0,0,1,0
785490,2,2024,2157,1,0,49,develop,assessor or aerials,0,0,0,0,1,0
785491,2,2025,1347,1,0,49,develop,assessor or aerials,0,0,0,0,1,0
785492,2,2025,985,1,0,49,develop,assessor or aerials,0,0,0,0,1,0
785493,2,2024,2157,1,0,49,develop,assessor or aerials,0,0,0,0,1,0
785494,2,2025,1347,1,0,49,develop,assessor or aerials,0,0,0,0,1,0
785495,1,2024,1609,1,0,49,develop,assessor or aerials,0,0,0,0,1,0
785499,2,2024,2157,1,0,49,develop,assessor or aerials,0,0,0,0,1,0
785500,2,2025,589,1,0,49,develop,assessor or aerials,0,0,0,0,1,0
785503,2,2025,589,1,0,49,develop,assessor or aerials,0,0,0,0,1,0
785510,2,2025,1347,1,0,49,develop,assessor or aerials,0,0,0,0,1,0
785511,2,2025,1699,1,0,49,develop,assessor or aerials,0,0,0,0,1,0
785513,2,2025,1311,1,0,49,develop,assessor or aerials,0,0,0,0,1,0
785514,2,2025,1507,1,0,49,develop,assessor or aerials,0,0,0,0,1,0
785517,2,2024,2157,1,0,49,develop,assessor or aerials,0,0,0,0,1,0
785518,1,2025,5466,1,0,49,develop,assessor or aerials,0,0,0,0,1,0
785524,2,2024,2345,1,0,49,develop,assessor or aerials,0,0,0,0,1,0
785525,2,2025,1155,1,0,49,develop,assessor or aerials,0,0,0,0,1,0
785531,1,2025,3265,1,0,49,develop,assessor or aerials,0,0,0,0,1,0
785532,2,2025,829,1,0,49,develop,assessor or aerials,0,0,0,0,1,0
785534,2,2024,2157,1,0,49,develop,assessor or aerials,0,0,0,0,1,0
785535,2,2024,1503,1,0,49,develop,assessor or aerials,0,0,0,0,1,0
785536,2,2025,1033,1,0,49,develop,assessor or aerials,0,0,0,0,1,0
785539,2,2025,1347,1,0,49,develop,assessor or aerials,0,0,0,0,1,0
785542,1,2024,8397,1,0,49,develop,assessor or aerials,0,0,0,0,1,0
785544,2,2025,1155,1,0,49,develop,assessor or aerials,0,0,0,0,1,0
785549,1,2024,1443,1,0,49,develop,assessor or aerials,0,0,0,0,1,0
785550,2,2025,1033,1,0,49,develop,assessor or aerials,0,0,0,0,1,0
785551,2,2025,1593,1,0,49,develop,assessor or aerials,0,0,0,0,1,0
785552,1,2025,3441,1,0,49,develop,assessor or aerials,0,0,0,0,1,0
785554,1,2025,3766,1,0,49,develop,assessor or aerials,0,0,0,0,1,0
785555,2,2025,4361,1,0,49,develop,assessor or aerials,0,0,0,0,1,0
785556,2,2025,829,1,0,49,develop,assessor or aerials,0,0,0,0,1,0
785559,2,2025,589,1,0,49,develop,assessor or aerials,0,0,0,0,1,0
785560,2,2024,2206,1,0,49,develop,assessor or aerials,0,0,0,0,1,0
785561,2,2025,1364,1,0,49,develop,assessor or aerials,0,0,0,0,1,0
785562,1,2024,1236,1,0,49,develop,assessor or aerials,0,0,0,0,1,0
785563,1,2024,283,1,0,49,develop,assessor or aerials,0,0,0,0,1,0
785564,2,2025,1347,1,0,49,develop,assessor or aerials,0,0,0,0,1,0
785565,2,2025,1700,1,0,49,develop,assessor or aerials,0,0,0,0,1,0
785566,1,2024,2873,1,0,49,develop,assessor or aerials,0,0,0,0,1,0
785567,2,2025,1347,1,0,49,develop,assessor or aerials,0,0,0,0,1,0
785569,2,2025,1033,1,0,49,develop,assessor or aerials,0,0,0,0,1,0
785570,2,2024,2157,1,0,49,develop,assessor or aerials,0,0,0,0,1,0
785571,1,2025,3029,1,0,49,develop,assessor or aerials,0,0,0,0,1,0
785572,2,2025,593,1,0,49,develop,assessor or aerials,0,0,0,0,1,0
785573,1,2025,4597,1,0,49,develop,assessor or aerials,0,0,0,0,1,0
785575,2,2024,2157,1,0,49,develop,assessor or aerials,0,0,0,0,1,0
785576,2,2025,989,1,0,49,develop,assessor or aerials,0,0,0,0,1,0
785578,2,2024,2157,1,0,49,develop,assessor or aerials,0,0,0,0,1,0
785579,2,2025,829,1,0,49,develop,assessor or aerials,0,0,0,0,1,0
785580,2,2025,1300,1,0,49,develop,assessor or aerials,0,0,0,0,1,0
785582,2,2025,67086,280,0,49,develop,assessor or aerials,0,0,0,0,1,0
785583,2,2025,1155,1,0,49,develop,assessor or aerials,0,0,0,0,1,0
785584,2,2025,931,1,0,49,develop,assessor or aerials,0,0,0,0,1,0
785586,2,2024,2346,1,0,49,develop,assessor or aerials,0,0,0,0,1,0
785587,2,2024,2206,1,0,49,develop,assessor or aerials,0,0,0,0,1,0
785588,2,2025,1155,1,0,49,develop,assessor or aerials,0,0,0,0,1,0
785589,2,2024,2157,1,0,49,develop,assessor or aerials,0,0,0,0,1,0
785590,2,2024,2157,1,0,49,develop,assessor or aerials,0,0,0,0,1,0
785593,1,2024,4597,1,0,49,develop,assessor or aerials,0,0,0,0,1,0
785595,2,2024,2206,1,0,49,develop,assessor or aerials,0,0,0,0,1,0
785597,2,2025,931,1,0,49,develop,assessor or aerials,0,0,0,0,1,0
785598,2,2024,2157,1,0,49,develop,assessor or aerials,0,0,0,0,1,0
785599,2,2024,2157,1,0,49,develop,assessor or aerials,0,0,0,0,1,0
785600,2,2025,1155,1,0,49,develop,assessor or aerials,0,0,0,0,1,0
785601,1,2025,2431,1,0,49,develop,assessor or aerials,0,0,0,0,1,0
785602,2,2024,2157,1,0,49,develop,assessor or aerials,0,0,0,0,1,0
785603,1,2025,5727,1,0,49,develop,assessor or aerials,0,0,0,0,1,0
785604,2,2025,1528,1,0,49,develop,assessor or aerials,0,0,0,0,1,0
785606,2,2025,1155,1,0,49,develop,assessor or aerials,0,0,0,0,1,0
785607,1,2025,4377,1,0,49,develop,assessor or aerials,0,0,0,0,1,0
785609,2,2024,2157,1,0,49,develop,assessor or aerials,0,0,0,0,1,0
785613,2,2024,2157,1,0,49,develop,assessor or aerials,0,0,0,0,1,0
785614,2,2024,2157,1,0,49,develop,assessor or aerials,0,0,0,0,1,0
785615,1,2024,3209,1,0,49,develop,assessor or aerials,0,0,0,0,1,0
785618,1,2024,2198,1,0,49,develop,assessor or aerials,0,0,0,0,1,0
785619,2,2025,1155,1,0,49,develop,assessor or aerials,0,0,0,0,1,0
785622,2,2024,2157,1,0,49,develop,assessor or aerials,0,0,0,0,1,0
785627,2,2024,2157,1,0,49,develop,assessor or aerials,0,0,0,0,1,0
785635,2,2025,589,1,0,49,develop,assessor or aerials,0,0,0,0,1,0
785636,1,2025,3524,1,0,49,develop,assessor or aerials,0,0,0,0,1,0
785637,2,2025,1347,1,0,49,develop,assessor or aerials,0,0,0,0,1,0
785639,1,2024,2309,1,0,49,develop,assessor or aerials,0,0,0,0,1,0
785640,1,2025,3397,1,0,49,develop,assessor or aerials,0,0,0,0,1,0
785643,2,2024,2157,1,0,49,develop,assessor or aerials,0,0,0,0,1,0
785644,2,2025,589,1,0,49,develop,assessor or aerials,0,0,0,0,1,0
785646,1,2024,1705,1,0,49,develop,assessor or aerials,0,0,0,0,1,0
785647,2,2024,2157,1,0,49,develop,assessor or aerials,0,0,0,0,1,0
785648,2,2024,2157,1,0,49,develop,assessor or aerials,0,0,0,0,1,0
785650,2,2024,2372,1,0,49,develop,assessor or aerials,0,0,0,0,1,0
785651,2,2024,2157,1,0,49,develop,assessor or aerials,0,0,0,0,1,0
785652,1,2025,3076,1,0,49,develop,assessor or aerials,0,0,0,0,1,0
785654,2,2024,1503,1,0,49,develop,assessor or aerials,0,0,0,0,1,0
785655,2,2024,2157,1,0,49,develop,assessor or aerials,0,0,0,0,1,0
785656,2,2025,1033,1,0,49,develop,assessor or aerials,0,0,0,0,1,0
785658,2,2024,2157,1,0,49,develop,assessor or aerials,0,0,0,0,1,0
785659,2,2024,2206,1,0,49,develop,assessor or aerials,0,0,0,0,1,0
785660,2,2025,992,1,0,49,develop,assessor or aerials,0,0,0,0,1,0
785664,2,2025,1347,1,0,49,develop,assessor or aerials,0,0,0,0,1,0
785665,1,2025,4354,1,0,49,develop,assessor or aerials,0,0,0,0,1,0
785666,1,2025,4356,1,0,49,develop,assessor or aerials,0,0,0,0,1,0
785667,2,2025,1155,1,0,49,develop,assessor or aerials,0,0,0,0,1,0
785668,2,2024,2157,1,0,49,develop,assessor or aerials,0,0,0,0,1,0
785671,2,2025,1347,1,0,49,develop,assessor or aerials,0,0,0,0,1,0
785672,2,2024,2157,1,0,49,develop,assessor or aerials,0,0,0,0,1,0
785673,2,2025,1155,1,0,49,develop,assessor or aerials,0,0,0,0,1,0
785674,2,2025,1686,1,0,49,develop,assessor or aerials,0,0,0,0,1,0
785675,2,2025,2080,1,0,49,develop,assessor or aerials,0,0,0,0,1,0
785676,2,2025,1155,1,0,49,develop,assessor or aerials,0,0,0,0,1,0
785677,2,2024,2157,1,0,49,develop,assessor or aerials,0,0,0,0,1,0
785679,2,2024,2157,1,0,49,develop,assessor or aerials,0,0,0,0,1,0
785681,2,2024,2115,1,0,49,develop,assessor or aerials,0,0,0,0,1,0
785682,1,2025,3868,1,0,49,develop,assessor or aerials,0,0,0,0,1,0
785685,2,2025,1155,1,0,49,develop,assessor or aerials,0,0,0,0,1,0
785686,2,2024,2157,1,0,49,develop,assessor or aerials,0,0,0,0,1,0
785689,2,2025,1367,1,0,49,develop,assessor or aerials,0,0,0,0,1,0
785693,1,2024,1099,1,0,49,develop,assessor or aerials,0,0,0,0,1,0
785694,2,2024,2157,1,0,49,develop,assessor or aerials,0,0,0,0,1,0
785697,2,2024,2157,1,0,49,develop,assessor or aerials,0,0,0,0,1,0
785699,2,2025,829,1,0,49,develop,assessor or aerials,0,0,0,0,1,0
785700,2,2024,2157,1,0,49,develop,assessor or aerials,0,0,0,0,1,0
785702,2,2025,1147,1,0,49,develop,assessor or aerials,0,0,0,0,1,0
785706,1,2024,4930,1,0,49,develop,assessor or aerials,0,0,0,0,1,0
785708,1,2024,3184,1,0,49,develop,assessor or aerials,0,0,0,0,1,0
785709,2,2025,1347,1,0,49,develop,assessor or aerials,0,0,0,0,1,0
785710,2,2024,2206,1,0,49,develop,assessor or aerials,0,0,0,0,1,0
785712,2,2024,2157,1,0,49,develop,assessor or aerials,0,0,0,0,1,0
785713,2,2024,2157,1,0,49,develop,assessor or aerials,0,0,0,0,1,0
785715,1,2024,623,1,0,49,develop,assessor or aerials,0,0,0,0,1,0
785716,2,2025,989,1,0,49,develop,assessor or aerials,0,0,0,0,1,0
785718,1,2025,2552,1,0,49,develop,assessor or aerials,0,0,0,0,1,0
785720,1,2024,609,1,0,49,develop,assessor or aerials,0,0,0,0,1,0
785723,2,2024,2157,1,0,49,develop,assessor or aerials,0,0,0,0,1,0
785725,1,2024,2405,1,0,49,develop,assessor or aerials,0,0,0,0,1,0
785726,2,2025,1033,1,0,49,develop,assessor or aerials,0,0,0,0,1,0
785727,2,2024,2442,1,0,49,develop,assessor or aerials,0,0,0,0,1,0
785728,1,2024,1705,1,0,49,develop,assessor or aerials,0,0,0,0,1,0
785731,2,2024,2157,1,0,49,develop,assessor or aerials,0,0,0,0,1,0
785735,1,2024,2468,1,0,49,develop,assessor or aerials,0,0,0,0,1,0
785737,1,2024,1705,1,0,49,develop,assessor or aerials,0,0,0,0,1,0
785742,2,2024,2157,1,0,49,develop,assessor or aerials,0,0,0,0,1,0
785744,1,2025,4474,1,0,49,develop,assessor or aerials,0,0,0,0,1,0
785746,2,2024,2206,1,0,49,develop,assessor or aerials,0,0,0,0,1,0
785752,1,2025,2721,1,0,49,develop,assessor or aerials,0,0,0,0,1,0
785754,2,2024,2115,1,0,49,develop,assessor or aerials,0,0,0,0,1,0
785755,1,2025,3559,1,0,49,develop,assessor or aerials,0,0,0,0,1,0
785756,1,2024,1688,1,0,49,develop,assessor or aerials,0,0,0,0,1,0
785758,1,2025,7454,1,0,49,develop,assessor or aerials,0,0,0,0,1,0
785761,2,2025,1368,1,0,49,develop,assessor or aerials,0,0,0,0,1,0
785763,1,2024,4156,1,0,49,develop,assessor or aerials,0,0,0,0,1,0
785764,2,2024,2156,1,0,49,develop,assessor or aerials,0,0,0,0,1,0
785765,2,2024,2157,1,0,49,develop,assessor or aerials,0,0,0,0,1,0
785766,1,2025,3265,1,0,49,develop,assessor or aerials,0,0,0,0,1,0
785767,2,2025,1370,1,0,49,develop,assessor or aerials,0,0,0,0,1,0
785768,1,2025,2721,1,0,49,develop,assessor or aerials,0,0,0,0,1,0
785769,2,2025,1155,1,0,49,develop,assessor or aerials,0,0,0,0,1,0
785773,2,2025,1155,1,0,49,develop,assessor or aerials,0,0,0,0,1,0
785774,2,2025,1155,1,0,49,develop,assessor or aerials,0,0,0,0,1,0
785776,2,2025,1347,1,0,49,develop,assessor or aerials,0,0,0,0,1,0
785779,2,2024,2157,1,0,49,develop,assessor or aerials,0,0,0,0,1,0
785781,2,2025,1347,1,0,49,develop,assessor or aerials,0,0,0,0,1,0
785783,2,2024,2157,1,0,49,develop,assessor or aerials,0,0,0,0,1,0
785785,2,2025,2171,1,0,49,develop,assessor or aerials,0,0,0,0,1,0
785788,2,2024,2157,1,0,49,develop,assessor or aerials,0,0,0,0,1,0
785789,2,2025,1624,1,0,49,develop,assessor or aerials,0,0,0,0,1,0
785790,2,2025,1147,1,0,49,develop,assessor or aerials,0,0,0,0,1,0
785792,2,2025,1155,1,0,49,develop,assessor or aerials,0,0,0,0,1,0
785798,2,2024,2157,1,0,49,develop,assessor or aerials,0,0,0,0,1,0
785799,2,2024,2157,1,0,49,develop,assessor or aerials,0,0,0,0,1,0
785800,2,2025,931,1,0,49,develop,assessor or aerials,0,0,0,0,1,0
785803,1,2024,1705,1,0,49,develop,assessor or aerials,0,0,0,0,1,0
785804,1,2024,4435,1,0,49,develop,assessor or aerials,0,0,0,0,1,0
785805,1,2024,3742,1,0,49,develop,assessor or aerials,0,0,0,0,1,0
785807,2,2024,2206,1,0,49,develop,assessor or aerials,0,0,0,0,1,0
785809,1,2025,3265,1,0,49,develop,assessor or aerials,0,0,0,0,1,0
785810,2,2024,2157,1,0,49,develop,assessor or aerials,0,0,0,0,1,0
785813,2,2024,2206,1,0,49,develop,assessor or aerials,0,0,0,0,1,0
785814,2,2024,2041,1,0,49,develop,assessor or aerials,0,0,0,0,1,0
785815,2,2025,989,1,0,49,develop,assessor or aerials,0,0,0,0,1,0
785817,2,2024,2041,1,0,49,develop,assessor or aerials,0,0,0,0,1,0
785819,1,2025,2721,1,0,49,develop,assessor or aerials,0,0,0,0,1,0
785820,2,2025,1347,1,0,49,develop,assessor or aerials,0,0,0,0,1,0
785826,1,2024,1927,1,0,49,develop,assessor or aerials,0,0,0,0,1,0
785828,2,2024,2157,1,0,49,develop,assessor or aerials,0,0,0,0,1,0
785830,1,2025,6001,1,0,49,develop,assessor or aerials,0,0,0,0,1,0
785831,1,2025,5341,1,0,49,develop,assessor or aerials,0,0,0,0,1,0
785834,2,2025,1619,1,0,49,develop,assessor or aerials,0,0,0,0,1,0
785835,2,2025,1033,1,0,49,develop,assessor or aerials,0,0,0,0,1,0
785836,2,2025,931,1,0,49,develop,assessor or aerials,0,0,0,0,1,0
785837,1,2024,4349,1,0,49,develop,assessor or aerials,0,0,0,0,1,0
785838,1,2025,5987,1,0,49,develop,assessor or aerials,0,0,0,0,1,0
785839,2,2024,2157,1,0,49,develop,assessor or aerials,0,0,0,0,1,0
785840,1,2024,1718,1,0,49,develop,assessor or aerials,0,0,0,0,1,0
785842,1,2025,3858,1,0,49,develop,assessor or aerials,0,0,0,0,1,0
785843,2,2025,1628,1,0,49,develop,assessor or aerials,0,0,0,0,1,0
785844,2,2024,2157,1,0,49,develop,assessor or aerials,0,0,0,0,1,0
785846,2,2024,2157,1,0,49,develop,assessor or aerials,0,0,0,0,1,0
785848,2,2025,1701,1,0,49,develop,assessor or aerials,0,0,0,0,1,0
785849,2,2024,2157,1,0,49,develop,assessor or aerials,0,0,0,0,1,0
785850,1,2025,5120,1,0,49,develop,assessor or aerials,0,0,0,0,1,0
785851,1,2024,3671,1,0,49,develop,assessor or aerials,0,0,0,0,1,0
785852,1,2024,6647,1,0,49,develop,assessor or aerials,0,0,0,0,1,0
785853,2,2024,2157,1,0,49,develop,assessor or aerials,0,0,0,0,1,0
785855,2,2024,2157,1,0,49,develop,assessor or aerials,0,0,0,0,1,0
785857,1,2024,2427,1,0,49,develop,assessor or aerials,0,0,0,0,1,0
785858,2,2025,1155,1,0,49,develop,assessor or aerials,0,0,0,0,1,0
785859,2,2025,1033,1,0,49,develop,assessor or aerials,0,0,0,0,1,0
785863,1,2024,3938,1,0,49,develop,assessor or aerials,0,0,0,0,1,0
785866,1,2025,3378,1,0,49,develop,assessor or aerials,0,0,0,0,1,0
785867,2,2025,1347,1,0,49,develop,assessor or aerials,0,0,0,0,1,0
785868,2,2024,2157,1,0,49,develop,assessor or aerials,0,0,0,0,1,0
785870,2,2025,1033,1,0,49,develop,assessor or aerials,0,0,0,0,1,0
785871,2,2025,1347,1,0,49,develop,assessor or aerials,0,0,0,0,1,0
785873,1,2024,5791,1,0,49,develop,assessor or aerials,0,0,0,0,1,0
785876,2,2024,2157,1,0,49,develop,assessor or aerials,0,0,0,0,1,0
785878,1,2024,1900,1,0,49,develop,assessor or aerials,0,0,0,0,1,0
785882,2,2025,1347,1,0,49,develop,assessor or aerials,0,0,0,0,1,0
785884,2,2025,1347,1,0,49,develop,assessor or aerials,0,0,0,0,1,0
785885,1,2024,2578,1,0,49,develop,assessor or aerials,0,0,0,0,1,0
785888,2,2026,1155,1,0,49,develop,assessor or aerials,0,0,0,0,1,0
785890,1,2025,6502,1,0,49,develop,assessor or aerials,0,0,0,0,1,0
785893,2,2024,2206,1,0,49,develop,assessor or aerials,0,0,0,0,1,0
785895,2,2025,931,1,0,49,develop,assessor or aerials,0,0,0,0,1,0
785896,2,2025,1033,1,0,49,develop,assessor or aerials,0,0,0,0,1,0
785898,1,2025,5733,1,0,49,develop,assessor or aerials,0,0,0,0,1,0
785899,2,2025,985,1,0,49,develop,assessor or aerials,0,0,0,0,1,0
785900,2,2025,1155,1,0,49,develop,assessor or aerials,0,0,0,0,1,0
785902,2,2025,1347,1,0,49,develop,assessor or aerials,0,0,0,0,1,0
785906,1,2025,2723,1,0,49,develop,assessor or aerials,0,0,0,0,1,0
785907,2,2025,1584,1,0,49,develop,assessor or aerials,0,0,0,0,1,0
785911,2,2025,590,1,0,49,develop,assessor or aerials,0,0,0,0,1,0
785912,2,2025,593,1,0,49,develop,assessor or aerials,0,0,0,0,1,0
785915,1,2025,6566,1,0,49,develop,assessor or aerials,0,0,0,0,1,0
785920,1,2024,2612,1,0,49,develop,assessor or aerials,0,0,0,0,1,0
785921,1,2024,1972,1,0,49,develop,assessor or aerials,0,0,0,0,1,0
785922,1,2024,5259,1,0,49,develop,assessor or aerials,0,0,0,0,1,0
785923,2,2025,1033,1,0,49,develop,assessor or aerials,0,0,0,0,1,0
785924,2,2024,1503,1,0,49,develop,assessor or aerials,0,0,0,0,1,0
785925,2,2025,1668,1,0,49,develop,assessor or aerials,0,0,0,0,1,0
785929,2,2025,1155,1,0,49,develop,assessor or aerials,0,0,0,0,1,0
785930,2,2025,1155,1,0,49,develop,assessor or aerials,0,0,0,0,1,0
785935,1,2024,2037,1,0,49,develop,assessor or aerials,0,0,0,0,1,0
785936,1,2025,3374,1,0,49,develop,assessor or aerials,0,0,0,0,1,0
785939,2,2025,1347,1,0,49,develop,assessor or aerials,0,0,0,0,1,0
785941,1,2024,2208,1,0,49,develop,assessor or aerials,0,0,0,0,1,0
785943,2,2024,2157,1,0,49,develop,assessor or aerials,0,0,0,0,1,0
785945,2,2025,1347,1,0,49,develop,assessor or aerials,0,0,0,0,1,0
785947,2,2025,1155,1,0,49,develop,assessor or aerials,0,0,0,0,1,0
785949,2,2025,1689,1,0,49,develop,assessor or aerials,0,0,0,0,1,0
785952,1,2024,1909,1,0,49,develop,assessor or aerials,0,0,0,0,1,0
785953,2,2025,1425,1,0,49,develop,assessor or aerials,0,0,0,0,1,0
785955,2,2024,2157,1,0,49,develop,assessor or aerials,0,0,0,0,1,0
785958,2,2025,1700,1,0,49,develop,assessor or aerials,0,0,0,0,1,0
785959,2,2024,1503,1,0,49,develop,assessor or aerials,0,0,0,0,1,0
785960,2,2025,4117,1,0,49,develop,assessor or aerials,0,0,0,0,1,0
785961,2,2024,2157,1,0,49,develop,assessor or aerials,0,0,0,0,1,0
785966,2,2024,2157,1,0,49,develop,assessor or aerials,0,0,0,0,1,0
785967,2,2025,989,1,0,49,develop,assessor or aerials,0,0,0,0,1,0
785968,2,2025,1033,1,0,49,develop,assessor or aerials,0,0,0,0,1,0
785971,2,2025,1155,1,0,49,develop,assessor or aerials,0,0,0,0,1,0
785974,2,2025,992,1,0,49,develop,assessor or aerials,0,0,0,0,1,0
785975,1,2025,4104,1,0,49,develop,assessor or aerials,0,0,0,0,1,0
785981,2,2025,992,1,0,49,develop,assessor or aerials,0,0,0,0,1,0
785984,1,2025,2721,1,0,49,develop,assessor or aerials,0,0,0,0,1,0
785986,2,2024,2157,1,0,49,develop,assessor or aerials,0,0,0,0,1,0
785987,2,2024,2346,1,0,49,develop,assessor or aerials,0,0,0,0,1,0
785988,1,2024,4461,1,0,49,develop,assessor or aerials,0,0,0,0,1,0
785991,2,2024,2157,1,0,49,develop,assessor or aerials,0,0,0,0,1,0
785995,2,2025,1347,1,0,49,develop,assessor or aerials,0,0,0,0,1,0
785996,2,2024,2157,1,0,49,develop,assessor or aerials,0,0,0,0,1,0
785997,2,2025,829,1,0,49,develop,assessor or aerials,0,0,0,0,1,0
785998,2,2025,1347,1,0,49,develop,assessor or aerials,0,0,0,0,1,0
786000,2,2024,2157,1,0,49,develop,assessor or aerials,0,0,0,0,1,0
786001,2,2024,1700,1,0,49,develop,assessor or aerials,0,0,0,0,1,0
786003,2,2024,2115,1,0,49,develop,assessor or aerials,0,0,0,0,1,0
786004,2,2025,590,1,0,49,develop,assessor or aerials,0,0,0,0,1,0
786008,2,2025,1347,1,0,49,develop,assessor or aerials,0,0,0,0,1,0
786011,2,2025,1347,1,0,49,develop,assessor or aerials,0,0,0,0,1,0
786015,2,2025,829,1,0,49,develop,assessor or aerials,0,0,0,0,1,0
786016,2,2025,1347,1,0,49,develop,assessor or aerials,0,0,0,0,1,0
786017,2,2024,2157,1,0,49,develop,assessor or aerials,0,0,0,0,1,0
786020,2,2025,1147,1,0,49,develop,assessor or aerials,0,0,0,0,1,0
786023,1,2025,2640,1,0,49,develop,assessor or aerials,0,0,0,0,1,0
786024,2,2025,1033,1,0,49,develop,assessor or aerials,0,0,0,0,1,0
786028,1,2025,5084,1,0,49,develop,assessor or aerials,0,0,0,0,1,0
786030,2,2025,1155,1,0,49,develop,assessor or aerials,0,0,0,0,1,0
786031,2,2025,829,1,0,49,develop,assessor or aerials,0,0,0,0,1,0
786032,1,2025,3659,1,0,49,develop,assessor or aerials,0,0,0,0,1,0
786033,2,2025,1033,1,0,49,develop,assessor or aerials,0,0,0,0,1,0
786034,2,2024,2157,1,0,49,develop,assessor or aerials,0,0,0,0,1,0
786035,1,2025,3304,1,0,49,develop,assessor or aerials,0,0,0,0,1,0
786039,2,2025,1818,1,0,49,develop,assessor or aerials,0,0,0,0,1,0
786040,1,2024,60599,1,0,49,develop,assessor or aerials,0,0,0,0,1,0
786041,2,2024,2157,1,0,49,develop,assessor or aerials,0,0,0,0,1,0
786043,2,2025,1155,1,0,49,develop,assessor or aerials,0,0,0,0,1,0
786044,2,2025,1155,1,0,49,develop,assessor or aerials,0,0,0,0,1,0
786045,1,2025,3483,1,0,49,develop,assessor or aerials,0,0,0,0,1,0
786050,2,2025,1347,1,0,49,develop,assessor or aerials,0,0,0,0,1,0
786051,2,2024,2157,1,0,49,develop,assessor or aerials,0,0,0,0,1,0
786053,1,2024,2612,1,0,49,develop,assessor or aerials,0,0,0,0,1,0
786056,1,2024,1691,1,0,49,develop,assessor or aerials,0,0,0,0,1,0
786057,2,2024,2157,1,0,49,develop,assessor or aerials,0,0,0,0,1,0
786058,2,2024,2157,1,0,49,develop,assessor or aerials,0,0,0,0,1,0
786059,2,2024,2157,1,0,49,develop,assessor or aerials,0,0,0,0,1,0
786063,1,2024,2445,1,0,49,develop,assessor or aerials,0,0,0,0,1,0
786065,2,2025,1749,1,0,49,develop,assessor or aerials,0,0,0,0,1,0
786066,2,2024,2157,1,0,49,develop,assessor or aerials,0,0,0,0,1,0
786067,1,2024,3315,1,0,49,develop,assessor or aerials,0,0,0,0,1,0
786068,1,2025,3264,1,0,49,develop,assessor or aerials,0,0,0,0,1,0
786069,2,2024,2157,1,0,49,develop,assessor or aerials,0,0,0,0,1,0
786070,2,2025,1318,1,0,49,develop,assessor or aerials,0,0,0,0,1,0
786071,1,2024,2228,1,0,49,develop,assessor or aerials,0,0,0,0,1,0
786072,1,2024,4276,1,0,49,develop,assessor or aerials,0,0,0,0,1,0
786073,2,2024,2157,1,0,49,develop,assessor or aerials,0,0,0,0,1,0
786075,2,2025,1686,1,0,49,develop,assessor or aerials,0,0,0,0,1,0
786077,2,2025,1666,1,0,49,develop,assessor or aerials,0,0,0,0,1,0
786081,2,2025,1147,1,0,49,develop,assessor or aerials,0,0,0,0,1,0
786082,2,2025,1347,1,0,49,develop,assessor or aerials,0,0,0,0,1,0
786083,2,2025,932,1,0,49,develop,assessor or aerials,0,0,0,0,1,0
786088,1,2025,4552,1,0,49,develop,assessor or aerials,0,0,0,0,1,0
786089,1,2024,2637,1,0,49,develop,assessor or aerials,0,0,0,0,1,0
786090,1,2025,3265,1,0,49,develop,assessor or aerials,0,0,0,0,1,0
786091,1,2024,1972,1,0,49,develop,assessor or aerials,0,0,0,0,1,0
786093,2,2024,2206,1,0,49,develop,assessor or aerials,0,0,0,0,1,0
786095,2,2025,1155,1,0,49,develop,assessor or aerials,0,0,0,0,1,0
786096,1,2025,2937,1,0,49,develop,assessor or aerials,0,0,0,0,1,0
786097,1,2024,1310,1,0,49,develop,assessor or aerials,0,0,0,0,1,0
786099,1,2024,4281,1,0,49,develop,assessor or aerials,0,0,0,0,1,0
786100,1,2024,7953,1,0,49,develop,assessor or aerials,0,0,0,0,1,0
786103,2,2024,2157,1,0,49,develop,assessor or aerials,0,0,0,0,1,0
786104,2,2024,2206,1,0,49,develop,assessor or aerials,0,0,0,0,1,0
786106,2,2025,1688,1,0,49,develop,assessor or aerials,0,0,0,0,1,0
786108,1,2024,2198,1,0,49,develop,assessor or aerials,0,0,0,0,1,0
786109,1,2025,4558,1,0,49,develop,assessor or aerials,0,0,0,0,1,0
786112,1,2024,3669,1,0,49,develop,assessor or aerials,0,0,0,0,1,0
786114,1,2025,4593,1,0,49,develop,assessor or aerials,0,0,0,0,1,0
786117,1,2025,4391,1,0,49,develop,assessor or aerials,0,0,0,0,1,0
786118,1,2024,1661,1,0,49,develop,assessor or aerials,0,0,0,0,1,0
786119,2,2025,1155,1,0,49,develop,assessor or aerials,0,0,0,0,1,0
786120,2,2025,1700,1,0,49,develop,assessor or aerials,0,0,0,0,1,0
786121,1,2025,3894,1,0,49,develop,assessor or aerials,0,0,0,0,1,0
786122,2,2025,931,1,0,49,develop,assessor or aerials,0,0,0,0,1,0
786124,2,2024,2157,1,0,49,develop,assessor or aerials,0,0,0,0,1,0
786125,2,2025,1304,1,0,49,develop,assessor or aerials,0,0,0,0,1,0
786128,2,2026,1155,1,0,49,develop,assessor or aerials,0,0,0,0,1,0
786129,2,2025,1347,1,0,49,develop,assessor or aerials,0,0,0,0,1,0
786132,2,2025,1303,1,0,49,develop,assessor or aerials,0,0,0,0,1,0
786133,2,2025,1155,1,0,49,develop,assessor or aerials,0,0,0,0,1,0
786134,2,2025,1619,1,0,49,develop,assessor or aerials,0,0,0,0,1,0
786142,1,2025,3424,1,0,49,develop,assessor or aerials,0,0,0,0,1,0
786143,2,2025,1700,1,0,49,develop,assessor or aerials,0,0,0,0,1,0
786146,1,2025,5906,1,0,49,develop,assessor or aerials,0,0,0,0,1,0
786147,1,2024,6411,1,0,49,develop,assessor or aerials,0,0,0,0,1,0
786148,2,2025,1363,1,0,49,develop,assessor or aerials,0,0,0,0,1,0
786149,2,2025,1155,1,0,49,develop,assessor or aerials,0,0,0,0,1,0
786151,1,2025,5114,1,0,49,develop,assessor or aerials,0,0,0,0,1,0
786153,2,2025,1033,1,0,49,develop,assessor or aerials,0,0,0,0,1,0
786155,1,2025,3307,1,0,49,develop,assessor or aerials,0,0,0,0,1,0
786161,2,2025,1700,1,0,49,develop,assessor or aerials,0,0,0,0,1,0
786162,2,2025,1700,1,0,49,develop,assessor or aerials,0,0,0,0,1,0
786166,1,2024,3865,1,0,49,develop,assessor or aerials,0,0,0,0,1,0
786171,2,2025,1155,1,0,49,develop,assessor or aerials,0,0,0,0,1,0
786175,2,2024,2157,1,0,49,develop,assessor or aerials,0,0,0,0,1,0
786177,2,2025,1753,1,0,49,develop,assessor or aerials,0,0,0,0,1,0
786178,2,2025,1700,1,0,49,develop,assessor or aerials,0,0,0,0,1,0
786179,1,2025,3894,1,0,49,develop,assessor or aerials,0,0,0,0,1,0
786183,1,2024,2976,1,0,49,develop,assessor or aerials,0,0,0,0,1,0
786184,2,2024,2157,1,0,49,develop,assessor or aerials,0,0,0,0,1,0
786185,2,2025,1155,1,0,49,develop,assessor or aerials,0,0,0,0,1,0
786189,2,2024,2442,1,0,49,develop,assessor or aerials,0,0,0,0,1,0
786190,2,2025,1303,1,0,49,develop,assessor or aerials,0,0,0,0,1,0
786191,1,2025,4448,1,0,49,develop,assessor or aerials,0,0,0,0,1,0
786192,1,2024,3661,1,0,49,develop,assessor or aerials,0,0,0,0,1,0
786198,1,2024,3749,1,0,49,develop,assessor or aerials,0,0,0,0,1,0
786199,1,2025,3287,1,0,49,develop,assessor or aerials,0,0,0,0,1,0
786202,1,2025,4304,1,0,49,develop,assessor or aerials,0,0,0,0,1,0
786204,2,2025,1347,1,0,49,develop,assessor or aerials,0,0,0,0,1,0
786209,2,2024,2206,1,0,49,develop,assessor or aerials,0,0,0,0,1,0
786211,1,2025,5437,1,0,49,develop,assessor or aerials,0,0,0,0,1,0
786213,1,2025,3008,1,0,49,develop,assessor or aerials,0,0,0,0,1,0
786214,1,2025,3326,1,0,49,develop,assessor or aerials,0,0,0,0,1,0
786216,2,2025,1155,1,0,49,develop,assessor or aerials,0,0,0,0,1,0
786218,2,2024,2442,1,0,49,develop,assessor or aerials,0,0,0,0,1,0
786219,2,2025,1347,1,0,49,develop,assessor or aerials,0,0,0,0,1,0
786221,1,2025,10108,1,0,49,develop,assessor or aerials,0,0,0,0,1,0
786225,1,2024,2671,1,0,49,develop,assessor or aerials,0,0,0,0,1,0
786226,2,2024,2157,1,0,49,develop,assessor or aerials,0,0,0,0,1,0
786227,2,2024,2206,1,0,49,develop,assessor or aerials,0,0,0,0,1,0
786230,2,2025,1155,1,0,49,develop,assessor or aerials,0,0,0,0,1,0
786233,3,2024,1427,0,0,49,develop,assessor or aerials,0,0,0,0,1,1427
786238,1,2025,3025,1,0,49,develop,assessor or aerials,0,0,0,0,1,0
786240,2,2026,1155,1,0,49,develop,assessor or aerials,0,0,0,0,1,0
786241,1,2024,1739,1,0,49,develop,assessor or aerials,0,0,0,0,1,0
786242,2,2025,1772,1,0,49,develop,assessor or aerials,0,0,0,0,1,0
786243,2,2025,590,1,0,49,develop,assessor or aerials,0,0,0,0,1,0
786250,1,2025,2630,1,0,49,develop,assessor or aerials,0,0,0,0,1,0
786252,1,2025,2033,1,0,49,develop,assessor or aerials,0,0,0,0,1,0
786253,1,2024,1239,1,0,49,develop,assessor or aerials,0,0,0,0,1,0
786254,1,2025,2610,1,0,49,develop,assessor or aerials,0,0,0,0,1,0
786255,1,2025,2880,1,0,49,develop,assessor or aerials,0,0,0,0,1,0
786258,1,2025,3440,1,0,49,develop,assessor or aerials,0,0,0,0,1,0
786264,1,2025,3793,1,0,49,develop,assessor or aerials,0,0,0,0,1,0
786266,1,2025,2348,1,0,49,develop,assessor or aerials,0,0,0,0,1,0
786268,1,2024,2082,1,0,49,develop,assessor or aerials,0,0,0,0,1,0
786270,1,2025,3192,1,0,49,develop,assessor or aerials,0,0,0,0,1,0
786271,1,2024,2522,1,0,49,develop,assessor or aerials,0,0,0,0,1,0
786272,1,2024,2588,1,0,49,develop,assessor or aerials,0,0,0,0,1,0
786273,1,2024,2425,1,0,49,develop,assessor or aerials,0,0,0,0,1,0
786275,1,2025,1969,1,0,49,develop,assessor or aerials,0,0,0,0,1,0
786276,1,2025,1969,1,0,49,develop,assessor or aerials,0,0,0,0,1,0
786277,1,2025,3289,1,0,49,develop,assessor or aerials,0,0,0,0,1,0
786278,1,2024,2690,1,0,49,develop,assessor or aerials,0,0,0,0,1,0
786280,1,2025,3417,1,0,49,develop,assessor or aerials,0,0,0,0,1,0
786282,1,2025,2014,1,0,49,develop,assessor or aerials,0,0,0,0,1,0
786283,1,2025,2494,1,0,49,develop,assessor or aerials,0,0,0,0,1,0
786284,1,2025,2508,1,0,49,develop,assessor or aerials,0,0,0,0,1,0
786285,1,2025,2982,1,0,49,develop,assessor or aerials,0,0,0,0,1,0
786288,1,2025,1969,1,0,49,develop,assessor or aerials,0,0,0,0,1,0
786290,1,2025,2091,1,0,49,develop,assessor or aerials,0,0,0,0,1,0
786292,1,2025,2477,1,0,49,develop,assessor or aerials,0,0,0,0,1,0
786293,1,2024,1634,1,0,49,develop,assessor or aerials,0,0,0,0,1,0
786294,1,2025,1969,1,0,49,develop,assessor or aerials,0,0,0,0,1,0
786295,1,2024,2641,1,0,49,develop,assessor or aerials,0,0,0,0,1,0
786296,1,2025,2054,1,0,49,develop,assessor or aerials,0,0,0,0,1,0
786297,1,2025,2193,1,0,49,develop,assessor or aerials,0,0,0,0,1,0
786298,1,2024,2014,1,0,49,develop,assessor or aerials,0,0,0,0,1,0
786301,1,2025,4157,1,0,49,develop,assessor or aerials,0,0,0,0,1,0
786304,2,2024,2290,1,0,49,develop,assessor or aerials,0,0,0,0,1,0
786308,2,2024,1878,1,0,49,develop,assessor or aerials,0,0,0,0,1,0
786312,1,2024,3418,1,0,49,develop,assessor or aerials,0,0,0,0,1,0
786314,1,2025,4157,1,0,49,develop,assessor or aerials,0,0,0,0,1,0
786318,1,2025,1452,1,0,49,develop,assessor or aerials,0,0,0,0,1,0
786324,1,2024,3360,1,0,49,develop,assessor or aerials,0,0,0,0,1,0
786332,2,2024,2050,1,0,49,develop,assessor or aerials,0,0,0,0,1,0
786338,1,2025,2129,1,0,49,develop,assessor or aerials,0,0,0,0,1,0
786340,2,2024,1953,1,0,49,develop,assessor or aerials,0,0,0,0,1,0
786350,2,2024,2268,1,0,49,develop,assessor or aerials,0,0,0,0,1,0
786360,1,2024,2906,1,0,49,develop,assessor or aerials,0,0,0,0,1,0
786362,1,2024,2309,1,0,49,develop,assessor or aerials,0,0,0,0,1,0
786373,1,2025,16386,1,0,49,develop,assessor or aerials,0,0,0,0,1,0
786388,2,2024,2233,1,0,49,develop,assessor or aerials,0,0,0,0,1,0
786397,1,2024,2729,1,0,49,develop,assessor or aerials,0,0,0,0,1,0
786408,2,2024,2054,1,0,49,develop,assessor or aerials,0,0,0,0,1,0
786409,2,2024,2233,1,0,49,develop,assessor or aerials,0,0,0,0,1,0
786410,1,2025,1912,1,0,49,develop,assessor or aerials,0,0,0,0,1,0
786411,1,2024,2976,1,0,49,develop,assessor or aerials,0,0,0,0,1,0
786430,1,2025,10906,1,0,49,develop,assessor or aerials,0,0,0,0,1,0
786432,2,2024,1166,1,0,49,develop,assessor or aerials,0,0,0,0,1,0
786433,2,2024,2357,1,0,49,develop,assessor or aerials,0,0,0,0,1,0
786435,1,2024,3670,1,0,49,develop,assessor or aerials,0,0,0,0,1,0
786439,2,2024,1878,1,0,49,develop,assessor or aerials,0,0,0,0,1,0
786445,2,2024,1569,1,0,49,develop,assessor or aerials,0,0,0,0,1,0
786457,2,2024,1868,1,0,49,develop,assessor or aerials,0,0,0,0,1,0
786462,2,2024,1878,1,0,49,develop,assessor or aerials,0,0,0,0,1,0
786463,2,2024,1166,1,0,49,develop,assessor or aerials,0,0,0,0,1,0
786485,2,2024,1208,1,0,49,develop,assessor or aerials,0,0,0,0,1,0
786496,1,2025,2272,1,0,49,develop,assessor or aerials,0,0,0,0,1,0
786497,2,2024,2050,1,0,49,develop,assessor or aerials,0,0,0,0,1,0
786504,1,2024,2063,1,0,49,develop,assessor or aerials,0,0,0,0,1,0
786514,2,2024,1868,1,0,49,develop,assessor or aerials,0,0,0,0,1,0
786515,1,2025,2147,1,0,49,develop,assessor or aerials,0,0,0,0,1,0
786516,1,2025,3384,1,0,49,develop,assessor or aerials,0,0,0,0,1,0
786518,1,2025,1691,1,0,49,develop,assessor or aerials,0,0,0,0,1,0
786535,3,2025,16087,0,0,49,develop,assessor or aerials,0,0,0,0,1,16087
786541,1,2025,4157,1,0,49,develop,assessor or aerials,0,0,0,0,1,0
786547,1,2024,1610,1,0,49,develop,assessor or aerials,0,0,0,0,1,0
786553,1,2025,4157,1,0,49,develop,assessor or aerials,0,0,0,0,1,0
786555,1,2024,1508,1,0,49,develop,assessor or aerials,0,0,0,0,1,0
786562,1,2025,12329,1,0,49,develop,assessor or aerials,0,0,0,0,1,0
786565,1,2025,11320,1,0,49,develop,assessor or aerials,0,0,0,0,1,0
786567,1,2024,3131,1,0,49,develop,assessor or aerials,0,0,0,0,1,0
786569,1,2025,2895,1,0,49,develop,assessor or aerials,0,0,0,0,1,0
786577,1,2024,2636,1,0,49,develop,assessor or aerials,0,0,0,0,1,0
786581,1,2025,2667,1,0,49,develop,assessor or aerials,0,0,0,0,1,0
786586,2,2024,1208,1,0,49,develop,assessor or aerials,0,0,0,0,1,0
786595,1,2024,3758,1,0,49,develop,assessor or aerials,0,0,0,0,1,0
786599,1,2025,4626,1,0,49,develop,assessor or aerials,0,0,0,0,1,0
786600,1,2024,4606,1,0,49,develop,assessor or aerials,0,0,0,0,1,0
786609,1,2025,4157,1,0,49,develop,assessor or aerials,0,0,0,0,1,0
786626,1,2025,4610,1,0,49,develop,assessor or aerials,0,0,0,0,1,0
786634,1,2025,4157,1,0,49,develop,assessor or aerials,0,0,0,0,1,0
786649,1,2025,4157,1,0,49,develop,assessor or aerials,0,0,0,0,1,0
786670,2,2024,1760,1,0,49,develop,assessor or aerials,0,0,0,0,1,0
786681,1,2025,4749,1,0,49,develop,assessor or aerials,0,0,0,0,1,0
786695,2,2024,1166,1,0,49,develop,assessor or aerials,0,0,0,0,1,0
786700,1,2025,4582,1,0,49,develop,assessor or aerials,0,0,0,0,1,0
786705,1,2024,7,1,0,49,develop,assessor or aerials,0,0,0,0,1,0
786713,1,2024,4603,1,0,49,develop,assessor or aerials,0,0,0,0,1,0
786714,2,2024,1760,1,0,49,develop,assessor or aerials,0,0,0,0,1,0
786728,2,2024,1878,1,0,49,develop,assessor or aerials,0,0,0,0,1,0
786735,1,2024,1908,1,0,49,develop,assessor or aerials,0,0,0,0,1,0
786738,1,2024,3140,1,0,49,develop,assessor or aerials,0,0,0,0,1,0
786740,2,2024,1700,1,0,49,develop,assessor or aerials,0,0,0,0,1,0
786743,2,2024,1953,1,0,49,develop,assessor or aerials,0,0,0,0,1,0
786746,1,2024,3100,1,0,49,develop,assessor or aerials,0,0,0,0,1,0
786747,1,2025,2312,1,0,49,develop,assessor or aerials,0,0,0,0,1,0
786754,2,2024,1953,1,0,49,develop,assessor or aerials,0,0,0,0,1,0
786757,2,2024,1760,1,0,49,develop,assessor or aerials,0,0,0,0,1,0
786767,1,2024,1443,1,0,49,develop,assessor or aerials,0,0,0,0,1,0
786772,2,2024,2050,1,0,49,develop,assessor or aerials,0,0,0,0,1,0
786783,2,2024,1887,1,0,49,develop,assessor or aerials,0,0,0,0,1,0
786787,1,2024,2049,1,0,49,develop,assessor or aerials,0,0,0,0,1,0
786795,1,2024,2049,1,0,49,develop,assessor or aerials,0,0,0,0,1,0
786805,2,2024,2233,1,0,49,develop,assessor or aerials,0,0,0,0,1,0
786826,1,2024,3120,1,0,49,develop,assessor or aerials,0,0,0,0,1,0
786834,2,2024,2054,1,0,49,develop,assessor or aerials,0,0,0,0,1,0
786859,1,2025,3412,1,0,49,develop,assessor or aerials,0,0,0,0,1,0
786866,1,2024,4231,1,0,49,develop,assessor or aerials,0,0,0,0,1,0
786869,1,2025,2893,1,0,49,develop,assessor or aerials,0,0,0,0,1,0
786875,1,2024,2977,1,0,49,develop,assessor or aerials,0,0,0,0,1,0
786883,1,2025,2893,1,0,49,develop,assessor or aerials,0,0,0,0,1,0
786892,1,2024,5264,1,0,49,develop,assessor or aerials,0,0,0,0,1,0
786895,2,2024,2290,1,0,49,develop,assessor or aerials,0,0,0,0,1,0
786903,1,2025,2068,1,0,49,develop,assessor or aerials,0,0,0,0,1,0
786905,1,2024,1914,1,0,49,develop,assessor or aerials,0,0,0,0,1,0
786909,1,2024,3120,1,0,49,develop,assessor or aerials,0,0,0,0,1,0
786918,2,2024,2050,1,0,49,develop,assessor or aerials,0,0,0,0,1,0
786920,1,2024,3663,1,0,49,develop,assessor or aerials,0,0,0,0,1,0
786921,1,2024,4288,1,0,49,develop,assessor or aerials,0,0,0,0,1,0
786938,1,2025,2933,1,0,49,develop,assessor or aerials,0,0,0,0,1,0
786942,1,2025,3505,1,0,49,develop,assessor or aerials,0,0,0,0,1,0
786955,1,2024,2741,1,0,49,develop,assessor or aerials,0,0,0,0,1,0
786961,1,2024,3120,1,0,49,develop,assessor or aerials,0,0,0,0,1,0
786964,1,2024,3277,1,0,49,develop,assessor or aerials,0,0,0,0,1,0
786972,1,2025,1941,1,0,49,develop,assessor or aerials,0,0,0,0,1,0
786982,1,2025,2893,1,0,49,develop,assessor or aerials,0,0,0,0,1,0
786997,1,2024,2729,1,0,49,develop,assessor or aerials,0,0,0,0,1,0
786998,2,2024,1370,1,0,49,develop,assessor or aerials,0,0,0,0,1,0
787014,1,2025,2790,1,0,49,develop,assessor or aerials,0,0,0,0,1,0
787016,1,2025,2588,1,0,49,develop,assessor or aerials,0,0,0,0,1,0
787017,1,2025,3218,1,0,49,develop,assessor or aerials,0,0,0,0,1,0
787023,1,2025,4450,1,0,49,develop,assessor or aerials,0,0,0,0,1,0
787026,1,2025,3505,1,0,49,develop,assessor or aerials,0,0,0,0,1,0
787032,1,2024,1932,1,0,49,develop,assessor or aerials,0,0,0,0,1,0
787034,1,2024,2339,1,0,49,develop,assessor or aerials,0,0,0,0,1,0
787040,1,2025,3237,1,0,49,develop,assessor or aerials,0,0,0,0,1,0
787049,1,2025,1912,1,0,49,develop,assessor or aerials,0,0,0,0,1,0
787055,1,2025,3173,1,0,49,develop,assessor or aerials,0,0,0,0,1,0
787056,1,2025,2766,1,0,49,develop,assessor or aerials,0,0,0,0,1,0
787058,1,2024,1443,1,0,49,develop,assessor or aerials,0,0,0,0,1,0
787085,1,2025,2699,1,0,49,develop,assessor or aerials,0,0,0,0,1,0
787094,1,2024,2075,1,0,49,develop,assessor or aerials,0,0,0,0,1,0
787113,2,2024,2054,1,0,49,develop,assessor or aerials,0,0,0,0,1,0
787120,1,2024,4090,1,0,49,develop,assessor or aerials,0,0,0,0,1,0
787121,1,2025,2886,1,0,49,develop,assessor or aerials,0,0,0,0,1,0
787134,1,2024,4217,1,0,49,develop,assessor or aerials,0,0,0,0,1,0
787135,1,2025,850,1,0,49,develop,assessor or aerials,0,0,0,0,1,0
787142,1,2025,3536,1,0,49,develop,assessor or aerials,0,0,0,0,1,0
787145,1,2025,4543,1,0,49,develop,assessor or aerials,0,0,0,0,1,0
787160,1,2025,2677,1,0,49,develop,assessor or aerials,0,0,0,0,1,0
787169,2,2024,1569,1,0,49,develop,assessor or aerials,0,0,0,0,1,0
787171,1,2025,1884,1,0,49,develop,assessor or aerials,0,0,0,0,1,0
787185,1,2024,2701,1,0,49,develop,assessor or aerials,0,0,0,0,1,0
787195,1,2025,3754,1,0,49,develop,assessor or aerials,0,0,0,0,1,0
787203,1,2024,3822,1,0,49,develop,assessor or aerials,0,0,0,0,1,0
787208,1,2024,1443,1,0,49,develop,assessor or aerials,0,0,0,0,1,0
787209,1,2024,10261,1,0,49,develop,assessor or aerials,0,0,0,0,1,0
787214,1,2024,4657,1,0,49,develop,assessor or aerials,0,0,0,0,1,0
787216,1,2024,3054,1,0,49,develop,assessor or aerials,0,0,0,0,1,0
787218,1,2025,2601,1,0,49,develop,assessor or aerials,0,0,0,0,1,0
787231,1,2024,2736,1,0,49,develop,assessor or aerials,0,0,0,0,1,0
787237,1,2024,2122,1,0,49,develop,assessor or aerials,0,0,0,0,1,0
787242,1,2025,3275,1,0,49,develop,assessor or aerials,0,0,0,0,1,0
787243,1,2024,1952,1,0,49,develop,assessor or aerials,0,0,0,0,1,0
787254,1,2024,3131,1,0,49,develop,assessor or aerials,0,0,0,0,1,0
787278,1,2025,2790,1,0,49,develop,assessor or aerials,0,0,0,0,1,0
787282,1,2024,3502,1,0,49,develop,assessor or aerials,0,0,0,0,1,0
787283,2,2025,1188,1,0,49,develop,assessor or aerials,0,0,0,0,1,0
787286,2,2025,1188,1,0,49,develop,assessor or aerials,0,0,0,0,1,0
787289,2,2025,1188,1,0,49,develop,assessor or aerials,0,0,0,0,1,0
787290,2,2025,1561,1,0,49,develop,assessor or aerials,0,0,0,0,1,0
787294,1,2025,4377,1,0,49,develop,assessor or aerials,0,0,0,0,1,0
787296,1,2025,3326,1,0,49,develop,assessor or aerials,0,0,0,0,1,0
787297,2,2025,1188,1,0,49,develop,assessor or aerials,0,0,0,0,1,0
787298,2,2025,1188,1,0,49,develop,assessor or aerials,0,0,0,0,1,0
787300,2,2025,1188,1,0,49,develop,assessor or aerials,0,0,0,0,1,0
787301,2,2025,1188,1,0,49,develop,assessor or aerials,0,0,0,0,1,0
787302,1,2025,3927,1,0,49,develop,assessor or aerials,0,0,0,0,1,0
787305,1,2024,3343,1,0,49,develop,assessor or aerials,0,0,0,0,1,0
787308,2,2025,1188,1,0,49,develop,assessor or aerials,0,0,0,0,1,0
787311,2,2025,1188,1,0,49,develop,assessor or aerials,0,0,0,0,1,0
787312,2,2025,1559,1,0,49,develop,assessor or aerials,0,0,0,0,1,0
787313,2,2025,1470,1,0,49,develop,assessor or aerials,0,0,0,0,1,0
787316,2,2025,1470,1,0,49,develop,assessor or aerials,0,0,0,0,1,0
787318,2,2025,1188,1,0,49,develop,assessor or aerials,0,0,0,0,1,0
787320,1,2025,4508,1,0,49,develop,assessor or aerials,0,0,0,0,1,0
787322,2,2025,1188,1,0,49,develop,assessor or aerials,0,0,0,0,1,0
787323,2,2025,1188,1,0,49,develop,assessor or aerials,0,0,0,0,1,0
787325,2,2024,2433,1,0,49,develop,assessor or aerials,0,0,0,0,1,0
787326,1,2025,4116,1,0,49,develop,assessor or aerials,0,0,0,0,1,0
787327,2,2025,1188,1,0,49,develop,assessor or aerials,0,0,0,0,1,0
787335,2,2025,1188,1,0,49,develop,assessor or aerials,0,0,0,0,1,0
787336,2,2025,1188,1,0,49,develop,assessor or aerials,0,0,0,0,1,0
787338,2,2025,1188,1,0,49,develop,assessor or aerials,0,0,0,0,1,0
787342,1,2025,3326,1,0,49,develop,assessor or aerials,0,0,0,0,1,0
787343,2,2025,1188,1,0,49,develop,assessor or aerials,0,0,0,0,1,0
787345,2,2025,1470,1,0,49,develop,assessor or aerials,0,0,0,0,1,0
787346,1,2025,3326,1,0,49,develop,assessor or aerials,0,0,0,0,1,0
787350,1,2025,4764,1,0,49,develop,assessor or aerials,0,0,0,0,1,0
787351,2,2025,1561,1,0,49,develop,assessor or aerials,0,0,0,0,1,0
787354,2,2025,1188,1,0,49,develop,assessor or aerials,0,0,0,0,1,0
787355,2,2025,1559,1,0,49,develop,assessor or aerials,0,0,0,0,1,0
787356,1,2025,3640,1,0,49,develop,assessor or aerials,0,0,0,0,1,0
787359,2,2025,1188,1,0,49,develop,assessor or aerials,0,0,0,0,1,0
787363,2,2025,1188,1,0,49,develop,assessor or aerials,0,0,0,0,1,0
787366,2,2025,1561,1,0,49,develop,assessor or aerials,0,0,0,0,1,0
787368,2,2025,1470,1,0,49,develop,assessor or aerials,0,0,0,0,1,0
787369,2,2025,1188,1,0,49,develop,assessor or aerials,0,0,0,0,1,0
787371,2,2025,1188,1,0,49,develop,assessor or aerials,0,0,0,0,1,0
787372,1,2025,3854,1,0,49,develop,assessor or aerials,0,0,0,0,1,0
787373,2,2025,1188,1,0,49,develop,assessor or aerials,0,0,0,0,1,0
787374,2,2025,1559,1,0,49,develop,assessor or aerials,0,0,0,0,1,0
787375,2,2025,1561,1,0,49,develop,assessor or aerials,0,0,0,0,1,0
787377,1,2025,5443,1,0,49,develop,assessor or aerials,0,0,0,0,1,0
787378,2,2025,1561,1,0,49,develop,assessor or aerials,0,0,0,0,1,0
787379,2,2025,1188,1,0,49,develop,assessor or aerials,0,0,0,0,1,0
787384,1,2025,5575,1,0,49,develop,assessor or aerials,0,0,0,0,1,0
787388,2,2025,1188,1,0,49,develop,assessor or aerials,0,0,0,0,1,0
787389,2,2025,1561,1,0,49,develop,assessor or aerials,0,0,0,0,1,0
787392,2,2025,1561,1,0,49,develop,assessor or aerials,0,0,0,0,1,0
787393,2,2025,1188,1,0,49,develop,assessor or aerials,0,0,0,0,1,0
787394,2,2025,1188,1,0,49,develop,assessor or aerials,0,0,0,0,1,0
787395,2,2025,1188,1,0,49,develop,assessor or aerials,0,0,0,0,1,0
787396,1,2025,4298,1,0,49,develop,assessor or aerials,0,0,0,0,1,0
787400,2,2025,1470,1,0,49,develop,assessor or aerials,0,0,0,0,1,0
787402,2,2025,1188,1,0,49,develop,assessor or aerials,0,0,0,0,1,0
787403,2,2025,1559,1,0,49,develop,assessor or aerials,0,0,0,0,1,0
787405,2,2025,1188,1,0,49,develop,assessor or aerials,0,0,0,0,1,0
787406,1,2025,3640,1,0,49,develop,assessor or aerials,0,0,0,0,1,0
787407,2,2025,1559,1,0,49,develop,assessor or aerials,0,0,0,0,1,0
787409,2,2025,1470,1,0,49,develop,assessor or aerials,0,0,0,0,1,0
787410,2,2025,1188,1,0,49,develop,assessor or aerials,0,0,0,0,1,0
787414,2,2025,1188,1,0,49,develop,assessor or aerials,0,0,0,0,1,0
787415,2,2025,1188,1,0,49,develop,assessor or aerials,0,0,0,0,1,0
787417,2,2025,1188,1,0,49,develop,assessor or aerials,0,0,0,0,1,0
787418,2,2025,1188,1,0,49,develop,assessor or aerials,0,0,0,0,1,0
787419,1,2025,3909,1,0,49,develop,assessor or aerials,0,0,0,0,1,0
787421,2,2025,1188,1,0,49,develop,assessor or aerials,0,0,0,0,1,0
787422,2,2025,1188,1,0,49,develop,assessor or aerials,0,0,0,0,1,0
787423,2,2025,1188,1,0,49,develop,assessor or aerials,0,0,0,0,1,0
787424,2,2025,1470,1,0,49,develop,assessor or aerials,0,0,0,0,1,0
787425,2,2025,1470,1,0,49,develop,assessor or aerials,0,0,0,0,1,0
787431,2,2024,1878,1,0,49,develop,assessor or aerials,0,0,0,0,1,0
787432,2,2025,1188,1,0,49,develop,assessor or aerials,0,0,0,0,1,0
787435,1,2025,4477,1,0,49,develop,assessor or aerials,0,0,0,0,1,0
787437,2,2025,1188,1,0,49,develop,assessor or aerials,0,0,0,0,1,0
787439,2,2025,1188,1,0,49,develop,assessor or aerials,0,0,0,0,1,0
787440,1,2025,3326,1,0,49,develop,assessor or aerials,0,0,0,0,1,0
787442,2,2025,1559,1,0,49,develop,assessor or aerials,0,0,0,0,1,0
787443,2,2025,1559,1,0,49,develop,assessor or aerials,0,0,0,0,1,0
787447,1,2025,3741,1,0,49,develop,assessor or aerials,0,0,0,0,1,0
787448,2,2025,1561,1,0,49,develop,assessor or aerials,0,0,0,0,1,0
787450,1,2025,3211,1,0,49,develop,assessor or aerials,0,0,0,0,1,0
787453,2,2025,1561,1,0,49,develop,assessor or aerials,0,0,0,0,1,0
787456,1,2025,4877,1,0,49,develop,assessor or aerials,0,0,0,0,1,0
787457,2,2025,1559,1,0,49,develop,assessor or aerials,0,0,0,0,1,0
787458,1,2025,3658,1,0,49,develop,assessor or aerials,0,0,0,0,1,0
787460,1,2025,4298,1,0,49,develop,assessor or aerials,0,0,0,0,1,0
787461,2,2025,1188,1,0,49,develop,assessor or aerials,0,0,0,0,1,0
787464,1,2025,3409,1,0,49,develop,assessor or aerials,0,0,0,0,1,0
787465,2,2025,1188,1,0,49,develop,assessor or aerials,0,0,0,0,1,0
787467,2,2025,1561,1,0,49,develop,assessor or aerials,0,0,0,0,1,0
787468,1,2025,5863,1,0,49,develop,assessor or aerials,0,0,0,0,1,0
787469,2,2025,1561,1,0,49,develop,assessor or aerials,0,0,0,0,1,0
787471,2,2025,1188,1,0,49,develop,assessor or aerials,0,0,0,0,1,0
787473,2,2025,1188,1,0,49,develop,assessor or aerials,0,0,0,0,1,0
787474,2,2025,1188,1,0,49,develop,assessor or aerials,0,0,0,0,1,0
787475,2,2025,1188,1,0,49,develop,assessor or aerials,0,0,0,0,1,0
787476,1,2025,4207,1,0,49,develop,assessor or aerials,0,0,0,0,1,0
787477,2,2025,1188,1,0,49,develop,assessor or aerials,0,0,0,0,1,0
787478,2,2025,1559,1,0,49,develop,assessor or aerials,0,0,0,0,1,0
787480,2,2025,1559,1,0,49,develop,assessor or aerials,0,0,0,0,1,0
787487,1,2025,4298,1,0,49,develop,assessor or aerials,0,0,0,0,1,0
787488,2,2025,1470,1,0,49,develop,assessor or aerials,0,0,0,0,1,0
787489,1,2024,2505,1,0,49,develop,assessor or aerials,0,0,0,0,1,0
787491,2,2025,1188,1,0,49,develop,assessor or aerials,0,0,0,0,1,0
787492,2,2025,1470,1,0,49,develop,assessor or aerials,0,0,0,0,1,0
787493,2,2025,1559,1,0,49,develop,assessor or aerials,0,0,0,0,1,0
787494,2,2025,1188,1,0,49,develop,assessor or aerials,0,0,0,0,1,0
787495,2,2025,1188,1,0,49,develop,assessor or aerials,0,0,0,0,1,0
787497,2,2025,1559,1,0,49,develop,assessor or aerials,0,0,0,0,1,0
787501,2,2025,1188,1,0,49,develop,assessor or aerials,0,0,0,0,1,0
787502,1,2025,5458,1,0,49,develop,assessor or aerials,0,0,0,0,1,0
787503,1,2025,3211,1,0,49,develop,assessor or aerials,0,0,0,0,1,0
787504,2,2025,1188,1,0,49,develop,assessor or aerials,0,0,0,0,1,0
787506,2,2025,1561,1,0,49,develop,assessor or aerials,0,0,0,0,1,0
787510,2,2025,1559,1,0,49,develop,assessor or aerials,0,0,0,0,1,0
787511,2,2025,1559,1,0,49,develop,assessor or aerials,0,0,0,0,1,0
787512,2,2025,1559,1,0,49,develop,assessor or aerials,0,0,0,0,1,0
787513,2,2025,1188,1,0,49,develop,assessor or aerials,0,0,0,0,1,0
787515,1,2025,4283,1,0,49,develop,assessor or aerials,0,0,0,0,1,0
787516,2,2025,1188,1,0,49,develop,assessor or aerials,0,0,0,0,1,0
787517,1,2024,3721,1,0,49,develop,assessor or aerials,0,0,0,0,1,0
787519,1,2025,4116,1,0,49,develop,assessor or aerials,0,0,0,0,1,0
787520,1,2025,4116,1,0,49,develop,assessor or aerials,0,0,0,0,1,0
787522,1,2025,4880,1,0,49,develop,assessor or aerials,0,0,0,0,1,0
787523,2,2025,1470,1,0,49,develop,assessor or aerials,0,0,0,0,1,0
787525,2,2025,1561,1,0,49,develop,assessor or aerials,0,0,0,0,1,0
787528,2,2025,1559,1,0,49,develop,assessor or aerials,0,0,0,0,1,0
787529,1,2025,4377,1,0,49,develop,assessor or aerials,0,0,0,0,1,0
787531,2,2025,1188,1,0,49,develop,assessor or aerials,0,0,0,0,1,0
787534,1,2025,4989,1,0,49,develop,assessor or aerials,0,0,0,0,1,0
787536,2,2025,1188,1,0,49,develop,assessor or aerials,0,0,0,0,1,0
787537,2,2025,1470,1,0,49,develop,assessor or aerials,0,0,0,0,1,0
787539,1,2025,3741,1,0,49,develop,assessor or aerials,0,0,0,0,1,0
787541,2,2025,1188,1,0,49,develop,assessor or aerials,0,0,0,0,1,0
787542,1,2025,4283,1,0,49,develop,assessor or aerials,0,0,0,0,1,0
787544,2,2025,1470,1,0,49,develop,assessor or aerials,0,0,0,0,1,0
787546,2,2025,1188,1,0,49,develop,assessor or aerials,0,0,0,0,1,0
787548,2,2025,1188,1,0,49,develop,assessor or aerials,0,0,0,0,1,0
787549,2,2025,1188,1,0,49,develop,assessor or aerials,0,0,0,0,1,0
787550,1,2025,4283,1,0,49,develop,assessor or aerials,0,0,0,0,1,0
787551,1,2025,3450,1,0,49,develop,assessor or aerials,0,0,0,0,1,0
787554,2,2025,1188,1,0,49,develop,assessor or aerials,0,0,0,0,1,0
787555,1,2025,4024,1,0,49,develop,assessor or aerials,0,0,0,0,1,0
787557,1,2025,4116,1,0,49,develop,assessor or aerials,0,0,0,0,1,0
787558,2,2025,1559,1,0,49,develop,assessor or aerials,0,0,0,0,1,0
787561,1,2025,4283,1,0,49,develop,assessor or aerials,0,0,0,0,1,0
787566,2,2025,1188,1,0,49,develop,assessor or aerials,0,0,0,0,1,0
787569,1,2025,5553,1,0,49,develop,assessor or aerials,0,0,0,0,1,0
787570,2,2025,1188,1,0,49,develop,assessor or aerials,0,0,0,0,1,0
787574,2,2025,1188,1,0,49,develop,assessor or aerials,0,0,0,0,1,0
787575,2,2025,1188,1,0,49,develop,assessor or aerials,0,0,0,0,1,0
787577,1,2025,5210,1,0,49,develop,assessor or aerials,0,0,0,0,1,0
787579,1,2025,5169,1,0,49,develop,assessor or aerials,0,0,0,0,1,0
787580,1,2025,4582,1,0,49,develop,assessor or aerials,0,0,0,0,1,0
787582,2,2025,1188,1,0,49,develop,assessor or aerials,0,0,0,0,1,0
787583,2,2025,1561,1,0,49,develop,assessor or aerials,0,0,0,0,1,0
787585,2,2025,1559,1,0,49,develop,assessor or aerials,0,0,0,0,1,0
787586,2,2025,1188,1,0,49,develop,assessor or aerials,0,0,0,0,1,0
787587,2,2025,1559,1,0,49,develop,assessor or aerials,0,0,0,0,1,0
787590,1,2025,4965,1,0,49,develop,assessor or aerials,0,0,0,0,1,0
787591,1,2025,4298,1,0,49,develop,assessor or aerials,0,0,0,0,1,0
787592,2,2025,1188,1,0,49,develop,assessor or aerials,0,0,0,0,1,0
787595,1,2025,3534,1,0,49,develop,assessor or aerials,0,0,0,0,1,0
787596,2,2025,1470,1,0,49,develop,assessor or aerials,0,0,0,0,1,0
787601,1,2025,3741,1,0,49,develop,assessor or aerials,0,0,0,0,1,0
787602,1,2025,4377,1,0,49,develop,assessor or aerials,0,0,0,0,1,0
787603,2,2025,1559,1,0,49,develop,assessor or aerials,0,0,0,0,1,0
787604,2,2025,1188,1,0,49,develop,assessor or aerials,0,0,0,0,1,0
787608,2,2025,1188,1,0,49,develop,assessor or aerials,0,0,0,0,1,0
787609,2,2025,1559,1,0,49,develop,assessor or aerials,0,0,0,0,1,0
787611,1,2025,3658,1,0,49,develop,assessor or aerials,0,0,0,0,1,0
787612,2,2025,1188,1,0,49,develop,assessor or aerials,0,0,0,0,1,0
787613,2,2025,1188,1,0,49,develop,assessor or aerials,0,0,0,0,1,0
787615,2,2025,967,1,0,49,develop,assessor or aerials,0,0,0,0,1,0
787619,1,2025,1494,1,0,49,develop,assessor or aerials,0,0,0,0,1,0
787620,1,2025,3118,1,0,49,develop,assessor or aerials,0,0,0,0,1,0
787622,1,2025,2463,1,0,49,develop,assessor or aerials,0,0,0,0,1,0
787623,1,2024,5858,1,0,49,develop,assessor or aerials,0,0,0,0,1,0
787624,2,2025,1144,1,0,49,develop,assessor or aerials,0,0,0,0,1,0
787625,1,2025,2910,1,0,49,develop,assessor or aerials,0,0,0,0,1,0
787628,1,2025,1195,1,0,49,develop,assessor or aerials,0,0,0,0,1,0
787629,1,2025,5610,1,0,49,develop,assessor or aerials,0,0,0,0,1,0
787630,1,2025,1867,1,0,49,develop,assessor or aerials,0,0,0,0,1,0
787633,1,2025,2286,1,0,49,develop,assessor or aerials,0,0,0,0,1,0
787636,1,2025,1370,1,0,49,develop,assessor or aerials,0,0,0,0,1,0
787638,1,2025,1258,1,0,49,develop,assessor or aerials,0,0,0,0,1,0
787639,2,2025,1150,1,0,49,develop,assessor or aerials,0,0,0,0,1,0
787640,1,2025,23270,1,0,49,develop,assessor or aerials,0,0,0,0,1,0
787641,1,2025,1517,1,0,49,develop,assessor or aerials,0,0,0,0,1,0
787643,1,2025,619,1,0,49,develop,assessor or aerials,0,0,0,0,1,0
787645,2,2025,966,1,0,49,develop,assessor or aerials,0,0,0,0,1,0
787646,2,2025,1148,1,0,49,develop,assessor or aerials,0,0,0,0,1,0
787649,1,2025,2582,1,0,49,develop,assessor or aerials,0,0,0,0,1,0
787650,1,2025,3201,1,0,49,develop,assessor or aerials,0,0,0,0,1,0
787651,2,2025,1148,1,0,49,develop,assessor or aerials,0,0,0,0,1,0
787652,1,2025,419,1,0,49,develop,assessor or aerials,0,0,0,0,1,0
787654,1,2025,1912,1,0,49,develop,assessor or aerials,0,0,0,0,1,0
787655,1,2025,811,1,0,49,develop,assessor or aerials,0,0,0,0,1,0
787659,1,2025,538,1,0,49,develop,assessor or aerials,0,0,0,0,1,0
787660,2,2025,1144,1,0,49,develop,assessor or aerials,0,0,0,0,1,0
787663,2,2025,961,1,0,49,develop,assessor or aerials,0,0,0,0,1,0
787665,1,2025,1616,1,0,49,develop,assessor or aerials,0,0,0,0,1,0
787666,1,2025,3277,1,0,49,develop,assessor or aerials,0,0,0,0,1,0
787667,1,2025,349,1,0,49,develop,assessor or aerials,0,0,0,0,1,0
787668,1,2025,1853,1,0,49,develop,assessor or aerials,0,0,0,0,1,0
787671,2,2025,967,1,0,49,develop,assessor or aerials,0,0,0,0,1,0
787673,1,2025,2185,1,0,49,develop,assessor or aerials,0,0,0,0,1,0
787678,2,2025,1163,1,0,49,develop,assessor or aerials,0,0,0,0,1,0
787680,1,2025,1425,1,0,49,develop,assessor or aerials,0,0,0,0,1,0
787683,1,2025,1616,1,0,49,develop,assessor or aerials,0,0,0,0,1,0
787686,2,2025,961,1,0,49,develop,assessor or aerials,0,0,0,0,1,0
787688,1,2025,4496,1,0,49,develop,assessor or aerials,0,0,0,0,1,0
787689,1,2025,3118,1,0,49,develop,assessor or aerials,0,0,0,0,1,0
787690,1,2025,5819,1,0,49,develop,assessor or aerials,0,0,0,0,1,0
787692,1,2025,2225,1,0,49,develop,assessor or aerials,0,0,0,0,1,0
787693,1,2025,1867,1,0,49,develop,assessor or aerials,0,0,0,0,1,0
787694,1,2025,2282,1,0,49,develop,assessor or aerials,0,0,0,0,1,0
787697,2,2025,967,1,0,49,develop,assessor or aerials,0,0,0,0,1,0
787702,1,2025,2185,1,0,49,develop,assessor or aerials,0,0,0,0,1,0
787704,1,2025,979,1,0,49,develop,assessor or aerials,0,0,0,0,1,0
787709,1,2025,2398,1,0,49,develop,assessor or aerials,0,0,0,0,1,0
787714,2,2025,967,1,0,49,develop,assessor or aerials,0,0,0,0,1,0
787715,1,2025,3418,1,0,49,develop,assessor or aerials,0,0,0,0,1,0
787717,1,2025,775,1,0,49,develop,assessor or aerials,0,0,0,0,1,0
787719,1,2025,847,1,0,49,develop,assessor or aerials,0,0,0,0,1,0
787721,1,2025,1986,1,0,49,develop,assessor or aerials,0,0,0,0,1,0
787723,1,2025,386,1,0,49,develop,assessor or aerials,0,0,0,0,1,0
787725,1,2025,505,1,0,49,develop,assessor or aerials,0,0,0,0,1,0
787726,1,2025,504,1,0,49,develop,assessor or aerials,0,0,0,0,1,0
787728,1,2025,2286,1,0,49,develop,assessor or aerials,0,0,0,0,1,0
787730,2,2025,1144,1,0,49,develop,assessor or aerials,0,0,0,0,1,0
787734,1,2025,1383,1,0,49,develop,assessor or aerials,0,0,0,0,1,0
787735,1,2025,2119,1,0,49,develop,assessor or aerials,0,0,0,0,1,0
787737,1,2025,2185,1,0,49,develop,assessor or aerials,0,0,0,0,1,0
787738,2,2025,967,1,0,49,develop,assessor or aerials,0,0,0,0,1,0
787739,1,2025,3118,1,0,49,develop,assessor or aerials,0,0,0,0,1,0
787741,1,2025,1199,1,0,49,develop,assessor or aerials,0,0,0,0,1,0
787742,1,2025,4630,1,0,49,develop,assessor or aerials,0,0,0,0,1,0
787744,1,2025,3201,1,0,49,develop,assessor or aerials,0,0,0,0,1,0
787746,1,2025,377,1,0,49,develop,assessor or aerials,0,0,0,0,1,0
787749,1,2025,350,1,0,49,develop,assessor or aerials,0,0,0,0,1,0
787750,1,2025,1995,1,0,49,develop,assessor or aerials,0,0,0,0,1,0
787751,1,2025,1018,1,0,49,develop,assessor or aerials,0,0,0,0,1,0
787754,1,2025,504,1,0,49,develop,assessor or aerials,0,0,0,0,1,0
787756,1,2025,388,1,0,49,develop,assessor or aerials,0,0,0,0,1,0
787757,1,2025,425,1,0,49,develop,assessor or aerials,0,0,0,0,1,0
787760,1,2025,1367,1,0,49,develop,assessor or aerials,0,0,0,0,1,0
787761,1,2025,628,1,0,49,develop,assessor or aerials,0,0,0,0,1,0
787763,1,2025,1986,1,0,49,develop,assessor or aerials,0,0,0,0,1,0
787765,2,2025,1144,1,0,49,develop,assessor or aerials,0,0,0,0,1,0
787766,1,2025,426,1,0,49,develop,assessor or aerials,0,0,0,0,1,0
787770,1,2025,2384,1,0,49,develop,assessor or aerials,0,0,0,0,1,0
787775,1,2025,2185,1,0,49,develop,assessor or aerials,0,0,0,0,1,0
787776,1,2025,2265,1,0,49,develop,assessor or aerials,0,0,0,0,1,0
787777,1,2025,2185,1,0,49,develop,assessor or aerials,0,0,0,0,1,0
787780,1,2025,2185,1,0,49,develop,assessor or aerials,0,0,0,0,1,0
787783,1,2025,3178,1,0,49,develop,assessor or aerials,0,0,0,0,1,0
787784,1,2025,1199,1,0,49,develop,assessor or aerials,0,0,0,0,1,0
787785,1,2025,388,1,0,49,develop,assessor or aerials,0,0,0,0,1,0
787787,1,2025,3118,1,0,49,develop,assessor or aerials,0,0,0,0,1,0
787791,1,2025,2185,1,0,49,develop,assessor or aerials,0,0,0,0,1,0
787792,1,2025,2910,1,0,49,develop,assessor or aerials,0,0,0,0,1,0
787793,2,2025,967,1,0,49,develop,assessor or aerials,0,0,0,0,1,0
787799,1,2025,1867,1,0,49,develop,assessor or aerials,0,0,0,0,1,0
787805,1,2025,2384,1,0,49,develop,assessor or aerials,0,0,0,0,1,0
787807,1,2025,1995,1,0,49,develop,assessor or aerials,0,0,0,0,1,0
787809,2,2025,1144,1,0,49,develop,assessor or aerials,0,0,0,0,1,0
787811,1,2025,1018,1,0,49,develop,assessor or aerials,0,0,0,0,1,0
787815,1,2025,5932,1,0,49,develop,assessor or aerials,0,0,0,0,1,0
787818,1,2025,1774,1,0,49,develop,assessor or aerials,0,0,0,0,1,0
787822,1,2025,2185,1,0,49,develop,assessor or aerials,0,0,0,0,1,0
787824,1,2025,692,1,0,49,develop,assessor or aerials,0,0,0,0,1,0
787826,1,2025,1064,1,0,49,develop,assessor or aerials,0,0,0,0,1,0
787827,1,2025,505,1,0,49,develop,assessor or aerials,0,0,0,0,1,0
787829,2,2025,1150,1,0,49,develop,assessor or aerials,0,0,0,0,1,0
787832,2,2025,1144,1,0,49,develop,assessor or aerials,0,0,0,0,1,0
787834,1,2025,2185,1,0,49,develop,assessor or aerials,0,0,0,0,1,0
787835,2,2025,961,1,0,49,develop,assessor or aerials,0,0,0,0,1,0
787838,1,2025,1258,1,0,49,develop,assessor or aerials,0,0,0,0,1,0
787843,2,2025,1151,1,0,49,develop,assessor or aerials,0,0,0,0,1,0
787844,1,2025,426,1,0,49,develop,assessor or aerials,0,0,0,0,1,0
787845,2,2025,1144,1,0,49,develop,assessor or aerials,0,0,0,0,1,0
787849,2,2025,967,1,0,49,develop,assessor or aerials,0,0,0,0,1,0
787852,1,2025,745,1,0,49,develop,assessor or aerials,0,0,0,0,1,0
787854,1,2025,3513,1,0,49,develop,assessor or aerials,0,0,0,0,1,0
787855,1,2025,1356,1,0,49,develop,assessor or aerials,0,0,0,0,1,0
787856,1,2025,592,1,0,49,develop,assessor or aerials,0,0,0,0,1,0
787859,1,2025,5458,1,0,49,develop,assessor or aerials,0,0,0,0,1,0
787861,1,2025,504,1,0,49,develop,assessor or aerials,0,0,0,0,1,0
787862,1,2025,1568,1,0,49,develop,assessor or aerials,0,0,0,0,1,0
787863,2,2025,1150,1,0,49,develop,assessor or aerials,0,0,0,0,1,0
787866,1,2025,2562,1,0,49,develop,assessor or aerials,0,0,0,0,1,0
787867,1,2025,811,1,0,49,develop,assessor or aerials,0,0,0,0,1,0
787871,1,2025,1218,1,0,49,develop,assessor or aerials,0,0,0,0,1,0
787872,1,2025,1691,1,0,49,develop,assessor or aerials,0,0,0,0,1,0
787876,1,2025,1574,1,0,49,develop,assessor or aerials,0,0,0,0,1,0
787879,2,2025,1144,1,0,49,develop,assessor or aerials,0,0,0,0,1,0
787882,2,2025,967,1,0,49,develop,assessor or aerials,0,0,0,0,1,0
787889,1,2025,1622,1,0,49,develop,assessor or aerials,0,0,0,0,1,0
787891,2,2025,966,1,0,49,develop,assessor or aerials,0,0,0,0,1,0
787892,1,2025,1199,1,0,49,develop,assessor or aerials,0,0,0,0,1,0
787893,2,2025,1150,1,0,49,develop,assessor or aerials,0,0,0,0,1,0
787894,1,2025,388,1,0,49,develop,assessor or aerials,0,0,0,0,1,0
787895,1,2025,1613,1,0,49,develop,assessor or aerials,0,0,0,0,1,0
787899,1,2025,2185,1,0,49,develop,assessor or aerials,0,0,0,0,1,0
787900,1,2025,423,1,0,49,develop,assessor or aerials,0,0,0,0,1,0
787901,1,2025,1744,1,0,49,develop,assessor or aerials,0,0,0,0,1,0
787902,2,2025,961,1,0,49,develop,assessor or aerials,0,0,0,0,1,0
787904,1,2025,567,1,0,49,develop,assessor or aerials,0,0,0,0,1,0
787905,1,2025,1788,1,0,49,develop,assessor or aerials,0,0,0,0,1,0
787906,1,2025,583,1,0,49,develop,assessor or aerials,0,0,0,0,1,0
787907,1,2025,538,1,0,49,develop,assessor or aerials,0,0,0,0,1,0
787909,1,2025,388,1,0,49,develop,assessor or aerials,0,0,0,0,1,0
787910,2,2025,961,1,0,49,develop,assessor or aerials,0,0,0,0,1,0
787911,2,2025,1144,1,0,49,develop,assessor or aerials,0,0,0,0,1,0
787914,1,2025,4922,1,0,49,develop,assessor or aerials,0,0,0,0,1,0
787917,1,2025,1349,1,0,49,develop,assessor or aerials,0,0,0,0,1,0
787918,1,2025,3240,1,0,49,develop,assessor or aerials,0,0,0,0,1,0
787920,1,2025,1746,1,0,49,develop,assessor or aerials,0,0,0,0,1,0
787923,1,2025,839,1,0,49,develop,assessor or aerials,0,0,0,0,1,0
787924,2,2025,967,1,0,49,develop,assessor or aerials,0,0,0,0,1,0
787929,1,2025,795,1,0,49,develop,assessor or aerials,0,0,0,0,1,0
787931,1,2025,1481,1,0,49,develop,assessor or aerials,0,0,0,0,1,0
787934,2,2025,1148,1,0,49,develop,assessor or aerials,0,0,0,0,1,0
787935,1,2025,504,1,0,49,develop,assessor or aerials,0,0,0,0,1,0
787936,2,2025,967,1,0,49,develop,assessor or aerials,0,0,0,0,1,0
787937,1,2025,1237,1,0,49,develop,assessor or aerials,0,0,0,0,1,0
787938,2,2025,967,1,0,49,develop,assessor or aerials,0,0,0,0,1,0
787941,1,2025,539,1,0,49,develop,assessor or aerials,0,0,0,0,1,0
787942,2,2025,961,1,0,49,develop,assessor or aerials,0,0,0,0,1,0
787943,2,2025,967,1,0,49,develop,assessor or aerials,0,0,0,0,1,0
787944,1,2025,538,1,0,49,develop,assessor or aerials,0,0,0,0,1,0
787946,1,2025,2215,1,0,49,develop,assessor or aerials,0,0,0,0,1,0
787947,2,2025,1151,1,0,49,develop,assessor or aerials,0,0,0,0,1,0
787949,1,2025,1369,1,0,49,develop,assessor or aerials,0,0,0,0,1,0
787950,2,2025,1144,1,0,49,develop,assessor or aerials,0,0,0,0,1,0
787977,1,2025,2136,1,0,49,develop,assessor or aerials,0,0,0,0,1,0
787981,1,2025,2753,1,0,49,develop,assessor or aerials,0,0,0,0,1,0
787984,1,2024,3022,1,0,49,develop,assessor or aerials,0,0,0,0,1,0
787986,1,2024,4120,1,0,49,develop,assessor or aerials,0,0,0,0,1,0
787991,1,2024,2777,1,0,49,develop,assessor or aerials,0,0,0,0,1,0
787995,1,2025,2670,1,0,49,develop,assessor or aerials,0,0,0,0,1,0
787996,1,2024,3109,1,0,49,develop,assessor or aerials,0,0,0,0,1,0
788006,1,2024,3140,1,0,49,develop,assessor or aerials,0,0,0,0,1,0
788008,1,2024,3026,1,0,49,develop,assessor or aerials,0,0,0,0,1,0
788010,1,2025,2068,1,0,49,develop,assessor or aerials,0,0,0,0,1,0
788019,1,2024,2551,1,0,49,develop,assessor or aerials,0,0,0,0,1,0
788021,1,2024,1930,1,0,49,develop,assessor or aerials,0,0,0,0,1,0
788023,1,2024,4654,1,0,49,develop,assessor or aerials,0,0,0,0,1,0
788027,1,2024,3816,1,0,49,develop,assessor or aerials,0,0,0,0,1,0
788035,1,2024,3587,1,0,49,develop,assessor or aerials,0,0,0,0,1,0
788039,1,2024,3024,1,0,49,develop,assessor or aerials,0,0,0,0,1,0
788044,1,2024,3249,1,0,49,develop,assessor or aerials,0,0,0,0,1,0
788048,1,2025,5210,1,0,49,develop,assessor or aerials,0,0,0,0,1,0
788060,1,2024,2499,1,0,49,develop,assessor or aerials,0,0,0,0,1,0
788061,1,2024,4190,1,0,49,develop,assessor or aerials,0,0,0,0,1,0
788064,1,2025,3742,1,0,49,develop,assessor or aerials,0,0,0,0,1,0
788069,1,2025,3069,1,0,49,develop,assessor or aerials,0,0,0,0,1,0
788080,1,2025,703,1,0,49,develop,assessor or aerials,0,0,0,0,1,0
788083,1,2024,8081,1,0,49,develop,assessor or aerials,0,0,0,0,1,0
788091,1,2025,3957,1,0,49,develop,assessor or aerials,0,0,0,0,1,0
788094,1,2025,5776,1,0,49,develop,assessor or aerials,0,0,0,0,1,0
788096,1,2025,703,1,0,49,develop,assessor or aerials,0,0,0,0,1,0
788098,1,2025,3964,1,0,49,develop,assessor or aerials,0,0,0,0,1,0
788100,1,2025,885,1,0,49,develop,assessor or aerials,0,0,0,0,1,0
788103,1,2024,3524,1,0,49,develop,assessor or aerials,0,0,0,0,1,0
788104,1,2025,730,1,0,49,develop,assessor or aerials,0,0,0,0,1,0
788113,1,2025,3518,1,0,49,develop,assessor or aerials,0,0,0,0,1,0
788114,1,2024,5742,1,0,49,develop,assessor or aerials,0,0,0,0,1,0
788117,1,2024,703,1,0,49,develop,assessor or aerials,0,0,0,0,1,0
788122,4,2024,3487,0,0,49,develop,assessor or aerials,0,0,0,0,1,3487
788125,1,2025,5742,1,0,49,develop,assessor or aerials,0,0,0,0,1,0
788128,1,2025,854,1,0,49,develop,assessor or aerials,0,0,0,0,1,0
788131,1,2025,3534,1,0,49,develop,assessor or aerials,0,0,0,0,1,0
788133,1,2025,4389,1,0,49,develop,assessor or aerials,0,0,0,0,1,0
788135,1,2024,2436,1,0,49,develop,assessor or aerials,0,0,0,0,1,0
788136,1,2025,5742,1,0,49,develop,assessor or aerials,0,0,0,0,1,0
788142,1,2025,3166,1,0,49,develop,assessor or aerials,0,0,0,0,1,0
788143,1,2025,844,1,0,49,develop,assessor or aerials,0,0,0,0,1,0
788145,1,2025,885,1,0,49,develop,assessor or aerials,0,0,0,0,1,0
788147,1,2025,3957,1,0,49,develop,assessor or aerials,0,0,0,0,1,0
788154,1,2025,440,1,0,49,develop,assessor or aerials,0,0,0,0,1,0
788156,1,2025,815,1,0,49,develop,assessor or aerials,0,0,0,0,1,0
788158,1,2025,703,1,0,49,develop,assessor or aerials,0,0,0,0,1,0
788159,1,2024,11482,1,0,49,develop,assessor or aerials,0,0,0,0,1,0
788160,1,2025,3518,1,0,49,develop,assessor or aerials,0,0,0,0,1,0
788161,1,2025,1288,1,0,49,develop,assessor or aerials,0,0,0,0,1,0
788164,1,2025,3518,1,0,49,develop,assessor or aerials,0,0,0,0,1,0
788170,1,2025,11549,1,0,49,develop,assessor or aerials,0,0,0,0,1,0
788173,1,2025,703,1,0,49,develop,assessor or aerials,0,0,0,0,1,0
788174,1,2024,2394,1,0,49,develop,assessor or aerials,0,0,0,0,1,0
788175,1,2025,4389,1,0,49,develop,assessor or aerials,0,0,0,0,1,0
788176,1,2025,5742,1,0,49,develop,assessor or aerials,0,0,0,0,1,0
788182,4,2025,6200,0,0,49,develop,assessor or aerials,0,0,0,0,1,6200
788183,1,2025,703,1,0,49,develop,assessor or aerials,0,0,0,0,1,0
788186,1,2025,703,1,0,49,develop,assessor or aerials,0,0,0,0,1,0
788193,1,2025,5742,1,0,49,develop,assessor or aerials,0,0,0,0,1,0
788196,6,2024,4042,0,0,49,develop,assessor or aerials,0,0,0,0,1,4042
788198,1,2025,2312,1,0,49,develop,assessor or aerials,0,0,0,0,1,0
788199,1,2025,5742,1,0,49,develop,assessor or aerials,0,0,0,0,1,0
788203,1,2025,703,1,0,49,develop,assessor or aerials,0,0,0,0,1,0
788206,1,2025,730,1,0,49,develop,assessor or aerials,0,0,0,0,1,0
788208,1,2025,3518,1,0,49,develop,assessor or aerials,0,0,0,0,1,0
788214,1,2025,4423,1,0,49,develop,assessor or aerials,0,0,0,0,1,0
788215,1,2025,703,1,0,49,develop,assessor or aerials,0,0,0,0,1,0
788217,1,2025,703,1,0,49,develop,assessor or aerials,0,0,0,0,1,0
788223,1,2024,11752,1,0,49,develop,assessor or aerials,0,0,0,0,1,0
788224,4,2024,6153,0,0,49,develop,assessor or aerials,0,0,0,0,1,6153
788229,1,2024,5742,1,0,49,develop,assessor or aerials,0,0,0,0,1,0
788232,1,2025,854,1,0,49,develop,assessor or aerials,0,0,0,0,1,0
788237,1,2025,5773,1,0,49,develop,assessor or aerials,0,0,0,0,1,0
788241,1,2025,703,1,0,49,develop,assessor or aerials,0,0,0,0,1,0
788244,1,2025,4897,1,0,49,develop,assessor or aerials,0,0,0,0,1,0
788248,1,2024,2494,1,0,49,develop,assessor or aerials,0,0,0,0,1,0
788256,1,2025,11484,1,0,49,develop,assessor or aerials,0,0,0,0,1,0
788259,1,2025,827,1,0,49,develop,assessor or aerials,0,0,0,0,1,0
788260,1,2025,5744,1,0,49,develop,assessor or aerials,0,0,0,0,1,0
788261,1,2025,703,1,0,49,develop,assessor or aerials,0,0,0,0,1,0
788262,1,2025,703,1,0,49,develop,assessor or aerials,0,0,0,0,1,0
788267,1,2025,5743,1,0,49,develop,assessor or aerials,0,0,0,0,1,0
788270,1,2025,703,1,0,49,develop,assessor or aerials,0,0,0,0,1,0
788277,1,2025,703,1,0,49,develop,assessor or aerials,0,0,0,0,1,0
788278,1,2025,12231,1,0,49,develop,assessor or aerials,0,0,0,0,1,0
788279,1,2025,844,1,0,49,develop,assessor or aerials,0,0,0,0,1,0
788280,1,2025,703,1,0,49,develop,assessor or aerials,0,0,0,0,1,0
788281,1,2025,703,1,0,49,develop,assessor or aerials,0,0,0,0,1,0
788282,1,2025,893,1,0,49,develop,assessor or aerials,0,0,0,0,1,0
788284,1,2025,3518,1,0,49,develop,assessor or aerials,0,0,0,0,1,0
788288,1,2025,703,1,0,49,develop,assessor or aerials,0,0,0,0,1,0
788289,1,2025,5998,1,0,49,develop,assessor or aerials,0,0,0,0,1,0
788291,1,2024,703,1,0,49,develop,assessor or aerials,0,0,0,0,1,0
788303,1,2024,6186,1,0,49,develop,assessor or aerials,0,0,0,0,1,0
788304,1,2025,703,1,0,49,develop,assessor or aerials,0,0,0,0,1,0
788307,1,2025,864,1,0,49,develop,assessor or aerials,0,0,0,0,1,0
788315,1,2025,730,1,0,49,develop,assessor or aerials,0,0,0,0,1,0
788324,4,2024,5803,0,0,49,develop,assessor or aerials,0,0,0,0,1,5803
788326,1,2025,5742,1,0,49,develop,assessor or aerials,0,0,0,0,1,0
788329,1,2025,5742,1,0,49,develop,assessor or aerials,0,0,0,0,1,0
788330,1,2025,5742,1,0,49,develop,assessor or aerials,0,0,0,0,1,0
788334,1,2025,3570,1,0,49,develop,assessor or aerials,0,0,0,0,1,0
788341,1,2024,7551,1,0,49,develop,assessor or aerials,0,0,0,0,1,0
788347,1,2024,2610,1,0,49,develop,assessor or aerials,0,0,0,0,1,0
788350,4,2024,4986,0,0,49,develop,assessor or aerials,0,0,0,0,1,4986
788351,1,2025,11484,1,0,49,develop,assessor or aerials,0,0,0,0,1,0
788352,1,2025,815,1,0,49,develop,assessor or aerials,0,0,0,0,1,0
788358,1,2025,844,1,0,49,develop,assessor or aerials,0,0,0,0,1,0
788360,1,2025,703,1,0,49,develop,assessor or aerials,0,0,0,0,1,0
788362,1,2024,844,1,0,49,develop,assessor or aerials,0,0,0,0,1,0
788363,1,2025,893,1,0,49,develop,assessor or aerials,0,0,0,0,1,0
788366,1,2025,3957,1,0,49,develop,assessor or aerials,0,0,0,0,1,0
788367,1,2025,5252,1,0,49,develop,assessor or aerials,0,0,0,0,1,0
788377,2,2024,2727,1,0,49,develop,assessor or aerials,0,0,0,0,1,0
788382,2,2024,2497,1,0,49,develop,assessor or aerials,0,0,0,0,1,0
788385,1,2025,5039,1,0,49,develop,assessor or aerials,0,0,0,0,1,0
788389,2,2024,2233,1,0,49,develop,assessor or aerials,0,0,0,0,1,0
788391,2,2024,2463,1,0,49,develop,assessor or aerials,0,0,0,0,1,0
788393,1,2025,4478,1,0,49,develop,assessor or aerials,0,0,0,0,1,0
788397,1,2025,14775,1,0,49,develop,assessor or aerials,0,0,0,0,1,0
788398,2,2024,1878,1,0,49,develop,assessor or aerials,0,0,0,0,1,0
788399,2,2024,2357,1,0,49,develop,assessor or aerials,0,0,0,0,1,0
788400,1,2025,5355,1,0,49,develop,assessor or aerials,0,0,0,0,1,0
788402,1,2025,6838,1,0,49,develop,assessor or aerials,0,0,0,0,1,0
788404,1,2025,6165,1,0,49,develop,assessor or aerials,0,0,0,0,1,0
788408,1,2025,8508,1,0,49,develop,assessor or aerials,0,0,0,0,1,0
788409,2,2024,2357,1,0,49,develop,assessor or aerials,0,0,0,0,1,0
788410,1,2025,3957,1,0,49,develop,assessor or aerials,0,0,0,0,1,0
788416,1,2025,6075,1,0,49,develop,assessor or aerials,0,0,0,0,1,0
788418,8,2024,572,0,0,49,develop,assessor or aerials,0,0,0,0,1,572
788424,1,2024,2317,1,0,49,develop,assessor or aerials,0,0,0,0,1,0
788425,8,2024,833,0,0,49,develop,assessor or aerials,0,0,0,0,1,833
788432,1,2025,5566,1,0,49,develop,assessor or aerials,0,0,0,0,1,0
788434,1,2024,3971,1,0,49,develop,assessor or aerials,0,0,0,0,1,0
788438,1,2025,4880,1,0,49,develop,assessor or aerials,0,0,0,0,1,0
788444,1,2025,4897,1,0,49,develop,assessor or aerials,0,0,0,0,1,0
788448,1,2025,5046,1,0,49,develop,assessor or aerials,0,0,0,0,1,0
788449,2,2024,2727,1,0,49,develop,assessor or aerials,0,0,0,0,1,0
788451,1,2024,3982,1,0,49,develop,assessor or aerials,0,0,0,0,1,0
788452,1,2024,7389,1,0,49,develop,assessor or aerials,0,0,0,0,1,0
788454,1,2024,3958,1,0,49,develop,assessor or aerials,0,0,0,0,1,0
788455,1,2025,3957,1,0,49,develop,assessor or aerials,0,0,0,0,1,0
788456,1,2024,8127,1,0,49,develop,assessor or aerials,0,0,0,0,1,0
788466,1,2024,3651,1,0,49,develop,assessor or aerials,0,0,0,0,1,0
788468,1,2024,3518,1,0,49,develop,assessor or aerials,0,0,0,0,1,0
788491,2,2024,2910,1,0,49,develop,assessor or aerials,0,0,0,0,1,0
788494,1,2025,4614,1,0,49,develop,assessor or aerials,0,0,0,0,1,0
788497,1,2024,3656,1,0,49,develop,assessor or aerials,0,0,0,0,1,0
788504,2,2024,2233,1,0,49,develop,assessor or aerials,0,0,0,0,1,0
788509,1,2024,763,1,0,49,develop,assessor or aerials,0,0,0,0,1,0
788517,1,2025,4630,1,0,49,develop,assessor or aerials,0,0,0,0,1,0
788528,1,2025,3518,1,0,49,develop,assessor or aerials,0,0,0,0,1,0
788532,1,2024,1610,1,0,49,develop,assessor or aerials,0,0,0,0,1,0
788533,1,2025,914,1,0,49,develop,assessor or aerials,0,0,0,0,1,0
788537,2,2024,2443,1,0,49,develop,assessor or aerials,0,0,0,0,1,0
788551,8,2024,474,0,0,49,develop,assessor or aerials,0,0,0,0,1,474
788553,1,2025,6203,1,0,49,develop,assessor or aerials,0,0,0,0,1,0
788557,2,2024,2924,1,0,49,develop,assessor or aerials,0,0,0,0,1,0
788565,1,2024,2240,1,0,49,develop,assessor or aerials,0,0,0,0,1,0
788572,1,2024,3632,1,0,49,develop,assessor or aerials,0,0,0,0,1,0
788577,1,2024,2542,1,0,49,develop,assessor or aerials,0,0,0,0,1,0
788582,1,2024,4806,1,0,49,develop,assessor or aerials,0,0,0,0,1,0
788583,1,2025,4749,1,0,49,develop,assessor or aerials,0,0,0,0,1,0
788586,1,2024,2094,1,0,49,develop,assessor or aerials,0,0,0,0,1,0
788591,1,2025,5817,1,0,49,develop,assessor or aerials,0,0,0,0,1,0
788592,1,2024,2980,1,0,49,develop,assessor or aerials,0,0,0,0,1,0
788596,8,2024,309,0,0,49,develop,assessor or aerials,0,0,0,0,1,309
788597,2,2024,2290,1,0,49,develop,assessor or aerials,0,0,0,0,1,0
788598,1,2025,2231,1,0,49,develop,assessor or aerials,0,0,0,0,1,0
788601,2,2024,2233,1,0,49,develop,assessor or aerials,0,0,0,0,1,0
788606,1,2024,2078,1,0,49,develop,assessor or aerials,0,0,0,0,1,0
788608,1,2024,4704,1,0,49,develop,assessor or aerials,0,0,0,0,1,0
788618,1,2024,3309,1,0,49,develop,assessor or aerials,0,0,0,0,1,0
788624,1,2025,4566,1,0,49,develop,assessor or aerials,0,0,0,0,1,0
788629,8,2024,464,0,0,49,develop,assessor or aerials,0,0,0,0,1,464
793087,1,2024,4035,1,0,49,develop,assessor or aerials,0,0,0,0,1,0
794004,1,2025,2093,1,0,49,develop,assessor or aerials,0,0,0,0,1,0
794178,1,2025,9646,1,0,49,develop,assessor or aerials,0,0,0,0,1,0
795513,2,2025,3593,1,0,49,develop,assessor or aerials,0,0,0,0,1,0
795514,2,2025,2895,1,0,49,develop,assessor or aerials,0,0,0,0,1,0
795749,5,2032,698112,0,0,49,develop,assessor or aerials,0,0,0,0,1,698112
796093,1,2025,3921,1,0,49,develop,assessor or aerials,0,0,0,0,1,0
796147,3,2024,5754,0,0,49,develop,assessor or aerials,0,0,0,0,1,5754
796148,3,2024,1311,0,0,49,develop,assessor or aerials,0,0,0,0,1,1311
796149,3,2024,5754,0,0,49,develop,assessor or aerials,0,0,0,0,1,5754
796150,3,2024,1311,0,0,49,develop,assessor or aerials,0,0,0,0,1,1311
796151,3,2024,5754,0,0,49,develop,assessor or aerials,0,0,0,0,1,5754
796152,3,2024,1311,0,0,49,develop,assessor or aerials,0,0,0,0,1,1311
796153,3,2024,1311,0,0,49,develop,assessor or aerials,0,0,0,0,1,1311
796154,3,2024,5754,0,0,49,develop,assessor or aerials,0,0,0,0,1,5754
796155,3,2024,5752,0,0,49,develop,assessor or aerials,0,0,0,0,1,5752
796156,3,2024,1310,0,0,49,develop,assessor or aerials,0,0,0,0,1,1310
796160,3,2024,5752,0,0,49,develop,assessor or aerials,0,0,0,0,1,5752
796161,3,2024,1310,0,0,49,develop,assessor or aerials,0,0,0,0,1,1310
796187,5,2026,76800,0,0,49,develop,assessor or aerials,0,0,0,0,1,76800
796188,2,2026,879,1,0,49,develop,assessor or aerials,0,0,0,0,1,0
796189,2,2026,879,1,0,49,develop,assessor or aerials,0,0,0,0,1,0
796190,2,2026,879,1,0,49,develop,assessor or aerials,0,0,0,0,1,0
796191,2,2026,879,1,0,49,develop,assessor or aerials,0,0,0,0,1,0
796192,2,2026,879,1,0,49,develop,assessor or aerials,0,0,0,0,1,0
796193,2,2026,879,1,0,49,develop,assessor or aerials,0,0,0,0,1,0
796194,2,2026,879,1,0,49,develop,assessor or aerials,0,0,0,0,1,0
796195,2,2026,879,1,0,49,develop,assessor or aerials,0,0,0,0,1,0
796196,2,2026,879,1,0,49,develop,assessor or aerials,0,0,0,0,1,0
796197,2,2026,879,1,0,49,develop,assessor or aerials,0,0,0,0,1,0
796198,2,2026,879,1,0,49,develop,assessor or aerials,0,0,0,0,1,0
796199,2,2026,879,1,0,49,develop,assessor or aerials,0,0,0,0,1,0
796200,2,2026,879,1,0,49,develop,assessor or aerials,0,0,0,0,1,0
796201,2,2026,879,1,0,49,develop,assessor or aerials,0,0,0,0,1,0
796202,2,2026,879,1,0,49,develop,assessor or aerials,0,0,0,0,1,0
796203,2,2026,879,1,0,49,develop,assessor or aerials,0,0,0,0,1,0
796204,2,2026,879,1,0,49,develop,assessor or aerials,0,0,0,0,1,0
796205,2,2026,879,1,0,49,develop,assessor or aerials,0,0,0,0,1,0
796206,2,2026,879,1,0,49,develop,assessor or aerials,0,0,0,0,1,0
796207,2,2026,879,1,0,49,develop,assessor or aerials,0,0,0,0,1,0
796208,2,2026,879,1,0,49,develop,assessor or aerials,0,0,0,0,1,0
796209,2,2026,879,1,0,49,develop,assessor or aerials,0,0,0,0,1,0
796210,2,2026,879,1,0,49,develop,assessor or aerials,0,0,0,0,1,0
796216,2,2026,879,1,0,49,develop,assessor or aerials,0,0,0,0,1,0
796217,2,2026,879,1,0,49,develop,assessor or aerials,0,0,0,0,1,0
796218,2,2026,879,1,0,49,develop,assessor or aerials,0,0,0,0,1,0
796219,2,2026,879,1,0,49,develop,assessor or aerials,0,0,0,0,1,0
796220,2,2026,879,1,0,49,develop,assessor or aerials,0,0,0,0,1,0
796221,2,2026,879,1,0,49,develop,assessor or aerials,0,0,0,0,1,0
796222,2,2026,879,1,0,49,develop,assessor or aerials,0,0,0,0,1,0
796223,2,2026,879,1,0,49,develop,assessor or aerials,0,0,0,0,1,0
796224,2,2026,879,1,0,49,develop,assessor or aerials,0,0,0,0,1,0
796225,2,2026,879,1,0,49,develop,assessor or aerials,0,0,0,0,1,0
796226,2,2026,879,1,0,49,develop,assessor or aerials,0,0,0,0,1,0
796227,2,2026,879,1,0,49,develop,assessor or aerials,0,0,0,0,1,0
796228,2,2026,879,1,0,49,develop,assessor or aerials,0,0,0,0,1,0
796229,2,2026,879,1,0,49,develop,assessor or aerials,0,0,0,0,1,0
796230,2,2026,879,1,0,49,develop,assessor or aerials,0,0,0,0,1,0
796231,2,2026,879,1,0,49,develop,assessor or aerials,0,0,0,0,1,0
796232,2,2026,879,1,0,49,develop,assessor or aerials,0,0,0,0,1,0
796233,2,2026,879,1,0,49,develop,assessor or aerials,0,0,0,0,1,0
796234,2,2026,879,1,0,49,develop,assessor or aerials,0,0,0,0,1,0
796235,2,2026,879,1,0,49,develop,assessor or aerials,0,0,0,0,1,0
796236,2,2026,879,1,0,49,develop,assessor or aerials,0,0,0,0,1,0
796237,2,2026,879,1,0,49,develop,assessor or aerials,0,0,0,0,1,0
796238,2,2026,879,1,0,49,develop,assessor or aerials,0,0,0,0,1,0
796239,2,2026,879,1,0,49,develop,assessor or aerials,0,0,0,0,1,0
796240,2,2026,879,1,0,49,develop,assessor or aerials,0,0,0,0,1,0
796241,2,2026,879,1,0,49,develop,assessor or aerials,0,0,0,0,1,0
796242,2,2026,879,1,0,49,develop,assessor or aerials,0,0,0,0,1,0
796243,2,2026,879,1,0,49,develop,assessor or aerials,0,0,0,0,1,0
796244,2,2026,879,1,0,49,develop,assessor or aerials,0,0,0,0,1,0
796245,2,2026,879,1,0,49,develop,assessor or aerials,0,0,0,0,1,0
796246,2,2026,879,1,0,49,develop,assessor or aerials,0,0,0,0,1,0
796247,2,2026,879,1,0,49,develop,assessor or aerials,0,0,0,0,1,0
796248,2,2026,879,1,0,49,develop,assessor or aerials,0,0,0,0,1,0
796249,2,2026,879,1,0,49,develop,assessor or aerials,0,0,0,0,1,0
796250,2,2026,879,1,0,49,develop,assessor or aerials,0,0,0,0,1,0
796251,2,2026,879,1,0,49,develop,assessor or aerials,0,0,0,0,1,0
796252,2,2026,879,1,0,49,develop,assessor or aerials,0,0,0,0,1,0
796253,2,2026,879,1,0,49,develop,assessor or aerials,0,0,0,0,1,0
796254,2,2026,879,1,0,49,develop,assessor or aerials,0,0,0,0,1,0
796255,2,2026,694,1,0,49,develop,assessor or aerials,0,0,0,0,1,0
796256,2,2026,584,1,0,49,develop,assessor or aerials,0,0,0,0,1,0
796257,2,2026,683,1,0,49,develop,assessor or aerials,0,0,0,0,1,0
796258,2,2026,602,1,0,49,develop,assessor or aerials,0,0,0,0,1,0
796259,2,2026,694,1,0,49,develop,assessor or aerials,0,0,0,0,1,0
796260,2,2026,584,1,0,49,develop,assessor or aerials,0,0,0,0,1,0
796261,2,2026,683,1,0,49,develop,assessor or aerials,0,0,0,0,1,0
796262,2,2026,585,1,0,49,develop,assessor or aerials,0,0,0,0,1,0
796263,2,2026,683,1,0,49,develop,assessor or aerials,0,0,0,0,1,0
796264,2,2026,602,1,0,49,develop,assessor or aerials,0,0,0,0,1,0
796265,2,2026,694,1,0,49,develop,assessor or aerials,0,0,0,0,1,0
796266,2,2026,584,1,0,49,develop,assessor or aerials,0,0,0,0,1,0
796267,2,2026,683,1,0,49,develop,assessor or aerials,0,0,0,0,1,0
796268,2,2026,602,1,0,49,develop,assessor or aerials,0,0,0,0,1,0
796269,2,2026,694,1,0,49,develop,assessor or aerials,0,0,0,0,1,0
796270,2,2026,584,1,0,49,develop,assessor or aerials,0,0,0,0,1,0
796271,2,2026,683,1,0,49,develop,assessor or aerials,0,0,0,0,1,0
796272,2,2026,602,1,0,49,develop,assessor or aerials,0,0,0,0,1,0
796273,2,2026,694,1,0,49,develop,assessor or aerials,0,0,0,0,1,0
796274,2,2026,584,1,0,49,develop,assessor or aerials,0,0,0,0,1,0
796275,2,2026,683,1,0,49,develop,assessor or aerials,0,0,0,0,1,0
796276,2,2026,602,1,0,49,develop,assessor or aerials,0,0,0,0,1,0
796277,2,2026,683,1,0,49,develop,assessor or aerials,0,0,0,0,1,0
796278,2,2026,602,1,0,49,develop,assessor or aerials,0,0,0,0,1,0
796279,2,2026,694,1,0,49,develop,assessor or aerials,0,0,0,0,1,0
796280,2,2026,694,1,0,49,develop,assessor or aerials,0,0,0,0,1,0
796281,2,2026,584,1,0,49,develop,assessor or aerials,0,0,0,0,1,0
796282,2,2026,585,1,0,49,develop,assessor or aerials,0,0,0,0,1,0
796283,2,2026,683,1,0,49,develop,assessor or aerials,0,0,0,0,1,0
796284,2,2026,602,1,0,49,develop,assessor or aerials,0,0,0,0,1,0
796285,2,2026,694,1,0,49,develop,assessor or aerials,0,0,0,0,1,0
796286,2,2026,585,1,0,49,develop,assessor or aerials,0,0,0,0,1,0
796287,2,2026,683,1,0,49,develop,assessor or aerials,0,0,0,0,1,0
796288,2,2026,602,1,0,49,develop,assessor or aerials,0,0,0,0,1,0
796289,2,2026,694,1,0,49,develop,assessor or aerials,0,0,0,0,1,0
796290,2,2026,683,1,0,49,develop,assessor or aerials,0,0,0,0,1,0
796291,2,2026,602,1,0,49,develop,assessor or aerials,0,0,0,0,1,0
796292,2,2026,694,1,0,49,develop,assessor or aerials,0,0,0,0,1,0
796293,2,2026,584,1,0,49,develop,assessor or aerials,0,0,0,0,1,0
796294,2,2026,683,1,0,49,develop,assessor or aerials,0,0,0,0,1,0
796295,2,2026,602,1,0,49,develop,assessor or aerials,0,0,0,0,1,0
796296,2,2026,694,1,0,49,develop,assessor or aerials,0,0,0,0,1,0
796297,2,2026,585,1,0,49,develop,assessor or aerials,0,0,0,0,1,0
796298,2,2026,602,1,0,49,develop,assessor or aerials,0,0,0,0,1,0
796299,2,2026,694,1,0,49,develop,assessor or aerials,0,0,0,0,1,0
796300,2,2026,584,1,0,49,develop,assessor or aerials,0,0,0,0,1,0
796301,2,2026,683,1,0,49,develop,assessor or aerials,0,0,0,0,1,0
796302,2,2026,602,1,0,49,develop,assessor or aerials,0,0,0,0,1,0
796303,2,2026,694,1,0,49,develop,assessor or aerials,0,0,0,0,1,0
796304,2,2026,584,1,0,49,develop,assessor or aerials,0,0,0,0,1,0
796305,2,2026,683,1,0,49,develop,assessor or aerials,0,0,0,0,1,0
796306,2,2026,602,1,0,49,develop,assessor or aerials,0,0,0,0,1,0
796307,2,2026,694,1,0,49,develop,assessor or aerials,0,0,0,0,1,0
796308,2,2026,584,1,0,49,develop,assessor or aerials,0,0,0,0,1,0
796309,2,2026,602,1,0,49,develop,assessor or aerials,0,0,0,0,1,0
796310,2,2026,694,1,0,49,develop,assessor or aerials,0,0,0,0,1,0
796311,2,2026,584,1,0,49,develop,assessor or aerials,0,0,0,0,1,0
796312,2,2026,683,1,0,49,develop,assessor or aerials,0,0,0,0,1,0
796313,2,2026,602,1,0,49,develop,assessor or aerials,0,0,0,0,1,0
796314,2,2026,694,1,0,49,develop,assessor or aerials,0,0,0,0,1,0
796315,2,2026,584,1,0,49,develop,assessor or aerials,0,0,0,0,1,0
796316,2,2026,683,1,0,49,develop,assessor or aerials,0,0,0,0,1,0
796317,2,2026,602,1,0,49,develop,assessor or aerials,0,0,0,0,1,0
796318,2,2026,683,1,0,49,develop,assessor or aerials,0,0,0,0,1,0
796333,3,2025,10200,0,0,49,develop,assessor or aerials,0,0,0,0,1,10200
796427,1,2025,2430,1,0,49,develop,assessor or aerials,0,0,0,0,1,0
797027,3,2024,212000,0,0,49,develop,assessor or aerials,0,0,0,0,1,212000
797034,5,2024,4457,0,0,49,develop,assessor or aerials,0,0,0,0,1,4457
797035,5,2024,2692,0,0,49,develop,assessor or aerials,0,0,0,0,1,2692
797036,5,2024,2305,0,0,49,develop,assessor or aerials,0,0,0,0,1,2305
797039,5,2024,3201,0,0,49,develop,assessor or aerials,0,0,0,0,1,3201
797040,5,2024,2493,0,0,49,develop,assessor or aerials,0,0,0,0,1,2493
797041,5,2024,1869,0,0,49,develop,assessor or aerials,0,0,0,0,1,1869
797042,5,2024,1355,0,0,49,develop,assessor or aerials,0,0,0,0,1,1355
797043,5,2024,9182,0,0,49,develop,assessor or aerials,0,0,0,0,1,9182
797135,1,2026,3534,1,0,49,develop,assessor or aerials,0,0,0,0,1,0
800466,1,2025,3628,1,0,49,develop,assessor or aerials,0,0,0,0,1,0
800682,1,2025,2470,1,0,49,develop,assessor or aerials,0,0,0,0,1,0
800789,1,2025,25940,1,0,49,develop,assessor or aerials,0,0,0,0,1,0
800791,1,2025,25330,1,0,49,develop,assessor or aerials,0,0,0,0,1,0
801443,1,2024,11491,1,0,49,develop,assessor or aerials,0,0,0,0,1,0
801444,1,2024,11491,1,0,49,develop,assessor or aerials,0,0,0,0,1,0
51937,2,2024,481600,301,0,,develop,pipeline,0,0,0,0,2,0
52165,2,2024,106800,89,0,,develop,pipeline,0,0,0,0,2,0
31399,2,2025,160000,100,0,,develop,pipeline,0,0,0,0,3,0
56474,2,2025,400000,329,0,,develop,pipeline,0,0,0,0,6,0
26803,5,2027,587000,0,2250,,develop,pipeline,0,0,0,0,1,587000
475395,2,2024,0,505,0,,develop,pipeline,0,0,0,0,6,0
26790,2,2025,50000,60,0,,develop,pipeline,0,0,0,0,1,0
26791,2,2025,50000,67,0,,develop,pipeline,0,0,0,0,1,0
492239,5,2024,280000,0,1000,,develop,pipeline,0,0,0,0,1,280000
492239,5,2026,55041,0,197,,develop,pipeline,0,0,0,0,1,55041
492239,5,2026,54545,0,195,,develop,pipeline,0,0,0,0,1,54545
492239,5,2026,45124,0,161,,develop,pipeline,0,0,0,0,1,45124
492239,5,2028,43636,0,156,,develop,pipeline,0,0,0,0,1,43636
492239,5,2028,122975,0,439,,develop,pipeline,0,0,0,0,1,122975
492239,5,2030,98678,0,352,,develop,pipeline,0,0,0,0,1,98678
492239,5,2032,143831,0,514,,develop,pipeline,0,0,0,0,1,143831
492239,5,2035,193370,0,691,,develop,pipeline,0,0,0,0,1,193370
492239,5,2037,87293,0,312,,develop,pipeline,0,0,0,0,1,87293
492239,5,2037,77716,0,278,,develop,pipeline,0,0,0,0,1,77716
492239,5,2039,82689,0,295,,develop,pipeline,0,0,0,0,1,82689
408482,5,2039,11786,0,42,,develop,pipeline,0,0,0,0,1,11786
492239,5,2041,86556,0,309,,develop,pipeline,0,0,0,0,1,86556
22160,5,2041,16759,0,60,,develop,pipeline,0,0,0,0,1,16759
69251,1,2024,236500,108,0,,develop,pipeline,0,0,0,0,2,0
69251,2,2024,303000,253,0,,develop,pipeline,0,0,0,0,5,0
69251,4,2024,37500,0,100,,develop,pipeline,0,0,0,0,1,37500
69251,5,2024,159750,0,252,,develop,pipeline,0,0,0,0,1,159750
69251,1,2025,236500,108,0,,develop,pipeline,0,0,0,0,2,0
69251,2,2025,303000,253,0,,develop,pipeline,0,0,0,0,5,0
69251,4,2025,37500,0,100,,develop,pipeline,0,0,0,0,1,37500
69251,5,2025,159750,0,252,,develop,pipeline,0,0,0,0,1,159750
69251,1,2026,236500,108,0,,develop,pipeline,0,0,0,0,2,0
69251,2,2026,303000,253,0,,develop,pipeline,0,0,0,0,5,0
69251,4,2026,37500,0,100,,develop,pipeline,0,0,0,0,1,37500
69251,5,2026,159750,0,252,,develop,pipeline,0,0,0,0,1,159750
69251,1,2027,236500,108,0,,develop,pipeline,0,0,0,0,2,0
69251,2,2027,303000,253,0,,develop,pipeline,0,0,0,0,5,0
69251,4,2027,37500,0,100,,develop,pipeline,0,0,0,0,1,37500
69251,5,2027,159750,0,252,,develop,pipeline,0,0,0,0,1,159750
69252,1,2028,250800,114,0,,develop,pipeline,0,0,0,0,2,0
69252,2,2028,319200,266,0,,develop,pipeline,0,0,0,0,5,0
69252,4,2028,34000,0,91,,develop,pipeline,0,0,0,0,1,34000
69252,5,2028,139600,0,221,,develop,pipeline,0,0,0,0,1,139600
69252,1,2029,250800,114,0,,develop,pipeline,0,0,0,0,2,0
69252,2,2029,319200,266,0,,develop,pipeline,0,0,0,0,5,0
69252,4,2029,34000,0,91,,develop,pipeline,0,0,0,0,1,34000
69252,5,2029,139600,0,221,,develop,pipeline,0,0,0,0,1,139600
69252,1,2030,250800,114,0,,develop,pipeline,0,0,0,0,2,0
69252,2,2030,319200,266,0,,develop,pipeline,0,0,0,0,5,0
69252,4,2030,34000,0,91,,develop,pipeline,0,0,0,0,1,34000
69252,5,2030,139600,0,221,,develop,pipeline,0,0,0,0,1,139600
69252,1,2031,250800,114,0,,develop,pipeline,0,0,0,0,2,0
69252,2,2031,319200,266,0,,develop,pipeline,0,0,0,0,5,0
69252,4,2031,34000,0,91,,develop,pipeline,0,0,0,0,1,34000
69252,5,2031,139600,0,221,,develop,pipeline,0,0,0,0,1,139600
69252,1,2032,250800,114,0,,develop,pipeline,0,0,0,0,2,0
69252,2,2032,319200,266,0,,develop,pipeline,0,0,0,0,5,0
69252,4,2032,34000,0,91,,develop,pipeline,0,0,0,0,1,34000
69252,5,2032,139600,0,221,,develop,pipeline,0,0,0,0,1,139600
69253,1,2033,237600,108,0,,develop,pipeline,0,0,0,0,2,0
69253,2,2033,300000,250,0,,develop,pipeline,0,0,0,0,5,0
69253,4,2033,11800,0,32,,develop,pipeline,0,0,0,0,1,11800
69253,5,2033,11400,0,18,,develop,pipeline,0,0,0,0,1,11400
69253,1,2034,237600,108,0,,develop,pipeline,0,0,0,0,2,0
69253,2,2034,300000,250,0,,develop,pipeline,0,0,0,0,5,0
69253,4,2034,11800,0,32,,develop,pipeline,0,0,0,0,1,11800
69253,5,2034,11400,0,18,,develop,pipeline,0,0,0,0,1,11400
69253,1,2035,237600,108,0,,develop,pipeline,0,0,0,0,2,0
69253,2,2035,300000,250,0,,develop,pipeline,0,0,0,0,5,0
69253,4,2035,11800,0,32,,develop,pipeline,0,0,0,0,1,11800
69253,5,2035,11400,0,18,,develop,pipeline,0,0,0,0,1,11400
69253,1,2036,237600,108,0,,develop,pipeline,0,0,0,0,2,0
69253,2,2036,300000,250,0,,develop,pipeline,0,0,0,0,5,0
69253,4,2036,11800,0,32,,develop,pipeline,0,0,0,0,1,11800
69253,5,2036,11400,0,18,,develop,pipeline,0,0,0,0,1,11400
69253,1,2037,237600,108,0,,develop,pipeline,0,0,0,0,2,0
69253,2,2037,300000,250,0,,develop,pipeline,0,0,0,0,5,0
69253,4,2037,11800,0,32,,develop,pipeline,0,0,0,0,1,11800
69253,5,2037,11400,0,18,,develop,pipeline,0,0,0,0,1,11400
3118,1,2038,158400,72,0,,develop,pipeline,0,0,0,0,2,0
3118,2,2038,201600,168,0,,develop,pipeline,0,0,0,0,5,0
3118,1,2039,158400,72,0,,develop,pipeline,0,0,0,0,2,0
3118,2,2039,201600,168,0,,develop,pipeline,0,0,0,0,5,0
3118,1,2040,158400,72,0,,develop,pipeline,0,0,0,0,2,0
3118,2,2040,201600,168,0,,develop,pipeline,0,0,0,0,5,0
3118,1,2041,158400,72,0,,develop,pipeline,0,0,0,0,2,0
3118,2,2041,201600,168,0,,develop,pipeline,0,0,0,0,5,0
3118,1,2042,158400,70,0,,develop,pipeline,0,0,0,0,2,0
3118,2,2042,201600,166,0,,develop,pipeline,0,0,0,0,5,0
28434,0,2026,0,0,0,,demolition,pipeline,0,0,0,0,3,0
32145,6,2025,505879,0,250,,redevelop,pipeline,0,0,0,0,0,505879
489552,6,2028,148250,0,99,,develop,pipeline,0,0,0,0,1,148250
489552,6,2033,148250,0,99,,develop,pipeline,0,0,0,0,1,148250
489552,6,2038,148250,0,99,,develop,pipeline,0,0,0,0,1,148250
489552,6,2045,148250,0,99,,develop,pipeline,0,0,0,0,1,148250
10626,6,2028,50002,0,30,,develop,pipeline,0,0,0,0,0,50002
10624,6,2027,50003,0,30,,develop,pipeline,0,0,0,0,0,50003
69255,2,2027,592000,370,0,,develop,pipeline,0,0,0,0,1,0
69257,2,2028,592000,370,0,,develop,pipeline,0,0,0,0,1,0
69257,2,2030,592000,370,0,,develop,pipeline,0,0,0,0,1,0
69254,2,2031,592000,370,0,,develop,pipeline,0,0,0,0,1,0
69257,2,2032,592000,370,0,,develop,pipeline,0,0,0,0,1,0
69254,2,2033,592000,370,0,,develop,pipeline,0,0,0,0,1,0
69258,2,2034,592000,370,0,,develop,pipeline,0,0,0,0,1,0
69254,2,2035,592000,370,0,,develop,pipeline,0,0,0,0,1,0
69258,2,2036,592000,370,0,,develop,pipeline,0,0,0,0,1,0
69254,2,2037,592000,370,0,,develop,pipeline,0,0,0,0,1,0
69258,2,2038,592000,370,0,,develop,pipeline,0,0,0,0,1,0
69254,2,2039,592000,370,0,,develop,pipeline,0,0,0,0,1,0
69254,2,2040,592000,370,0,,develop,pipeline,0,0,0,0,1,0
69254,2,2041,592000,370,0,,develop,pipeline,0,0,0,0,1,0
69254,2,2042,592000,370,0,,develop,pipeline,0,0,0,0,1,0
69254,2,2043,592000,370,0,,develop,pipeline,0,0,0,0,1,0
69254,2,2044,592000,370,0,,develop,pipeline,0,0,0,0,1,0
69254,2,2045,592000,370,0,,develop,pipeline,0,0,0,0,1,0
30736,2,2046,592000,370,0,,develop,pipeline,0,0,0,0,1,0
44848,2,2047,592000,370,0,,develop,pipeline,0,0,0,0,1,0
69254,4,2030,5000,0,27,,develop,pipeline,0,0,0,0,1,5000
69254,4,2032,5000,0,27,,develop,pipeline,0,0,0,0,1,5000
69254,4,2037,5000,0,27,,develop,pipeline,0,0,0,0,1,5000
69255,4,2027,10800,0,27,,develop,pipeline,0,0,0,0,1,10800
69255,4,2028,10800,0,27,,develop,pipeline,0,0,0,0,1,10800
69255,4,2029,10800,0,27,,develop,pipeline,0,0,0,0,1,10800
69255,4,2031,10800,0,27,,develop,pipeline,0,0,0,0,1,10800
69255,4,2032,10800,0,27,,develop,pipeline,0,0,0,0,1,10800
69255,4,2033,10800,0,27,,develop,pipeline,0,0,0,0,1,10800
69255,4,2034,10800,0,27,,develop,pipeline,0,0,0,0,1,10800
69255,4,2035,10800,0,27,,develop,pipeline,0,0,0,0,1,10800
69255,4,2036,10800,0,27,,develop,pipeline,0,0,0,0,1,10800
69255,4,2037,10800,0,27,,develop,pipeline,0,0,0,0,1,10800
69255,4,2038,10800,0,27,,develop,pipeline,0,0,0,0,1,10800
69257,4,2035,10800,0,27,,develop,pipeline,0,0,0,0,1,10800
69258,4,2027,10800,0,27,,develop,pipeline,0,0,0,0,1,10800
69258,4,2028,10800,0,27,,develop,pipeline,0,0,0,0,1,10800
69258,4,2029,10800,0,27,,develop,pipeline,0,0,0,0,1,10800
69258,4,2030,10800,0,27,,develop,pipeline,0,0,0,0,1,10800
69258,4,2031,10800,0,27,,develop,pipeline,0,0,0,0,1,10800
69258,4,2033,10800,0,27,,develop,pipeline,0,0,0,0,1,10800
69258,4,2034,10800,0,27,,develop,pipeline,0,0,0,0,1,10800
69258,4,2036,10800,0,27,,develop,pipeline,0,0,0,0,1,10800
69258,4,2038,10800,0,27,,develop,pipeline,0,0,0,0,1,10800
69255,4,2045,21600,0,54,,develop,pipeline,0,0,0,0,1,21600
69255,4,2048,21600,0,54,,develop,pipeline,0,0,0,0,1,21600
69255,4,2051,21600,0,54,,develop,pipeline,0,0,0,0,1,21600
69255,4,2052,21600,0,54,,develop,pipeline,0,0,0,0,1,21600
69257,4,2039,21600,0,54,,develop,pipeline,0,0,0,0,1,21600
69257,4,2041,21600,0,54,,develop,pipeline,0,0,0,0,1,21600
69257,4,2043,21600,0,54,,develop,pipeline,0,0,0,0,1,21600
69257,4,2044,21600,0,54,,develop,pipeline,0,0,0,0,1,21600
69257,4,2046,21600,0,54,,develop,pipeline,0,0,0,0,1,21600
69257,4,2049,21600,0,54,,develop,pipeline,0,0,0,0,1,21600
69257,4,2050,21600,0,54,,develop,pipeline,0,0,0,0,1,21600
69258,4,2040,21600,0,54,,develop,pipeline,0,0,0,0,1,21600
69258,4,2042,21600,0,54,,develop,pipeline,0,0,0,0,1,21600
69258,4,2047,21600,0,54,,develop,pipeline,0,0,0,0,1,21600
69255,5,2027,150000,0,500,,develop,pipeline,0,0,0,0,1,150000
69255,5,2028,150000,0,500,,develop,pipeline,0,0,0,0,1,150000
69255,5,2029,150000,0,500,,develop,pipeline,0,0,0,0,1,150000
69255,5,2030,150000,0,500,,develop,pipeline,0,0,0,0,1,150000
69255,5,2031,150000,0,500,,develop,pipeline,0,0,0,0,1,150000
69255,5,2032,150000,0,500,,develop,pipeline,0,0,0,0,1,150000
69255,5,2033,150000,0,500,,develop,pipeline,0,0,0,0,1,150000
69255,5,2034,150000,0,500,,develop,pipeline,0,0,0,0,1,150000
69255,5,2035,150000,0,500,,develop,pipeline,0,0,0,0,1,150000
69255,5,2036,150000,0,500,,develop,pipeline,0,0,0,0,1,150000
69255,5,2037,150000,0,500,,develop,pipeline,0,0,0,0,1,150000
69255,5,2038,150000,0,500,,develop,pipeline,0,0,0,0,1,150000
69257,5,2035,150000,0,500,,develop,pipeline,0,0,0,0,1,150000
69257,5,2037,150000,0,500,,develop,pipeline,0,0,0,0,1,150000
69258,5,2027,150000,0,500,,develop,pipeline,0,0,0,0,1,150000
69258,5,2028,150000,0,500,,develop,pipeline,0,0,0,0,1,150000
69258,5,2029,150000,0,500,,develop,pipeline,0,0,0,0,1,150000
69258,5,2030,150000,0,500,,develop,pipeline,0,0,0,0,1,150000
69258,5,2031,150000,0,500,,develop,pipeline,0,0,0,0,1,150000
69258,5,2032,150000,0,500,,develop,pipeline,0,0,0,0,1,150000
69258,5,2033,150000,0,500,,develop,pipeline,0,0,0,0,1,150000
69258,5,2034,150000,0,500,,develop,pipeline,0,0,0,0,1,150000
69258,5,2036,150000,0,500,,develop,pipeline,0,0,0,0,1,150000
69258,5,2038,150000,0,500,,develop,pipeline,0,0,0,0,1,150000
69255,5,2045,300000,0,1000,,develop,pipeline,0,0,0,0,1,300000
69255,5,2048,300000,0,1000,,develop,pipeline,0,0,0,0,1,300000
69255,5,2051,300000,0,1000,,develop,pipeline,0,0,0,0,1,300000
69255,5,2052,300000,0,1000,,develop,pipeline,0,0,0,0,1,300000
69257,5,2039,300000,0,1000,,develop,pipeline,0,0,0,0,1,300000
69257,5,2041,300000,0,1000,,develop,pipeline,0,0,0,0,1,300000
69257,5,2043,300000,0,1000,,develop,pipeline,0,0,0,0,1,300000
69257,5,2044,300000,0,1000,,develop,pipeline,0,0,0,0,1,300000
69257,5,2046,300000,0,1000,,develop,pipeline,0,0,0,0,1,300000
69257,5,2049,300000,0,1000,,develop,pipeline,0,0,0,0,1,300000
69257,5,2050,300000,0,1000,,develop,pipeline,0,0,0,0,1,300000
69258,5,2040,300000,0,1000,,develop,pipeline,0,0,0,0,1,300000
69258,5,2042,300000,0,1000,,develop,pipeline,0,0,0,0,1,300000
69258,5,2047,300000,0,1000,,develop,pipeline,0,0,0,0,1,300000
69255,0,2024,0,0,0,,demo_nodev,pipeline,0,0,0,0,0,0
69257,0,2024,0,0,0,,demo_nodev,pipeline,0,0,0,0,0,0
491021,2,2028,40000,25,0,,develop,pipeline,0,0,0,0,2,0
491021,2,2028,100000,72,0,,develop,pipeline,0,0,0,0,6,0
491021,2,2030,100000,72,0,,develop,pipeline,0,0,0,0,6,0
491021,5,2027,10000,0,16,,develop,pipeline,0,0,0,0,0,10000
491021,5,2028,40000,0,63,,develop,pipeline,0,0,0,0,0,40000
491021,5,2030,40000,0,63,,develop,pipeline,0,0,0,0,0,40000
491021,5,2032,40000,0,63,,develop,pipeline,0,0,0,0,0,40000
491021,4,2027,50000,0,133,,develop,pipeline,0,0,0,0,0,50000
491021,4,2028,80000,0,213,,develop,pipeline,0,0,0,0,0,80000
491021,4,2030,80000,0,213,,develop,pipeline,0,0,0,0,0,80000
491021,4,2032,80000,0,213,,develop,pipeline,0,0,0,0,0,80000
491021,8,2027,30000,0,100,,develop,pipeline,0,0,0,0,0,30000
491021,8,2028,30000,0,100,,develop,pipeline,0,0,0,0,0,30000
491021,8,2030,30000,0,100,,develop,pipeline,0,0,0,0,0,30000
491021,8,2032,30000,0,100,,develop,pipeline,0,0,0,0,0,30000
475429,2,2024,170000,149,0,,develop,pipeline,0,0,0,0,5,0
721979,2,2031,400000,400,0,,redevelop,pipeline,0,0,0,0,1,0
721979,2,2032,400000,400,0,,develop,pipeline,0,0,0,0,1,0
721979,2,2033,400000,400,0,,develop,pipeline,0,0,0,0,1,0
721979,2,2034,400000,400,0,,develop,pipeline,0,0,0,0,1,0
23047,1,2024,26000,13,0,,develop,pipeline,0,0,0,0,2,0
22831,1,2024,48000,14,0,,develop,pipeline,0,0,0,0,2,0
22831,2,2024,33600,24,0,,develop,pipeline,0,0,0,0,2,0
23080,2,2025,180000,113,0,,develop,pipeline,0,0,0,0,5,0
23111,2,2024,4000,2,0,,develop,pipeline,0,0,0,0,2,0
75398,2,2027,16800,48,0,,develop,pipeline,0,0,0,0,2,0
19318,2,2027,200000,240,0,,redevelop,pipeline,0,0,0,0,6,0
356444,1,2024,4600,2,0,,develop,pipeline,0,0,0,0,2,0
22918,1,2025,5000,2,0,,develop,pipeline,0,0,0,0,3,0
22950,2,2025,105000,100,0,,develop,pipeline,0,0,0,0,5,0
19523,2,2024,160000,152,0,,redevelop,pipeline,0,0,0,0,5,0
21050,2,2028,49000,49,0,,develop,pipeline,0,0,0,0,3,0
21044,2,2028,50000,25,0,,develop,pipeline,0,0,0,0,3,0
21047,2,2027,32000,30,0,,develop,pipeline,0,0,0,0,3,0
15039,2,2028,310000,354,0,,develop,pipeline,0,0,0,0,6,0
18398,2,2025,60000,50,0,,redevelop,pipeline,0,0,0,0,4,0
317548,2,2025,10000,8,0,,redevelop,pipeline,0,0,0,0,2,0
21372,2,2024,41000,26,0,,develop,pipeline,0,0,0,0,3,0
18477,2,2025,30000,28,0,,redevelop,pipeline,0,0,0,0,3,0
21640,2,2028,22000,21,0,,develop,pipeline,0,0,0,0,3,0
21549,1,2025,22500,9,0,,develop,pipeline,0,0,0,0,2,0
15012,2,2025,40000,48,0,,develop,pipeline,0,0,0,0,4,0
584382,8,2027,30000,0,60,,redevelop,pipeline,0,0,0,0,1,30000
584382,6,2032,66000,0,190,,redevelop,pipeline,0,0,0,0,1,66000
584382,8,2042,166000,0,270,,redevelop,pipeline,0,0,0,0,1,166000
565597,6,2038,80000,0,100,,redevelop,pipeline,0,0,0,0,1,80000
565597,6,2045,210000,0,300,,redevelop,pipeline,0,0,0,0,1,210000
651600,8,2024,28569,0,95,,develop,pipeline,0,0,0,0,1,28569
527950,6,2040,150000,0,300,,develop,pipeline,0,0,0,0,1,150000
538207,6,2048,150000,0,150,,develop,pipeline,0,0,0,0,1,150000
782338,2,2024,0,50,0,,develop,pipeline,0,0,0,0,1,0
583180,6,2029,150000,0,300,,develop,pipeline,0,0,0,0,1,150000
601907,7,2024,63000,56,19,,develop,pipeline,0,0,0,0,1,63000
542275,2,2024,20000,20,0,,redevelop,pipeline,0,0,0,0,1,0
531463,6,2047,80000,0,80,,redevelop,pipeline,0,0,0,0,1,80000
722062,2,2024,52000,52,0,,develop,pipeline,0,0,0,0,1,0
775635,2,2024,66500,50,0,,develop,pipeline,0,0,0,0,1,0
630654,7,2024,60000,52,22,,develop,pipeline,0,0,0,0,1,60000
784889,3,2031,800000,0,802,,redevelop,pipeline,0,0,0,0,1,800000
784889,3,2041,1000000,0,1141,,redevelop,pipeline,0,0,0,0,1,1000000
775635,5,2025,153000,0,242,,develop,pipeline,0,0,0,0,1,153000
775635,2,2025,187000,85,0,,develop,pipeline,0,0,0,0,1,0
648422,7,2024,170000,148,46,,develop,pipeline,0,0,0,0,1,170000
751671,2,2024,72000,72,0,,develop,pipeline,0,0,0,0,1,0
505081,6,2033,19000,0,40,,develop,pipeline,0,0,0,0,1,19000
505084,6,2033,19000,0,40,,develop,pipeline,0,0,0,0,1,19000
505084,6,2033,19000,0,40,,develop,pipeline,0,0,0,0,1,19000
800844,6,2033,19000,0,40,,develop,pipeline,0,0,0,0,1,19000
505083,6,2033,19000,0,40,,develop,pipeline,0,0,0,0,1,19000
505086,6,2033,19000,0,40,,develop,pipeline,0,0,0,0,1,19000
505086,6,2033,19000,0,40,,develop,pipeline,0,0,0,0,1,19000
505095,6,2033,19000,0,40,,develop,pipeline,0,0,0,0,1,19000
528138,6,2049,40000,0,40,,develop,pipeline,0,0,0,0,1,40000
791739,6,2049,40000,0,40,,develop,pipeline,0,0,0,0,1,40000
513891,6,2048,40000,0,40,,develop,pipeline,0,0,0,0,1,40000
513892,6,2048,40000,0,40,,develop,pipeline,0,0,0,0,1,40000
515449,6,2046,40000,0,40,,develop,pipeline,0,0,0,0,1,40000
515450,6,2046,40000,0,40,,develop,pipeline,0,0,0,0,1,40000
507796,6,2049,40000,0,40,,develop,pipeline,0,0,0,0,1,40000
507797,6,2049,40000,0,40,,develop,pipeline,0,0,0,0,1,40000
529980,6,2030,40000,0,40,,develop,pipeline,0,0,0,0,1,40000
529981,6,2030,40000,0,40,,develop,pipeline,0,0,0,0,1,40000
527058,6,2049,40000,0,40,,develop,pipeline,0,0,0,0,1,40000
527059,6,2049,40000,0,40,,develop,pipeline,0,0,0,0,1,40000
795419,6,2036,40000,0,40,,develop,pipeline,0,0,0,0,1,40000
795419,6,2036,40000,0,40,,develop,pipeline,0,0,0,0,1,40000
496480,6,2038,40000,0,40,,develop,pipeline,0,0,0,0,1,40000
496484,6,2038,40000,0,40,,develop,pipeline,0,0,0,0,1,40000
496483,6,2038,40000,0,40,,develop,pipeline,0,0,0,0,1,40000
496485,6,2038,40000,0,40,,develop,pipeline,0,0,0,0,1,40000
512444,6,2033,22000,0,40,,develop,pipeline,0,0,0,0,1,22000
512447,6,2033,22000,0,40,,develop,pipeline,0,0,0,0,1,22000
512446,6,2033,22000,0,40,,develop,pipeline,0,0,0,0,1,22000
512449,6,2033,22000,0,40,,develop,pipeline,0,0,0,0,1,22000
512451,6,2033,22000,0,40,,develop,pipeline,0,0,0,0,1,22000
512453,6,2033,22000,0,40,,develop,pipeline,0,0,0,0,1,22000
512455,6,2033,22000,0,40,,develop,pipeline,0,0,0,0,1,22000
505025,6,2048,40000,0,40,,develop,pipeline,0,0,0,0,1,40000
505026,6,2048,40000,0,40,,develop,pipeline,0,0,0,0,1,40000
500939,6,2046,40000,0,40,,develop,pipeline,0,0,0,0,1,40000
500940,6,2046,40000,0,40,,develop,pipeline,0,0,0,0,1,40000
493114,6,2029,40000,0,40,,develop,pipeline,0,0,0,0,1,40000
493115,6,2029,40000,0,40,,develop,pipeline,0,0,0,0,1,40000
688175,6,2030,40000,0,40,,develop,pipeline,0,0,0,0,1,40000
597510,6,2042,40000,0,40,,develop,pipeline,0,0,0,0,1,40000
597510,6,2042,40000,0,40,,develop,pipeline,0,0,0,0,1,40000
500545,6,2033,40000,0,40,,develop,pipeline,0,0,0,0,1,40000
500546,6,2033,40000,0,40,,develop,pipeline,0,0,0,0,1,40000
500734,6,2042,40000,0,40,,develop,pipeline,0,0,0,0,1,40000
500734,6,2042,40000,0,40,,develop,pipeline,0,0,0,0,1,40000
528160,6,2029,40000,0,40,,develop,pipeline,0,0,0,0,1,40000
528160,6,2029,40000,0,40,,develop,pipeline,0,0,0,0,1,40000
492769,6,2041,80000,0,120,,develop,pipeline,0,0,0,0,1,80000
505368,6,2034,40000,0,40,,develop,pipeline,0,0,0,0,1,40000
505368,6,2034,40000,0,40,,develop,pipeline,0,0,0,0,1,40000
525426,6,2034,40000,0,40,,develop,pipeline,0,0,0,0,1,40000
511679,6,2034,40000,0,40,,develop,pipeline,0,0,0,0,1,40000
585849,6,2047,80000,0,80,,develop,pipeline,0,0,0,0,1,80000
528780,6,2032,40000,0,40,,develop,pipeline,0,0,0,0,1,40000
797833,6,2032,40000,0,40,,develop,pipeline,0,0,0,0,1,40000
515607,6,2039,80000,0,80,,develop,pipeline,0,0,0,0,1,80000
511616,6,2042,22000,0,42,,develop,pipeline,0,0,0,0,1,22000
524329,6,2042,22000,0,42,,develop,pipeline,0,0,0,0,1,22000
524330,6,2042,22000,0,42,,develop,pipeline,0,0,0,0,1,22000
524331,6,2042,22000,0,42,,develop,pipeline,0,0,0,0,1,22000
726959,6,2045,80000,0,80,,develop,pipeline,0,0,0,0,1,80000
713682,6,2043,80000,0,80,,develop,pipeline,0,0,0,0,1,80000
493898,6,2042,22000,0,42,,develop,pipeline,0,0,0,0,1,22000
493899,6,2042,22000,0,42,,develop,pipeline,0,0,0,0,1,22000
493900,6,2042,22000,0,42,,develop,pipeline,0,0,0,0,1,22000
661817,6,2043,80000,0,80,,develop,pipeline,0,0,0,0,1,80000
504823,6,2046,80000,0,80,,develop,pipeline,0,0,0,0,1,80000
800934,6,2038,100000,0,100,,develop,pipeline,0,0,0,0,1,100000
618690,6,2043,80000,0,80,,develop,pipeline,0,0,0,0,1,80000
493494,6,2030,40000,0,40,,develop,pipeline,0,0,0,0,1,40000
530342,6,2046,40000,0,40,,develop,pipeline,0,0,0,0,1,40000
530343,6,2046,40000,0,40,,develop,pipeline,0,0,0,0,1,40000
503895,3,2030,1000,0,2,,develop,pipeline,0,0,0,0,1,1000
503897,6,2029,72000,0,100,,develop,pipeline,0,0,0,0,1,72000
503898,3,2032,40000,0,6,,develop,pipeline,0,0,0,0,1,40000
503899,6,2047,150000,0,150,,develop,pipeline,0,0,0,0,1,150000
503900,6,2030,100000,0,286,,develop,pipeline,0,0,0,0,1,100000
503902,6,2027,140000,0,400,,develop,pipeline,0,0,0,0,1,140000
503905,8,2030,200000,0,50,,develop,pipeline,0,0,0,0,1,200000
651600,8,2024,152478,0,508,,develop,pipeline,0,0,0,0,1,152478
651600,8,2024,152478,0,508,,develop,pipeline,0,0,0,0,1,152478
651600,8,2024,152478,0,508,,develop,pipeline,0,0,0,0,1,152478
500072,6,2032,280000,0,280,,develop,pipeline,0,0,0,0,1,280000
500073,6,2034,280000,0,280,,develop,pipeline,0,0,0,0,1,280000
500076,6,2042,400000,0,400,,develop,pipeline,0,0,0,0,1,400000
764136,6,2048,80000,0,80,,develop,pipeline,0,0,0,0,1,80000
15132,2,2024,0,0,0,,redevelop,pipeline,0,0,0,0,0,0
15131,2,2024,200000,176,0,,redevelop,pipeline,0,0,0,0,6,0
18059,2,2024,0,0,0,,redevelop,pipeline,0,0,0,0,0,0
15133,2,2024,0,0,0,,redevelop,pipeline,0,0,0,0,0,0
25388,0,2026,0,0,0,,demolition,0,0,0,0,0,0,0
37157,2,2025,90000,30,0,,redevelop,pipeline,0,0,0,0,3,0
45665,2,2026,25600,32,0,,redevelop,pipeline,0,0,0,0,4,0
189968,2,2026,9500,24,0,,redevelop,pipeline,0,0,0,0,4,0
167085,2,2026,9500,24,0,,redevelop,pipeline,0,0,0,0,4,0
263907,2,2026,9500,24,0,,redevelop,pipeline,0,0,0,0,4,0
191897,2,2026,9500,24,0,,redevelop,pipeline,0,0,0,0,4,0
33189,2,2026,0,20,0,,redevelop,pipeline,0,0,0,0,0,0
59328,2,2027,122000,80,0,,redevelop,pipeline,0,0,0,0,3,0
44023,2,2027,122000,80,0,,redevelop,pipeline,0,0,0,0,3,0
56589,2,2027,40000,22,0,,develop,pipeline,0,0,0,0,4,0
25565,2,2026,12000,4,0,,develop,pipeline,0,0,0,0,3,0
32636,2,2027,0,17,0,,develop,pipeline,0,0,0,0,3,0
47331,2,2026,0,182,0,,redevelop,pipeline,0,0,0,0,3,0
165199,2,2025,0,70,0,,redevelop,pipeline,0,0,0,0,0,0
33207,2,2025,0,70,0,,redevelop,pipeline,0,0,0,0,0,0
33334,2,2025,64800,54,0,,redevelop,pipeline,0,0,0,0,5,0
27578,2,2025,87000,78,0,,redevelop,pipeline,0,0,0,0,6,0
31313,2,2025,44000,74,0,,develop,pipeline,0,0,0,0,6,0
32463,2,2025,44000,74,0,,develop,pipeline,0,0,0,0,6,0
44193,2,2025,44000,74,0,,redevelop,pipeline,0,0,0,0,6,0
38746,2,2025,0,170,0,,redevelop,pipeline,0,0,0,0,0,0
343677,2,2027,411000,275,0,,redevelop,pipeline,0,0,0,0,0,0
400669,2,2026,35000,23,0,,redevelop,pipeline,0,0,0,0,3,0
56360,2,2026,35000,23,0,,develop,pipeline,0,0,0,0,3,0
32704,2,2025,70000,40,0,,develop,pipeline,0,0,0,0,2,0
39185,2,2025,0,44,0,,redevelop,pipeline,0,0,0,0,0,0
39186,2,2025,0,44,0,,redevelop,pipeline,0,0,0,0,0,0
39188,2,2025,0,44,0,,redevelop,pipeline,0,0,0,0,0,0
39187,2,2025,0,44,0,,redevelop,pipeline,0,0,0,0,0,0
45257,2,2025,0,44,0,,redevelop,pipeline,0,0,0,0,0,0
39189,2,2025,0,44,0,,redevelop,pipeline,0,0,0,0,0,0
25550,2,2025,17000,16,0,,redevelop,pipeline,0,0,0,0,2,0
32223,2,2026,0,244,0,,redevelop,pipeline,0,0,0,0,0,0
45671,2,2027,0,110,0,,redevelop,pipeline,0,0,0,0,0,0
46030,2,2025,0,44,0,,develop,pipeline,0,0,0,0,0,0
59427,2,2025,0,44,0,,develop,pipeline,0,0,0,0,0,0
59428,2,2025,0,44,0,,develop,pipeline,0,0,0,0,0,0
45992,2,2025,0,44,0,,develop,pipeline,0,0,0,0,0,0
45991,2,2025,0,44,0,,develop,pipeline,0,0,0,0,0,0
25576,2,2027,0,36,0,,redevelop,pipeline,0,0,0,0,0,0
37115,2,2028,0,37,0,,redevelop,pipeline,0,0,0,0,0,0
37178,2,2028,0,37,0,,redevelop,pipeline,0,0,0,0,0,0
32288,2,2028,0,37,0,,redevelop,pipeline,0,0,0,0,0,0
144783,2,2028,0,105,0,,redevelop,pipeline,0,0,0,0,0,0
38754,2,2028,0,54,0,,redevelop,pipeline,0,0,0,0,6,0
38756,2,2028,0,54,0,,redevelop,pipeline,0,0,0,0,6,0
58814,2,2028,0,188,5,,develop,pipeline,0,0,0,0,7,1000
42202,2,2028,0,70,0,,redevelop,pipeline,0,0,0,0,0,0
38506,2,2028,0,70,0,,redevelop,pipeline,0,0,0,0,0,0
45227,2,2026,0,9,0,,redevelop,pipeline,0,0,0,0,3,0
45226,2,2026,0,9,0,,redevelop,pipeline,0,0,0,0,3,0
38498,2,2028,0,228,10,,redevelop,pipeline,0,0,0,0,6,2000
27584,2,2026,0,112,0,,redevelop,pipeline,0,0,0,0,5,0
44581,2,2025,0,117,0,,redevelop,pipeline,0,0,0,0,6,0
48779,2,2025,0,117,0,,redevelop,pipeline,0,0,0,0,6,0
48778,2,2025,0,117,0,,redevelop,pipeline,0,0,0,0,6,0
122407,2,2026,7000,7,0,,redevelop,pipeline,0,0,0,0,3,0
273940,2,2026,7000,7,0,,redevelop,pipeline,0,0,0,0,3,0
287472,2,2026,7000,7,0,,redevelop,pipeline,0,0,0,0,3,0
38582,2,2027,0,350,0,,redevelop,pipeline,0,0,0,0,6,0
492229,2,2025,0,133,0,,develop,pipeline,0,0,0,0,7,0
38083,2,2025,0,67,0,,redevelop,pipeline,0,0,0,0,7,0
34123,2,2025,0,67,0,,redevelop,pipeline,0,0,0,0,7,0
34052,2,2025,0,67,0,,redevelop,pipeline,0,0,0,0,7,0
191872,2,2026,0,35,0,,redevelop,pipeline,0,0,0,0,3,0
439326,2,2026,0,35,0,,redevelop,pipeline,0,0,0,0,3,0
337038,2,2026,6000,18,0,,redevelop,pipeline,0,0,0,0,5,0
456481,2,2026,6000,18,0,,redevelop,pipeline,0,0,0,0,5,0
59078,2,2026,0,23,0,,develop,pipeline,0,0,0,0,4,0
30438,7,2028,0,460,0,,redevelop,pipeline,0,0,0,0,3,0
38724,2,2027,40000,32,5,,redevelop,pipeline,0,0,0,0,7,300
38725,2,2027,40000,32,5,,redevelop,pipeline,0,0,0,0,7,300
38726,2,2027,40000,32,5,,redevelop,pipeline,0,0,0,0,7,300
38727,2,2027,40000,32,5,,redevelop,pipeline,0,0,0,0,7,300
33352,2,2027,0,116,0,,redevelop,pipeline,0,0,0,0,4,0
39094,2,2028,0,283,7,,redevelop,pipeline,0,0,0,0,5,1800
56315,2,2028,0,31,0,,redevelop,pipeline,0,0,0,0,7,0
45234,2,2028,0,31,0,,redevelop,pipeline,0,0,0,0,7,0
39034,7,2026,0,139,30,,redevelop,pipeline,0,0,0,0,0,0
475363,2,2025,0,145,0,,redevelop,pipeline,0,0,0,0,11,0
330358,2,2026,0,147,0,,redevelop,pipeline,0,0,0,0,0,0
433804,2,2027,0,218,0,,redevelop,pipeline,0,0,0,0,0,0
45066,2,2028,0,283,0,,redevelop,pipeline,0,0,0,0,0,0
34918,7,2027,0,8,20,,redevelop,pipeline,0,0,0,0,3,0
32640,2,2027,94000,145,15,,redevelop,pipeline,0,0,0,0,7,7500
48494,2,2028,480000,420,0,,redevelop,Raven On,0,0,0,0,23,0
33183,0,2026,0,0,0,,demolition,pipeline,0,0,0,0,0,0
33184,0,2026,0,0,0,,demolition,pipeline,0,0,0,0,0,0
33495,0,2026,0,0,0,,demo_nodev,pipeline,0,0,0,0,0,0
33495,2,2027,150000,137,0,,develop,pipeline,0,0,0,0,3,0
28171,1,2026,27000,15,0,,redevelop,"ivory home, private school demo",0,0,0,0,2,0
144968,2,2026,29400,21,0,,redevelop,,0,0,0,0,3,0
37381,2,2026,100100,77,0,,redevelop,redwood townhomes,0,0,0,0,3,0
56277,2,2026,23400,18,0,,redevelop,redwood townhomes,0,0,0,0,0,0
111739,2,2026,27300,21,0,,redevelop,redwood townhomes,0,0,0,0,3,0
443587,2,2026,35100,27,0,,redevelop,redwood townhomes,0,0,0,0,3,0
402339,2,2026,91000,70,0,,redevelop,redwood townhomes,0,0,0,0,3,0
58034,2,2026,109200,84,0,,redevelop,redwood townhomes,0,0,0,0,3,0
45479,2,2026,60000,50,0,,redevelop,redwood townhomes,0,0,0,0,3,0
45481,2,2026,12000,100,0,,redevelop,redwood townhomes,0,0,0,0,3,0
45480,2,2026,12000,100,0,,redevelop,redwood townhomes,0,0,0,0,3,0
45482,1,2026,19200,16,0,,redevelop,redwood townhomes,0,0,0,0,2,0
56481,2,2026,30000,25,0,,redevelop,redwood townhomes,0,0,0,0,3,0
215415,2,2026,7200,6,0,,redevelop,redwood townhomes,0,0,0,0,3,0
40358,2,2026,3600,3,0,,redevelop,redwood townhomes,0,0,0,0,3,0
35031,2,2025,33000,22,0,,redevelop,Wheeler Towns,0,0,0,0,3,0
35032,2,2025,12000,8,0,,redevelop,Wheeler Towns,0,0,0,0,3,0
35033,2,2025,22500,15,0,,redevelop,Wheeler Towns,0,0,0,0,3,0
35039,2,2025,4500,3,0,,redevelop,Wheeler Towns,0,0,0,0,3,0
35040,2,2025,1500,1,0,,redevelop,Wheeler Towns,0,0,0,0,3,0
35041,2,2025,7500,5,0,,redevelop,Wheeler Towns,0,0,0,0,3,0
35037,2,2025,3000,2,0,,redevelop,Wheeler Towns,0,0,0,0,3,0
35036,2,2025,10500,7,0,,redevelop,Wheeler Towns,0,0,0,0,3,0
35043,2,2025,67500,45,0,,redevelop,Wheeler Towns,0,0,0,0,3,0
56586,2,2027,270000,255,0,,develop,SSL Market Center,0,0,0,0,6,0
56586,2,2028,270000,223,0,,develop,SSL Market Center,0,0,0,0,6,0
32683,2,2028,100000,50,0,,redevelop,Liberty Corner,0,0,0,0,7,0
44109,2,2028,100000,50,0,,redevelop,Liberty Corner,0,0,0,0,7,0
39175,2,2028,100000,50,0,,redevelop,Liberty Corner,0,0,0,0,7,0
39173,2,2028,100000,50,0,,redevelop,Liberty Corner,0,0,0,0,7,0
47351,2,2025,200000,184,0,,redevelop,Journeyman Apt,0,0,0,0,7,0
32492,2,2027,30000,24,0,,redevelop,3w 7s apts,0,0,0,0,6,0
36401,2,2027,110000,84,0,,redevelop,3w 7s apts,0,0,0,0,6,0
43389,2,2027,150000,132,0,,redevelop,6S 4W apts,0,0,0,0,7,0
45027,2,2027,250000,240,0,,redevelop,6S 4W Apts,0,0,0,0,7,0
35451,2,2027,140000,139,0,,redevelop,WT 7S apts,0,0,0,0,7,0
32605,2,2027,120000,111,0,,redevelop,WT 7S apts,0,0,0,0,7,0
44594,2,2026,300000,279,0,,redevelop,main apartment,0,0,0,0,7,0
57825,2,2024,92000,66,0,,redevelop,allendale dr apt,0,0,0,0,3,0
491047,2,2026,100000,64,0,,redevelop,5600 W apts,0,0,0,0,3,64
37624,2,2024,50000,47,0,,redevelop,switchpoint fairpark,0,0,0,0,2,0
37624,2,2027,50000,47,0,,develop,switchpoint fairpark,0,0,0,0,2,0
37624,2,2025,50000,47,0,,develop,switchpoint fairpark,0,0,0,0,2,0
37010,2,2027,210000,197,0,,redevelop,power district apts,0,0,0,0,7,0
32270,2,2027,120000,116,0,,redevelop,power district apts,0,0,0,0,7,0
27533,0,2030,0,0,0,,demolition,LDS Intermountain DEMO,0,0,0,0,0,0
32084,0,2030,0,0,0,,demolition,LDS Intermountain DEMO,0,0,0,0,0,0
28748,0,2030,0,0,0,,demolition,LDS Intermountain DEMO,0,0,0,0,0,0
37982,5,2030,520000,0,2000,,develop,New IHC,0,0,0,0,8,520000
33369,5,2030,27000,0,334,,develop,New IHC,0,0,0,0,8,27000
33365,5,2030,27000,0,333,,develop,New IHC,0,0,0,0,8,27000
56528,5,2030,27000,0,333,,develop,New IHC,0,0,0,0,8,27000
38065,2,2026,300000,296,0,,redevelop,North Temple Apts,0,0,0,0,7,0
265057,2,2026,40000,35,0,,redevelop,North Temple apt,0,0,0,0,5,0
375628,2,2026,40000,35,0,,redevelop,North Temple apt,0,0,0,0,5,0
37111,2,2027,30000,29,0,,redevelop,base,0,0,0,0,6,0
32283,2,2027,30000,29,0,,redevelop,base,0,0,0,0,6,0
56050,2,2027,30000,29,0,,redevelop,base,0,0,0,0,6,0
59390,2,2027,30000,29,0,,redevelop,base,0,0,0,0,6,0
307137,2,2027,40000,38,0,,redevelop,north temple apts,0,0,0,0,5,0
89610,2,2027,40000,35,0,,redevelop,north temple apts,0,0,0,0,5,0
277529,2,2027,45000,40,0,,redevelop,north temple apts,0,0,0,0,5,0
292163,2,2027,40000,35,0,,redevelop,north temple apts,0,0,0,0,5,0
32290,2,2026,140000,123,0,,redevelop,NT apts,0,0,0,0,7,0
55921,2,2026,70000,67,0,,redevelop,NT apts,0,0,0,0,6,0
129119,2,2026,70000,67,0,,redevelop,NT apts,0,0,0,0,6,0
37460,2,2026,70000,67,0,,redevelop,NT apts,0,0,0,0,6,0
50519,2,2027,11700,9,0,,redevelop,NT Townhomes,0,0,0,0,3,0
91662,2,2027,11700,9,0,,redevelop,NT Townhomes,0,0,0,0,3,0
297696,2,2027,11700,9,0,,redevelop,NT Townhomes,0,0,0,0,3,0
242954,2,2027,11700,9,0,,redevelop,NT Townhomes,0,0,0,0,3,0
104466,2,2027,45000,41,0,,redevelop,NT apts,0,0,0,0,7,0
229602,2,2027,45000,41,0,,redevelop,NT apts,0,0,0,0,7,0
135985,2,2027,45000,41,0,,redevelop,NT apts,0,0,0,0,7,0
130595,2,2027,45000,41,0,,redevelop,NT apts,0,0,0,0,7,0
131331,2,2027,45000,41,0,,redevelop,NT apts,0,0,0,0,7,0
94387,2,2027,45000,41,0,,redevelop,NT apts,0,0,0,0,7,0
38577,2,2027,39200,28,0,,redevelop,4W townhomes,0,0,0,0,3,0
45044,2,2027,145000,138,0,,redevelop,3W apts,0,0,0,0,7,0
45087,2,2027,36000,34,0,,redevelop,2W apts,0,0,0,0,7,0
32315,2,2027,36000,34,0,,redevelop,2W apts,0,0,0,0,7,0
45088,2,2027,36000,34,0,,redevelop,2W apts,0,0,0,0,7,0
135863,2,2028,47000,45,0,,redevelop,6W apts,0,0,0,0,6,0
38676,2,2028,47000,45,0,,redevelop,6W apts,0,0,0,0,6,0
392688,2,2028,47000,45,0,,redevelop,6W apts,0,0,0,0,6,0
148958,2,2028,47000,45,0,,redevelop,6W apts,0,0,0,0,6,0
56190,2,2028,47000,45,0,,redevelop,6W apts,0,0,0,0,6,0
68774,3,2026,93000,0,95,,develop,lake park developments,0,0,0,0,1,93000
68773,3,2026,93000,0,95,,develop,lake park developments,0,0,0,0,1,93000
43158,2,2028,420000,408,0,,redevelop,21 S Apts,0,0,0,0,7,0
78260,2,2028,40000,38,0,,redevelop,21 S Apts,0,0,0,0,6,0
27601,2,2028,40000,38,0,,redevelop,21 S Apts,0,0,0,0,6,0
45950,2,2028,40000,38,0,,redevelop,21 S Apts,0,0,0,0,6,0
33902,2,2028,40000,38,0,,redevelop,21 S Apts,0,0,0,0,6,0
27602,2,2028,40000,38,0,,redevelop,21 S Apts,0,0,0,0,6,0
45951,2,2028,40000,38,0,,redevelop,21 S Apts,0,0,0,0,6,0
33928,2,2026,252000,249,0,,redevelop,fairmont apts,0,0,0,0,6,0
45954,2,2028,118000,112,0,,redevelop,base,0,0,0,0,6,0
492230,2,2025,68000,45,0,,redevelop,highland apts,0,0,0,0,3,0
58378,2,2028,59000,57,0,,redevelop,33 S,0,0,0,0,6,0
46835,2,2028,59000,57,0,,redevelop,33 S,0,0,0,0,6,0
46836,2,2028,59000,58,0,,redevelop,33 S,0,0,0,0,6,0
47099,2,2028,59000,58,0,,redevelop,33 S,0,0,0,0,6,0
58303,2,2028,350000,339,0,,redevelop,400 S apts,0,0,0,0,8,0
29052,2,2028,320000,300,0,,develop,Fleet Block,0,0,0,0,6,0
29052,4,2028,100000,0,250,,develop,Fleet Block,0,0,0,0,2,100000
52848,0,2026,0,0,0,,demo_nodev,s line demo,0,0,0,0,0,0
29520,0,2026,0,0,0,,demo_nodev,s line demo,0,0,0,0,0,0
29521,0,2026,0,0,0,,demo_nodev,s line demo,0,0,0,0,0,0
38121,0,2026,0,0,0,,demo_nodev,s line demo,0,0,0,0,0,0
52847,0,2026,0,0,0,,demo_nodev,s line demo,0,0,0,0,0,0
28055,0,2027,0,0,0,,demolition,salt lake temple,0,0,0,0,0,0
32036,0,2027,0,0,0,,demolition,demo,0,0,0,0,0,0
33183,7,2028,280000,252,25,,develop,office max redev,0,0,0,0,7,280000
28927,0,2030,0,0,0,,demo_nodev,power district - gadsby demo,0,0,0,0,0,0
28928,0,2030,0,0,0,,demo_nodev,power district - gadsby demo,0,0,0,0,0,0
28929,0,2030,0,0,0,,demo_nodev,power district - gadsby demo,0,0,0,0,0,0
28930,0,2030,0,0,0,,demo_nodev,power district - gadsby demo,0,0,0,0,0,0
28931,0,2030,0,0,0,,demo_nodev,power district - gadsby demo,0,0,0,0,0,0
31003,0,2029,0,0,0,,demo_nodev,power district - gadsby demo,0,0,0,0,0,0
28932,0,2030,0,0,0,,demo_nodev,power district - gadsby demo,0,0,0,0,0,0
28937,0,2030,0,0,0,,demo_nodev,power district - gadsby demo,0,0,0,0,0,0
28935,0,2030,0,0,0,,demo_nodev,power district - gadsby demo,0,0,0,0,0,0
28936,0,2030,0,0,0,,demo_nodev,power district - gadsby demo,0,0,0,0,0,0
28869,0,2030,0,0,0,,demo_nodev,power district - gadsby demo,0,0,0,0,0,0
28872,0,2030,0,0,0,,demo_nodev,power district - gadsby demo,0,0,0,0,0,0
28871,0,2030,0,0,0,,demo_nodev,power district - gadsby demo,0,0,0,0,0,0
55918,0,2030,0,0,0,,demo_nodev,power district - gadsby demo,0,0,0,0,0,0
28942,0,2030,0,0,0,,demo_nodev,power district - gadsby demo,0,0,0,0,0,0
28940,0,2030,0,0,0,,demo_nodev,power district - gadsby demo,0,0,0,0,0,0
28941,0,2030,0,0,0,,demo_nodev,power district - gadsby demo,0,0,0,0,0,0
28940,0,2030,0,0,0,,demo_nodev,power district - gadsby demo,0,0,0,0,0,0
28939,0,2030,0,0,0,,demo_nodev,power district - gadsby demo,0,0,0,0,0,0
28938,0,2030,0,0,0,,demo_nodev,power district - gadsby demo,0,0,0,0,0,0
28946,0,2030,0,0,0,,demo_nodev,power district - gadsby demo,0,0,0,0,0,0
28947,0,2030,0,0,0,,demo_nodev,power district - gadsby demo,0,0,0,0,0,0
28954,0,2030,0,0,0,,demolition,power district - gadsby demo,0,0,0,0,0,0
28870,0,2030,0,0,0,,demo_nodev,power district - gadsby demo,0,0,0,0,0,0
28873,0,2030,0,0,0,,demo_nodev,power district - gadsby demo,0,0,0,0,0,0
28943,0,2030,0,0,0,,demo_nodev,power district - gadsby demo,0,0,0,0,0,0
28944,0,2030,0,0,0,,demo_nodev,power district - gadsby demo,0,0,0,0,0,0
28945,0,2030,0,0,0,,demo_nodev,power district - gadsby demo,0,0,0,0,0,0
28948,0,2030,0,0,0,,demo_nodev,power district - gadsby demo,0,0,0,0,0,0
28933,0,2030,0,0,0,,demo_nodev,power district - gadsby demo,0,0,0,0,0,0
28949,0,2030,0,0,0,,demo_nodev,power district - gadsby demo,0,0,0,0,0,0
28950,0,2030,0,0,0,,demo_nodev,power district - gadsby demo,0,0,0,0,0,0
28951,0,2030,0,0,0,,demo_nodev,power district - gadsby demo,0,0,0,0,0,0
28952,0,2030,0,0,0,,demo_nodev,power district - gadsby demo,0,0,0,0,0,0
28953,0,2030,0,0,0,,demo_nodev,power district - gadsby demo,0,0,0,0,0,0
28955,0,2030,0,0,0,,demo_nodev,power district - gadsby demo,0,0,0,0,0,0
28956,0,2030,0,0,0,,demo_nodev,power district - gadsby demo,0,0,0,0,0,0
28957,0,2030,0,0,0,,demo_nodev,power district - gadsby demo,0,0,0,0,0,0
28958,0,2030,0,0,0,,demo_nodev,power district - gadsby demo,0,0,0,0,0,0
28959,0,2030,0,0,0,,demo_nodev,power district - gadsby demo,0,0,0,0,0,0
28960,0,2030,0,0,0,,demo_nodev,power district - gadsby demo,0,0,0,0,0,0
28926,0,2029,0,0,0,,demo_nodev,power district - gadsby demo,0,0,0,0,0,0
28994,0,2030,0,0,0,,demo_nodev,power district - gadsby demo,0,0,0,0,0,0
28995,0,2030,0,0,0,,demo_nodev,power district - gadsby demo,0,0,0,0,0,0
28996,0,2030,0,0,0,,demo_nodev,power district - gadsby demo,0,0,0,0,0,0
28925,0,2029,0,0,0,,demo_nodev,power district - gadsby demo,0,0,0,0,0,0
28924,0,2029,0,0,0,,demo_nodev,power district - gadsby demo,0,0,0,0,0,0
28922,0,2029,0,0,0,,demo_nodev,power district - gadsby demo,0,0,0,0,0,0
28923,0,2029,0,0,0,,demo_nodev,power district - gadsby demo,0,0,0,0,0,0
28921,0,2029,0,0,0,,demo_nodev,power district - gadsby demo,0,0,0,0,0,0
28934,0,2030,0,0,0,,demo_nodev,power district - gadsby demo,0,0,0,0,0,0
28997,0,2030,0,0,0,,demo_nodev,power district - gadsby demo,0,0,0,0,0,0
38802,0,2030,0,0,0,,demolition,power district - gadsby demo,0,0,0,0,0,0
56049,8,2028,1200000,0,1200,,develop,power district - stadium,0,0,0,0,5,1200000
31639,2,2028,370000,350,0,,redevelop,power district,0,0,0,0,8,0
56049,4,2028,32925,0,88,,develop,power district,0,0,0,0,2,32925
31638,5,2028,68381,0,108,,develop,power district,0,0,0,0,4,68381
28677,5,2029,138837,0,219,,develop,power district,0,0,0,0,4,138837
28677,4,2029,72921,0,195,,develop,power district,0,0,0,0,2,72921
28677,2,2029,270000,250,0,,develop,power district,0,0,0,0,6,0
28677,0,2028,0,0,0,,demolition,power district,0,0,0,0,0,0
31638,0,2028,0,0,0,,demolition,power district,0,0,0,0,0,0
28676,0,2029,0,0,0,,demo_nodev,power district,0,0,0,0,0,0
38501,0,2029,0,0,0,,demo_nodev,power district,0,0,0,0,0,0
32143,0,2029,0,0,0,,demolition,power district,0,0,0,0,0,0
38802,2,2030,675000,375,0,,develop,power district,0,0,0,0,6,0
32143,2,2030,675000,376,0,,develop,power district,0,0,0,0,6,0
38802,5,2030,103609,0,164,,develop,power district,0,0,0,0,5,103609
32143,5,2030,103609,0,163,,develop,power district,0,0,0,0,5,103609
38802,4,2030,36460,0,97,,develop,power district,0,0,0,0,2,36460
32143,4,2030,36460,0,97,,develop,power district,0,0,0,0,2,36460
28954,4,2036,32921,0,88,,develop,power district,0,0,0,0,2,32921
28954,4,2033,72921,0,195,,develop,power district,0,0,0,0,2,72921
28954,5,2036,207217,0,327,,develop,power district,0,0,0,0,5,207217
28954,5,2033,207217,0,327,,develop,power district,0,0,0,0,5,207217
28954,2,2036,970000,950,0,,develop,power district,0,0,0,0,6,0
28954,2,2033,970000,950,0,,develop,power district,0,0,0,0,6,0
66139,1,2025,140800,88,0,,develop,Daybreak Urbancore,0,0,0,0,2,0
68721,1,2025,230400,144,0,,develop,Daybreak Urbancore,0,0,0,0,2,0
58748,2,2025,182000,140,0,,develop,Daybreak Urbancore,0,0,0,0,3,0
2445,1,2025,160000,100,0,,develop,Daybreak Urbancore,0,0,0,0,2,0
2445,2,2025,227500,175,0,,develop,Daybreak Urbancore,0,0,0,0,3,0
2454,2,2025,149800,107,0,,develop,Daybreak Urbancore,0,0,0,0,3,0
58158,2,2025,26000,24,0,,develop,Daybreak Urbancore,0,0,0,0,3,0
489191,4,2025,6240,0,30,,redevelop,Daybreak Urbancore,0,0,0,0,0,6240
489189,5,2025,14500,0,45,,redevelop,Daybreak Urbancore,0,0,0,0,0,14500
489194,5,2025,14500,0,45,,redevelop,Daybreak Urbancore,0,0,0,0,0,14500
489192,5,2025,14500,0,45,,redevelop,Daybreak Urbancore,0,0,0,0,0,14500
489193,5,2025,14500,0,45,,redevelop,Daybreak Urbancore,0,0,0,0,0,14500
489188,5,2025,14500,0,45,,redevelop,Daybreak Urbancore,0,0,0,0,0,14500
44075,5,2025,10500,0,40,,redevelop,Daybreak Urbancore,0,0,0,0,2,10500
28426,5,2025,0,0,400,,redevelop,Daybreak Urbancore,0,0,0,0,4,0
52181,8,2025,64000,0,100,,develop,Daybreak Urbancore,0,0,0,0,3,64000
44077,1,2030,171200,107,0,,develop,Daybreak Urbancore,0,0,0,0,2,0
27342,1,2030,80000,50,0,,develop,Daybreak Urbancore,0,0,0,0,2,0
27341,5,2030,50000,0,150,,develop,Daybreak Urbancore,0,0,0,0,5,50000
66140,5,2030,90060,0,270,,develop,Daybreak Urbancore,0,0,0,0,6,90060
66144,4,2030,5000,0,17,,develop,Daybreak Urbancore,0,0,0,0,1,5000
66142,3,2030,450000,0,450,,develop,Daybreak Urbancore,0,0,0,0,2,450000
66844,4,2030,31100,0,106,,develop,Daybreak Urbancore,0,0,0,0,5,31100
66847,2,2030,1610400,1464,0,,develop,Daybreak Urbancore,0,0,0,0,6,0
66848,1,2030,681600,426,0,,develop,Daybreak Urbancore,0,0,0,0,2,0
55451,1,2030,434400,362,0,,develop,Daybreak Urbancore,0,0,0,0,2,0
2449,1,2030,385500,257,0,,develop,Daybreak Urbancore,0,0,0,0,2,0
68662,1,2030,743400,531,0,,develop,Daybreak Urbancore,0,0,0,0,2,0
69049,6,2030,22000,0,75,,develop,Daybreak Urbancore,0,0,0,0,3,22000
52181,4,2025,100000,0,250,,develop,Daybreak Urbancore,0,0,0,0,2,100000
68675,3,2030,73000,0,200,,develop,Daybreak Urbancore,0,0,0,0,1,73000
68676,4,2030,250000,0,850,,develop,Daybreak Urbancore,0,0,0,0,1,250000
68666,1,2030,301500,201,0,,develop,Daybreak Urbancore,0,0,0,0,2,0
68598,5,2030,600000,0,650,,develop,Daybreak Urbancore,0,0,0,0,1,600000
68598,4,2030,174000,0,1850,,develop,Daybreak Urbancore,0,0,0,0,6,174000
68597,2,2030,720000,700,0,,develop,Daybreak Urbancore,0,0,0,0,6,0
58601,4,2030,8000,0,40,,develop,Daybreak Urbancore,0,0,0,0,1,8000
58817,2,2030,230000,190,0,,develop,Daybreak Urbancore,0,0,0,0,4,0
58744,1,2030,67200,42,0,,develop,Daybreak Urbancore,0,0,0,0,2,0
2443,1,2030,365000,146,0,,develop,Daybreak Urbancore,0,0,0,0,2,0
2454,1,2030,324000,162,0,,develop,Daybreak Urbancore,0,0,0,0,2,0
2458,1,2030,170000,85,0,,develop,Daybreak Urbancore,0,0,0,0,2,0
68836,2,2030,640000,319,0,,develop,Daybreak Urbancore,0,0,0,0,6,0
68837,5,2030,692000,0,2200,,develop,Daybreak Urbancore,0,0,0,0,8,692000
1658,3,2030,20000,0,30,,develop,Daybreak Urbancore,0,0,0,0,1,20000
58212,5,2030,20000,0,75,,develop,Daybreak Urbancore,0,0,0,0,1,20000
58215,4,2030,10000,0,50,,develop,Daybreak Urbancore,0,0,0,0,2,10000
2222,3,2035,250000,0,275,,develop,Daybreak Urbancore,0,0,0,0,1,250000
44076,3,2035,250000,0,275,,develop,Daybreak Urbancore,0,0,0,0,1,250000
1855,4,2035,50000,0,200,,develop,Daybreak Urbancore,0,0,0,0,1,50000
1861,5,2035,500000,0,1600,,develop,Daybreak Urbancore,0,0,0,0,6,500000
1859,1,2035,40000,200,0,,develop,Daybreak Urbancore,0,0,0,0,2,0
27340,1,2035,428000,214,0,,develop,Daybreak Urbancore,0,0,0,0,2,0
66145,3,2035,369672,0,400,,develop,Daybreak Urbancore,0,0,0,0,1,369672
66149,4,2035,2500,0,20,,develop,Daybreak Urbancore,0,0,0,0,1,2500
66143,1,2035,202000,101,0,,develop,Daybreak Urbancore,0,0,0,0,2,0
66843,2,2035,330000,310,0,,develop,Daybreak Urbancore,0,0,0,0,6,0
68715,1,2035,242000,121,0,,develop,Daybreak Urbancore,0,0,0,0,2,0
2448,1,2035,154000,127,0,,develop,Daybreak Urbancore,0,0,0,0,2,0
68668,4,2035,250000,0,900,,develop,Daybreak Urbancore,0,0,0,0,2,250000
68669,1,2035,133000,67,0,,develop,Daybreak Urbancore,0,0,0,0,2,0
59594,4,2035,108000,0,400,,develop,Daybreak Urbancore,0,0,0,0,2,108000
68591,5,2035,824000,0,2500,,develop,Daybreak Urbancore,0,0,0,0,5,824000
66298,2,2035,650000,645,0,,develop,Daybreak Urbancore,0,0,0,0,2,0
58665,4,2035,31500,0,120,,develop,Daybreak Urbancore,0,0,0,0,2,31500
58747,5,2035,514500,0,1600,,develop,Daybreak Urbancore,0,0,0,0,5,514500
58746,2,2035,700000,65,0,,develop,Daybreak Urbancore,0,0,0,0,6,0
2444,4,2035,10000,0,40,,develop,Daybreak Urbancore,0,0,0,0,1,10000
68664,2,2035,165000,150,0,,develop,Daybreak Urbancore,0,0,0,0,6,1
68664,1,2035,324000,162,0,,develop,Daybreak Urbancore,0,0,0,0,2,0
2453,2,2035,110000,90,0,,develop,Daybreak Urbancore,0,0,0,0,6,0
2452,1,2035,400000,199,0,,develop,Daybreak Urbancore,0,0,0,0,2,0
68843,2,2035,650000,629,0,,develop,Daybreak Urbancore,0,0,0,0,6,0
1853,4,2035,50000,0,190,,develop,Daybreak Urbancore,0,0,0,0,1,50000
1860,5,2035,500000,0,1600,,develop,Daybreak Urbancore,0,0,0,0,6,500000
1847,2,2035,110000,1000,0,,develop,Daybreak Urbancore,0,0,0,0,6,0
1848,1,2035,400000,200,0,,develop,Daybreak Urbancore,0,0,0,0,2,0
66297,6,2040,30000,0,85,,develop,Daybreak Urbancore,0,0,0,0,3,30000
11522,1,2026,1200,1,0,,develop,NSL,0,0,0,0,2,0
11671,1,2026,2400,1,0,,develop,NSL,0,0,0,0,2,0
11572,1,2026,2400,1,0,,develop,NSL,0,0,0,0,2,0
11573,1,2026,2400,1,0,,develop,NSL,0,0,0,0,2,0
59169,0,2025,0,0,0,,demo_nodev,NSL,0,0,0,0,0,0
12309,2,2025,127300,67,0,,develop,nsl,0,0,0,0,3,0
801617,1,2026,32000,16,0,,develop,nsl,0,0,0,0,2,0
11605,1,2026,2400,1,0,,develop,NSL,0,0,0,0,2,0
12229,1,2025,90000,45,0,,develop,nsl,0,0,0,0,2,0
12718,1,2026,40000,20,0,,develop,farmington,0,0,0,0,2,0
59176,2,2026,20000,14,0,,redevelop,base,0,0,0,0,2,0
5414,2,2026,16000,10,0,,develop,base,0,0,0,0,2,0
491286,2,2026,98000,65,0,,develop,,0,0,0,0,2,0
60674,1,2026,32000,16,0,,develop,base,0,0,0,0,2,0
9296,1,2027,61600,28,0,,develop,base,0,0,0,0,2,0
9297,1,2027,44000,20,0,,develop,base,0,0,0,0,2,0
13442,1,2027,6600,3,0,,develop,base,0,0,0,0,2,0
9291,1,2027,6600,3,0,,develop,base,0,0,0,0,2,0
13440,1,2027,4400,2,0,,develop,base,0,0,0,0,2,0
60910,1,2027,11000,5,0,,develop,base,0,0,0,0,2,0
13438,1,2027,13200,6,0,,develop,base,0,0,0,0,2,0
10942,1,2027,22000,10,0,,develop,base,0,0,0,0,2,0
9787,1,2027,4400,2,0,,develop,base,0,0,0,0,2,0
10873,1,2027,37500,15,0,,develop,base,0,0,0,0,3,0
60812,1,2026,11000,5,0,,develop,layton,0,0,0,0,2,0
60810,1,2026,6600,3,0,,develop,layton,0,0,0,0,2,0
60811,1,2026,85800,39,0,,develop,layton,0,0,0,0,2,0
13076,1,2026,15400,7,0,,develop,layton,0,0,0,0,2,0
24828,1,2026,10500,5,0,,develop,plain city,0,0,0,0,2,0
64461,1,2026,56700,27,0,,develop,plain city,0,0,0,0,2,0
3054,1,2027,37400,17,0,,develop,west haven,0,0,0,0,2,0
3055,1,2027,37400,17,0,,develop,west haven,0,0,0,0,2,0
491503,1,2027,2200,1,0,,develop,west haven,0,0,0,0,2,0
491492,1,2027,2200,1,0,,develop,west haven,0,0,0,0,2,0
491490,1,2027,33000,15,0,,develop,west haven,0,0,0,0,2,0
64081,1,2027,41800,19,0,,develop,base,0,0,0,0,2,0
64083,1,2027,39600,18,0,,develop,base,0,0,0,0,2,0
491911,1,2024,2200,1,0,,develop,west weber,0,0,0,0,2,-9999
491910,1,2024,2200,1,0,,develop,west weber,0,0,0,0,2,-9999
491913,1,2024,2200,1,0,,develop,west weber,0,0,0,0,2,-9999
491912,1,2024,2200,1,0,,develop,west weber,0,0,0,0,2,-9999
491915,1,2024,2200,1,0,,develop,west weber,0,0,0,0,2,-9999
491889,1,2024,2200,1,0,,develop,west weber,0,0,0,0,2,-9999
491914,1,2024,2200,1,0,,develop,west weber,0,0,0,0,2,-9999
491891,1,2024,2200,1,0,,develop,west weber,0,0,0,0,2,-9999
491898,1,2024,2200,1,0,,develop,west weber,0,0,0,0,2,-9999
491890,1,2024,2200,1,0,,develop,west weber,0,0,0,0,2,-9999
491899,1,2024,2200,1,0,,develop,west weber,0,0,0,0,2,-9999
491893,1,2024,2200,1,0,,develop,west weber,0,0,0,0,2,-9999
491897,1,2024,2200,1,0,,develop,west weber,0,0,0,0,2,-9999
491892,1,2024,2200,1,0,,develop,west weber,0,0,0,0,2,-9999
64457,1,2027,22000,10,0,,develop,west weber,0,0,0,0,2,-9999
64458,1,2027,22000,10,0,,develop,west weber,0,0,0,0,2,-9999
64459,1,2028,17600,8,0,,develop,west weber,0,0,0,0,2,-9999
64460,1,2028,24200,11,0,,develop,west weber,0,0,0,0,2,-9999
491936,1,2027,13200,6,0,,develop,west weber,0,0,0,0,2,-9999
3087,1,2028,22000,10,0,,develop,west weber,0,0,0,0,2,-9999
3088,1,2027,15400,7,0,,develop,west weber,0,0,0,0,2,-9999
25066,1,2028,20000,9,0,,develop,base,0,0,0,0,2,-9999
25068,1,2028,28600,13,0,,develop,base,0,0,0,0,2,-9999
25067,1,2028,20000,9,0,,develop,base,0,0,0,0,2,-9999
64493,1,2026,38000,19,0,,develop,base,0,0,0,0,2,-9999
64496,1,2026,50000,25,0,,develop,base,0,0,0,0,2,-9999
64494,1,2028,50000,25,0,,develop,base,0,0,0,0,2,-9999
64497,1,2026,76000,38,0,,develop,base,0,0,0,0,2,-9999
64499,1,2026,46000,23,0,,develop,base,0,0,0,0,2,-9999
64500,1,2026,34000,17,0,,develop,base,0,0,0,0,2,-9999
64475,2,2027,50000,25,0,,develop,base,0,0,0,0,2,-9999
64507,2,2028,50000,25,0,,develop,base,0,0,0,0,2,-9999
64508,2,2028,40000,20,0,,develop,base,0,0,0,0,2,360
24817,2,2028,60000,30,0,,develop,base,0,0,0,0,2,-9999
64478,2,2028,60000,30,0,,develop,base,0,0,0,0,2,-9999
64479,2,2028,50000,25,0,,develop,base,0,0,0,0,2,-9999
64480,2,2027,50000,25,0,,develop,base,0,0,0,0,2,-9999
24858,1,2028,48400,22,0,,develop,base,0,0,0,0,2,-9999
24856,1,2028,26400,12,0,,develop,base,0,0,0,0,2,-9999
24854,1,2028,15400,7,0,,develop,base,0,0,0,0,2,-9999
24855,1,2028,22000,10,0,,develop,base,0,0,0,0,2,-9999
24863,1,2026,8800,4,0,,develop,base,0,0,0,0,2,-9999
64509,1,2026,33000,15,0,,develop,base,0,0,0,0,2,-9999
24770,1,2026,35200,16,0,,develop,base,0,0,0,0,2,-9999
14735,1,2026,24200,11,0,,develop,base,0,0,0,0,2,-9999
24771,1,2027,4400,2,0,,develop,base,0,0,0,0,2,-9999
24768,1,2026,19280,9,0,,develop,base,0,0,0,0,2,-9999
64423,1,2027,41800,19,0,,develop,base,0,0,0,0,2,-9999
801622,4,2025,37500,0,100,,develop,base,0,0,0,0,1,37500
24524,4,2025,30000,0,80,,develop,base,0,0,0,0,1,30000
24547,4,2025,18000,0,45,,develop,base,0,0,0,0,1,18000
34929,2,2026,100000,83,0,,redevelop,holladay crossing,0,0,0,0,6,11001
28471,2,2028,720000,600,0,,redevelop,murray city feedback,0,0,0,0,5,159687
59006,2,2027,30600,17,0,,develop,festin feedback,0,0,0,0,3,-9999
59007,2,2027,50400,28,0,,develop,festin feedback,0,0,0,0,3,-9999
58875,5,2026,26000,0,50,,develop,festin feedback,0,0,0,0,1,26000
953,1,2028,40000,22,0,,develop,festin feedback,0,0,0,0,3,-9999
952,2,2028,80000,53,0,,develop,festin feedback,0,0,0,0,3,-9999
950,1,2029,40000,22,0,,develop,festin feedback,0,0,0,0,3,-9999
949,2,2029,80000,53,0,,develop,festin feedback,0,0,0,0,3,-9999
951,1,2030,40000,22,0,,develop,festin feedback,0,0,0,0,3,-9999
948,2,2030,80000,53,0,,develop,festin feedback,0,0,0,0,3,-9999
947,1,2031,43200,25,0,,develop,festin feedback,0,0,0,0,3,-9999
946,2,2031,80000,53,0,,develop,festin feedback,0,0,0,0,3,-9999
801623,1,2025,48600,27,0,,develop,,0,0,0,0,3,-9999
68203,1,2027,46000,38,0,,develop,base,0,0,0,0,2,-9999
68209,1,2027,20000,12,0,,develop,base,0,0,0,0,3,-9999
68200,1,2028,17000,9,0,,develop,base,0,0,0,0,3,-9999
68202,1,2026,10000,5,0,,develop,base,0,0,0,0,3,-9999
68201,1,2026,8000,4,0,,develop,base,0,0,0,0,3,-9999
801624,1,2025,2000,1,0,,develop,,0,0,0,0,3,-9999
801625,1,2025,2000,1,0,,develop,,0,0,0,0,3,-9999
801626,1,2025,2000,1,0,,develop,,0,0,0,0,3,-9999
68214,1,2027,16000,8,0,,develop,base,0,0,0,0,3,-9999
68238,2,2028,440000,336,0,,develop,base,0,0,0,0,4,-9999
66873,3,2026,230000,0,150,,develop,base,0,0,0,0,0,230000
2424,2,2026,16000,112,0,,develop,,0,0,0,0,3,-9999
2426,2,2026,40000,26,0,,develop,,0,0,0,0,2,-9999
2423,2,2026,44000,27,0,,develop,,0,0,0,0,3,-9999
2425,2,2026,37000,23,0,,develop,,0,0,0,0,3,-9999
55424,1,2027,163000,102,0,,develop,base,0,0,0,0,3,-9999
55426,1,2028,163000,102,0,,develop,base,0,0,0,0,3,-9999
55426,1,2033,270000,150,0,,develop,base,0,0,0,0,3,-9999
58507,5,2026,12000,0,20,,develop,base,0,0,0,0,1,12000
58506,5,2026,6000,0,10,,develop,base,0,0,0,0,1,6000
57785,2,2027,19500,13,0,,develop,base,0,0,0,0,3,2904
59325,2,2027,22500,15,0,,develop,base,0,0,0,0,3,-9999
492329,2,2026,6000,4,0,,develop,,0,0,0,0,2,-9999
492330,2,2026,6000,4,0,,develop,,0,0,0,0,2,-9999
492331,2,2026,16000,10,0,,develop,,0,0,0,0,3,-9999
492332,2,2026,4800,3,0,,develop,,0,0,0,0,3,-9999
492333,2,2026,3200,2,0,,develop,,0,0,0,0,3,-9999
492334,2,2026,12800,8,0,,develop,,0,0,0,0,3,-9999
492335,2,2026,16000,10,0,,develop,,0,0,0,0,3,-9999
492323,2,2026,19200,12,0,,develop,,0,0,0,0,3,-9999
492324,2,2026,16000,10,0,,develop,,0,0,0,0,3,-9999
492317,2,2026,14400,9,0,,develop,,0,0,0,0,3,-9999
492318,2,2026,16000,10,0,,develop,,0,0,0,0,3,-9999
492319,2,2026,24000,15,0,,develop,,0,0,0,0,3,-9999
492325,2,2026,16000,10,0,,develop,,0,0,0,0,3,-9999
492326,2,2026,16000,10,0,,develop,,0,0,0,0,3,-9999
492320,2,2026,9600,6,0,,develop,,0,0,0,0,3,-9999
492321,2,2026,9600,6,0,,develop,,0,0,0,0,3,-9999
492327,2,2026,11200,7,0,,develop,,0,0,0,0,3,-9999
492328,2,2026,14400,9,0,,develop,,0,0,0,0,3,-9999
492322,2,2026,8000,5,0,,develop,,0,0,0,0,3,-9999
27021,1,2027,7500,3,0,,develop,base,0,0,0,0,3,-9999
27019,1,2027,2500,1,0,,develop,base,0,0,0,0,3,-9999
27020,1,2027,5000,2,0,,develop,base,0,0,0,0,3,-9999
68190,1,2026,44000,22,0,,develop,base,0,0,0,0,2,-9999
68189,1,2026,40000,20,0,,develop,base,0,0,0,0,2,-9999
65752,1,2026,104000,52,0,,develop,base,0,0,0,0,0,-9999
27285,1,2026,26000,13,0,,develop,base,0,0,0,0,0,-9999
27297,1,2027,30000,15,0,,develop,base,0,0,0,0,2,-9999
66209,3,2026,150000,0,153,,develop,base,0,0,0,0,1,150000
489915,2,2026,400000,215,0,,develop,,0,0,0,0,6,-9999
2431,1,2026,22000,11,0,,develop,,0,0,0,0,1,-9999
2433,1,2026,32000,16,0,,develop,,0,0,0,0,1,-9999
2432,1,2026,24000,12,0,,develop,,0,0,0,0,1,-9999
2437,1,2027,32000,16,0,,develop,,0,0,0,0,1,-9999
2436,1,2028,20000,10,0,,develop,,0,0,0,0,1,-9999
2435,1,2028,22000,11,0,,develop,,0,0,0,0,1,-9999
2434,1,2029,30000,15,0,,develop,,0,0,0,0,1,-9999
490480,1,2026,104000,52,0,,develop,,0,0,0,0,2,-9999
65963,1,2026,400000,200,0,,develop,Terraine,0,0,0,0,2,-9999
65962,2,2027,400000,200,0,,develop,Terraine,0,0,0,0,2,-9999
65961,1,2028,400000,200,0,,develop,Terraine,0,0,0,0,2,-9999
65960,2,2029,400000,200,0,,develop,Terraine,0,0,0,0,2,-9999
65954,1,2030,400000,200,0,,develop,Terraine,0,0,0,0,2,-9999
65949,2,2031,400000,200,0,,develop,Terraine,0,0,0,0,2,-9999
68090,1,2032,400000,200,0,,develop,Terraine,0,0,0,0,2,-9999
68093,2,2033,400000,200,0,,develop,Terraine,0,0,0,0,2,-9999
65204,1,2034,400000,200,0,,develop,Terraine,0,0,0,0,2,-9999
65203,2,2035,400000,200,0,,develop,Terraine,0,0,0,0,2,-9999
65202,1,2036,400000,200,0,,develop,Terraine,0,0,0,0,2,-9999
65205,2,2037,400000,200,0,,develop,Terraine,0,0,0,0,2,-9999
65206,1,2038,400000,200,0,,develop,Terraine,0,0,0,0,2,-9999
65207,2,2039,400000,200,0,,develop,Terraine,0,0,0,0,2,-9999
68052,4,2028,35000,0,94,,develop,Terraine,0,0,0,0,1,35000
68097,5,2028,15000,0,24,,develop,Terraine,0,0,0,0,1,15000
68096,4,2031,35000,0,94,,develop,Terraine,0,0,0,0,1,35000
2513,5,2031,15000,0,24,,develop,Terraine,0,0,0,0,1,15000
2514,4,2034,35000,0,94,,develop,Terraine,0,0,0,0,1,35000
68052,5,2034,15000,0,24,,develop,Terraine,0,0,0,0,1,15000
68096,4,2037,35000,0,94,,develop,Terraine,0,0,0,0,1,35000
68097,5,2037,15000,0,24,,develop,Terraine,0,0,0,0,1,15000
2513,4,2040,35000,0,94,,develop,Terraine,0,0,0,0,1,35000
2514,5,2040,15000,0,24,,develop,Terraine,0,0,0,0,1,15000
63044,1,2032,60000,300,0,,develop,Westbridge Meadows,0,0,0,0,2,-9999
63044,2,2032,60000,300,0,,develop,Westbridge Meadows,0,0,0,0,2,-9999
22703,1,2034,60000,300,0,,develop,Westbridge Meadows,0,0,0,0,2,-9999
22703,2,2034,60000,300,0,,develop,Westbridge Meadows,0,0,0,0,2,-9999
63043,1,2036,60000,300,0,,develop,Westbridge Meadows,0,0,0,0,2,-9999
63043,2,2036,60000,300,0,,develop,Westbridge Meadows,0,0,0,0,2,-9999
22703,1,2038,60000,300,0,,develop,Westbridge Meadows,0,0,0,0,2,-9999
22703,2,2038,60000,300,0,,develop,Westbridge Meadows,0,0,0,0,2,-9999
63042,1,2040,60000,300,0,,develop,Westbridge Meadows,0,0,0,0,2,-9999
63042,2,2040,60000,300,0,,develop,Westbridge Meadows,0,0,0,0,2,-9999
22703,1,2042,60000,300,0,,develop,Westbridge Meadows,0,0,0,0,2,-9999
22703,2,2042,60000,300,0,,develop,Westbridge Meadows,0,0,0,0,2,-9999
63026,1,2044,60000,300,0,,develop,Westbridge Meadows,0,0,0,0,2,-9999
63026,2,2044,60000,300,0,,develop,Westbridge Meadows,0,0,0,0,2,-9999
22704,1,2046,60000,300,0,,develop,Westbridge Meadows,0,0,0,0,2,-9999
22704,2,2046,60000,300,0,,develop,Westbridge Meadows,0,0,0,0,2,-9999
63025,1,2048,60000,300,0,,develop,Westbridge Meadows,0,0,0,0,2,-9999
63025,2,2048,60000,300,0,,develop,Westbridge Meadows,0,0,0,0,2,-9999
22704,1,2050,60000,300,0,,develop,Westbridge Meadows,0,0,0,0,2,-9999
22704,2,2050,60000,300,0,,develop,Westbridge Meadows,0,0,0,0,2,-9999
63022,1,2052,60000,300,0,,develop,Westbridge Meadows,0,0,0,0,2,-9999
63022,2,2052,60000,300,0,,develop,Westbridge Meadows,0,0,0,0,2,-9999
22704,1,2054,60000,300,0,,develop,Westbridge Meadows,0,0,0,0,2,-9999
22704,2,2054,60000,300,0,,develop,Westbridge Meadows,0,0,0,0,2,-9999
63021,1,2056,60000,300,0,,develop,Westbridge Meadows,0,0,0,0,2,-9999
63021,2,2056,60000,300,0,,develop,Westbridge Meadows,0,0,0,0,2,-9999
22704,1,2060,60000,300,0,,develop,Westbridge Meadows,0,0,0,0,2,-9999
22704,2,2060,60000,300,0,,develop,Westbridge Meadows,0,0,0,0,2,-9999
22728,1,2062,60000,300,0,,develop,Westbridge Meadows,0,0,0,0,2,-9999
22728,2,2062,60000,300,0,,develop,Westbridge Meadows,0,0,0,0,2,-9999
63121,1,2064,60000,300,0,,develop,Westbridge Meadows,0,0,0,0,2,-9999
63121,2,2064,60000,300,0,,develop,Westbridge Meadows,0,0,0,0,2,-9999
22728,1,2066,60000,300,0,,develop,Westbridge Meadows,0,0,0,0,2,-9999
22728,2,2066,60000,300,0,,develop,Westbridge Meadows,0,0,0,0,2,-9999
63119,1,2068,60000,300,0,,develop,Westbridge Meadows,0,0,0,0,2,-9999
63119,2,2068,60000,300,0,,develop,Westbridge Meadows,0,0,0,0,2,-9999
22728,1,2070,60000,300,0,,develop,Westbridge Meadows,0,0,0,0,2,-9999
22728,2,2070,60000,300,0,,develop,Westbridge Meadows,0,0,0,0,2,-9999
63107,1,2072,60000,300,0,,develop,Westbridge Meadows,0,0,0,0,2,-9999
63107,2,2072,60000,300,0,,develop,Westbridge Meadows,0,0,0,0,2,-9999
22719,6,2032,57000,0,163,,develop,base,0,0,0,0,2,57000
22703,6,2038,57000,0,44,,develop,base,0,0,0,0,2,57000
63028,6,2044,57000,0,163,,develop,base,0,0,0,0,2,57000
22704,6,2050,57000,0,44,,develop,base,0,0,0,0,2,57000
63027,6,2056,57000,0,163,,develop,base,0,0,0,0,2,57000
63120,6,2062,57000,0,44,,develop,base,0,0,0,0,2,57000
22725,6,2068,57000,0,163,,develop,base,0,0,0,0,2,57000
22722,4,2034,57000,0,152,,develop,base,0,0,0,0,1,57000
62991,4,2034,57000,0,152,,develop,base,0,0,0,0,1,57000
22722,4,2040,57000,0,152,,develop,base,0,0,0,0,1,57000
62990,4,2046,57000,0,152,,develop,base,0,0,0,0,1,57000
62099,4,2052,57000,0,152,,develop,base,0,0,0,0,1,57000
63114,4,2058,57000,0,152,,develop,base,0,0,0,0,1,57000
63113,4,2064,57000,0,152,,develop,base,0,0,0,0,1,57000
63117,4,2070,57000,0,152,,develop,base,0,0,0,0,1,57000
22722,5,2036,57000,0,90,,develop,base,0,0,0,0,1,57000
62964,5,2042,57000,0,90,,develop,base,0,0,0,0,1,57000
63031,5,2048,57000,0,90,,develop,base,0,0,0,0,1,57000
62963,5,2054,57000,0,90,,develop,base,0,0,0,0,1,57000
63118,5,2072,57000,0,90,,develop,base,0,0,0,0,1,57000
63116,5,2066,57000,0,90,,develop,base,0,0,0,0,1,57000
62964,5,2042,57000,0,90,,develop,base,0,0,0,0,1,57000
62989,5,2060,57000,0,90,,develop,base,0,0,0,0,1,57000
801627,2,2028,130000,102,0,,develop,base,0,0,0,0,3,-9999
368506,2,2028,12000,6,0,,redevelop,,0,0,0,0,2,-9999
388808,2,2029,30000,13,0,,redevelop,,0,0,0,0,3,-9999
11694,2,2030,165000,79,0,,develop,base,0,0,0,0,4,-9999
6311,2,2031,275000,246,0,,redevelop,base,0,0,0,0,6,3217
801618,2,2029,165000,74,0,,develop,base,0,0,0,0,6,0
801620,2,2028,105000,94,0,,develop,base,0,0,0,0,6,0
801621,2,2031,130000,60,0,,develop,base,0,0,0,0,6,0
491110,1,2026,3000,1,0,,develop,,0,0,0,0,3,-9999
491108,1,2027,3000,1,0,,develop,,0,0,0,0,3,-9999
491088,1,2027,3000,1,0,,develop,,0,0,0,0,2,-9999
491118,1,2027,3000,1,0,,develop,,0,0,0,0,2,-9999
491103,1,2027,3000,1,0,,develop,,0,0,0,0,2,-9999
491072,1,2027,3000,1,0,,develop,,0,0,0,0,2,-9999
62925,3,2029,50000,0,51,,develop,"uipa, ww, counterpoint",0,0,0,0,1,50000
22678,3,2031,100000,0,100,,develop,"uipa, ww, jucandre",0,0,0,0,1,100000
63915,3,2028,328500,0,337,,develop,"uipa, ww, blackpine",0,0,0,0,1,328500
63846,3,2028,328500,0,337,,develop,"uipa, ww, blackpine",0,0,0,0,1,328500
63914,3,2028,328500,0,337,,develop,"uipa, ww, blackpine",0,0,0,0,1,328500
63913,3,2033,819401,0,840,,develop,"uipa, ww, blackpine",0,0,0,0,1,819401
4078,3,2032,352520,0,362,,develop,"uipa, ww, blackpine",0,0,0,0,1,352520
62834,3,2031,495888,0,509,,develop,"uipa, ww, blackpine",0,0,0,0,1,495888
4080,3,2030,1061102,0,1088,,develop,"uipa, ww, blackpine",0,0,0,0,1,1061102
4103,3,2029,854771,0,877,,develop,"uipa, ww, blackpine",0,0,0,0,1,854771
22684,3,2029,50000,0,51,,develop,"uipa, ww, hogle trust",0,0,0,0,1,50000
22694,3,2037,1000000,0,1025,,develop,"uipa, ww, litchfield",0,0,0,0,1,1000000
22694,3,2036,250000,0,256,,develop,"uipa, ww, litchfield",0,0,0,0,1,250000
22691,3,2035,250000,0,256,,develop,"uipa, ww, litchfield",0,0,0,0,1,250000
22691,3,2034,250000,0,256,,develop,"uipa, ww, litchfield",0,0,0,0,1,250000
22691,3,2033,83333,0,85,,develop,"uipa, ww, litchfield",0,0,0,0,1,83333
22685,3,2032,83333,0,85,,develop,"uipa, ww, litchfield",0,0,0,0,1,83333
22685,3,2031,83333,0,85,,develop,"uipa, ww, litchfield",0,0,0,0,1,83333
22686,3,2028,10000,0,10,,develop,"uipa, ww, silverline",0,0,0,0,1,10000
17203,3,2031,100000,0,101,,develop,"uipa, ww, westinghouse",0,0,0,0,1,100000
22692,3,2029,333333,0,341,,develop,"uipa, ww, mariott",0,0,0,0,1,333333
22690,3,2030,333333,0,341,,develop,"uipa, ww, mariott",0,0,0,0,1,333333
22673,3,2031,333333,0,341,,develop,"uipa, ww, mariott",0,0,0,0,1,333333
22674,3,2032,1000000,0,1025,,develop,"uipa, ww, mariott",0,0,0,0,1,1000000
22676,3,2033,1000000,0,1025,,develop,"uipa, ww, mariott",0,0,0,0,1,1000000
22651,3,2034,2000000,0,2051,,develop,"uipa, ww, mariott",0,0,0,0,1,2000000
22650,3,2035,2000000,0,2051,,develop,"uipa, ww, mariott",0,0,0,0,1,2000000
22652,3,2036,1666667,0,1709,,develop,"uipa, ww, mariott",0,0,0,0,1,1666667
62742,3,2037,1666667,0,1709,,develop,"uipa, ww, mariott",0,0,0,0,1,1666667
3441,3,2038,1666667,0,1709,,develop,"uipa, ww, mariott",0,0,0,0,1,1666667
15967,3,2031,50000,0,51,,develop,"uipa, ww, 900 S Ogden",0,0,0,0,1,50000
22674,3,2033,75000,0,75,,develop,"uipa, ww, rlss",0,0,0,0,1,75000
22650,3,2032,75000,0,75,,develop,"uipa, ww, rlss",0,0,0,0,1,75000
22651,3,2031,75000,0,75,,develop,"uipa, ww, rlss",0,0,0,0,1,75000
62640,3,2030,75000,0,75,,develop,"uipa, ww, rlss",0,0,0,0,1,75000
22670,3,2029,75000,0,75,,develop,"uipa, ww, rlss",0,0,0,0,1,75000
17206,3,2031,100000,0,100,,develop,"uipa, ww, janison",0,0,0,0,1,100000
64491,1,2028,72000,36,0,,develop,base,0,0,0,0,2,-9999
64488,1,2028,40000,20,0,,develop,base,0,0,0,0,2,-9999
64489,1,2028,40000,20,0,,develop,base,0,0,0,0,2,-9999
64490,1,2028,24000,12,0,,develop,base,0,0,0,0,2,-9999
64492,1,2032,60000,30,0,,develop,base,0,0,0,0,2,-9999
64495,1,2034,48000,24,0,,develop,base,0,0,0,0,2,-9999
64481,1,2032,17200,88,0,,develop,base,0,0,0,0,0,-9999
64484,1,2032,17200,88,0,,develop,base,0,0,0,0,0,-9999
64485,1,2036,17200,88,0,,develop,base,0,0,0,0,0,-9999
64487,1,2036,17200,88,0,,develop,base,0,0,0,0,0,-9999
24818,1,2034,17200,8,0,,develop,base,0,0,0,0,0,672
64505,1,2034,17200,88,0,,develop,base,0,0,0,0,0,-9999
45591,2,2028,45000,344,0,,redevelop,base,0,0,0,0,6,86721
45592,0,2028,0,0,0,,demo_nodev,base,0,0,0,0,0,0
45590,0,2028,0,0,0,,demo_nodev,base,0,0,0,0,0,0
45590,0,2028,0,0,0,,demo_nodev,base,0,0,0,0,0,0
41837,2,2028,215000,172,0,,redevelop,base,0,0,0,0,6,7920
39144,0,2028,0,0,0,,demo_nodev,base,0,0,0,0,0,0
39141,0,2028,0,0,0,,demo_nodev,base,0,0,0,0,0,0
39142,0,2028,0,0,0,,demo_nodev,base,0,0,0,0,0,0
29041,1,2030,31200,78,0,,develop,base,0,0,0,0,1,-9999
29041,1,2028,31200,78,0,,develop,base,0,0,0,0,1,-9999
29041,1,2026,24000,60,0,,develop,base,0,0,0,0,1,-9999
29041,1,2027,31200,78,0,,develop,base,0,0,0,0,1,-9999
29041,1,2029,31200,78,0,,develop,base,0,0,0,0,1,-9999
29041,1,2031,31200,78,0,,develop,base,0,0,0,0,1,-9999
475486,2,2026,360000,347,0,,redevelop,,0,0,0,0,0,-9999
21431,2,2030,165000,150,0,,develop,weber county comment,0,0,0,0,3,-9999
21431,2,2028,165000,150,0,,develop,weber county comment,0,0,0,0,3,-9999
107229,2,2030,400000,200,0,,redevelop,,0,0,0,0,3,-9999
107229,2,2031,400000,200,0,,develop,,0,0,0,0,3,-9999
492377,2,2032,400000,200,0,,redevelop,,0,0,0,0,3,-9999
107229,2,2033,400000,200,0,,develop,,0,0,0,0,3,-9999
3315,2,2034,400000,200,0,,develop,,0,0,0,0,3,-9999
3315,2,2035,400000,200,0,,develop,,0,0,0,0,3,-9999
3316,2,2036,400000,200,0,,develop,,0,0,0,0,3,-9999
3316,2,2037,400000,200,0,,develop,,0,0,0,0,3,-9999
3316,2,2038,400000,200,0,,develop,,0,0,0,0,3,-9999
32143,2,2029,675000,375,0,,develop,base,0,0,0,0,6,37091
32143,2,2031,675000,375,0,,develop,base,0,0,0,0,6,37091
38802,2,2032,675000,375,0,,develop,base,0,0,0,0,6,1050
38802,2,2033,675000,375,0,,develop,base,0,0,0,0,6,1050
14844,4,2030,60000,0,158,,redevelop,"SAP, stadium moves, hotel ",0,0,0,0,5,60000
20500,2,2030,60000,30,0,,develop,Ogden SAP,0,0,0,0,2,-9999
14955,5,2030,12000,0,190,,develop,Ogden SAP,0,0,0,0,2,12000
170591,0,2030,0,0,0,,demo_nodev,nick norris comments,0,0,0,0,0,0
85824,0,2030,0,0,0,,demo_nodev,nick norris comments,0,0,0,0,0,0
56325,2,2030,450000,300,0,,develop,nick norris comments,0,0,0,0,6,-9999
39163,0,2031,0,328,0,,demo_nodev,nick norris comments,0,0,0,0,0,0
39164,0,2031,0,328,0,,demo_nodev,nick norris comments,0,0,0,0,0,0
39165,0,2031,0,328,0,,demo_nodev,nick norris comments,0,0,0,0,0,0
39166,0,2031,0,328,0,,demo_nodev,nick norris comments,0,0,0,0,0,0
39171,0,2031,0,328,0,,demo_nodev,nick norris comments,0,0,0,0,0,0
39167,0,2031,0,328,0,,demo_nodev,nick norris comments,0,0,0,0,0,0
149578,2,2031,500000,328,0,,redevelop,nick norris comments,0,0,0,0,6,-9999
35680,2,2030,350000,200,0,,redevelop,nick norris comments,0,0,0,0,6,-9999
33918,7,2028,400000,196,20,,redevelop,nick norris comments,0,0,0,0,16,400000
33919,0,2028,0,0,0,,demo_nodev,nick norris comments,0,0,0,0,0,0
32094,2,2028,55000,55,0,,redevelop,nick norris comments,0,0,0,0,4,1961
38514,0,2028,0,0,0,,demo_nodev,BSL,0,0,0,0,0,0
38513,2,2028,200000,169,0,,redevelop,BSL,0,0,0,0,6,6200
41838,0,2028,0,0,0,,demo_nodev,BSL,0,0,0,0,0,0
39143,0,2028,0,0,0,,demo_nodev,BSL,0,0,0,0,0,0
41839,2,2028,150000,141,0,,develop,BSL,0,0,0,0,8,14042
52847,2,2029,160000,150,0,,develop,"CRA S-line dev, unit count estimated",0,0,0,0,7,-9999
21362,2,2031,110000,100,0,,develop,1,0,0,0,0,5,-9999
59419,2,2029,80000,40,0,,redevelop,ogden city comments,0,0,0,0,2,-9999
14363,1,2025,2000,1,0,,develop,ogden city comments,0,0,0,0,2,6317
18233,0,2025,0,0,0,,demo_nodev,ogden city comments,0,0,0,0,0,0
18233,4,2030,37400,0,100,,develop,ogden city comments,0,0,0,0,4,37400
21261,2,2029,120000,80,0,,develop,base,0,0,0,0,1,-9999
15747,6,2050,10000,0,400,,develop,airport master plan expansion,0,0,0,0,1,10000
15747,6,2045,10000,0,400,,develop,airport master plan expansion,0,0,0,0,1,10000
15747,6,2040,10000,0,400,,develop,airport master plan expansion,0,0,0,0,1,10000
15747,6,2035,10000,0,400,,develop,airport master plan expansion,0,0,0,0,1,10000
15747,6,2030,10000,0,400,,develop,airport master plan expansion,0,0,0,0,1,10000
19553,0,2026,0,0,0,,demo_nodev,base,0,0,0,0,0,0
19553,7,2028,1200000,600,70,,develop,base,0,0,0,0,6,1200000
19318,4,2029,380000,0,100,,develop,base,0,0,0,0,2,380000
19321,2,2031,240000,220,0,,develop,base,0,0,0,0,5,162343
22899,2,2031,38000,40,0,,develop,base,0,0,0,0,3,-9999
14511,1,2027,6000,3,0,,develop,base,0,0,0,0,2,1
14515,1,2027,12000,6,0,,develop,base,0,0,0,0,2,-9999
14512,1,2027,12000,6,0,,develop,base,0,0,0,0,2,18922
15050,2,2030,400000,250,0,,redevelop,base,0,0,0,0,6,-9999
18157,5,2031,180000,0,300,,develop,base,0,0,0,0,1,180000
18157,4,2030,160000,0,400,,develop,base,0,0,0,0,1,160000
18157,2,2030,300000,151,0,,develop,base,0,0,0,0,4,1
18157,2,2031,300000,151,0,,develop,base,0,0,0,0,4,1
18087,2,2030,400000,320,0,,develop,base,0,0,0,0,6,58658
15231,2,2030,235000,225,0,,redevelop,base,0,0,0,0,5,-9999
15231,2,2029,235000,225,0,,develop,base,0,0,0,0,5,-9999
16223,2,2031,160000,80,0,,develop,base,0,0,0,0,4,-9999
15269,2,2032,370000,350,0,,redevelop,base,0,0,0,0,6,-9999
15269,4,2032,700,0,20,,develop,base,0,0,0,0,1,700
20490,2,2032,130000,120,0,,develop,base,0,0,0,0,4,-9999
21238,4,2029,800,0,20,,develop,base,0,0,0,0,1,800
62187,3,2036,5000,0,50,,develop,base,0,0,0,0,1,5000
62186,3,2034,5000,0,50,,develop,base,0,0,0,0,1,5000
62188,3,2032,5000,0,50,,develop,base,0,0,0,0,1,5000
62189,3,2030,5000,0,50,,develop,base,0,0,0,0,1,5000
62189,3,2044,5000,0,50,,develop,base,0,0,0,0,1,5000
62188,3,2042,5000,0,50,,develop,base,0,0,0,0,1,5000
62186,3,2040,5000,0,50,,develop,base,0,0,0,0,1,5000
62187,3,2038,5000,0,50,,develop,base,0,0,0,0,1,5000
62186,3,2052,5000,0,50,,develop,base,0,0,0,0,1,5000
62187,3,2050,5000,0,50,,develop,base,0,0,0,0,1,5000
62188,3,2048,5000,0,50,,develop,base,0,0,0,0,1,5000
62189,3,2046,5000,0,50,,develop,base,0,0,0,0,1,5000
21951,3,2044,5000,0,50,,develop,base,0,0,0,0,0,5000
21951,3,2042,5000,0,50,,develop,base,0,0,0,0,0,5000
21951,3,2040,5000,0,50,,develop,base,0,0,0,0,0,5000
21951,3,2038,5000,0,50,,develop,base,0,0,0,0,0,5000
21951,3,2036,5000,0,50,,develop,base,0,0,0,0,0,5000
21951,3,2034,5000,0,50,,develop,base,0,0,0,0,0,5000
21951,3,2032,5000,0,50,,develop,base,0,0,0,0,0,5000
21951,3,2030,5000,0,50,,develop,base,0,0,0,0,0,5000
37625,2,2028,80000,80,0,,redevelop,more switchpoint homes,0,0,0,0,5,5676
44014,0,2027,0,0,0,,demolition,HTRZ redev,0,0,0,0,0,0
43473,0,2031,0,0,0,,demolition,base,0,0,0,0,0,0
43981,0,2031,0,0,0,,demolition,base,0,0,0,0,0,0
43982,0,2031,0,0,0,,demolition,base,0,0,0,0,0,0
489919,2,2028,57600,32,0,,develop,,0,0,0,0,3,-9999
489919,2,2027,113400,63,0,,develop,,0,0,0,0,3,-9999
801628,4,2028,30000,0,80,,develop,,0,0,0,0,0,30000
801628,5,2029,35000,0,55,,develop,,0,0,0,0,0,35000
60911,2,2028,40000,200,0,,develop,syracuse comments,0,0,0,0,3,-9999
60017,6,2027,16000,0,25,,develop,syracuse emergency center,0,0,0,0,1,16000
59914,1,2030,110000,65,0,,develop,brickmoor,0,0,0,0,2,-9999
59913,2,2029,110000,65,0,,develop,brickmoor,0,0,0,0,2,-9999
10423,2,2028,76000,38,0,,develop,brickmoor,0,0,0,0,2,3798
60678,2,2029,60000,32,0,,develop,aerials,0,0,0,0,2,-9999
60678,2,2028,120000,68,0,,develop,aerials,0,0,0,0,2,-9999
3047,1,2029,32000,16,0,,develop,aerials,0,0,0,0,2,-9999
3048,1,2028,34000,17,0,,develop,aerials,0,0,0,0,2,-9999
491237,1,2029,2000,1,0,,develop,,0,0,0,0,1,-9999
491238,1,2030,2000,1,0,,develop,,0,0,0,0,1,-9999
491240,1,2031,2000,1,0,,develop,,0,0,0,0,1,-9999
491244,1,2031,2000,1,0,,develop,,0,0,0,0,1,-9999
491243,1,2031,2000,1,0,,develop,,0,0,0,0,1,-9999
491242,1,2030,2000,1,0,,develop,,0,0,0,0,1,-9999
491241,1,2030,2000,1,0,,develop,,0,0,0,0,1,-9999
491236,1,2030,2000,1,0,,develop,,0,0,0,0,1,-9999
491235,1,2029,2000,1,0,,develop,,0,0,0,0,1,-9999
491245,1,2029,2000,1,0,,develop,,0,0,0,0,1,-9999
491247,1,2029,2000,1,0,,develop,,0,0,0,0,1,-9999
491239,1,2028,2000,1,0,,develop,,0,0,0,0,1,-9999
491246,1,2028,2000,1,0,,develop,,0,0,0,0,1,-9999
61042,1,2029,44000,22,0,,develop,base,0,0,0,0,2,-9999
60154,1,2029,40000,20,0,,develop,base,0,0,0,0,2,-9999
61041,1,2028,34000,17,0,,develop,base,0,0,0,0,2,-9999
60153,1,2028,22000,11,0,,develop,base,0,0,0,0,2,-9999
491400,1,2029,2000,1,0,,develop,,0,0,0,0,1,-9999
491399,1,2029,2000,1,0,,develop,,0,0,0,0,1,-9999
491406,1,2029,2000,1,0,,develop,,0,0,0,0,1,-9999
491405,1,2029,2000,1,0,,develop,,0,0,0,0,1,-9999
491403,1,2028,2000,1,0,,develop,,0,0,0,0,1,-9999
491402,1,2028,2000,1,0,,develop,,0,0,0,0,1,-9999
491398,1,2028,2000,1,0,,develop,,0,0,0,0,1,-9999
491397,1,2028,2000,1,0,,develop,,0,0,0,0,1,-9999
491396,1,2028,2000,1,0,,develop,,0,0,0,0,1,-9999
491395,1,2028,2000,1,0,,develop,,0,0,0,0,1,-9999
491404,1,2028,2000,1,0,,develop,,0,0,0,0,1,-9999
491401,1,2028,2000,1,0,,develop,,0,0,0,0,1,-9999
491430,1,2030,2000,1,0,,develop,,0,0,0,0,1,-9999
491429,1,2030,2000,1,0,,develop,,0,0,0,0,1,-9999
491428,1,2030,2000,1,0,,develop,,0,0,0,0,1,-9999
491431,1,2030,2000,1,0,,develop,,0,0,0,0,1,-9999
491432,1,2030,2000,1,0,,develop,,0,0,0,0,1,-9999
491433,1,2030,2000,1,0,,develop,,0,0,0,0,1,-9999
491438,1,2030,2000,1,0,,develop,,0,0,0,0,1,-9999
491437,1,2030,2000,1,0,,develop,,0,0,0,0,1,-9999
491436,1,2030,2000,1,0,,develop,,0,0,0,0,1,-9999
491435,1,2030,2000,1,0,,develop,,0,0,0,0,1,-9999
491434,1,2030,2000,1,0,,develop,,0,0,0,0,1,-9999
491449,1,2029,2000,1,0,,develop,,0,0,0,0,1,-9999
491448,1,2029,2000,1,0,,develop,,0,0,0,0,1,-9999
491446,1,2029,2000,1,0,,develop,,0,0,0,0,1,-9999
491445,1,2029,2000,1,0,,develop,,0,0,0,0,1,-9999
491444,1,2029,2000,1,0,,develop,,0,0,0,0,1,-9999
491443,1,2029,2000,1,0,,develop,,0,0,0,0,1,-9999
491442,1,2029,2000,1,0,,develop,,0,0,0,0,1,-9999
491441,1,2029,2000,1,0,,develop,,0,0,0,0,1,-9999
491440,1,2029,2000,1,0,,develop,,0,0,0,0,1,-9999
491439,1,2029,2000,1,0,,develop,,0,0,0,0,1,-9999
13878,1,2029,2000,1,0,,develop,base,0,0,0,0,1,-9999
11246,1,2029,2000,1,0,,develop,base,0,0,0,0,1,-9999
13882,1,2029,2000,1,0,,develop,base,0,0,0,0,1,-9999
13879,1,2029,2000,1,0,,develop,base,0,0,0,0,1,-9999
13880,1,2028,2000,1,0,,develop,base,0,0,0,0,1,-9999
13881,1,2028,2000,1,0,,develop,base,0,0,0,0,1,-9999
13877,1,2028,2000,1,0,,develop,base,0,0,0,0,1,-9999
11248,1,2028,2000,1,0,,develop,base,0,0,0,0,1,-9999
11247,1,2028,2000,1,0,,develop,base,0,0,0,0,1,-9999
13887,1,2028,2000,1,0,,develop,base,0,0,0,0,1,-9999
13886,1,2028,2000,1,0,,develop,base,0,0,0,0,1,-9999
13885,1,2028,2000,1,0,,develop,base,0,0,0,0,1,-9999
13891,1,2028,2000,1,0,,develop,base,0,0,0,0,1,-9999
13890,1,2028,2000,1,0,,develop,base,0,0,0,0,1,-9999
13889,1,2028,2000,1,0,,develop,base,0,0,0,0,1,-9999
13888,1,2027,2000,1,0,,develop,base,0,0,0,0,1,-9999
13883,1,2027,2000,1,0,,develop,base,0,0,0,0,1,-9999
491206,1,2028,2000,1,0,,develop,,0,0,0,0,1,-9999
491179,1,2028,2000,1,0,,develop,,0,0,0,0,1,-9999
491174,1,2028,2000,1,0,,develop,,0,0,0,0,1,-9999
491210,1,2028,2000,1,0,,develop,,0,0,0,0,1,-9999
491211,1,2028,2000,1,0,,develop,,0,0,0,0,1,-9999
491213,1,2028,2000,1,0,,develop,,0,0,0,0,1,-9999
491209,1,2028,2000,1,0,,develop,,0,0,0,0,1,-9999
491208,1,2028,2000,1,0,,develop,,0,0,0,0,1,-9999
491207,1,2028,2000,1,0,,develop,,0,0,0,0,1,-9999
491197,1,2028,2000,1,0,,develop,,0,0,0,0,1,-9999
491196,1,2028,2000,1,0,,develop,,0,0,0,0,1,-9999
491195,1,2028,2000,1,0,,develop,,0,0,0,0,1,-9999
491194,1,2028,2000,1,0,,develop,,0,0,0,0,1,-9999
491193,1,2028,2000,1,0,,develop,,0,0,0,0,1,-9999
491166,1,2028,2000,1,0,,develop,,0,0,0,0,1,-9999
491165,1,2028,2000,1,0,,develop,,0,0,0,0,1,-9999
491164,1,2028,2000,1,0,,develop,,0,0,0,0,1,-9999
491163,1,2028,2000,1,0,,develop,,0,0,0,0,1,-9999
491167,1,2028,2000,1,0,,develop,,0,0,0,0,1,-9999
491169,1,2028,2000,1,0,,develop,,0,0,0,0,1,-9999
491178,1,2028,2000,1,0,,develop,,0,0,0,0,1,-9999
491177,1,2028,2000,1,0,,develop,,0,0,0,0,1,-9999
491168,1,2028,2000,1,0,,develop,,0,0,0,0,1,-9999
491176,1,2028,2000,1,0,,develop,,0,0,0,0,1,-9999
491175,1,2028,2000,1,0,,develop,,0,0,0,0,1,-9999
491192,1,2028,2000,1,0,,develop,,0,0,0,0,1,-9999
491191,1,2028,2000,1,0,,develop,,0,0,0,0,1,-9999
491190,1,2028,2000,1,0,,develop,,0,0,0,0,1,-9999
491189,1,2028,2000,1,0,,develop,,0,0,0,0,1,-9999
491188,1,2028,2000,1,0,,develop,,0,0,0,0,1,-9999
491187,1,2028,2000,1,0,,develop,,0,0,0,0,1,-9999
491186,1,2028,2000,1,0,,develop,,0,0,0,0,1,-9999
491185,1,2028,2000,1,0,,develop,,0,0,0,0,1,-9999
491182,1,2028,2000,1,0,,develop,,0,0,0,0,1,-9999
491183,1,2028,2000,1,0,,develop,,0,0,0,0,1,-9999
491198,1,2028,2000,1,0,,develop,,0,0,0,0,1,-9999
491180,1,2028,2000,1,0,,develop,,0,0,0,0,1,-9999
491181,1,2028,2000,1,0,,develop,,0,0,0,0,1,-9999
491205,1,2028,2000,1,0,,develop,,0,0,0,0,1,-9999
491204,1,2028,2000,1,0,,develop,,0,0,0,0,1,-9999
491203,1,2028,2000,1,0,,develop,,0,0,0,0,1,-9999
491202,1,2028,2000,1,0,,develop,,0,0,0,0,1,-9999
491201,1,2028,2000,1,0,,develop,,0,0,0,0,1,-9999
491200,1,2028,2000,1,0,,develop,,0,0,0,0,1,-9999
491173,1,2028,2000,1,0,,develop,,0,0,0,0,1,-9999
491172,1,2028,2000,1,0,,develop,,0,0,0,0,1,-9999
491171,1,2028,2000,1,0,,develop,,0,0,0,0,1,-9999
491170,1,2028,2000,1,0,,develop,,0,0,0,0,1,-9999
44647,2,2043,320000,311,0,,develop,5600 W Housing,0,0,0,0,6,66520
44647,2,2041,320000,311,0,,develop,5600 W Housing,0,0,0,0,6,66520
44647,2,2039,320000,311,0,,develop,5600 W Housing,0,0,0,0,6,66520
44647,2,2037,320000,311,0,,develop,5600 W Housing,0,0,0,0,6,66520
44647,2,2035,320000,311,0,,develop,5600 W Housing,0,0,0,0,6,66520
44647,2,2045,320000,311,0,,develop,5600 W Housing,0,0,0,0,6,66520
44647,2,2047,320000,311,0,,develop,5600 W Housing,0,0,0,0,6,66520
44647,2,2049,320000,311,0,,develop,5600 W Housing,0,0,0,0,6,66520
44647,2,2051,320000,311,0,,develop,5600 W Housing,0,0,0,0,6,66520
44647,2,2053,320000,311,0,,develop,5600 W Housing,0,0,0,0,6,66520
44647,4,2041,78750,0,210,,develop,5600 W Retail,0,0,0,0,1,78750
44647,4,2039,78750,0,210,,develop,5600 W Retail,0,0,0,0,1,78750
44647,4,2037,78750,0,210,,develop,5600 W Retail,0,0,0,0,1,78750
44647,4,2035,78750,0,210,,develop,5600 W Retail,0,0,0,0,1,78750
44647,5,2042,300000,0,473,,develop,5600 W office,0,0,0,0,1,300000
44647,5,2040,300000,0,473,,develop,5600 W office,0,0,0,0,1,300000
44647,5,2038,300000,0,473,,develop,5600 W office,0,0,0,0,1,300000
44647,5,2036,300000,0,473,,develop,5600 W office,0,0,0,0,1,300000
44647,3,2046,25000,0,25,,develop,5600 W industrial,0,0,0,0,1,25000
44647,3,2043,25000,0,25,,develop,5600 W industrial,0,0,0,0,1,25000
44647,3,2040,25000,0,26,,develop,5600 W industrial,0,0,0,0,1,25000
44647,3,2037,25000,0,26,,develop,5600 W industrial,0,0,0,0,1,25000
44647,4,2042,600000,0,300,,develop,5600 W Hotel,0,0,0,0,6,600000
44647,4,2041,600000,0,300,,develop,5600 W Hotel,0,0,0,0,6,600000
44647,4,2037,600000,0,300,,develop,5600 W Hotel,0,0,0,0,6,600000
44647,4,2036,600000,0,300,,develop,5600 W Hotel,0,0,0,0,6,600000
44647,8,2045,150000,0,150,,develop,5600 W Entertainment,0,0,0,0,4,150000
44647,8,2042,150000,0,150,,develop,5600 W Entertainment,0,0,0,0,4,150000
44647,8,2039,150000,0,150,,develop,5600 W Entertainment,0,0,0,0,4,150000
44647,8,2037,150000,0,150,,develop,5600 W Entertainment,0,0,0,0,4,150000
66102,1,2028,12000,6,0,,develop,base,0,0,0,0,2,-9999
66103,1,2027,20000,10,0,,develop,base,0,0,0,0,2,-9999
66104,1,2028,70000,35,0,,develop,base,0,0,0,0,2,-9999
66094,2,2030,140000,70,0,,develop,base,0,0,0,0,2,-9999
66096,2,2030,140000,70,0,,develop,base,0,0,0,0,2,-9999
66093,2,2029,140000,70,0,,develop,base,0,0,0,0,2,-9999
66095,2,2028,140000,70,0,,develop,base,0,0,0,0,2,-9999
66090,2,2030,140000,70,0,,develop,base,0,0,0,0,2,-9999
66092,2,2031,140000,70,0,,develop,base,0,0,0,0,2,-9999
66089,2,2031,140000,70,0,,develop,base,0,0,0,0,2,-9999
66091,2,2030,140000,70,0,,develop,base,0,0,0,0,2,-9999
66097,2,2032,160000,79,0,,develop,base,0,0,0,0,2,-9999
66099,2,2032,160000,79,0,,develop,base,0,0,0,0,2,-9999
66100,2,2032,160000,79,0,,develop,base,0,0,0,0,2,-9999
34393,0,2026,0,0,0,,demolition,base,0,0,0,0,0,0
30672,2,2028,100000,639,0,,redevelop,base,0,0,0,0,6,3770
30672,5,2029,9450,0,15,,develop,Meg comments,0,0,0,0,1,9450
30672,4,2029,9450,0,25,,develop,Meg comments,0,0,0,0,1,9450
489122,2,2026,120000,59,0,,develop,holiday hills,0,0,0,0,2,960
476067,2,2023,300000,201,0,,develop,,0,0,0,0,6,166136
491026,4,2025,30000,0,80,,develop,Holladay Hills,0,0,0,0,1,30000
491026,5,2025,30000,0,50,,develop,Holladay Hills,0,0,0,0,1,30000
38202,2,2030,40000,247,0,,develop,base,0,0,0,0,6,23421
34605,2,2030,30000,200,0,,develop,base,0,0,0,0,6,42979
38203,2,2030,30000,200,0,,develop,base,0,0,0,0,6,3798
38202,4,2030,5000,0,13,,develop,base,0,0,0,0,1,5000
35460,4,2030,5000,0,13,,develop,base,0,0,0,0,1,5000
82382,2,2039,200000,107,0,,redevelop,Taylorsville SAP,0,0,0,0,3,-9999
282613,2,2037,380000,360,0,,redevelop,Taylorsville SAP,0,0,0,0,6,1860
40944,2,2030,60000,53,0,,develop,Taylorsville SAP,0,0,0,0,4,418751
46174,4,2030,10000,0,24,,develop,Taylorsville SAP,0,0,0,0,1,10000
56733,4,2030,10000,0,24,,develop,Taylorsville SAP,0,0,0,0,1,10000
46172,2,2032,120000,105,0,,develop,Taylorsville SAP,0,0,0,0,5,93274
47485,2,2034,70000,58,0,,develop,Taylorsville SAP,0,0,0,0,5,-9999
46902,5,2034,20000,0,32,,develop,Taylorsville SAP,0,0,0,0,1,20000
55138,2,2031,800000,589,0,,redevelop,Taylorsville SAP,0,0,0,0,6,5551
55138,2,2033,280000,144,0,,redevelop,Taylorsville SAP,0,0,0,0,3,5551
55138,2,2033,800000,589,0,,develop,Taylorsville SAP,0,0,0,0,6,5551
55138,4,2031,10000,0,30,,develop,Taylorsville SAP,0,0,0,0,1,10000
199415,2,2035,110000,103,0,,redevelop,Taylorsville SAP,0,0,0,0,4,-9999
199415,2,2036,110000,103,0,,develop,Taylorsville SAP,0,0,0,0,4,-9999
339095,2,2035,465000,453,0,,redevelop,Taylorsville SAP,0,0,0,0,6,-9999
27823,4,2035,10000,0,27,,redevelop,Taylorsville SAP,0,0,0,0,1,10000
339095,2,2037,190000,184,0,,develop,Taylorsville SAP,0,0,0,0,6,-9999
339095,2,2036,100000,97,0,,develop,Taylorsville SAP,0,0,0,0,3,-9999
48193,2,2036,0,0,0,,demo_nodev,Taylorsville SAP,0,0,0,0,0,36366
46932,2,2036,0,0,0,,demo_nodev,Taylorsville SAP,0,0,0,0,0,2668
46177,2,2036,0,0,0,,demo_nodev,Taylorsville SAP,0,0,0,0,0,28490
46176,2,2038,310000,295,0,,redevelop,Taylorsville SAP,0,0,0,0,6,12544
46175,2,2036,310000,295,0,,redevelop,Taylorsville SAP,0,0,0,0,6,10116
40945,0,2033,0,0,0,,demo_nodev,Taylorsville SAP,0,0,0,0,0,0
444272,2,2036,430000,426,0,,redevelop,Taylorsville SAP,0,0,0,0,6,-9999
233585,4,2036,20000,0,52,,redevelop,Taylorsville SAP,0,0,0,0,1,20000
380992,2,2037,350000,334,0,,redevelop,Taylorsville SAP,0,0,0,0,6,-9999
433778,2,2036,180000,170,0,,redevelop,Taylorsville SAP,0,0,0,0,6,-9999
47847,2,2037,430000,426,0,,redevelop,Taylorsville SAP,0,0,0,0,6,39776
36454,4,2037,20000,0,52,,redevelop,Taylorsville SAP,0,0,0,0,1,20000
433778,2,2038,100000,87,0,,develop,Taylorsville SAP,0,0,0,0,6,-9999
433778,2,2037,300000,279,0,,develop,Taylorsville SAP,0,0,0,0,3,-9999
380992,4,2037,10000,0,28,,develop,Taylorsville SAP,0,0,0,0,1,10000
380992,2,2038,115000,105,0,,develop,Taylorsville SAP,0,0,0,0,6,-9999
380992,2,2039,200000,122,0,,develop,Taylorsville SAP,0,0,0,0,3,-9999
282613,4,2037,10000,0,28,,develop,Taylorsville SAP,0,0,0,0,1,10000
490972,1,2026,2200,1,0,,develop,,0,0,0,0,1,-9999
490973,1,2026,2200,1,0,,develop,,0,0,0,0,1,-9999
490966,1,2028,2200,1,0,,develop,,0,0,0,0,1,-9999
490967,1,2028,2200,1,0,,develop,,0,0,0,0,1,-9999
490968,1,2028,2200,1,0,,develop,,0,0,0,0,1,-9999
490969,1,2028,2200,1,0,,develop,,0,0,0,0,1,-9999
490970,1,2028,2200,1,0,,develop,,0,0,0,0,1,-9999
490971,1,2028,2200,1,0,,develop,,0,0,0,0,1,-9999
490976,1,2028,2200,1,0,,develop,,0,0,0,0,1,-9999
490975,1,2028,2200,1,0,,develop,,0,0,0,0,1,-9999
490980,1,2028,2200,1,0,,develop,,0,0,0,0,1,-9999
490979,1,2028,2200,1,0,,develop,,0,0,0,0,1,-9999
490978,1,2028,2200,1,0,,develop,,0,0,0,0,1,-9999
490977,1,2028,2200,1,0,,develop,,0,0,0,0,1,-9999
490974,1,2028,2200,1,0,,develop,,0,0,0,0,1,-9999
26886,0,2045,0,0,0,,demo_nodev,,0,0,0,0,0,0
26881,0,2045,0,0,0,,demo_nodev,,0,0,0,0,0,0
68161,6,2026,38000,0,30,,develop,wasatch charter school - kearns,0,0,0,0,1,38000
305706,2,2028,16200,9,0,,redevelop,BSL,0,0,0,0,3,-9999
2511,0,2025,0,0,0,,demolition,,0,0,0,0,0,0
2510,0,2025,0,0,0,,demolition,,0,0,0,0,0,0
2509,0,2025,0,0,0,,demolition,,0,0,0,0,0,0
68686,1,2028,92000,47,0,,develop,base,0,0,0,0,2,-9999
68687,1,2029,132000,66,0,,develop,base,0,0,0,0,2,-9999
68688,1,2028,36000,18,0,,develop,base,0,0,0,0,2,-9999
2502,1,2028,44000,22,0,,develop,,0,0,0,0,1,-9999
2503,1,2028,44000,22,0,,develop,,0,0,0,0,1,-9999
2500,1,2029,44000,22,0,,develop,,0,0,0,0,1,-9999
2501,1,2029,44000,22,0,,develop,,0,0,0,0,1,-9999
58996,1,2028,122000,62,0,,develop,base,0,0,0,0,2,-9999
51914,2,2028,116000,116,0,,develop,base,0,0,0,0,1,-9999
56845,2,2028,30000,15,0,,develop,base,0,0,0,0,2,1408
56847,2,2028,20000,10,0,,develop,base,0,0,0,0,2,1110
51967,1,2028,74000,37,0,,develop,base,0,0,0,0,2,-9999
57672,2,2029,45000,29,0,,develop,base,0,0,0,0,3,-9999
67632,1,2028,24000,12,0,,develop,base,0,0,0,0,2,-9999
67631,1,2028,24000,12,0,,develop,base,0,0,0,0,2,-9999
60830,2,2026,40500,27,0,,develop,base,0,0,0,0,3,-9999
60829,2,2026,54000,36,0,,develop,base,0,0,0,0,3,-9999
60832,2,2027,27000,18,0,,develop,base,0,0,0,0,3,-9999
60831,2,2028,60000,40,0,,develop,base,0,0,0,0,3,186735
60828,2,2028,63000,42,0,,develop,base,0,0,0,0,3,-9999
62247,1,2026,16000,8,0,,develop,base,0,0,0,0,2,-9999
62248,1,2028,28000,14,0,,develop,base,0,0,0,0,2,-9999
22302,2,2028,32000,16,0,,develop,base,0,0,0,0,2,-9999
22303,2,2028,32000,16,0,,develop,base,0,0,0,0,2,-9999
67783,4,2027,176000,0,300,,develop,West Haven Walmart,0,0,0,0,1,176000
24298,1,2028,58000,29,0,,develop,base,0,0,0,0,1,-9999
24292,1,2028,6000,3,0,,develop,base,0,0,0,0,1,-9999
24291,1,2028,10000,5,0,,develop,base,0,0,0,0,1,-9999
58431,4,2026,13600,0,36,,develop,base,0,0,0,0,1,13600
58431,4,2027,23800,0,63,,develop,base,0,0,0,0,1,23800
801643,1,2026,24000,8,0,,develop,base,0,0,0,0,0,-9999
801643,1,2027,51000,17,0,,develop,base,0,0,0,0,0,-9999
801643,1,2028,48000,16,0,,develop,base,0,0,0,0,0,-9999
801643,1,2029,45000,15,0,,develop,base,0,0,0,0,0,-9999
801643,1,2030,48000,16,0,,develop,base,0,0,0,0,0,-9999
24385,1,2026,51000,17,0,,develop,base,0,0,0,0,3,-9999
24302,1,2026,21000,8,0,,develop,base,0,0,0,0,3,-9999
54960,5,2024,15000,0,40,,develop,base,0,0,0,0,1,15000
35768,4,2030,180000,0,290,,develop,holladay crossroads SAP,0,0,0,0,1,180000
35768,2,2033,360000,185,0,,develop,holladay crossroads SAP,0,0,0,0,4,42352
35769,5,2036,50000,0,47,,develop,holladay crossroads SAP,0,0,0,0,2,50000
35769,5,2030,50000,0,47,,develop,holladay crossroads SAP,0,0,0,0,2,50000
35914,2,2033,360000,185,0,,develop,holladay crossroads SAP,0,0,0,0,4,44941
35914,4,2036,180000,0,290,,develop,holladay crossroads SAP,0,0,0,0,1,180000
35914,2,2030,360000,185,0,,develop,holladay crossroads SAP,0,0,0,0,4,44941
35915,4,2033,180000,0,290,,redevelop,holladay crossroads SAP,0,0,0,0,1,180000
35915,5,2036,50000,0,47,,develop,holladay crossroads SAP,0,0,0,0,2,50000
68215,1,2028,40000,21,0,,develop,base,0,0,0,0,2,-9999
68212,1,2029,40000,21,0,,develop,base,0,0,0,0,2,-9999
68213,1,2030,40000,21,0,,develop,base,0,0,0,0,2,-9999
14077,1,2027,28000,14,0,,develop,base,0,0,0,0,2,-9999
61177,1,2028,15000,7,0,,develop,base,0,0,0,0,2,-9999
61178,1,2028,35000,15,0,,develop,base,0,0,0,0,2,-9999
303615,1,2029,36000,18,0,,develop,,0,0,0,0,2,-9999
60321,2,2028,77000,48,0,,develop,base,0,0,0,0,2,-9999
60320,2,2029,77000,48,0,,develop,base,0,0,0,0,2,-9999
60319,2,2030,77000,48,0,,develop,base,0,0,0,0,2,-9999
264152,3,2027,12000,0,12,,redevelop,,0,0,0,0,1,12000
208244,3,2027,12000,0,12,,redevelop,,0,0,0,0,1,12000
178960,3,2027,12000,0,12,,redevelop,,0,0,0,0,1,12000
156669,3,2027,12000,0,12,,redevelop,,0,0,0,0,1,12000
105912,3,2027,12000,0,12,,redevelop,,0,0,0,0,1,12000
801644,4,2026,64300,0,171,,develop,base,0,0,0,0,1,64300
801642,4,2027,10000,0,30,,develop,veranda west,0,0,0,0,0,10000
801642,4,2028,10000,0,30,,develop,veranda west,0,0,0,0,0,10000
801642,5,2027,125000,0,200,,develop,veranda west,0,0,0,0,0,125000
801642,5,2028,125000,0,200,,develop,veranda west,0,0,0,0,0,125000
55567,2,2028,211200,176,0,,develop,base,0,0,0,0,5,-9999
55567,2,2029,110000,89,0,,develop,base,0,0,0,0,5,-9999
32478,0,2027,0,0,0,,demo_nodev,base,0,0,0,0,0,0
32478,5,2029,350000,0,1000,,develop,WGU Relocate,0,0,0,0,5,350000
32478,5,2030,350000,0,1000,,develop,WGU Relocate,0,0,0,0,5,350000
32478,5,2031,350000,0,1000,,develop,WGU Relocate,0,0,0,0,5,350000
32478,5,2032,350000,0,1000,,develop,WGU Relocate,0,0,0,0,5,350000
32478,5,2033,350000,0,1000,,develop,WGU Relocate,0,0,0,0,5,350000
