TAZ_Forecast_Idx,YEAR,CO_FIPS,TAZID,CO_TAZID,TOTPOP,GQ_Pop,HH_Pop,HH,HH_Size,POP_00_17,POP_18_64,POP_65P,ALLEMP,RETL,FOOD,MANU,WSLE,OFFI,GVED,HLTH,OTHR,AGRI,MING,CONS,HBJ,CO_NAME
154_2010,2010,57,154,570154,0,0,0,0,0,0,0,0,0,0,0,0,0,0,0,0,0,0,0,0,0,Weber
154_2011,2011,57,154,570154,0,0,0,0,0,0,0,0,0,0,0,0,0,0,0,0,0,0,0,0,0,Weber
154_2012,2012,57,154,570154,0,0,0,0,0,0,0,0,0,0,0,0,0,0,0,0,0,0,0,0,0,Weber
154_2013,2013,57,154,570154,0,0,0,0,0,0,0,0,0,0,0,0,0,0,0,0,0,0,0,0,0,Weber
154_2014,2014,57,154,570154,0,0,0,0,0,0,0,0,0,0,0,0,0,0,0,0,0,0,0,0,0,Weber
154_2015,2015,57,154,570154,0,0,0,0,0,0,0,0,0,0,0,0,0,0,0,0,0,0,0,0,0,Weber
154_2016,2016,57,154,570154,0,0,0,0,0,0,0,0,0,0,0,0,0,0,0,0,0,0,0,0,0,Weber
154_2017,2017,57,154,570154,0,0,0,0,0,0,0,0,0,0,0,0,0,0,0,0,0,0,0,0,0,Weber
154_2018,2018,57,154,570154,0,0,0,0,0,0,0,0,0,0,0,0,0,0,0,0,0,0,0,0,0,Weber
154_2019,2019,57,154,570154,0,0,0,0,0,0,0,0,0,0,0,0,0,0,0,0,0,0,0,0,0,Weber
154_2020,2020,57,154,570154,0,0,0,0,0,0,0,0,0,0,0,0,0,0,0,0,0,0,0,0,0,Weber
154_2021,2021,57,154,570154,0,0,0,0,0,0,0,0,0,0,0,0,0,0,0,0,0,0,0,0,0,Weber
154_2022,2022,57,154,570154,0,0,0,0,0,0,0,0,0,0,0,0,0,0,0,0,0,0,0,0,0,Weber
154_2023,2023,57,154,570154,0,0,0,0,0,0,0,0,0,0,0,0,0,0,0,0,0,0,0,0,0,Weber
154_2024,2024,57,154,570154,0,0,0,0,0,0,0,0,0,0,0,0,0,0,0,0,0,0,0,0,0,Weber
154_2025,2025,57,154,570154,0,0,0,0,0,0,0,0,0,0,0,0,0,0,0,0,0,0,0,0,0,Weber
154_2026,2026,57,154,570154,0,0,0,0,0,0,0,0,0,0,0,0,0,0,0,0,0,0,0,0,0,Weber
154_2027,2027,57,154,570154,0,0,0,0,0,0,0,0,0,0,0,0,0,0,0,0,0,0,0,0,0,Weber
154_2028,2028,57,154,570154,0,0,0,0,0,0,0,0,0,0,0,0,0,0,0,0,0,0,0,0,0,Weber
154_2029,2029,57,154,570154,0,0,0,0,0,0,0,0,0,0,0,0,0,0,0,0,0,0,0,0,0,Weber
154_2030,2030,57,154,570154,0,0,0,0,0,0,0,0,0,0,0,0,0,0,0,0,0,0,0,0,0,Weber
154_2031,2031,57,154,570154,0,0,0,0,0,0,0,0,0,0,0,0,0,0,0,0,0,0,0,0,0,Weber
154_2032,2032,57,154,570154,0,0,0,0,0,0,0,0,0,0,0,0,0,0,0,0,0,0,0,0,0,Weber
154_2033,2033,57,154,570154,0,0,0,0,0,0,0,0,0,0,0,0,0,0,0,0,0,0,0,0,0,Weber
154_2034,2034,57,154,570154,0,0,0,0,0,0,0,0,0,0,0,0,0,0,0,0,0,0,0,0,0,Weber
154_2035,2035,57,154,570154,0,0,0,0,0,0,0,0,0,0,0,0,0,0,0,0,0,0,0,0,0,Weber
154_2036,2036,57,154,570154,0,0,0,0,0,0,0,0,0,0,0,0,0,0,0,0,0,0,0,0,0,Weber
154_2037,2037,57,154,570154,0,0,0,0,0,0,0,0,0,0,0,0,0,0,0,0,0,0,0,0,0,Weber
154_2038,2038,57,154,570154,0,0,0,0,0,0,0,0,0,0,0,0,0,0,0,0,0,0,0,0,0,Weber
154_2039,2039,57,154,570154,0,0,0,0,0,0,0,0,0,0,0,0,0,0,0,0,0,0,0,0,0,Weber
154_2040,2040,57,154,570154,0,0,0,0,0,0,0,0,0,0,0,0,0,0,0,0,0,0,0,0,0,Weber
154_2041,2041,57,154,570154,0,0,0,0,0,0,0,0,0,0,0,0,0,0,0,0,0,0,0,0,0,Weber
154_2042,2042,57,154,570154,0,0,0,0,0,0,0,0,0,0,0,0,0,0,0,0,0,0,0,0,0,Weber
154_2043,2043,57,154,570154,0,0,0,0,0,0,0,0,0,0,0,0,0,0,0,0,0,0,0,0,0,Weber
154_2044,2044,57,154,570154,0,0,0,0,0,0,0,0,0,0,0,0,0,0,0,0,0,0,0,0,0,Weber
154_2045,2045,57,154,570154,0,0,0,0,0,0,0,0,0,0,0,0,0,0,0,0,0,0,0,0,0,Weber
154_2046,2046,57,154,570154,0,0,0,0,0,0,0,0,0,0,0,0,0,0,0,0,0,0,0,0,0,Weber
154_2047,2047,57,154,570154,0,0,0,0,0,0,0,0,0,0,0,0,0,0,0,0,0,0,0,0,0,Weber
154_2048,2048,57,154,570154,0,0,0,0,0,0,0,0,0,0,0,0,0,0,0,0,0,0,0,0,0,Weber
154_2049,2049,57,154,570154,0,0,0,0,0,0,0,0,0,0,0,0,0,0,0,0,0,0,0,0,0,Weber
154_2050,2050,57,154,570154,0,0,0,0,0,0,0,0,0,0,0,0,0,0,0,0,0,0,0,0,0,Weber
154_2051,2051,57,154,570154,0,0,0,0,0,0,0,0,0,0,0,0,0,0,0,0,0,0,0,0,0,Weber
154_2052,2052,57,154,570154,0,0,0,0,0,0,0,0,0,0,0,0,0,0,0,0,0,0,0,0,0,Weber
154_2053,2053,57,154,570154,0,0,0,0,0,0,0,0,0,0,0,0,0,0,0,0,0,0,0,0,0,Weber
154_2054,2054,57,154,570154,0,0,0,0,0,0,0,0,0,0,0,0,0,0,0,0,0,0,0,0,0,Weber
154_2055,2055,57,154,570154,0,0,0,0,0,0,0,0,0,0,0,0,0,0,0,0,0,0,0,0,0,Weber
154_2056,2056,57,154,570154,0,0,0,0,0,0,0,0,0,0,0,0,0,0,0,0,0,0,0,0,0,Weber
154_2057,2057,57,154,570154,0,0,0,0,0,0,0,0,0,0,0,0,0,0,0,0,0,0,0,0,0,Weber
154_2058,2058,57,154,570154,0,0,0,0,0,0,0,0,0,0,0,0,0,0,0,0,0,0,0,0,0,Weber
154_2059,2059,57,154,570154,0,0,0,0,0,0,0,0,0,0,0,0,0,0,0,0,0,0,0,0,0,Weber
154_2060,2060,57,154,570154,0,0,0,0,0,0,0,0,0,0,0,0,0,0,0,0,0,0,0,0,0,Weber
577_2010,2010,57,577,570577,0,0,0,0,0,0,0,0,0,0,0,0,0,0,0,0,0,0,0,0,0,Weber
577_2011,2011,57,577,570577,0,0,0,0,0,0,0,0,0,0,0,0,0,0,0,0,0,0,0,0,0,Weber
577_2012,2012,57,577,570577,0,0,0,0,0,0,0,0,0,0,0,0,0,0,0,0,0,0,0,0,0,Weber
577_2013,2013,57,577,570577,0,0,0,0,0,0,0,0,0,0,0,0,0,0,0,0,0,0,0,0,0,Weber
577_2014,2014,57,577,570577,0,0,0,0,0,0,0,0,0,0,0,0,0,0,0,0,0,0,0,0,0,Weber
577_2015,2015,57,577,570577,0,0,0,0,0,0,0,0,0,0,0,0,0,0,0,0,0,0,0,0,0,Weber
577_2016,2016,57,577,570577,0,0,0,0,0,0,0,0,0,0,0,0,0,0,0,0,0,0,0,0,0,Weber
577_2017,2017,57,577,570577,0,0,0,0,0,0,0,0,0,0,0,0,0,0,0,0,0,0,0,0,0,Weber
577_2018,2018,57,577,570577,0,0,0,0,0,0,0,0,0,0,0,0,0,0,0,0,0,0,0,0,0,Weber
577_2019,2019,57,577,570577,0,0,0,0,0,0,0,0,0,0,0,0,0,0,0,0,0,0,0,0,0,Weber
577_2020,2020,57,577,570577,0,0,0,0,0,0,0,0,0,0,0,0,0,0,0,0,0,0,0,0,0,Weber
577_2021,2021,57,577,570577,0,0,0,0,0,0,0,0,0,0,0,0,0,0,0,0,0,0,0,0,0,Weber
577_2022,2022,57,577,570577,0,0,0,0,0,0,0,0,0,0,0,0,0,0,0,0,0,0,0,0,0,Weber
577_2023,2023,57,577,570577,0,0,0,0,0,0,0,0,0,0,0,0,0,0,0,0,0,0,0,0,0,Weber
577_2024,2024,57,577,570577,0,0,0,0,0,0,0,0,0,0,0,0,0,0,0,0,0,0,0,0,0,Weber
577_2025,2025,57,577,570577,0,0,0,0,0,0,0,0,0,0,0,0,0,0,0,0,0,0,0,0,0,Weber
577_2026,2026,57,577,570577,0,0,0,0,0,0,0,0,0,0,0,0,0,0,0,0,0,0,0,0,0,Weber
577_2027,2027,57,577,570577,0,0,0,0,0,0,0,0,0,0,0,0,0,0,0,0,0,0,0,0,0,Weber
577_2028,2028,57,577,570577,0,0,0,0,0,0,0,0,0,0,0,0,0,0,0,0,0,0,0,0,0,Weber
577_2029,2029,57,577,570577,0,0,0,0,0,0,0,0,0,0,0,0,0,0,0,0,0,0,0,0,0,Weber
577_2030,2030,57,577,570577,0,0,0,0,0,0,0,0,0,0,0,0,0,0,0,0,0,0,0,0,0,Weber
577_2031,2031,57,577,570577,0,0,0,0,0,0,0,0,0,0,0,0,0,0,0,0,0,0,0,0,0,Weber
577_2032,2032,57,577,570577,0,0,0,0,0,0,0,0,0,0,0,0,0,0,0,0,0,0,0,0,0,Weber
577_2033,2033,57,577,570577,0,0,0,0,0,0,0,0,0,0,0,0,0,0,0,0,0,0,0,0,0,Weber
577_2034,2034,57,577,570577,0,0,0,0,0,0,0,0,0,0,0,0,0,0,0,0,0,0,0,0,0,Weber
577_2035,2035,57,577,570577,0,0,0,0,0,0,0,0,0,0,0,0,0,0,0,0,0,0,0,0,0,Weber
577_2036,2036,57,577,570577,0,0,0,0,0,0,0,0,0,0,0,0,0,0,0,0,0,0,0,0,0,Weber
577_2037,2037,57,577,570577,0,0,0,0,0,0,0,0,0,0,0,0,0,0,0,0,0,0,0,0,0,Weber
577_2038,2038,57,577,570577,0,0,0,0,0,0,0,0,0,0,0,0,0,0,0,0,0,0,0,0,0,Weber
577_2039,2039,57,577,570577,0,0,0,0,0,0,0,0,0,0,0,0,0,0,0,0,0,0,0,0,0,Weber
577_2040,2040,57,577,570577,0,0,0,0,0,0,0,0,0,0,0,0,0,0,0,0,0,0,0,0,0,Weber
577_2041,2041,57,577,570577,0,0,0,0,0,0,0,0,0,0,0,0,0,0,0,0,0,0,0,0,0,Weber
577_2042,2042,57,577,570577,0,0,0,0,0,0,0,0,0,0,0,0,0,0,0,0,0,0,0,0,0,Weber
577_2043,2043,57,577,570577,0,0,0,0,0,0,0,0,0,0,0,0,0,0,0,0,0,0,0,0,0,Weber
577_2044,2044,57,577,570577,0,0,0,0,0,0,0,0,0,0,0,0,0,0,0,0,0,0,0,0,0,Weber
577_2045,2045,57,577,570577,0,0,0,0,0,0,0,0,0,0,0,0,0,0,0,0,0,0,0,0,0,Weber
577_2046,2046,57,577,570577,0,0,0,0,0,0,0,0,0,0,0,0,0,0,0,0,0,0,0,0,0,Weber
577_2047,2047,57,577,570577,0,0,0,0,0,0,0,0,0,0,0,0,0,0,0,0,0,0,0,0,0,Weber
577_2048,2048,57,577,570577,0,0,0,0,0,0,0,0,0,0,0,0,0,0,0,0,0,0,0,0,0,Weber
577_2049,2049,57,577,570577,0,0,0,0,0,0,0,0,0,0,0,0,0,0,0,0,0,0,0,0,0,Weber
577_2050,2050,57,577,570577,0,0,0,0,0,0,0,0,0,0,0,0,0,0,0,0,0,0,0,0,0,Weber
577_2051,2051,57,577,570577,0,0,0,0,0,0,0,0,0,0,0,0,0,0,0,0,0,0,0,0,0,Weber
577_2052,2052,57,577,570577,0,0,0,0,0,0,0,0,0,0,0,0,0,0,0,0,0,0,0,0,0,Weber
577_2053,2053,57,577,570577,0,0,0,0,0,0,0,0,0,0,0,0,0,0,0,0,0,0,0,0,0,Weber
577_2054,2054,57,577,570577,0,0,0,0,0,0,0,0,0,0,0,0,0,0,0,0,0,0,0,0,0,Weber
577_2055,2055,57,577,570577,0,0,0,0,0,0,0,0,0,0,0,0,0,0,0,0,0,0,0,0,0,Weber
577_2056,2056,57,577,570577,0,0,0,0,0,0,0,0,0,0,0,0,0,0,0,0,0,0,0,0,0,Weber
577_2057,2057,57,577,570577,0,0,0,0,0,0,0,0,0,0,0,0,0,0,0,0,0,0,0,0,0,Weber
577_2058,2058,57,577,570577,0,0,0,0,0,0,0,0,0,0,0,0,0,0,0,0,0,0,0,0,0,Weber
577_2059,2059,57,577,570577,0,0,0,0,0,0,0,0,0,0,0,0,0,0,0,0,0,0,0,0,0,Weber
577_2060,2060,57,577,570577,0,0,0,0,0,0,0,0,0,0,0,0,0,0,0,0,0,0,0,0,0,Weber
578_2010,2010,57,578,570578,0,0,0,0,0,0,0,0,0,0,0,0,0,0,0,0,0,0,0,0,0,Weber
578_2011,2011,57,578,570578,0,0,0,0,0,0,0,0,0,0,0,0,0,0,0,0,0,0,0,0,0,Weber
578_2012,2012,57,578,570578,0,0,0,0,0,0,0,0,0,0,0,0,0,0,0,0,0,0,0,0,0,Weber
578_2013,2013,57,578,570578,0,0,0,0,0,0,0,0,0,0,0,0,0,0,0,0,0,0,0,0,0,Weber
578_2014,2014,57,578,570578,0,0,0,0,0,0,0,0,0,0,0,0,0,0,0,0,0,0,0,0,0,Weber
578_2015,2015,57,578,570578,0,0,0,0,0,0,0,0,0,0,0,0,0,0,0,0,0,0,0,0,0,Weber
578_2016,2016,57,578,570578,0,0,0,0,0,0,0,0,0,0,0,0,0,0,0,0,0,0,0,0,0,Weber
578_2017,2017,57,578,570578,0,0,0,0,0,0,0,0,0,0,0,0,0,0,0,0,0,0,0,0,0,Weber
578_2018,2018,57,578,570578,0,0,0,0,0,0,0,0,0,0,0,0,0,0,0,0,0,0,0,0,0,Weber
578_2019,2019,57,578,570578,0,0,0,0,0,0,0,0,0,0,0,0,0,0,0,0,0,0,0,0,0,Weber
578_2020,2020,57,578,570578,0,0,0,0,0,0,0,0,0,0,0,0,0,0,0,0,0,0,0,0,0,Weber
578_2021,2021,57,578,570578,0,0,0,0,0,0,0,0,0,0,0,0,0,0,0,0,0,0,0,0,0,Weber
578_2022,2022,57,578,570578,0,0,0,0,0,0,0,0,0,0,0,0,0,0,0,0,0,0,0,0,0,Weber
578_2023,2023,57,578,570578,0,0,0,0,0,0,0,0,0,0,0,0,0,0,0,0,0,0,0,0,0,Weber
578_2024,2024,57,578,570578,0,0,0,0,0,0,0,0,0,0,0,0,0,0,0,0,0,0,0,0,0,Weber
578_2025,2025,57,578,570578,0,0,0,0,0,0,0,0,0,0,0,0,0,0,0,0,0,0,0,0,0,Weber
578_2026,2026,57,578,570578,0,0,0,0,0,0,0,0,0,0,0,0,0,0,0,0,0,0,0,0,0,Weber
578_2027,2027,57,578,570578,0,0,0,0,0,0,0,0,0,0,0,0,0,0,0,0,0,0,0,0,0,Weber
578_2028,2028,57,578,570578,0,0,0,0,0,0,0,0,0,0,0,0,0,0,0,0,0,0,0,0,0,Weber
578_2029,2029,57,578,570578,0,0,0,0,0,0,0,0,0,0,0,0,0,0,0,0,0,0,0,0,0,Weber
578_2030,2030,57,578,570578,0,0,0,0,0,0,0,0,0,0,0,0,0,0,0,0,0,0,0,0,0,Weber
578_2031,2031,57,578,570578,0,0,0,0,0,0,0,0,0,0,0,0,0,0,0,0,0,0,0,0,0,Weber
578_2032,2032,57,578,570578,0,0,0,0,0,0,0,0,0,0,0,0,0,0,0,0,0,0,0,0,0,Weber
578_2033,2033,57,578,570578,0,0,0,0,0,0,0,0,0,0,0,0,0,0,0,0,0,0,0,0,0,Weber
578_2034,2034,57,578,570578,0,0,0,0,0,0,0,0,0,0,0,0,0,0,0,0,0,0,0,0,0,Weber
578_2035,2035,57,578,570578,0,0,0,0,0,0,0,0,0,0,0,0,0,0,0,0,0,0,0,0,0,Weber
578_2036,2036,57,578,570578,0,0,0,0,0,0,0,0,0,0,0,0,0,0,0,0,0,0,0,0,0,Weber
578_2037,2037,57,578,570578,0,0,0,0,0,0,0,0,0,0,0,0,0,0,0,0,0,0,0,0,0,Weber
578_2038,2038,57,578,570578,0,0,0,0,0,0,0,0,0,0,0,0,0,0,0,0,0,0,0,0,0,Weber
578_2039,2039,57,578,570578,0,0,0,0,0,0,0,0,0,0,0,0,0,0,0,0,0,0,0,0,0,Weber
578_2040,2040,57,578,570578,0,0,0,0,0,0,0,0,0,0,0,0,0,0,0,0,0,0,0,0,0,Weber
578_2041,2041,57,578,570578,0,0,0,0,0,0,0,0,0,0,0,0,0,0,0,0,0,0,0,0,0,Weber
578_2042,2042,57,578,570578,0,0,0,0,0,0,0,0,0,0,0,0,0,0,0,0,0,0,0,0,0,Weber
578_2043,2043,57,578,570578,0,0,0,0,0,0,0,0,0,0,0,0,0,0,0,0,0,0,0,0,0,Weber
578_2044,2044,57,578,570578,0,0,0,0,0,0,0,0,0,0,0,0,0,0,0,0,0,0,0,0,0,Weber
578_2045,2045,57,578,570578,0,0,0,0,0,0,0,0,0,0,0,0,0,0,0,0,0,0,0,0,0,Weber
578_2046,2046,57,578,570578,0,0,0,0,0,0,0,0,0,0,0,0,0,0,0,0,0,0,0,0,0,Weber
578_2047,2047,57,578,570578,0,0,0,0,0,0,0,0,0,0,0,0,0,0,0,0,0,0,0,0,0,Weber
578_2048,2048,57,578,570578,0,0,0,0,0,0,0,0,0,0,0,0,0,0,0,0,0,0,0,0,0,Weber
578_2049,2049,57,578,570578,0,0,0,0,0,0,0,0,0,0,0,0,0,0,0,0,0,0,0,0,0,Weber
578_2050,2050,57,578,570578,0,0,0,0,0,0,0,0,0,0,0,0,0,0,0,0,0,0,0,0,0,Weber
578_2051,2051,57,578,570578,0,0,0,0,0,0,0,0,0,0,0,0,0,0,0,0,0,0,0,0,0,Weber
578_2052,2052,57,578,570578,0,0,0,0,0,0,0,0,0,0,0,0,0,0,0,0,0,0,0,0,0,Weber
578_2053,2053,57,578,570578,0,0,0,0,0,0,0,0,0,0,0,0,0,0,0,0,0,0,0,0,0,Weber
578_2054,2054,57,578,570578,0,0,0,0,0,0,0,0,0,0,0,0,0,0,0,0,0,0,0,0,0,Weber
578_2055,2055,57,578,570578,0,0,0,0,0,0,0,0,0,0,0,0,0,0,0,0,0,0,0,0,0,Weber
578_2056,2056,57,578,570578,0,0,0,0,0,0,0,0,0,0,0,0,0,0,0,0,0,0,0,0,0,Weber
578_2057,2057,57,578,570578,0,0,0,0,0,0,0,0,0,0,0,0,0,0,0,0,0,0,0,0,0,Weber
578_2058,2058,57,578,570578,0,0,0,0,0,0,0,0,0,0,0,0,0,0,0,0,0,0,0,0,0,Weber
578_2059,2059,57,578,570578,0,0,0,0,0,0,0,0,0,0,0,0,0,0,0,0,0,0,0,0,0,Weber
578_2060,2060,57,578,570578,0,0,0,0,0,0,0,0,0,0,0,0,0,0,0,0,0,0,0,0,0,Weber
579_2010,2010,57,579,570579,59.3,0,59.3,30.5,1.94,17.7,35.6,6,0,0,0,0,0,0,0,0,0,0,0,0,0,Weber
579_2011,2011,57,579,570579,59.6,0,59.6,30.7,1.94,17.7,35.7,6.2,0,0,0,0,0,0,0,0,0,0,0,0,0,Weber
579_2012,2012,57,579,570579,59.9,0,59.9,30.9,1.94,17.6,35.9,6.4,0,0,0,0,0,0,0,0,0,0,0,0,0,Weber
579_2013,2013,57,579,570579,60.1,0,60.1,31,1.94,17.6,35.9,6.6,0,0,0,0,0,0,0,0,0,0,0,0,0,Weber
579_2014,2014,57,579,570579,60.3,0,60.3,31.1,1.94,17.5,36,6.8,0,0,0,0,0,0,0,0,0,0,0,0,0,Weber
579_2015,2015,57,579,570579,60.7,0,60.7,31.3,1.94,17.5,36.2,7,0,0,0,0,0,0,0,0,0,0,0,0,0,Weber
579_2016,2016,57,579,570579,61.1,0,61.1,31.5,1.94,17.4,36.5,7.2,0,0,0,0,0,0,0,0,0,0,0,0,0,Weber
579_2017,2017,57,579,570579,61.5,0,61.5,31.7,1.94,17.4,36.7,7.4,0,0,0,0,0,0,0,0,0,0,0,0,0,Weber
579_2018,2018,57,579,570579,61.8,0,61.8,31.9,1.94,17.4,36.8,7.6,0,0,0,0,0,0,0,0,0,0,0,0,0,Weber
579_2019,2019,57,579,570579,62,0,62,32,1.94,17.3,36.9,7.8,0,0,0,0,0,0,0,0,0,0,0,0,0,Weber
579_2020,2020,57,579,570579,62.2,0,62.2,32.1,1.94,17.2,37.1,7.9,0,0,0,0,0,0,0,0,0,0,0,0,0,Weber
579_2021,2021,57,579,570579,62.5,0,62.5,32.3,1.93,17.1,37.2,8.2,0,0,0,0,0,0,0,0,0,0,0,0,0,Weber
579_2022,2022,57,579,570579,62.8,0,62.8,32.5,1.93,16.9,37.4,8.5,0,0,0,0,0,0,0,0,0,0,0,0,0,Weber
579_2023,2023,57,579,570579,63.1,0,63.1,32.7,1.93,16.8,37.5,8.8,0,0,0,0,0,0,0,0,0,0,0,0,0,Weber
579_2024,2024,57,579,570579,63.4,0,63.4,32.9,1.93,16.6,37.8,9,0,0,0,0,0,0,0,0,0,0,0,0,0,Weber
579_2025,2025,57,579,570579,63.7,0,63.7,33.1,1.92,16.4,38,9.3,0,0,0,0,0,0,0,0,0,0,0,0,0,Weber
579_2026,2026,57,579,570579,64,0,64,33.3,1.92,16.1,38.3,9.6,0,0,0,0,0,0,0,0,0,0,0,0,0,Weber
579_2027,2027,57,579,570579,64.3,0,64.3,33.5,1.92,15.9,38.5,9.9,0,0,0,0,0,0,0,0,0,0,0,0,0,Weber
579_2028,2028,57,579,570579,64.6,0,64.6,33.7,1.92,15.7,38.8,10.1,0,0,0,0,0,0,0,0,0,0,0,0,0,Weber
579_2029,2029,57,579,570579,64.9,0,64.9,33.9,1.91,15.5,39.1,10.3,0,0,0,0,0,0,0,0,0,0,0,0,0,Weber
579_2030,2030,57,579,570579,65.2,0,65.2,34.1,1.91,15.4,39.3,10.5,0,0,0,0,0,0,0,0,0,0,0,0,0,Weber
579_2031,2031,57,579,570579,65.5,0,65.5,34.3,1.91,15.2,39.7,10.6,0,0,0,0,0,0,0,0,0,0,0,0,0,Weber
579_2032,2032,57,579,570579,65.8,0,65.8,34.5,1.91,15.1,39.9,10.8,0,0,0,0,0,0,0,0,0,0,0,0,0,Weber
579_2033,2033,57,579,570579,66.1,0,66.1,34.7,1.9,15,40.3,10.8,0,0,0,0,0,0,0,0,0,0,0,0,0,Weber
579_2034,2034,57,579,570579,66.4,0,66.4,34.9,1.9,14.9,40.6,10.9,0,0,0,0,0,0,0,0,0,0,0,0,0,Weber
579_2035,2035,57,579,570579,66.7,0,66.7,35.1,1.9,14.8,40.8,11.1,0,0,0,0,0,0,0,0,0,0,0,0,0,Weber
579_2036,2036,57,579,570579,67,0,67,35.3,1.9,14.7,41.1,11.2,0,0,0,0,0,0,0,0,0,0,0,0,0,Weber
579_2037,2037,57,579,570579,67.3,0,67.3,35.5,1.9,14.7,41.2,11.4,0,0,0,0,0,0,0,0,0,0,0,0,0,Weber
579_2038,2038,57,579,570579,67.6,0,67.6,35.7,1.89,14.7,41.4,11.5,0,0,0,0,0,0,0,0,0,0,0,0,0,Weber
579_2039,2039,57,579,570579,67.9,0,67.9,35.9,1.89,14.7,41.6,11.6,0,0,0,0,0,0,0,0,0,0,0,0,0,Weber
579_2040,2040,57,579,570579,68.2,0,68.2,36.1,1.89,14.8,41.7,11.7,0,0,0,0,0,0,0,0,0,0,0,0,0,Weber
579_2041,2041,57,579,570579,68.5,0,68.5,36.4,1.88,14.8,41.8,11.9,0,0,0,0,0,0,0,0,0,0,0,0,0,Weber
579_2042,2042,57,579,570579,68.8,0,68.8,36.6,1.88,14.9,41.8,12.1,0,0,0,0,0,0,0,0,0,0,0,0,0,Weber
579_2043,2043,57,579,570579,69.1,0,69.1,36.8,1.88,14.9,41.8,12.4,0,0,0,0,0,0,0,0,0,0,0,0,0,Weber
579_2044,2044,57,579,570579,69.4,0,69.4,37,1.88,15,41.8,12.6,0,0,0,0,0,0,0,0,0,0,0,0,0,Weber
579_2045,2045,57,579,570579,69.7,0,69.7,37.2,1.87,15,41.8,12.9,0,0,0,0,0,0,0,0,0,0,0,0,0,Weber
579_2046,2046,57,579,570579,70,0,70,37.4,1.87,15,41.8,13.2,0,0,0,0,0,0,0,0,0,0,0,0,0,Weber
579_2047,2047,57,579,570579,70.3,0,70.3,37.6,1.87,15.1,41.6,13.6,0,0,0,0,0,0,0,0,0,0,0,0,0,Weber
579_2048,2048,57,579,570579,70.6,0,70.6,37.8,1.87,15.1,41.6,13.9,0,0,0,0,0,0,0,0,0,0,0,0,0,Weber
579_2049,2049,57,579,570579,70.9,0,70.9,38,1.87,15.1,41.5,14.3,0,0,0,0,0,0,0,0,0,0,0,0,0,Weber
579_2050,2050,57,579,570579,71.1,0,71.1,38.2,1.86,15,41.5,14.6,0,0,0,0,0,0,0,0,0,0,0,0,0,Weber
579_2051,2051,57,579,570579,71.3,0,71.3,38.4,1.86,15,41.3,15,0,0,0,0,0,0,0,0,0,0,0,0,0,Weber
579_2052,2052,57,579,570579,71.5,0,71.5,38.6,1.85,14.9,41.3,15.3,0,0,0,0,0,0,0,0,0,0,0,0,0,Weber
579_2053,2053,57,579,570579,71.7,0,71.7,38.8,1.85,14.8,41.2,15.7,0,0,0,0,0,0,0,0,0,0,0,0,0,Weber
579_2054,2054,57,579,570579,71.9,0,71.9,39,1.84,14.7,41.1,16.1,0,0,0,0,0,0,0,0,0,0,0,0,0,Weber
579_2055,2055,57,579,570579,72.1,0,72.1,39.2,1.84,14.6,41.1,16.4,0,0,0,0,0,0,0,0,0,0,0,0,0,Weber
579_2056,2056,57,579,570579,72.3,0,72.3,39.4,1.84,14.5,41,16.8,0,0,0,0,0,0,0,0,0,0,0,0,0,Weber
579_2057,2057,57,579,570579,72.5,0,72.5,39.6,1.83,14.3,41.1,17.1,0,0,0,0,0,0,0,0,0,0,0,0,0,Weber
579_2058,2058,57,579,570579,72.7,0,72.7,39.8,1.83,14.2,41.2,17.3,0,0,0,0,0,0,0,0,0,0,0,0,0,Weber
579_2059,2059,57,579,570579,72.9,0,72.9,40,1.82,14.1,41.4,17.4,0,0,0,0,0,0,0,0,0,0,0,0,0,Weber
579_2060,2060,57,579,570579,73.1,0,73.1,40.2,1.82,13.9,41.7,17.5,0,0,0,0,0,0,0,0,0,0,0,0,0,Weber
580_2010,2010,57,580,570580,0,0,0,0,0,0,0,0,0,0,0,0,0,0,0,0,0,0,0,0,0,Weber
580_2011,2011,57,580,570580,0,0,0,0,0,0,0,0,0,0,0,0,0,0,0,0,0,0,0,0,0,Weber
580_2012,2012,57,580,570580,0,0,0,0,0,0,0,0,0,0,0,0,0,0,0,0,0,0,0,0,0,Weber
580_2013,2013,57,580,570580,0,0,0,0,0,0,0,0,0,0,0,0,0,0,0,0,0,0,0,0,0,Weber
580_2014,2014,57,580,570580,0,0,0,0,0,0,0,0,0,0,0,0,0,0,0,0,0,0,0,0,0,Weber
580_2015,2015,57,580,570580,0,0,0,0,0,0,0,0,0,0,0,0,0,0,0,0,0,0,0,0,0,Weber
580_2016,2016,57,580,570580,0,0,0,0,0,0,0,0,0,0,0,0,0,0,0,0,0,0,0,0,0,Weber
580_2017,2017,57,580,570580,0,0,0,0,0,0,0,0,0,0,0,0,0,0,0,0,0,0,0,0,0,Weber
580_2018,2018,57,580,570580,0,0,0,0,0,0,0,0,0,0,0,0,0,0,0,0,0,0,0,0,0,Weber
580_2019,2019,57,580,570580,0,0,0,0,0,0,0,0,0,0,0,0,0,0,0,0,0,0,0,0,0,Weber
580_2020,2020,57,580,570580,0,0,0,0,0,0,0,0,0,0,0,0,0,0,0,0,0,0,0,0,0,Weber
580_2021,2021,57,580,570580,0,0,0,0,0,0,0,0,0,0,0,0,0,0,0,0,0,0,0,0,0,Weber
580_2022,2022,57,580,570580,0,0,0,0,0,0,0,0,0,0,0,0,0,0,0,0,0,0,0,0,0,Weber
580_2023,2023,57,580,570580,0,0,0,0,0,0,0,0,0,0,0,0,0,0,0,0,0,0,0,0,0,Weber
580_2024,2024,57,580,570580,0,0,0,0,0,0,0,0,0,0,0,0,0,0,0,0,0,0,0,0,0,Weber
580_2025,2025,57,580,570580,0,0,0,0,0,0,0,0,0,0,0,0,0,0,0,0,0,0,0,0,0,Weber
580_2026,2026,57,580,570580,0,0,0,0,0,0,0,0,0,0,0,0,0,0,0,0,0,0,0,0,0,Weber
580_2027,2027,57,580,570580,0,0,0,0,0,0,0,0,0,0,0,0,0,0,0,0,0,0,0,0,0,Weber
580_2028,2028,57,580,570580,0,0,0,0,0,0,0,0,0,0,0,0,0,0,0,0,0,0,0,0,0,Weber
580_2029,2029,57,580,570580,0,0,0,0,0,0,0,0,0,0,0,0,0,0,0,0,0,0,0,0,0,Weber
580_2030,2030,57,580,570580,0,0,0,0,0,0,0,0,0,0,0,0,0,0,0,0,0,0,0,0,0,Weber
580_2031,2031,57,580,570580,0,0,0,0,0,0,0,0,0,0,0,0,0,0,0,0,0,0,0,0,0,Weber
580_2032,2032,57,580,570580,0,0,0,0,0,0,0,0,0,0,0,0,0,0,0,0,0,0,0,0,0,Weber
580_2033,2033,57,580,570580,0,0,0,0,0,0,0,0,0,0,0,0,0,0,0,0,0,0,0,0,0,Weber
580_2034,2034,57,580,570580,0,0,0,0,0,0,0,0,0,0,0,0,0,0,0,0,0,0,0,0,0,Weber
580_2035,2035,57,580,570580,0,0,0,0,0,0,0,0,0,0,0,0,0,0,0,0,0,0,0,0,0,Weber
580_2036,2036,57,580,570580,0,0,0,0,0,0,0,0,0,0,0,0,0,0,0,0,0,0,0,0,0,Weber
580_2037,2037,57,580,570580,0,0,0,0,0,0,0,0,0,0,0,0,0,0,0,0,0,0,0,0,0,Weber
580_2038,2038,57,580,570580,0,0,0,0,0,0,0,0,0,0,0,0,0,0,0,0,0,0,0,0,0,Weber
580_2039,2039,57,580,570580,0,0,0,0,0,0,0,0,0,0,0,0,0,0,0,0,0,0,0,0,0,Weber
580_2040,2040,57,580,570580,0,0,0,0,0,0,0,0,0,0,0,0,0,0,0,0,0,0,0,0,0,Weber
580_2041,2041,57,580,570580,0,0,0,0,0,0,0,0,0,0,0,0,0,0,0,0,0,0,0,0,0,Weber
580_2042,2042,57,580,570580,0,0,0,0,0,0,0,0,0,0,0,0,0,0,0,0,0,0,0,0,0,Weber
580_2043,2043,57,580,570580,0,0,0,0,0,0,0,0,0,0,0,0,0,0,0,0,0,0,0,0,0,Weber
580_2044,2044,57,580,570580,0,0,0,0,0,0,0,0,0,0,0,0,0,0,0,0,0,0,0,0,0,Weber
580_2045,2045,57,580,570580,0,0,0,0,0,0,0,0,0,0,0,0,0,0,0,0,0,0,0,0,0,Weber
580_2046,2046,57,580,570580,0,0,0,0,0,0,0,0,0,0,0,0,0,0,0,0,0,0,0,0,0,Weber
580_2047,2047,57,580,570580,0,0,0,0,0,0,0,0,0,0,0,0,0,0,0,0,0,0,0,0,0,Weber
580_2048,2048,57,580,570580,0,0,0,0,0,0,0,0,0,0,0,0,0,0,0,0,0,0,0,0,0,Weber
580_2049,2049,57,580,570580,0,0,0,0,0,0,0,0,0,0,0,0,0,0,0,0,0,0,0,0,0,Weber
580_2050,2050,57,580,570580,0,0,0,0,0,0,0,0,0,0,0,0,0,0,0,0,0,0,0,0,0,Weber
580_2051,2051,57,580,570580,0,0,0,0,0,0,0,0,0,0,0,0,0,0,0,0,0,0,0,0,0,Weber
580_2052,2052,57,580,570580,0,0,0,0,0,0,0,0,0,0,0,0,0,0,0,0,0,0,0,0,0,Weber
580_2053,2053,57,580,570580,0,0,0,0,0,0,0,0,0,0,0,0,0,0,0,0,0,0,0,0,0,Weber
580_2054,2054,57,580,570580,0,0,0,0,0,0,0,0,0,0,0,0,0,0,0,0,0,0,0,0,0,Weber
580_2055,2055,57,580,570580,0,0,0,0,0,0,0,0,0,0,0,0,0,0,0,0,0,0,0,0,0,Weber
580_2056,2056,57,580,570580,0,0,0,0,0,0,0,0,0,0,0,0,0,0,0,0,0,0,0,0,0,Weber
580_2057,2057,57,580,570580,0,0,0,0,0,0,0,0,0,0,0,0,0,0,0,0,0,0,0,0,0,Weber
580_2058,2058,57,580,570580,0,0,0,0,0,0,0,0,0,0,0,0,0,0,0,0,0,0,0,0,0,Weber
580_2059,2059,57,580,570580,0,0,0,0,0,0,0,0,0,0,0,0,0,0,0,0,0,0,0,0,0,Weber
580_2060,2060,57,580,570580,0,0,0,0,0,0,0,0,0,0,0,0,0,0,0,0,0,0,0,0,0,Weber
581_2010,2010,57,581,570581,0,0,0,0,0,0,0,0,0,0,0,0,0,0,0,0,0,0,0,0,0,Weber
581_2011,2011,57,581,570581,0,0,0,0,0,0,0,0,0,0,0,0,0,0,0,0,0,0,0,0,0,Weber
581_2012,2012,57,581,570581,0,0,0,0,0,0,0,0,0,0,0,0,0,0,0,0,0,0,0,0,0,Weber
581_2013,2013,57,581,570581,0,0,0,0,0,0,0,0,0,0,0,0,0,0,0,0,0,0,0,0,0,Weber
581_2014,2014,57,581,570581,0,0,0,0,0,0,0,0,0,0,0,0,0,0,0,0,0,0,0,0,0,Weber
581_2015,2015,57,581,570581,0,0,0,0,0,0,0,0,0,0,0,0,0,0,0,0,0,0,0,0,0,Weber
581_2016,2016,57,581,570581,0,0,0,0,0,0,0,0,0,0,0,0,0,0,0,0,0,0,0,0,0,Weber
581_2017,2017,57,581,570581,0,0,0,0,0,0,0,0,0,0,0,0,0,0,0,0,0,0,0,0,0,Weber
581_2018,2018,57,581,570581,0,0,0,0,0,0,0,0,0,0,0,0,0,0,0,0,0,0,0,0,0,Weber
581_2019,2019,57,581,570581,0,0,0,0,0,0,0,0,0,0,0,0,0,0,0,0,0,0,0,0,0,Weber
581_2020,2020,57,581,570581,0,0,0,0,0,0,0,0,0,0,0,0,0,0,0,0,0,0,0,0,0,Weber
581_2021,2021,57,581,570581,0,0,0,0,0,0,0,0,0,0,0,0,0,0,0,0,0,0,0,0,0,Weber
581_2022,2022,57,581,570581,0,0,0,0,0,0,0,0,0,0,0,0,0,0,0,0,0,0,0,0,0,Weber
581_2023,2023,57,581,570581,0,0,0,0,0,0,0,0,0,0,0,0,0,0,0,0,0,0,0,0,0,Weber
581_2024,2024,57,581,570581,0,0,0,0,0,0,0,0,0,0,0,0,0,0,0,0,0,0,0,0,0,Weber
581_2025,2025,57,581,570581,0,0,0,0,0,0,0,0,0,0,0,0,0,0,0,0,0,0,0,0,0,Weber
581_2026,2026,57,581,570581,0,0,0,0,0,0,0,0,0,0,0,0,0,0,0,0,0,0,0,0,0,Weber
581_2027,2027,57,581,570581,0,0,0,0,0,0,0,0,0,0,0,0,0,0,0,0,0,0,0,0,0,Weber
581_2028,2028,57,581,570581,0,0,0,0,0,0,0,0,0,0,0,0,0,0,0,0,0,0,0,0,0,Weber
581_2029,2029,57,581,570581,0,0,0,0,0,0,0,0,0,0,0,0,0,0,0,0,0,0,0,0,0,Weber
581_2030,2030,57,581,570581,0,0,0,0,0,0,0,0,0,0,0,0,0,0,0,0,0,0,0,0,0,Weber
581_2031,2031,57,581,570581,0,0,0,0,0,0,0,0,0,0,0,0,0,0,0,0,0,0,0,0,0,Weber
581_2032,2032,57,581,570581,0,0,0,0,0,0,0,0,0,0,0,0,0,0,0,0,0,0,0,0,0,Weber
581_2033,2033,57,581,570581,0,0,0,0,0,0,0,0,0,0,0,0,0,0,0,0,0,0,0,0,0,Weber
581_2034,2034,57,581,570581,0,0,0,0,0,0,0,0,0,0,0,0,0,0,0,0,0,0,0,0,0,Weber
581_2035,2035,57,581,570581,0,0,0,0,0,0,0,0,0,0,0,0,0,0,0,0,0,0,0,0,0,Weber
581_2036,2036,57,581,570581,0,0,0,0,0,0,0,0,0,0,0,0,0,0,0,0,0,0,0,0,0,Weber
581_2037,2037,57,581,570581,0,0,0,0,0,0,0,0,0,0,0,0,0,0,0,0,0,0,0,0,0,Weber
581_2038,2038,57,581,570581,0,0,0,0,0,0,0,0,0,0,0,0,0,0,0,0,0,0,0,0,0,Weber
581_2039,2039,57,581,570581,0,0,0,0,0,0,0,0,0,0,0,0,0,0,0,0,0,0,0,0,0,Weber
581_2040,2040,57,581,570581,0,0,0,0,0,0,0,0,0,0,0,0,0,0,0,0,0,0,0,0,0,Weber
581_2041,2041,57,581,570581,0,0,0,0,0,0,0,0,0,0,0,0,0,0,0,0,0,0,0,0,0,Weber
581_2042,2042,57,581,570581,0,0,0,0,0,0,0,0,0,0,0,0,0,0,0,0,0,0,0,0,0,Weber
581_2043,2043,57,581,570581,0,0,0,0,0,0,0,0,0,0,0,0,0,0,0,0,0,0,0,0,0,Weber
581_2044,2044,57,581,570581,0,0,0,0,0,0,0,0,0,0,0,0,0,0,0,0,0,0,0,0,0,Weber
581_2045,2045,57,581,570581,0,0,0,0,0,0,0,0,0,0,0,0,0,0,0,0,0,0,0,0,0,Weber
581_2046,2046,57,581,570581,0,0,0,0,0,0,0,0,0,0,0,0,0,0,0,0,0,0,0,0,0,Weber
581_2047,2047,57,581,570581,0,0,0,0,0,0,0,0,0,0,0,0,0,0,0,0,0,0,0,0,0,Weber
581_2048,2048,57,581,570581,0,0,0,0,0,0,0,0,0,0,0,0,0,0,0,0,0,0,0,0,0,Weber
581_2049,2049,57,581,570581,0,0,0,0,0,0,0,0,0,0,0,0,0,0,0,0,0,0,0,0,0,Weber
581_2050,2050,57,581,570581,0,0,0,0,0,0,0,0,0,0,0,0,0,0,0,0,0,0,0,0,0,Weber
581_2051,2051,57,581,570581,0,0,0,0,0,0,0,0,0,0,0,0,0,0,0,0,0,0,0,0,0,Weber
581_2052,2052,57,581,570581,0,0,0,0,0,0,0,0,0,0,0,0,0,0,0,0,0,0,0,0,0,Weber
581_2053,2053,57,581,570581,0,0,0,0,0,0,0,0,0,0,0,0,0,0,0,0,0,0,0,0,0,Weber
581_2054,2054,57,581,570581,0,0,0,0,0,0,0,0,0,0,0,0,0,0,0,0,0,0,0,0,0,Weber
581_2055,2055,57,581,570581,0,0,0,0,0,0,0,0,0,0,0,0,0,0,0,0,0,0,0,0,0,Weber
581_2056,2056,57,581,570581,0,0,0,0,0,0,0,0,0,0,0,0,0,0,0,0,0,0,0,0,0,Weber
581_2057,2057,57,581,570581,0,0,0,0,0,0,0,0,0,0,0,0,0,0,0,0,0,0,0,0,0,Weber
581_2058,2058,57,581,570581,0,0,0,0,0,0,0,0,0,0,0,0,0,0,0,0,0,0,0,0,0,Weber
581_2059,2059,57,581,570581,0,0,0,0,0,0,0,0,0,0,0,0,0,0,0,0,0,0,0,0,0,Weber
581_2060,2060,57,581,570581,0,0,0,0,0,0,0,0,0,0,0,0,0,0,0,0,0,0,0,0,0,Weber
898_2010,2010,11,898,110898,0,0,0,0,0,0,0,0,0,0,0,0,0,0,0,0,0,0,0,0,0,Davis
898_2011,2011,11,898,110898,0,0,0,0,0,0,0,0,0,0,0,0,0,0,0,0,0,0,0,0,0,Davis
898_2012,2012,11,898,110898,0,0,0,0,0,0,0,0,0,0,0,0,0,0,0,0,0,0,0,0,0,Davis
898_2013,2013,11,898,110898,0,0,0,0,0,0,0,0,0,0,0,0,0,0,0,0,0,0,0,0,0,Davis
898_2014,2014,11,898,110898,0,0,0,0,0,0,0,0,0,0,0,0,0,0,0,0,0,0,0,0,0,Davis
898_2015,2015,11,898,110898,0,0,0,0,0,0,0,0,0,0,0,0,0,0,0,0,0,0,0,0,0,Davis
898_2016,2016,11,898,110898,0,0,0,0,0,0,0,0,0,0,0,0,0,0,0,0,0,0,0,0,0,Davis
898_2017,2017,11,898,110898,0,0,0,0,0,0,0,0,0,0,0,0,0,0,0,0,0,0,0,0,0,Davis
898_2018,2018,11,898,110898,0,0,0,0,0,0,0,0,0,0,0,0,0,0,0,0,0,0,0,0,0,Davis
898_2019,2019,11,898,110898,0,0,0,0,0,0,0,0,0,0,0,0,0,0,0,0,0,0,0,0,0,Davis
898_2020,2020,11,898,110898,0,0,0,0,0,0,0,0,0,0,0,0,0,0,0,0,0,0,0,0,0,Davis
898_2021,2021,11,898,110898,0,0,0,0,0,0,0,0,0,0,0,0,0,0,0,0,0,0,0,0,0,Davis
898_2022,2022,11,898,110898,0,0,0,0,0,0,0,0,0,0,0,0,0,0,0,0,0,0,0,0,0,Davis
898_2023,2023,11,898,110898,0,0,0,0,0,0,0,0,0,0,0,0,0,0,0,0,0,0,0,0,0,Davis
898_2024,2024,11,898,110898,0,0,0,0,0,0,0,0,0,0,0,0,0,0,0,0,0,0,0,0,0,Davis
898_2025,2025,11,898,110898,0,0,0,0,0,0,0,0,0,0,0,0,0,0,0,0,0,0,0,0,0,Davis
898_2026,2026,11,898,110898,0,0,0,0,0,0,0,0,0,0,0,0,0,0,0,0,0,0,0,0,0,Davis
898_2027,2027,11,898,110898,0,0,0,0,0,0,0,0,0,0,0,0,0,0,0,0,0,0,0,0,0,Davis
898_2028,2028,11,898,110898,0,0,0,0,0,0,0,0,0,0,0,0,0,0,0,0,0,0,0,0,0,Davis
898_2029,2029,11,898,110898,0,0,0,0,0,0,0,0,0,0,0,0,0,0,0,0,0,0,0,0,0,Davis
898_2030,2030,11,898,110898,0,0,0,0,0,0,0,0,0,0,0,0,0,0,0,0,0,0,0,0,0,Davis
898_2031,2031,11,898,110898,0,0,0,0,0,0,0,0,0,0,0,0,0,0,0,0,0,0,0,0,0,Davis
898_2032,2032,11,898,110898,0,0,0,0,0,0,0,0,0,0,0,0,0,0,0,0,0,0,0,0,0,Davis
898_2033,2033,11,898,110898,0,0,0,0,0,0,0,0,0,0,0,0,0,0,0,0,0,0,0,0,0,Davis
898_2034,2034,11,898,110898,0,0,0,0,0,0,0,0,0,0,0,0,0,0,0,0,0,0,0,0,0,Davis
898_2035,2035,11,898,110898,0,0,0,0,0,0,0,0,0,0,0,0,0,0,0,0,0,0,0,0,0,Davis
898_2036,2036,11,898,110898,0,0,0,0,0,0,0,0,0,0,0,0,0,0,0,0,0,0,0,0,0,Davis
898_2037,2037,11,898,110898,0,0,0,0,0,0,0,0,0,0,0,0,0,0,0,0,0,0,0,0,0,Davis
898_2038,2038,11,898,110898,0,0,0,0,0,0,0,0,0,0,0,0,0,0,0,0,0,0,0,0,0,Davis
898_2039,2039,11,898,110898,0,0,0,0,0,0,0,0,0,0,0,0,0,0,0,0,0,0,0,0,0,Davis
898_2040,2040,11,898,110898,0,0,0,0,0,0,0,0,0,0,0,0,0,0,0,0,0,0,0,0,0,Davis
898_2041,2041,11,898,110898,0,0,0,0,0,0,0,0,0,0,0,0,0,0,0,0,0,0,0,0,0,Davis
898_2042,2042,11,898,110898,0,0,0,0,0,0,0,0,0,0,0,0,0,0,0,0,0,0,0,0,0,Davis
898_2043,2043,11,898,110898,0,0,0,0,0,0,0,0,0,0,0,0,0,0,0,0,0,0,0,0,0,Davis
898_2044,2044,11,898,110898,0,0,0,0,0,0,0,0,0,0,0,0,0,0,0,0,0,0,0,0,0,Davis
898_2045,2045,11,898,110898,0,0,0,0,0,0,0,0,0,0,0,0,0,0,0,0,0,0,0,0,0,Davis
898_2046,2046,11,898,110898,0,0,0,0,0,0,0,0,0,0,0,0,0,0,0,0,0,0,0,0,0,Davis
898_2047,2047,11,898,110898,0,0,0,0,0,0,0,0,0,0,0,0,0,0,0,0,0,0,0,0,0,Davis
898_2048,2048,11,898,110898,0,0,0,0,0,0,0,0,0,0,0,0,0,0,0,0,0,0,0,0,0,Davis
898_2049,2049,11,898,110898,0,0,0,0,0,0,0,0,0,0,0,0,0,0,0,0,0,0,0,0,0,Davis
898_2050,2050,11,898,110898,0,0,0,0,0,0,0,0,0,0,0,0,0,0,0,0,0,0,0,0,0,Davis
898_2051,2051,11,898,110898,0,0,0,0,0,0,0,0,0,0,0,0,0,0,0,0,0,0,0,0,0,Davis
898_2052,2052,11,898,110898,0,0,0,0,0,0,0,0,0,0,0,0,0,0,0,0,0,0,0,0,0,Davis
898_2053,2053,11,898,110898,0,0,0,0,0,0,0,0,0,0,0,0,0,0,0,0,0,0,0,0,0,Davis
898_2054,2054,11,898,110898,0,0,0,0,0,0,0,0,0,0,0,0,0,0,0,0,0,0,0,0,0,Davis
898_2055,2055,11,898,110898,0,0,0,0,0,0,0,0,0,0,0,0,0,0,0,0,0,0,0,0,0,Davis
898_2056,2056,11,898,110898,0,0,0,0,0,0,0,0,0,0,0,0,0,0,0,0,0,0,0,0,0,Davis
898_2057,2057,11,898,110898,0,0,0,0,0,0,0,0,0,0,0,0,0,0,0,0,0,0,0,0,0,Davis
898_2058,2058,11,898,110898,0,0,0,0,0,0,0,0,0,0,0,0,0,0,0,0,0,0,0,0,0,Davis
898_2059,2059,11,898,110898,0,0,0,0,0,0,0,0,0,0,0,0,0,0,0,0,0,0,0,0,0,Davis
898_2060,2060,11,898,110898,0,0,0,0,0,0,0,0,0,0,0,0,0,0,0,0,0,0,0,0,0,Davis
899_2010,2010,11,899,110899,0,0,0,0,0,0,0,0,0,0,0,0,0,0,0,0,0,0,0,0,0,Davis
899_2011,2011,11,899,110899,0,0,0,0,0,0,0,0,0,0,0,0,0,0,0,0,0,0,0,0,0,Davis
899_2012,2012,11,899,110899,0,0,0,0,0,0,0,0,0,0,0,0,0,0,0,0,0,0,0,0,0,Davis
899_2013,2013,11,899,110899,0,0,0,0,0,0,0,0,0,0,0,0,0,0,0,0,0,0,0,0,0,Davis
899_2014,2014,11,899,110899,0,0,0,0,0,0,0,0,0,0,0,0,0,0,0,0,0,0,0,0,0,Davis
899_2015,2015,11,899,110899,0,0,0,0,0,0,0,0,0,0,0,0,0,0,0,0,0,0,0,0,0,Davis
899_2016,2016,11,899,110899,0,0,0,0,0,0,0,0,0,0,0,0,0,0,0,0,0,0,0,0,0,Davis
899_2017,2017,11,899,110899,0,0,0,0,0,0,0,0,0,0,0,0,0,0,0,0,0,0,0,0,0,Davis
899_2018,2018,11,899,110899,0,0,0,0,0,0,0,0,0,0,0,0,0,0,0,0,0,0,0,0,0,Davis
899_2019,2019,11,899,110899,0,0,0,0,0,0,0,0,0,0,0,0,0,0,0,0,0,0,0,0,0,Davis
899_2020,2020,11,899,110899,0,0,0,0,0,0,0,0,0,0,0,0,0,0,0,0,0,0,0,0,0,Davis
899_2021,2021,11,899,110899,0,0,0,0,0,0,0,0,0,0,0,0,0,0,0,0,0,0,0,0,0,Davis
899_2022,2022,11,899,110899,0,0,0,0,0,0,0,0,0,0,0,0,0,0,0,0,0,0,0,0,0,Davis
899_2023,2023,11,899,110899,0,0,0,0,0,0,0,0,0,0,0,0,0,0,0,0,0,0,0,0,0,Davis
899_2024,2024,11,899,110899,0,0,0,0,0,0,0,0,0,0,0,0,0,0,0,0,0,0,0,0,0,Davis
899_2025,2025,11,899,110899,0,0,0,0,0,0,0,0,0,0,0,0,0,0,0,0,0,0,0,0,0,Davis
899_2026,2026,11,899,110899,0,0,0,0,0,0,0,0,0,0,0,0,0,0,0,0,0,0,0,0,0,Davis
899_2027,2027,11,899,110899,0,0,0,0,0,0,0,0,0,0,0,0,0,0,0,0,0,0,0,0,0,Davis
899_2028,2028,11,899,110899,0,0,0,0,0,0,0,0,0,0,0,0,0,0,0,0,0,0,0,0,0,Davis
899_2029,2029,11,899,110899,0,0,0,0,0,0,0,0,0,0,0,0,0,0,0,0,0,0,0,0,0,Davis
899_2030,2030,11,899,110899,0,0,0,0,0,0,0,0,0,0,0,0,0,0,0,0,0,0,0,0,0,Davis
899_2031,2031,11,899,110899,0,0,0,0,0,0,0,0,0,0,0,0,0,0,0,0,0,0,0,0,0,Davis
899_2032,2032,11,899,110899,0,0,0,0,0,0,0,0,0,0,0,0,0,0,0,0,0,0,0,0,0,Davis
899_2033,2033,11,899,110899,0,0,0,0,0,0,0,0,0,0,0,0,0,0,0,0,0,0,0,0,0,Davis
899_2034,2034,11,899,110899,0,0,0,0,0,0,0,0,0,0,0,0,0,0,0,0,0,0,0,0,0,Davis
899_2035,2035,11,899,110899,0,0,0,0,0,0,0,0,0,0,0,0,0,0,0,0,0,0,0,0,0,Davis
899_2036,2036,11,899,110899,0,0,0,0,0,0,0,0,0,0,0,0,0,0,0,0,0,0,0,0,0,Davis
899_2037,2037,11,899,110899,0,0,0,0,0,0,0,0,0,0,0,0,0,0,0,0,0,0,0,0,0,Davis
899_2038,2038,11,899,110899,0,0,0,0,0,0,0,0,0,0,0,0,0,0,0,0,0,0,0,0,0,Davis
899_2039,2039,11,899,110899,0,0,0,0,0,0,0,0,0,0,0,0,0,0,0,0,0,0,0,0,0,Davis
899_2040,2040,11,899,110899,0,0,0,0,0,0,0,0,0,0,0,0,0,0,0,0,0,0,0,0,0,Davis
899_2041,2041,11,899,110899,0,0,0,0,0,0,0,0,0,0,0,0,0,0,0,0,0,0,0,0,0,Davis
899_2042,2042,11,899,110899,0,0,0,0,0,0,0,0,0,0,0,0,0,0,0,0,0,0,0,0,0,Davis
899_2043,2043,11,899,110899,0,0,0,0,0,0,0,0,0,0,0,0,0,0,0,0,0,0,0,0,0,Davis
899_2044,2044,11,899,110899,0,0,0,0,0,0,0,0,0,0,0,0,0,0,0,0,0,0,0,0,0,Davis
899_2045,2045,11,899,110899,0,0,0,0,0,0,0,0,0,0,0,0,0,0,0,0,0,0,0,0,0,Davis
899_2046,2046,11,899,110899,0,0,0,0,0,0,0,0,0,0,0,0,0,0,0,0,0,0,0,0,0,Davis
899_2047,2047,11,899,110899,0,0,0,0,0,0,0,0,0,0,0,0,0,0,0,0,0,0,0,0,0,Davis
899_2048,2048,11,899,110899,0,0,0,0,0,0,0,0,0,0,0,0,0,0,0,0,0,0,0,0,0,Davis
899_2049,2049,11,899,110899,0,0,0,0,0,0,0,0,0,0,0,0,0,0,0,0,0,0,0,0,0,Davis
899_2050,2050,11,899,110899,0,0,0,0,0,0,0,0,0,0,0,0,0,0,0,0,0,0,0,0,0,Davis
899_2051,2051,11,899,110899,0,0,0,0,0,0,0,0,0,0,0,0,0,0,0,0,0,0,0,0,0,Davis
899_2052,2052,11,899,110899,0,0,0,0,0,0,0,0,0,0,0,0,0,0,0,0,0,0,0,0,0,Davis
899_2053,2053,11,899,110899,0,0,0,0,0,0,0,0,0,0,0,0,0,0,0,0,0,0,0,0,0,Davis
899_2054,2054,11,899,110899,0,0,0,0,0,0,0,0,0,0,0,0,0,0,0,0,0,0,0,0,0,Davis
899_2055,2055,11,899,110899,0,0,0,0,0,0,0,0,0,0,0,0,0,0,0,0,0,0,0,0,0,Davis
899_2056,2056,11,899,110899,0,0,0,0,0,0,0,0,0,0,0,0,0,0,0,0,0,0,0,0,0,Davis
899_2057,2057,11,899,110899,0,0,0,0,0,0,0,0,0,0,0,0,0,0,0,0,0,0,0,0,0,Davis
899_2058,2058,11,899,110899,0,0,0,0,0,0,0,0,0,0,0,0,0,0,0,0,0,0,0,0,0,Davis
899_2059,2059,11,899,110899,0,0,0,0,0,0,0,0,0,0,0,0,0,0,0,0,0,0,0,0,0,Davis
899_2060,2060,11,899,110899,0,0,0,0,0,0,0,0,0,0,0,0,0,0,0,0,0,0,0,0,0,Davis
900_2010,2010,49,900,490900,0,0,0,0,0,0,0,0,5,0,0,0,0,0,5,0,0,0,0,0,0,Davis
900_2011,2011,49,900,490900,0,0,0,0,0,0,0,0,5,0,0,0,0,0,5,0,0,0,0,0,0,Davis
900_2012,2012,49,900,490900,0,0,0,0,0,0,0,0,5,0,0,0,0,0,5,0,0,0,0,0,0,Davis
900_2013,2013,49,900,490900,0,0,0,0,0,0,0,0,5,0,0,0,0,0,5,0,0,0,0,0,0,Davis
900_2014,2014,49,900,490900,0,0,0,0,0,0,0,0,5,0,0,0,0,0,5,0,0,0,0,0,0,Davis
900_2015,2015,49,900,490900,0,0,0,0,0,0,0,0,5,0,0,0,0,0,5,0,0,0,0,0,0,Davis
900_2016,2016,49,900,490900,0,0,0,0,0,0,0,0,5,0,0,0,0,0,5,0,0,0,0,0,0,Davis
900_2017,2017,49,900,490900,0,0,0,0,0,0,0,0,5,0,0,0,0,0,5,0,0,0,0,0,0,Davis
900_2018,2018,49,900,490900,0,0,0,0,0,0,0,0,5,0,0,0,0,0,5,0,0,0,0,0,0,Davis
900_2019,2019,49,900,490900,0,0,0,0,0,0,0,0,5,0,0,0,0,0,5,0,0,0,0,0,0,Davis
900_2020,2020,49,900,490900,0,0,0,0,0,0,0,0,5,0,0,0,0,0,5,0,0,0,0,0,0,Davis
900_2021,2021,49,900,490900,0,0,0,0,0,0,0,0,5,0,0,0,0,0,5,0,0,0,0,0,0,Davis
900_2022,2022,49,900,490900,0,0,0,0,0,0,0,0,5,0,0,0,0,0,5,0,0,0,0,0,0,Davis
900_2023,2023,49,900,490900,0,0,0,0,0,0,0,0,5,0,0,0,0,0,5,0,0,0,0,0,0,Davis
900_2024,2024,49,900,490900,0,0,0,0,0,0,0,0,5,0,0,0,0,0,5,0,0,0,0,0,0,Davis
900_2025,2025,49,900,490900,0,0,0,0,0,0,0,0,5,0,0,0,0,0,5,0,0,0,0,0,0,Davis
900_2026,2026,49,900,490900,0,0,0,0,0,0,0,0,5,0,0,0,0,0,5,0,0,0,0,0,0,Davis
900_2027,2027,49,900,490900,0,0,0,0,0,0,0,0,5,0,0,0,0,0,5,0,0,0,0,0,0,Davis
900_2028,2028,49,900,490900,0,0,0,0,0,0,0,0,5,0,0,0,0,0,5,0,0,0,0,0,0,Davis
900_2029,2029,49,900,490900,0,0,0,0,0,0,0,0,5,0,0,0,0,0,5,0,0,0,0,0,0,Davis
900_2030,2030,49,900,490900,0,0,0,0,0,0,0,0,5,0,0,0,0,0,5,0,0,0,0,0,0,Davis
900_2031,2031,49,900,490900,0,0,0,0,0,0,0,0,5,0,0,0,0,0,5,0,0,0,0,0,0,Davis
900_2032,2032,49,900,490900,0,0,0,0,0,0,0,0,5,0,0,0,0,0,5,0,0,0,0,0,0,Davis
900_2033,2033,49,900,490900,0,0,0,0,0,0,0,0,5,0,0,0,0,0,5,0,0,0,0,0,0,Davis
900_2034,2034,49,900,490900,0,0,0,0,0,0,0,0,5,0,0,0,0,0,5,0,0,0,0,0,0,Davis
900_2035,2035,49,900,490900,0,0,0,0,0,0,0,0,5,0,0,0,0,0,5,0,0,0,0,0,0,Davis
900_2036,2036,49,900,490900,0,0,0,0,0,0,0,0,5,0,0,0,0,0,5,0,0,0,0,0,0,Davis
900_2037,2037,49,900,490900,0,0,0,0,0,0,0,0,5,0,0,0,0,0,5,0,0,0,0,0,0,Davis
900_2038,2038,49,900,490900,0,0,0,0,0,0,0,0,5,0,0,0,0,0,5,0,0,0,0,0,0,Davis
900_2039,2039,49,900,490900,0,0,0,0,0,0,0,0,5,0,0,0,0,0,5,0,0,0,0,0,0,Davis
900_2040,2040,49,900,490900,0,0,0,0,0,0,0,0,5,0,0,0,0,0,5,0,0,0,0,0,0,Davis
900_2041,2041,49,900,490900,0,0,0,0,0,0,0,0,5,0,0,0,0,0,5,0,0,0,0,0,0,Davis
900_2042,2042,49,900,490900,0,0,0,0,0,0,0,0,5,0,0,0,0,0,5,0,0,0,0,0,0,Davis
900_2043,2043,49,900,490900,0,0,0,0,0,0,0,0,5,0,0,0,0,0,5,0,0,0,0,0,0,Davis
900_2044,2044,49,900,490900,0,0,0,0,0,0,0,0,5,0,0,0,0,0,5,0,0,0,0,0,0,Davis
900_2045,2045,49,900,490900,0,0,0,0,0,0,0,0,5,0,0,0,0,0,5,0,0,0,0,0,0,Davis
900_2046,2046,49,900,490900,0,0,0,0,0,0,0,0,5,0,0,0,0,0,5,0,0,0,0,0,0,Davis
900_2047,2047,49,900,490900,0,0,0,0,0,0,0,0,5,0,0,0,0,0,5,0,0,0,0,0,0,Davis
900_2048,2048,49,900,490900,0,0,0,0,0,0,0,0,5,0,0,0,0,0,5,0,0,0,0,0,0,Davis
900_2049,2049,49,900,490900,0,0,0,0,0,0,0,0,5,0,0,0,0,0,5,0,0,0,0,0,0,Davis
900_2050,2050,49,900,490900,0,0,0,0,0,0,0,0,5,0,0,0,0,0,5,0,0,0,0,0,0,Davis
900_2051,2051,49,900,490900,0,0,0,0,0,0,0,0,5,0,0,0,0,0,5,0,0,0,0,0,0,Davis
900_2052,2052,49,900,490900,0,0,0,0,0,0,0,0,5,0,0,0,0,0,5,0,0,0,0,0,0,Davis
900_2053,2053,49,900,490900,0,0,0,0,0,0,0,0,5,0,0,0,0,0,5,0,0,0,0,0,0,Davis
900_2054,2054,49,900,490900,0,0,0,0,0,0,0,0,5,0,0,0,0,0,5,0,0,0,0,0,0,Davis
900_2055,2055,49,900,490900,0,0,0,0,0,0,0,0,5,0,0,0,0,0,5,0,0,0,0,0,0,Davis
900_2056,2056,49,900,490900,0,0,0,0,0,0,0,0,5,0,0,0,0,0,5,0,0,0,0,0,0,Davis
900_2057,2057,49,900,490900,0,0,0,0,0,0,0,0,5,0,0,0,0,0,5,0,0,0,0,0,0,Davis
900_2058,2058,49,900,490900,0,0,0,0,0,0,0,0,5,0,0,0,0,0,5,0,0,0,0,0,0,Davis
900_2059,2059,49,900,490900,0,0,0,0,0,0,0,0,5,0,0,0,0,0,5,0,0,0,0,0,0,Davis
900_2060,2060,49,900,490900,0,0,0,0,0,0,0,0,5,0,0,0,0,0,5,0,0,0,0,0,0,Davis
901_2010,2010,11,901,110901,0,0,0,0,0,0,0,0,0,0,0,0,0,0,0,0,0,0,0,0,0,Davis
901_2011,2011,11,901,110901,0,0,0,0,0,0,0,0,0,0,0,0,0,0,0,0,0,0,0,0,0,Davis
901_2012,2012,11,901,110901,0,0,0,0,0,0,0,0,0,0,0,0,0,0,0,0,0,0,0,0,0,Davis
901_2013,2013,11,901,110901,0,0,0,0,0,0,0,0,0,0,0,0,0,0,0,0,0,0,0,0,0,Davis
901_2014,2014,11,901,110901,0,0,0,0,0,0,0,0,0,0,0,0,0,0,0,0,0,0,0,0,0,Davis
901_2015,2015,11,901,110901,0,0,0,0,0,0,0,0,0,0,0,0,0,0,0,0,0,0,0,0,0,Davis
901_2016,2016,11,901,110901,0,0,0,0,0,0,0,0,0,0,0,0,0,0,0,0,0,0,0,0,0,Davis
901_2017,2017,11,901,110901,0,0,0,0,0,0,0,0,0,0,0,0,0,0,0,0,0,0,0,0,0,Davis
901_2018,2018,11,901,110901,0,0,0,0,0,0,0,0,0,0,0,0,0,0,0,0,0,0,0,0,0,Davis
901_2019,2019,11,901,110901,0,0,0,0,0,0,0,0,0,0,0,0,0,0,0,0,0,0,0,0,0,Davis
901_2020,2020,11,901,110901,0,0,0,0,0,0,0,0,0,0,0,0,0,0,0,0,0,0,0,0,0,Davis
901_2021,2021,11,901,110901,0,0,0,0,0,0,0,0,0,0,0,0,0,0,0,0,0,0,0,0,0,Davis
901_2022,2022,11,901,110901,0,0,0,0,0,0,0,0,0,0,0,0,0,0,0,0,0,0,0,0,0,Davis
901_2023,2023,11,901,110901,0,0,0,0,0,0,0,0,0,0,0,0,0,0,0,0,0,0,0,0,0,Davis
901_2024,2024,11,901,110901,0,0,0,0,0,0,0,0,0,0,0,0,0,0,0,0,0,0,0,0,0,Davis
901_2025,2025,11,901,110901,0,0,0,0,0,0,0,0,0,0,0,0,0,0,0,0,0,0,0,0,0,Davis
901_2026,2026,11,901,110901,0,0,0,0,0,0,0,0,0,0,0,0,0,0,0,0,0,0,0,0,0,Davis
901_2027,2027,11,901,110901,0,0,0,0,0,0,0,0,0,0,0,0,0,0,0,0,0,0,0,0,0,Davis
901_2028,2028,11,901,110901,0,0,0,0,0,0,0,0,0,0,0,0,0,0,0,0,0,0,0,0,0,Davis
901_2029,2029,11,901,110901,0,0,0,0,0,0,0,0,0,0,0,0,0,0,0,0,0,0,0,0,0,Davis
901_2030,2030,11,901,110901,0,0,0,0,0,0,0,0,0,0,0,0,0,0,0,0,0,0,0,0,0,Davis
901_2031,2031,11,901,110901,0,0,0,0,0,0,0,0,0,0,0,0,0,0,0,0,0,0,0,0,0,Davis
901_2032,2032,11,901,110901,0,0,0,0,0,0,0,0,0,0,0,0,0,0,0,0,0,0,0,0,0,Davis
901_2033,2033,11,901,110901,0,0,0,0,0,0,0,0,0,0,0,0,0,0,0,0,0,0,0,0,0,Davis
901_2034,2034,11,901,110901,0,0,0,0,0,0,0,0,0,0,0,0,0,0,0,0,0,0,0,0,0,Davis
901_2035,2035,11,901,110901,0,0,0,0,0,0,0,0,0,0,0,0,0,0,0,0,0,0,0,0,0,Davis
901_2036,2036,11,901,110901,0,0,0,0,0,0,0,0,0,0,0,0,0,0,0,0,0,0,0,0,0,Davis
901_2037,2037,11,901,110901,0,0,0,0,0,0,0,0,0,0,0,0,0,0,0,0,0,0,0,0,0,Davis
901_2038,2038,11,901,110901,0,0,0,0,0,0,0,0,0,0,0,0,0,0,0,0,0,0,0,0,0,Davis
901_2039,2039,11,901,110901,0,0,0,0,0,0,0,0,0,0,0,0,0,0,0,0,0,0,0,0,0,Davis
901_2040,2040,11,901,110901,0,0,0,0,0,0,0,0,0,0,0,0,0,0,0,0,0,0,0,0,0,Davis
901_2041,2041,11,901,110901,0,0,0,0,0,0,0,0,0,0,0,0,0,0,0,0,0,0,0,0,0,Davis
901_2042,2042,11,901,110901,0,0,0,0,0,0,0,0,0,0,0,0,0,0,0,0,0,0,0,0,0,Davis
901_2043,2043,11,901,110901,0,0,0,0,0,0,0,0,0,0,0,0,0,0,0,0,0,0,0,0,0,Davis
901_2044,2044,11,901,110901,0,0,0,0,0,0,0,0,0,0,0,0,0,0,0,0,0,0,0,0,0,Davis
901_2045,2045,11,901,110901,0,0,0,0,0,0,0,0,0,0,0,0,0,0,0,0,0,0,0,0,0,Davis
901_2046,2046,11,901,110901,0,0,0,0,0,0,0,0,0,0,0,0,0,0,0,0,0,0,0,0,0,Davis
901_2047,2047,11,901,110901,0,0,0,0,0,0,0,0,0,0,0,0,0,0,0,0,0,0,0,0,0,Davis
901_2048,2048,11,901,110901,0,0,0,0,0,0,0,0,0,0,0,0,0,0,0,0,0,0,0,0,0,Davis
901_2049,2049,11,901,110901,0,0,0,0,0,0,0,0,0,0,0,0,0,0,0,0,0,0,0,0,0,Davis
901_2050,2050,11,901,110901,0,0,0,0,0,0,0,0,0,0,0,0,0,0,0,0,0,0,0,0,0,Davis
901_2051,2051,11,901,110901,0,0,0,0,0,0,0,0,0,0,0,0,0,0,0,0,0,0,0,0,0,Davis
901_2052,2052,11,901,110901,0,0,0,0,0,0,0,0,0,0,0,0,0,0,0,0,0,0,0,0,0,Davis
901_2053,2053,11,901,110901,0,0,0,0,0,0,0,0,0,0,0,0,0,0,0,0,0,0,0,0,0,Davis
901_2054,2054,11,901,110901,0,0,0,0,0,0,0,0,0,0,0,0,0,0,0,0,0,0,0,0,0,Davis
901_2055,2055,11,901,110901,0,0,0,0,0,0,0,0,0,0,0,0,0,0,0,0,0,0,0,0,0,Davis
901_2056,2056,11,901,110901,0,0,0,0,0,0,0,0,0,0,0,0,0,0,0,0,0,0,0,0,0,Davis
901_2057,2057,11,901,110901,0,0,0,0,0,0,0,0,0,0,0,0,0,0,0,0,0,0,0,0,0,Davis
901_2058,2058,11,901,110901,0,0,0,0,0,0,0,0,0,0,0,0,0,0,0,0,0,0,0,0,0,Davis
901_2059,2059,11,901,110901,0,0,0,0,0,0,0,0,0,0,0,0,0,0,0,0,0,0,0,0,0,Davis
901_2060,2060,11,901,110901,0,0,0,0,0,0,0,0,0,0,0,0,0,0,0,0,0,0,0,0,0,Davis
902_2010,2010,11,902,110902,0,0,0,0,0,0,0,0,0,0,0,0,0,0,0,0,0,0,0,0,0,Davis
902_2011,2011,11,902,110902,0,0,0,0,0,0,0,0,0,0,0,0,0,0,0,0,0,0,0,0,0,Davis
902_2012,2012,11,902,110902,0,0,0,0,0,0,0,0,0,0,0,0,0,0,0,0,0,0,0,0,0,Davis
902_2013,2013,11,902,110902,0,0,0,0,0,0,0,0,0,0,0,0,0,0,0,0,0,0,0,0,0,Davis
902_2014,2014,11,902,110902,0,0,0,0,0,0,0,0,0,0,0,0,0,0,0,0,0,0,0,0,0,Davis
902_2015,2015,11,902,110902,0,0,0,0,0,0,0,0,0,0,0,0,0,0,0,0,0,0,0,0,0,Davis
902_2016,2016,11,902,110902,0,0,0,0,0,0,0,0,0,0,0,0,0,0,0,0,0,0,0,0,0,Davis
902_2017,2017,11,902,110902,0,0,0,0,0,0,0,0,0,0,0,0,0,0,0,0,0,0,0,0,0,Davis
902_2018,2018,11,902,110902,0,0,0,0,0,0,0,0,0,0,0,0,0,0,0,0,0,0,0,0,0,Davis
902_2019,2019,11,902,110902,0,0,0,0,0,0,0,0,0,0,0,0,0,0,0,0,0,0,0,0,0,Davis
902_2020,2020,11,902,110902,0,0,0,0,0,0,0,0,0,0,0,0,0,0,0,0,0,0,0,0,0,Davis
902_2021,2021,11,902,110902,0,0,0,0,0,0,0,0,0,0,0,0,0,0,0,0,0,0,0,0,0,Davis
902_2022,2022,11,902,110902,0,0,0,0,0,0,0,0,0,0,0,0,0,0,0,0,0,0,0,0,0,Davis
902_2023,2023,11,902,110902,0,0,0,0,0,0,0,0,0,0,0,0,0,0,0,0,0,0,0,0,0,Davis
902_2024,2024,11,902,110902,0,0,0,0,0,0,0,0,0,0,0,0,0,0,0,0,0,0,0,0,0,Davis
902_2025,2025,11,902,110902,0,0,0,0,0,0,0,0,0,0,0,0,0,0,0,0,0,0,0,0,0,Davis
902_2026,2026,11,902,110902,0,0,0,0,0,0,0,0,0,0,0,0,0,0,0,0,0,0,0,0,0,Davis
902_2027,2027,11,902,110902,0,0,0,0,0,0,0,0,0,0,0,0,0,0,0,0,0,0,0,0,0,Davis
902_2028,2028,11,902,110902,0,0,0,0,0,0,0,0,0,0,0,0,0,0,0,0,0,0,0,0,0,Davis
902_2029,2029,11,902,110902,0,0,0,0,0,0,0,0,0,0,0,0,0,0,0,0,0,0,0,0,0,Davis
902_2030,2030,11,902,110902,0,0,0,0,0,0,0,0,0,0,0,0,0,0,0,0,0,0,0,0,0,Davis
902_2031,2031,11,902,110902,0,0,0,0,0,0,0,0,0,0,0,0,0,0,0,0,0,0,0,0,0,Davis
902_2032,2032,11,902,110902,0,0,0,0,0,0,0,0,0,0,0,0,0,0,0,0,0,0,0,0,0,Davis
902_2033,2033,11,902,110902,0,0,0,0,0,0,0,0,0,0,0,0,0,0,0,0,0,0,0,0,0,Davis
902_2034,2034,11,902,110902,0,0,0,0,0,0,0,0,0,0,0,0,0,0,0,0,0,0,0,0,0,Davis
902_2035,2035,11,902,110902,0,0,0,0,0,0,0,0,0,0,0,0,0,0,0,0,0,0,0,0,0,Davis
902_2036,2036,11,902,110902,0,0,0,0,0,0,0,0,0,0,0,0,0,0,0,0,0,0,0,0,0,Davis
902_2037,2037,11,902,110902,0,0,0,0,0,0,0,0,0,0,0,0,0,0,0,0,0,0,0,0,0,Davis
902_2038,2038,11,902,110902,0,0,0,0,0,0,0,0,0,0,0,0,0,0,0,0,0,0,0,0,0,Davis
902_2039,2039,11,902,110902,0,0,0,0,0,0,0,0,0,0,0,0,0,0,0,0,0,0,0,0,0,Davis
902_2040,2040,11,902,110902,0,0,0,0,0,0,0,0,0,0,0,0,0,0,0,0,0,0,0,0,0,Davis
902_2041,2041,11,902,110902,0,0,0,0,0,0,0,0,0,0,0,0,0,0,0,0,0,0,0,0,0,Davis
902_2042,2042,11,902,110902,0,0,0,0,0,0,0,0,0,0,0,0,0,0,0,0,0,0,0,0,0,Davis
902_2043,2043,11,902,110902,0,0,0,0,0,0,0,0,0,0,0,0,0,0,0,0,0,0,0,0,0,Davis
902_2044,2044,11,902,110902,0,0,0,0,0,0,0,0,0,0,0,0,0,0,0,0,0,0,0,0,0,Davis
902_2045,2045,11,902,110902,0,0,0,0,0,0,0,0,0,0,0,0,0,0,0,0,0,0,0,0,0,Davis
902_2046,2046,11,902,110902,0,0,0,0,0,0,0,0,0,0,0,0,0,0,0,0,0,0,0,0,0,Davis
902_2047,2047,11,902,110902,0,0,0,0,0,0,0,0,0,0,0,0,0,0,0,0,0,0,0,0,0,Davis
902_2048,2048,11,902,110902,0,0,0,0,0,0,0,0,0,0,0,0,0,0,0,0,0,0,0,0,0,Davis
902_2049,2049,11,902,110902,0,0,0,0,0,0,0,0,0,0,0,0,0,0,0,0,0,0,0,0,0,Davis
902_2050,2050,11,902,110902,0,0,0,0,0,0,0,0,0,0,0,0,0,0,0,0,0,0,0,0,0,Davis
902_2051,2051,11,902,110902,0,0,0,0,0,0,0,0,0,0,0,0,0,0,0,0,0,0,0,0,0,Davis
902_2052,2052,11,902,110902,0,0,0,0,0,0,0,0,0,0,0,0,0,0,0,0,0,0,0,0,0,Davis
902_2053,2053,11,902,110902,0,0,0,0,0,0,0,0,0,0,0,0,0,0,0,0,0,0,0,0,0,Davis
902_2054,2054,11,902,110902,0,0,0,0,0,0,0,0,0,0,0,0,0,0,0,0,0,0,0,0,0,Davis
902_2055,2055,11,902,110902,0,0,0,0,0,0,0,0,0,0,0,0,0,0,0,0,0,0,0,0,0,Davis
902_2056,2056,11,902,110902,0,0,0,0,0,0,0,0,0,0,0,0,0,0,0,0,0,0,0,0,0,Davis
902_2057,2057,11,902,110902,0,0,0,0,0,0,0,0,0,0,0,0,0,0,0,0,0,0,0,0,0,Davis
902_2058,2058,11,902,110902,0,0,0,0,0,0,0,0,0,0,0,0,0,0,0,0,0,0,0,0,0,Davis
902_2059,2059,11,902,110902,0,0,0,0,0,0,0,0,0,0,0,0,0,0,0,0,0,0,0,0,0,Davis
902_2060,2060,11,902,110902,0,0,0,0,0,0,0,0,0,0,0,0,0,0,0,0,0,0,0,0,0,Davis
903_2010,2010,11,903,110903,0,0,0,0,0,0,0,0,0,0,0,0,0,0,0,0,0,0,0,0,0,Davis
903_2011,2011,11,903,110903,0,0,0,0,0,0,0,0,0,0,0,0,0,0,0,0,0,0,0,0,0,Davis
903_2012,2012,11,903,110903,0,0,0,0,0,0,0,0,0,0,0,0,0,0,0,0,0,0,0,0,0,Davis
903_2013,2013,11,903,110903,0,0,0,0,0,0,0,0,0,0,0,0,0,0,0,0,0,0,0,0,0,Davis
903_2014,2014,11,903,110903,0,0,0,0,0,0,0,0,0,0,0,0,0,0,0,0,0,0,0,0,0,Davis
903_2015,2015,11,903,110903,0,0,0,0,0,0,0,0,0,0,0,0,0,0,0,0,0,0,0,0,0,Davis
903_2016,2016,11,903,110903,0,0,0,0,0,0,0,0,0,0,0,0,0,0,0,0,0,0,0,0,0,Davis
903_2017,2017,11,903,110903,0,0,0,0,0,0,0,0,0,0,0,0,0,0,0,0,0,0,0,0,0,Davis
903_2018,2018,11,903,110903,0,0,0,0,0,0,0,0,0,0,0,0,0,0,0,0,0,0,0,0,0,Davis
903_2019,2019,11,903,110903,0,0,0,0,0,0,0,0,0,0,0,0,0,0,0,0,0,0,0,0,0,Davis
903_2020,2020,11,903,110903,0,0,0,0,0,0,0,0,0,0,0,0,0,0,0,0,0,0,0,0,0,Davis
903_2021,2021,11,903,110903,0,0,0,0,0,0,0,0,0,0,0,0,0,0,0,0,0,0,0,0,0,Davis
903_2022,2022,11,903,110903,0,0,0,0,0,0,0,0,0,0,0,0,0,0,0,0,0,0,0,0,0,Davis
903_2023,2023,11,903,110903,0,0,0,0,0,0,0,0,0,0,0,0,0,0,0,0,0,0,0,0,0,Davis
903_2024,2024,11,903,110903,0,0,0,0,0,0,0,0,0,0,0,0,0,0,0,0,0,0,0,0,0,Davis
903_2025,2025,11,903,110903,0,0,0,0,0,0,0,0,0,0,0,0,0,0,0,0,0,0,0,0,0,Davis
903_2026,2026,11,903,110903,0,0,0,0,0,0,0,0,0,0,0,0,0,0,0,0,0,0,0,0,0,Davis
903_2027,2027,11,903,110903,0,0,0,0,0,0,0,0,0,0,0,0,0,0,0,0,0,0,0,0,0,Davis
903_2028,2028,11,903,110903,0,0,0,0,0,0,0,0,0,0,0,0,0,0,0,0,0,0,0,0,0,Davis
903_2029,2029,11,903,110903,0,0,0,0,0,0,0,0,0,0,0,0,0,0,0,0,0,0,0,0,0,Davis
903_2030,2030,11,903,110903,0,0,0,0,0,0,0,0,0,0,0,0,0,0,0,0,0,0,0,0,0,Davis
903_2031,2031,11,903,110903,0,0,0,0,0,0,0,0,0,0,0,0,0,0,0,0,0,0,0,0,0,Davis
903_2032,2032,11,903,110903,0,0,0,0,0,0,0,0,0,0,0,0,0,0,0,0,0,0,0,0,0,Davis
903_2033,2033,11,903,110903,0,0,0,0,0,0,0,0,0,0,0,0,0,0,0,0,0,0,0,0,0,Davis
903_2034,2034,11,903,110903,0,0,0,0,0,0,0,0,0,0,0,0,0,0,0,0,0,0,0,0,0,Davis
903_2035,2035,11,903,110903,0,0,0,0,0,0,0,0,0,0,0,0,0,0,0,0,0,0,0,0,0,Davis
903_2036,2036,11,903,110903,0,0,0,0,0,0,0,0,0,0,0,0,0,0,0,0,0,0,0,0,0,Davis
903_2037,2037,11,903,110903,0,0,0,0,0,0,0,0,0,0,0,0,0,0,0,0,0,0,0,0,0,Davis
903_2038,2038,11,903,110903,0,0,0,0,0,0,0,0,0,0,0,0,0,0,0,0,0,0,0,0,0,Davis
903_2039,2039,11,903,110903,0,0,0,0,0,0,0,0,0,0,0,0,0,0,0,0,0,0,0,0,0,Davis
903_2040,2040,11,903,110903,0,0,0,0,0,0,0,0,0,0,0,0,0,0,0,0,0,0,0,0,0,Davis
903_2041,2041,11,903,110903,0,0,0,0,0,0,0,0,0,0,0,0,0,0,0,0,0,0,0,0,0,Davis
903_2042,2042,11,903,110903,0,0,0,0,0,0,0,0,0,0,0,0,0,0,0,0,0,0,0,0,0,Davis
903_2043,2043,11,903,110903,0,0,0,0,0,0,0,0,0,0,0,0,0,0,0,0,0,0,0,0,0,Davis
903_2044,2044,11,903,110903,0,0,0,0,0,0,0,0,0,0,0,0,0,0,0,0,0,0,0,0,0,Davis
903_2045,2045,11,903,110903,0,0,0,0,0,0,0,0,0,0,0,0,0,0,0,0,0,0,0,0,0,Davis
903_2046,2046,11,903,110903,0,0,0,0,0,0,0,0,0,0,0,0,0,0,0,0,0,0,0,0,0,Davis
903_2047,2047,11,903,110903,0,0,0,0,0,0,0,0,0,0,0,0,0,0,0,0,0,0,0,0,0,Davis
903_2048,2048,11,903,110903,0,0,0,0,0,0,0,0,0,0,0,0,0,0,0,0,0,0,0,0,0,Davis
903_2049,2049,11,903,110903,0,0,0,0,0,0,0,0,0,0,0,0,0,0,0,0,0,0,0,0,0,Davis
903_2050,2050,11,903,110903,0,0,0,0,0,0,0,0,0,0,0,0,0,0,0,0,0,0,0,0,0,Davis
903_2051,2051,11,903,110903,0,0,0,0,0,0,0,0,0,0,0,0,0,0,0,0,0,0,0,0,0,Davis
903_2052,2052,11,903,110903,0,0,0,0,0,0,0,0,0,0,0,0,0,0,0,0,0,0,0,0,0,Davis
903_2053,2053,11,903,110903,0,0,0,0,0,0,0,0,0,0,0,0,0,0,0,0,0,0,0,0,0,Davis
903_2054,2054,11,903,110903,0,0,0,0,0,0,0,0,0,0,0,0,0,0,0,0,0,0,0,0,0,Davis
903_2055,2055,11,903,110903,0,0,0,0,0,0,0,0,0,0,0,0,0,0,0,0,0,0,0,0,0,Davis
903_2056,2056,11,903,110903,0,0,0,0,0,0,0,0,0,0,0,0,0,0,0,0,0,0,0,0,0,Davis
903_2057,2057,11,903,110903,0,0,0,0,0,0,0,0,0,0,0,0,0,0,0,0,0,0,0,0,0,Davis
903_2058,2058,11,903,110903,0,0,0,0,0,0,0,0,0,0,0,0,0,0,0,0,0,0,0,0,0,Davis
903_2059,2059,11,903,110903,0,0,0,0,0,0,0,0,0,0,0,0,0,0,0,0,0,0,0,0,0,Davis
903_2060,2060,11,903,110903,0,0,0,0,0,0,0,0,0,0,0,0,0,0,0,0,0,0,0,0,0,Davis
904_2010,2010,11,904,110904,0,0,0,0,0,0,0,0,0,0,0,0,0,0,0,0,0,0,0,0,0,Davis
904_2011,2011,11,904,110904,0,0,0,0,0,0,0,0,0,0,0,0,0,0,0,0,0,0,0,0,0,Davis
904_2012,2012,11,904,110904,0,0,0,0,0,0,0,0,0,0,0,0,0,0,0,0,0,0,0,0,0,Davis
904_2013,2013,11,904,110904,0,0,0,0,0,0,0,0,0,0,0,0,0,0,0,0,0,0,0,0,0,Davis
904_2014,2014,11,904,110904,0,0,0,0,0,0,0,0,0,0,0,0,0,0,0,0,0,0,0,0,0,Davis
904_2015,2015,11,904,110904,0,0,0,0,0,0,0,0,0,0,0,0,0,0,0,0,0,0,0,0,0,Davis
904_2016,2016,11,904,110904,0,0,0,0,0,0,0,0,0,0,0,0,0,0,0,0,0,0,0,0,0,Davis
904_2017,2017,11,904,110904,0,0,0,0,0,0,0,0,0,0,0,0,0,0,0,0,0,0,0,0,0,Davis
904_2018,2018,11,904,110904,0,0,0,0,0,0,0,0,0,0,0,0,0,0,0,0,0,0,0,0,0,Davis
904_2019,2019,11,904,110904,0,0,0,0,0,0,0,0,0,0,0,0,0,0,0,0,0,0,0,0,0,Davis
904_2020,2020,11,904,110904,0,0,0,0,0,0,0,0,0,0,0,0,0,0,0,0,0,0,0,0,0,Davis
904_2021,2021,11,904,110904,0,0,0,0,0,0,0,0,0,0,0,0,0,0,0,0,0,0,0,0,0,Davis
904_2022,2022,11,904,110904,0,0,0,0,0,0,0,0,0,0,0,0,0,0,0,0,0,0,0,0,0,Davis
904_2023,2023,11,904,110904,0,0,0,0,0,0,0,0,0,0,0,0,0,0,0,0,0,0,0,0,0,Davis
904_2024,2024,11,904,110904,0,0,0,0,0,0,0,0,0,0,0,0,0,0,0,0,0,0,0,0,0,Davis
904_2025,2025,11,904,110904,0,0,0,0,0,0,0,0,0,0,0,0,0,0,0,0,0,0,0,0,0,Davis
904_2026,2026,11,904,110904,0,0,0,0,0,0,0,0,0,0,0,0,0,0,0,0,0,0,0,0,0,Davis
904_2027,2027,11,904,110904,0,0,0,0,0,0,0,0,0,0,0,0,0,0,0,0,0,0,0,0,0,Davis
904_2028,2028,11,904,110904,0,0,0,0,0,0,0,0,0,0,0,0,0,0,0,0,0,0,0,0,0,Davis
904_2029,2029,11,904,110904,0,0,0,0,0,0,0,0,0,0,0,0,0,0,0,0,0,0,0,0,0,Davis
904_2030,2030,11,904,110904,0,0,0,0,0,0,0,0,0,0,0,0,0,0,0,0,0,0,0,0,0,Davis
904_2031,2031,11,904,110904,0,0,0,0,0,0,0,0,0,0,0,0,0,0,0,0,0,0,0,0,0,Davis
904_2032,2032,11,904,110904,0,0,0,0,0,0,0,0,0,0,0,0,0,0,0,0,0,0,0,0,0,Davis
904_2033,2033,11,904,110904,0,0,0,0,0,0,0,0,0,0,0,0,0,0,0,0,0,0,0,0,0,Davis
904_2034,2034,11,904,110904,0,0,0,0,0,0,0,0,0,0,0,0,0,0,0,0,0,0,0,0,0,Davis
904_2035,2035,11,904,110904,0,0,0,0,0,0,0,0,0,0,0,0,0,0,0,0,0,0,0,0,0,Davis
904_2036,2036,11,904,110904,0,0,0,0,0,0,0,0,0,0,0,0,0,0,0,0,0,0,0,0,0,Davis
904_2037,2037,11,904,110904,0,0,0,0,0,0,0,0,0,0,0,0,0,0,0,0,0,0,0,0,0,Davis
904_2038,2038,11,904,110904,0,0,0,0,0,0,0,0,0,0,0,0,0,0,0,0,0,0,0,0,0,Davis
904_2039,2039,11,904,110904,0,0,0,0,0,0,0,0,0,0,0,0,0,0,0,0,0,0,0,0,0,Davis
904_2040,2040,11,904,110904,0,0,0,0,0,0,0,0,0,0,0,0,0,0,0,0,0,0,0,0,0,Davis
904_2041,2041,11,904,110904,0,0,0,0,0,0,0,0,0,0,0,0,0,0,0,0,0,0,0,0,0,Davis
904_2042,2042,11,904,110904,0,0,0,0,0,0,0,0,0,0,0,0,0,0,0,0,0,0,0,0,0,Davis
904_2043,2043,11,904,110904,0,0,0,0,0,0,0,0,0,0,0,0,0,0,0,0,0,0,0,0,0,Davis
904_2044,2044,11,904,110904,0,0,0,0,0,0,0,0,0,0,0,0,0,0,0,0,0,0,0,0,0,Davis
904_2045,2045,11,904,110904,0,0,0,0,0,0,0,0,0,0,0,0,0,0,0,0,0,0,0,0,0,Davis
904_2046,2046,11,904,110904,0,0,0,0,0,0,0,0,0,0,0,0,0,0,0,0,0,0,0,0,0,Davis
904_2047,2047,11,904,110904,0,0,0,0,0,0,0,0,0,0,0,0,0,0,0,0,0,0,0,0,0,Davis
904_2048,2048,11,904,110904,0,0,0,0,0,0,0,0,0,0,0,0,0,0,0,0,0,0,0,0,0,Davis
904_2049,2049,11,904,110904,0,0,0,0,0,0,0,0,0,0,0,0,0,0,0,0,0,0,0,0,0,Davis
904_2050,2050,11,904,110904,0,0,0,0,0,0,0,0,0,0,0,0,0,0,0,0,0,0,0,0,0,Davis
904_2051,2051,11,904,110904,0,0,0,0,0,0,0,0,0,0,0,0,0,0,0,0,0,0,0,0,0,Davis
904_2052,2052,11,904,110904,0,0,0,0,0,0,0,0,0,0,0,0,0,0,0,0,0,0,0,0,0,Davis
904_2053,2053,11,904,110904,0,0,0,0,0,0,0,0,0,0,0,0,0,0,0,0,0,0,0,0,0,Davis
904_2054,2054,11,904,110904,0,0,0,0,0,0,0,0,0,0,0,0,0,0,0,0,0,0,0,0,0,Davis
904_2055,2055,11,904,110904,0,0,0,0,0,0,0,0,0,0,0,0,0,0,0,0,0,0,0,0,0,Davis
904_2056,2056,11,904,110904,0,0,0,0,0,0,0,0,0,0,0,0,0,0,0,0,0,0,0,0,0,Davis
904_2057,2057,11,904,110904,0,0,0,0,0,0,0,0,0,0,0,0,0,0,0,0,0,0,0,0,0,Davis
904_2058,2058,11,904,110904,0,0,0,0,0,0,0,0,0,0,0,0,0,0,0,0,0,0,0,0,0,Davis
904_2059,2059,11,904,110904,0,0,0,0,0,0,0,0,0,0,0,0,0,0,0,0,0,0,0,0,0,Davis
904_2060,2060,11,904,110904,0,0,0,0,0,0,0,0,0,0,0,0,0,0,0,0,0,0,0,0,0,Davis
905_2010,2010,11,905,110905,0,0,0,0,0,0,0,0,0,0,0,0,0,0,0,0,0,0,0,0,0,Davis
905_2011,2011,11,905,110905,0,0,0,0,0,0,0,0,0,0,0,0,0,0,0,0,0,0,0,0,0,Davis
905_2012,2012,11,905,110905,0,0,0,0,0,0,0,0,0,0,0,0,0,0,0,0,0,0,0,0,0,Davis
905_2013,2013,11,905,110905,0,0,0,0,0,0,0,0,0,0,0,0,0,0,0,0,0,0,0,0,0,Davis
905_2014,2014,11,905,110905,0,0,0,0,0,0,0,0,0,0,0,0,0,0,0,0,0,0,0,0,0,Davis
905_2015,2015,11,905,110905,0,0,0,0,0,0,0,0,0,0,0,0,0,0,0,0,0,0,0,0,0,Davis
905_2016,2016,11,905,110905,0,0,0,0,0,0,0,0,0,0,0,0,0,0,0,0,0,0,0,0,0,Davis
905_2017,2017,11,905,110905,0,0,0,0,0,0,0,0,0,0,0,0,0,0,0,0,0,0,0,0,0,Davis
905_2018,2018,11,905,110905,0,0,0,0,0,0,0,0,0,0,0,0,0,0,0,0,0,0,0,0,0,Davis
905_2019,2019,11,905,110905,0,0,0,0,0,0,0,0,0,0,0,0,0,0,0,0,0,0,0,0,0,Davis
905_2020,2020,11,905,110905,0,0,0,0,0,0,0,0,0,0,0,0,0,0,0,0,0,0,0,0,0,Davis
905_2021,2021,11,905,110905,0,0,0,0,0,0,0,0,0,0,0,0,0,0,0,0,0,0,0,0,0,Davis
905_2022,2022,11,905,110905,0,0,0,0,0,0,0,0,0,0,0,0,0,0,0,0,0,0,0,0,0,Davis
905_2023,2023,11,905,110905,0,0,0,0,0,0,0,0,0,0,0,0,0,0,0,0,0,0,0,0,0,Davis
905_2024,2024,11,905,110905,0,0,0,0,0,0,0,0,0,0,0,0,0,0,0,0,0,0,0,0,0,Davis
905_2025,2025,11,905,110905,0,0,0,0,0,0,0,0,0,0,0,0,0,0,0,0,0,0,0,0,0,Davis
905_2026,2026,11,905,110905,0,0,0,0,0,0,0,0,0,0,0,0,0,0,0,0,0,0,0,0,0,Davis
905_2027,2027,11,905,110905,0,0,0,0,0,0,0,0,0,0,0,0,0,0,0,0,0,0,0,0,0,Davis
905_2028,2028,11,905,110905,0,0,0,0,0,0,0,0,0,0,0,0,0,0,0,0,0,0,0,0,0,Davis
905_2029,2029,11,905,110905,0,0,0,0,0,0,0,0,0,0,0,0,0,0,0,0,0,0,0,0,0,Davis
905_2030,2030,11,905,110905,0,0,0,0,0,0,0,0,0,0,0,0,0,0,0,0,0,0,0,0,0,Davis
905_2031,2031,11,905,110905,0,0,0,0,0,0,0,0,0,0,0,0,0,0,0,0,0,0,0,0,0,Davis
905_2032,2032,11,905,110905,0,0,0,0,0,0,0,0,0,0,0,0,0,0,0,0,0,0,0,0,0,Davis
905_2033,2033,11,905,110905,0,0,0,0,0,0,0,0,0,0,0,0,0,0,0,0,0,0,0,0,0,Davis
905_2034,2034,11,905,110905,0,0,0,0,0,0,0,0,0,0,0,0,0,0,0,0,0,0,0,0,0,Davis
905_2035,2035,11,905,110905,0,0,0,0,0,0,0,0,0,0,0,0,0,0,0,0,0,0,0,0,0,Davis
905_2036,2036,11,905,110905,0,0,0,0,0,0,0,0,0,0,0,0,0,0,0,0,0,0,0,0,0,Davis
905_2037,2037,11,905,110905,0,0,0,0,0,0,0,0,0,0,0,0,0,0,0,0,0,0,0,0,0,Davis
905_2038,2038,11,905,110905,0,0,0,0,0,0,0,0,0,0,0,0,0,0,0,0,0,0,0,0,0,Davis
905_2039,2039,11,905,110905,0,0,0,0,0,0,0,0,0,0,0,0,0,0,0,0,0,0,0,0,0,Davis
905_2040,2040,11,905,110905,0,0,0,0,0,0,0,0,0,0,0,0,0,0,0,0,0,0,0,0,0,Davis
905_2041,2041,11,905,110905,0,0,0,0,0,0,0,0,0,0,0,0,0,0,0,0,0,0,0,0,0,Davis
905_2042,2042,11,905,110905,0,0,0,0,0,0,0,0,0,0,0,0,0,0,0,0,0,0,0,0,0,Davis
905_2043,2043,11,905,110905,0,0,0,0,0,0,0,0,0,0,0,0,0,0,0,0,0,0,0,0,0,Davis
905_2044,2044,11,905,110905,0,0,0,0,0,0,0,0,0,0,0,0,0,0,0,0,0,0,0,0,0,Davis
905_2045,2045,11,905,110905,0,0,0,0,0,0,0,0,0,0,0,0,0,0,0,0,0,0,0,0,0,Davis
905_2046,2046,11,905,110905,0,0,0,0,0,0,0,0,0,0,0,0,0,0,0,0,0,0,0,0,0,Davis
905_2047,2047,11,905,110905,0,0,0,0,0,0,0,0,0,0,0,0,0,0,0,0,0,0,0,0,0,Davis
905_2048,2048,11,905,110905,0,0,0,0,0,0,0,0,0,0,0,0,0,0,0,0,0,0,0,0,0,Davis
905_2049,2049,11,905,110905,0,0,0,0,0,0,0,0,0,0,0,0,0,0,0,0,0,0,0,0,0,Davis
905_2050,2050,11,905,110905,0,0,0,0,0,0,0,0,0,0,0,0,0,0,0,0,0,0,0,0,0,Davis
905_2051,2051,11,905,110905,0,0,0,0,0,0,0,0,0,0,0,0,0,0,0,0,0,0,0,0,0,Davis
905_2052,2052,11,905,110905,0,0,0,0,0,0,0,0,0,0,0,0,0,0,0,0,0,0,0,0,0,Davis
905_2053,2053,11,905,110905,0,0,0,0,0,0,0,0,0,0,0,0,0,0,0,0,0,0,0,0,0,Davis
905_2054,2054,11,905,110905,0,0,0,0,0,0,0,0,0,0,0,0,0,0,0,0,0,0,0,0,0,Davis
905_2055,2055,11,905,110905,0,0,0,0,0,0,0,0,0,0,0,0,0,0,0,0,0,0,0,0,0,Davis
905_2056,2056,11,905,110905,0,0,0,0,0,0,0,0,0,0,0,0,0,0,0,0,0,0,0,0,0,Davis
905_2057,2057,11,905,110905,0,0,0,0,0,0,0,0,0,0,0,0,0,0,0,0,0,0,0,0,0,Davis
905_2058,2058,11,905,110905,0,0,0,0,0,0,0,0,0,0,0,0,0,0,0,0,0,0,0,0,0,Davis
905_2059,2059,11,905,110905,0,0,0,0,0,0,0,0,0,0,0,0,0,0,0,0,0,0,0,0,0,Davis
905_2060,2060,11,905,110905,0,0,0,0,0,0,0,0,0,0,0,0,0,0,0,0,0,0,0,0,0,Davis
906_2010,2010,11,906,110906,0,0,0,0,0,0,0,0,0,0,0,0,0,0,0,0,0,0,0,0,0,Davis
906_2011,2011,11,906,110906,0,0,0,0,0,0,0,0,0,0,0,0,0,0,0,0,0,0,0,0,0,Davis
906_2012,2012,11,906,110906,0,0,0,0,0,0,0,0,0,0,0,0,0,0,0,0,0,0,0,0,0,Davis
906_2013,2013,11,906,110906,0,0,0,0,0,0,0,0,0,0,0,0,0,0,0,0,0,0,0,0,0,Davis
906_2014,2014,11,906,110906,0,0,0,0,0,0,0,0,0,0,0,0,0,0,0,0,0,0,0,0,0,Davis
906_2015,2015,11,906,110906,0,0,0,0,0,0,0,0,0,0,0,0,0,0,0,0,0,0,0,0,0,Davis
906_2016,2016,11,906,110906,0,0,0,0,0,0,0,0,0,0,0,0,0,0,0,0,0,0,0,0,0,Davis
906_2017,2017,11,906,110906,0,0,0,0,0,0,0,0,0,0,0,0,0,0,0,0,0,0,0,0,0,Davis
906_2018,2018,11,906,110906,0,0,0,0,0,0,0,0,0,0,0,0,0,0,0,0,0,0,0,0,0,Davis
906_2019,2019,11,906,110906,0,0,0,0,0,0,0,0,0,0,0,0,0,0,0,0,0,0,0,0,0,Davis
906_2020,2020,11,906,110906,0,0,0,0,0,0,0,0,0,0,0,0,0,0,0,0,0,0,0,0,0,Davis
906_2021,2021,11,906,110906,0,0,0,0,0,0,0,0,0,0,0,0,0,0,0,0,0,0,0,0,0,Davis
906_2022,2022,11,906,110906,0,0,0,0,0,0,0,0,0,0,0,0,0,0,0,0,0,0,0,0,0,Davis
906_2023,2023,11,906,110906,0,0,0,0,0,0,0,0,0,0,0,0,0,0,0,0,0,0,0,0,0,Davis
906_2024,2024,11,906,110906,0,0,0,0,0,0,0,0,0,0,0,0,0,0,0,0,0,0,0,0,0,Davis
906_2025,2025,11,906,110906,0,0,0,0,0,0,0,0,0,0,0,0,0,0,0,0,0,0,0,0,0,Davis
906_2026,2026,11,906,110906,0,0,0,0,0,0,0,0,0,0,0,0,0,0,0,0,0,0,0,0,0,Davis
906_2027,2027,11,906,110906,0,0,0,0,0,0,0,0,0,0,0,0,0,0,0,0,0,0,0,0,0,Davis
906_2028,2028,11,906,110906,0,0,0,0,0,0,0,0,0,0,0,0,0,0,0,0,0,0,0,0,0,Davis
906_2029,2029,11,906,110906,0,0,0,0,0,0,0,0,0,0,0,0,0,0,0,0,0,0,0,0,0,Davis
906_2030,2030,11,906,110906,0,0,0,0,0,0,0,0,0,0,0,0,0,0,0,0,0,0,0,0,0,Davis
906_2031,2031,11,906,110906,0,0,0,0,0,0,0,0,0,0,0,0,0,0,0,0,0,0,0,0,0,Davis
906_2032,2032,11,906,110906,0,0,0,0,0,0,0,0,0,0,0,0,0,0,0,0,0,0,0,0,0,Davis
906_2033,2033,11,906,110906,0,0,0,0,0,0,0,0,0,0,0,0,0,0,0,0,0,0,0,0,0,Davis
906_2034,2034,11,906,110906,0,0,0,0,0,0,0,0,0,0,0,0,0,0,0,0,0,0,0,0,0,Davis
906_2035,2035,11,906,110906,0,0,0,0,0,0,0,0,0,0,0,0,0,0,0,0,0,0,0,0,0,Davis
906_2036,2036,11,906,110906,0,0,0,0,0,0,0,0,0,0,0,0,0,0,0,0,0,0,0,0,0,Davis
906_2037,2037,11,906,110906,0,0,0,0,0,0,0,0,0,0,0,0,0,0,0,0,0,0,0,0,0,Davis
906_2038,2038,11,906,110906,0,0,0,0,0,0,0,0,0,0,0,0,0,0,0,0,0,0,0,0,0,Davis
906_2039,2039,11,906,110906,0,0,0,0,0,0,0,0,0,0,0,0,0,0,0,0,0,0,0,0,0,Davis
906_2040,2040,11,906,110906,0,0,0,0,0,0,0,0,0,0,0,0,0,0,0,0,0,0,0,0,0,Davis
906_2041,2041,11,906,110906,0,0,0,0,0,0,0,0,0,0,0,0,0,0,0,0,0,0,0,0,0,Davis
906_2042,2042,11,906,110906,0,0,0,0,0,0,0,0,0,0,0,0,0,0,0,0,0,0,0,0,0,Davis
906_2043,2043,11,906,110906,0,0,0,0,0,0,0,0,0,0,0,0,0,0,0,0,0,0,0,0,0,Davis
906_2044,2044,11,906,110906,0,0,0,0,0,0,0,0,0,0,0,0,0,0,0,0,0,0,0,0,0,Davis
906_2045,2045,11,906,110906,0,0,0,0,0,0,0,0,0,0,0,0,0,0,0,0,0,0,0,0,0,Davis
906_2046,2046,11,906,110906,0,0,0,0,0,0,0,0,0,0,0,0,0,0,0,0,0,0,0,0,0,Davis
906_2047,2047,11,906,110906,0,0,0,0,0,0,0,0,0,0,0,0,0,0,0,0,0,0,0,0,0,Davis
906_2048,2048,11,906,110906,0,0,0,0,0,0,0,0,0,0,0,0,0,0,0,0,0,0,0,0,0,Davis
906_2049,2049,11,906,110906,0,0,0,0,0,0,0,0,0,0,0,0,0,0,0,0,0,0,0,0,0,Davis
906_2050,2050,11,906,110906,0,0,0,0,0,0,0,0,0,0,0,0,0,0,0,0,0,0,0,0,0,Davis
906_2051,2051,11,906,110906,0,0,0,0,0,0,0,0,0,0,0,0,0,0,0,0,0,0,0,0,0,Davis
906_2052,2052,11,906,110906,0,0,0,0,0,0,0,0,0,0,0,0,0,0,0,0,0,0,0,0,0,Davis
906_2053,2053,11,906,110906,0,0,0,0,0,0,0,0,0,0,0,0,0,0,0,0,0,0,0,0,0,Davis
906_2054,2054,11,906,110906,0,0,0,0,0,0,0,0,0,0,0,0,0,0,0,0,0,0,0,0,0,Davis
906_2055,2055,11,906,110906,0,0,0,0,0,0,0,0,0,0,0,0,0,0,0,0,0,0,0,0,0,Davis
906_2056,2056,11,906,110906,0,0,0,0,0,0,0,0,0,0,0,0,0,0,0,0,0,0,0,0,0,Davis
906_2057,2057,11,906,110906,0,0,0,0,0,0,0,0,0,0,0,0,0,0,0,0,0,0,0,0,0,Davis
906_2058,2058,11,906,110906,0,0,0,0,0,0,0,0,0,0,0,0,0,0,0,0,0,0,0,0,0,Davis
906_2059,2059,11,906,110906,0,0,0,0,0,0,0,0,0,0,0,0,0,0,0,0,0,0,0,0,0,Davis
906_2060,2060,11,906,110906,0,0,0,0,0,0,0,0,0,0,0,0,0,0,0,0,0,0,0,0,0,Davis
2187_2010,2010,35,2187,352187,61.6,0,61.6,23.5,2.62,17.9,38.3,5.4,0,0,0,0,0,0,0,0,0,0,0,0,0,Salt Lake
2187_2011,2011,35,2187,352187,62,0,62,23.7,2.62,17.8,38.6,5.6,0,0,0,0,0,0,0,0,0,0,0,0,0,Salt Lake
2187_2012,2012,35,2187,352187,62.4,0,62.4,23.9,2.61,17.8,38.8,5.8,0,0,0,0,0,0,0,0,0,0,0,0,0,Salt Lake
2187_2013,2013,35,2187,352187,62.7,0,62.7,24,2.61,17.7,39.1,5.9,0,0,0,0,0,0,0,0,0,0,0,0,0,Salt Lake
2187_2014,2014,35,2187,352187,63,0,63,24.1,2.61,17.6,39.3,6.1,0,0,0,0,0,0,0,0,0,0,0,0,0,Salt Lake
2187_2015,2015,35,2187,352187,63.4,0,63.4,24.3,2.61,17.5,39.6,6.3,0,0,0,0,0,0,0,0,0,0,0,0,0,Salt Lake
2187_2016,2016,35,2187,352187,63.8,0,63.8,24.5,2.6,17.4,39.9,6.5,0,0,0,0,0,0,0,0,0,0,0,0,0,Salt Lake
2187_2017,2017,35,2187,352187,64.3,0,64.3,24.7,2.6,17.4,40.2,6.7,0,0,0,0,0,0,0,0,0,0,0,0,0,Salt Lake
2187_2018,2018,35,2187,352187,64.7,0,64.7,24.9,2.6,17.3,40.5,6.9,0,0,0,0,0,0,0,0,0,0,0,0,0,Salt Lake
2187_2019,2019,35,2187,352187,65,0,65,25,2.6,17.2,40.7,7.1,0,0,0,0,0,0,0,0,0,0,0,0,0,Salt Lake
2187_2020,2020,35,2187,352187,65.3,0,65.3,25.1,2.6,17.1,40.9,7.3,0,0,0,0,0,0,0,0,0,0,0,0,0,Salt Lake
2187_2021,2021,35,2187,352187,65.5,0,65.5,25.2,2.6,16.9,41,7.6,0,0,0,0,0,0,0,0,0,0,0,0,0,Salt Lake
2187_2022,2022,35,2187,352187,65.8,0,65.8,25.4,2.59,16.7,41.2,7.9,0,0,0,0,0,0,0,0,0,0,0,0,0,Salt Lake
2187_2023,2023,35,2187,352187,66.1,0,66.1,25.6,2.58,16.6,41.4,8.1,0,0,0,0,0,0,0,0,0,0,0,0,0,Salt Lake
2187_2024,2024,35,2187,352187,66.4,0,66.4,25.8,2.57,16.4,41.6,8.4,0,0,0,0,0,0,0,0,0,0,0,0,0,Salt Lake
2187_2025,2025,35,2187,352187,66.7,0,66.7,26,2.57,16.2,41.8,8.7,0,0,0,0,0,0,0,0,0,0,0,0,0,Salt Lake
2187_2026,2026,35,2187,352187,67,0,67,26.2,2.56,15.9,42.2,8.9,0,0,0,0,0,0,0,0,0,0,0,0,0,Salt Lake
2187_2027,2027,35,2187,352187,67.3,0,67.3,26.4,2.55,15.7,42.4,9.2,0,0,0,0,0,0,0,0,0,0,0,0,0,Salt Lake
2187_2028,2028,35,2187,352187,67.6,0,67.6,26.6,2.54,15.5,42.7,9.4,0,0,0,0,0,0,0,0,0,0,0,0,0,Salt Lake
2187_2029,2029,35,2187,352187,67.9,0,67.9,26.8,2.53,15.3,43,9.6,0,0,0,0,0,0,0,0,0,0,0,0,0,Salt Lake
2187_2030,2030,35,2187,352187,68.2,0,68.2,27,2.53,15.2,43.2,9.8,0,0,0,0,0,0,0,0,0,0,0,0,0,Salt Lake
2187_2031,2031,35,2187,352187,68.5,0,68.5,27.2,2.52,15,43.5,10,0,0,0,0,0,0,0,0,0,0,0,0,0,Salt Lake
2187_2032,2032,35,2187,352187,68.8,0,68.8,27.4,2.51,14.8,43.9,10.1,0,0,0,0,0,0,0,0,0,0,0,0,0,Salt Lake
2187_2033,2033,35,2187,352187,69.1,0,69.1,27.6,2.5,14.7,44.2,10.2,0,0,0,0,0,0,0,0,0,0,0,0,0,Salt Lake
2187_2034,2034,35,2187,352187,69.4,0,69.4,27.8,2.5,14.5,44.5,10.4,0,0,0,0,0,0,0,0,0,0,0,0,0,Salt Lake
2187_2035,2035,35,2187,352187,69.7,0,69.7,28,2.49,14.4,44.7,10.6,0,0,0,0,0,0,0,0,0,0,0,0,0,Salt Lake
2187_2036,2036,35,2187,352187,70,0,70,28.2,2.48,14.3,44.9,10.8,0,0,0,0,0,0,0,0,0,0,0,0,0,Salt Lake
2187_2037,2037,35,2187,352187,70.3,0,70.3,28.4,2.48,14.3,45,11,0,0,0,0,0,0,0,0,0,0,0,0,0,Salt Lake
2187_2038,2038,35,2187,352187,70.6,0,70.6,28.6,2.47,14.3,45.1,11.2,0,0,0,0,0,0,0,0,0,0,0,0,0,Salt Lake
2187_2039,2039,35,2187,352187,70.9,0,70.9,28.8,2.46,14.3,45.2,11.4,0,0,0,0,0,0,0,0,0,0,0,0,0,Salt Lake
2187_2040,2040,35,2187,352187,71.2,0,71.2,29,2.46,14.3,45.3,11.6,0,0,0,0,0,0,0,0,0,0,0,0,0,Salt Lake
2187_2041,2041,35,2187,352187,71.5,0,71.5,29.2,2.45,14.3,45.4,11.8,0,0,0,0,0,0,0,0,0,0,0,0,0,Salt Lake
2187_2042,2042,35,2187,352187,71.7,0,71.7,29.4,2.44,14.3,45.3,12.1,0,0,0,0,0,0,0,0,0,0,0,0,0,Salt Lake
2187_2043,2043,35,2187,352187,71.9,0,71.9,29.6,2.43,14.4,45.1,12.4,0,0,0,0,0,0,0,0,0,0,0,0,0,Salt Lake
2187_2044,2044,35,2187,352187,72.1,0,72.1,29.8,2.42,14.4,45,12.7,0,0,0,0,0,0,0,0,0,0,0,0,0,Salt Lake
2187_2045,2045,35,2187,352187,72.3,0,72.3,30,2.41,14.4,44.8,13.1,0,0,0,0,0,0,0,0,0,0,0,0,0,Salt Lake
2187_2046,2046,35,2187,352187,72.5,0,72.5,30.2,2.4,14.4,44.6,13.5,0,0,0,0,0,0,0,0,0,0,0,0,0,Salt Lake
2187_2047,2047,35,2187,352187,72.7,0,72.7,30.3,2.4,14.4,44.5,13.8,0,0,0,0,0,0,0,0,0,0,0,0,0,Salt Lake
2187_2048,2048,35,2187,352187,72.9,0,72.9,30.4,2.4,14.4,44.3,14.2,0,0,0,0,0,0,0,0,0,0,0,0,0,Salt Lake
2187_2049,2049,35,2187,352187,73.1,0,73.1,30.5,2.4,14.4,44.1,14.6,0,0,0,0,0,0,0,0,0,0,0,0,0,Salt Lake
2187_2050,2050,35,2187,352187,73.3,0,73.3,30.6,2.4,14.4,43.9,15,0,0,0,0,0,0,0,0,0,0,0,0,0,Salt Lake
2187_2051,2051,35,2187,352187,73.5,0,73.5,30.7,2.39,14.4,43.7,15.4,0,0,0,0,0,0,0,0,0,0,0,0,0,Salt Lake
2187_2052,2052,35,2187,352187,73.7,0,73.7,30.8,2.39,14.4,43.5,15.8,0,0,0,0,0,0,0,0,0,0,0,0,0,Salt Lake
2187_2053,2053,35,2187,352187,73.9,0,73.9,30.9,2.39,14.3,43.4,16.2,0,0,0,0,0,0,0,0,0,0,0,0,0,Salt Lake
2187_2054,2054,35,2187,352187,74.1,0,74.1,31,2.39,14.3,43.1,16.7,0,0,0,0,0,0,0,0,0,0,0,0,0,Salt Lake
2187_2055,2055,35,2187,352187,74.3,0,74.3,31.1,2.39,14.2,43,17.1,0,0,0,0,0,0,0,0,0,0,0,0,0,Salt Lake
2187_2056,2056,35,2187,352187,74.5,0,74.5,31.2,2.39,14.1,42.9,17.5,0,0,0,0,0,0,0,0,0,0,0,0,0,Salt Lake
2187_2057,2057,35,2187,352187,74.7,0,74.7,31.3,2.39,14,42.9,17.8,0,0,0,0,0,0,0,0,0,0,0,0,0,Salt Lake
2187_2058,2058,35,2187,352187,74.9,0,74.9,31.4,2.39,13.9,43,18,0,0,0,0,0,0,0,0,0,0,0,0,0,Salt Lake
2187_2059,2059,35,2187,352187,75.1,0,75.1,31.5,2.38,13.8,43.2,18.1,0,0,0,0,0,0,0,0,0,0,0,0,0,Salt Lake
2187_2060,2060,35,2187,352187,75.3,0,75.3,31.6,2.38,13.7,43.4,18.2,0,0,0,0,0,0,0,0,0,0,0,0,0,Salt Lake
2188_2010,2010,35,2188,352188,322.9,0,322.9,124.1,2.6,93.8,200.9,28.2,0,0,0,0,0,0,0,0,0,0,0,0,0,Salt Lake
2188_2011,2011,35,2188,352188,325,0,325,125.1,2.6,93.4,202.4,29.2,0,0,0,0,0,0,0,0,0,0,0,0,0,Salt Lake
2188_2012,2012,35,2188,352188,327,0,327,126,2.6,93,203.8,30.2,0,0,0,0,0,0,0,0,0,0,0,0,0,Salt Lake
2188_2013,2013,35,2188,352188,328.6,0,328.6,126.8,2.59,92.5,204.9,31.2,0,0,0,0,0,0,0,0,0,0,0,0,0,Salt Lake
2188_2014,2014,35,2188,352188,330.1,0,330.1,127.5,2.59,92,206,32.1,0,0,0,0,0,0,0,0,0,0,0,0,0,Salt Lake
2188_2015,2015,35,2188,352188,332,0,332,128.4,2.59,91.6,207.3,33.1,0,0,0,0,0,0,0,0,0,0,0,0,0,Salt Lake
2188_2016,2016,35,2188,352188,334,0,334,129.3,2.58,91.1,208.7,34.2,0,0,0,0,0,0,0,0,0,0,0,0,0,Salt Lake
2188_2017,2017,35,2188,352188,336.6,0,336.6,130.4,2.58,90.8,210.5,35.3,0,0,0,0,0,0,0,0,0,0,0,0,0,Salt Lake
2188_2018,2018,35,2188,352188,338.5,0,338.5,131.3,2.58,90.4,211.8,36.3,0,0,0,0,0,0,0,0,0,0,0,0,0,Salt Lake
2188_2019,2019,35,2188,352188,340,0,340,132,2.58,89.8,212.9,37.3,0,0,0,0,0,0,0,0,0,0,0,0,0,Salt Lake
2188_2020,2020,35,2188,352188,341.6,0,341.6,132.7,2.57,89.2,214.1,38.3,0,0,0,0,0,0,0,0,0,0,0,0,0,Salt Lake
2188_2021,2021,35,2188,352188,342.7,0,342.7,133.5,2.57,88.3,214.7,39.7,0,0,0,0,0,0,0,0,0,0,0,0,0,Salt Lake
2188_2022,2022,35,2188,352188,344.2,0,344.2,134.4,2.56,87.5,215.6,41.1,0,0,0,0,0,0,0,0,0,0,0,0,0,Salt Lake
2188_2023,2023,35,2188,352188,345.7,0,345.7,135.3,2.56,86.6,216.6,42.5,0,0,0,0,0,0,0,0,0,0,0,0,0,Salt Lake
2188_2024,2024,35,2188,352188,347.1,0,347.1,136.2,2.55,85.6,217.6,43.9,0,0,0,0,0,0,0,0,0,0,0,0,0,Salt Lake
2188_2025,2025,35,2188,352188,348.5,0,348.5,137.1,2.54,84.4,218.8,45.3,0,0,0,0,0,0,0,0,0,0,0,0,0,Salt Lake
2188_2026,2026,35,2188,352188,350,0,350,138,2.54,83.2,220.1,46.7,0,0,0,0,0,0,0,0,0,0,0,0,0,Salt Lake
2188_2027,2027,35,2188,352188,351.5,0,351.5,138.9,2.53,82.1,221.4,48,0,0,0,0,0,0,0,0,0,0,0,0,0,Salt Lake
2188_2028,2028,35,2188,352188,353,0,353,139.8,2.53,81,222.8,49.2,0,0,0,0,0,0,0,0,0,0,0,0,0,Salt Lake
2188_2029,2029,35,2188,352188,354.5,0,354.5,140.7,2.52,80.1,224.2,50.2,0,0,0,0,0,0,0,0,0,0,0,0,0,Salt Lake
2188_2030,2030,35,2188,352188,356,0,356,141.6,2.51,79.2,225.7,51.1,0,0,0,0,0,0,0,0,0,0,0,0,0,Salt Lake
2188_2031,2031,35,2188,352188,357.5,0,357.5,142.5,2.51,78.2,227.4,51.9,0,0,0,0,0,0,0,0,0,0,0,0,0,Salt Lake
2188_2032,2032,35,2188,352188,359,0,359,143.4,2.5,77.3,229,52.7,0,0,0,0,0,0,0,0,0,0,0,0,0,Salt Lake
2188_2033,2033,35,2188,352188,360.5,0,360.5,144.4,2.5,76.5,230.5,53.5,0,0,0,0,0,0,0,0,0,0,0,0,0,Salt Lake
2188_2034,2034,35,2188,352188,361.9,0,361.9,145.4,2.49,75.7,231.9,54.3,0,0,0,0,0,0,0,0,0,0,0,0,0,Salt Lake
2188_2035,2035,35,2188,352188,363.3,0,363.3,146.3,2.48,75,232.9,55.4,0,0,0,0,0,0,0,0,0,0,0,0,0,Salt Lake
2188_2036,2036,35,2188,352188,364.7,0,364.7,147.2,2.48,74.6,233.7,56.4,0,0,0,0,0,0,0,0,0,0,0,0,0,Salt Lake
2188_2037,2037,35,2188,352188,366.1,0,366.1,148.1,2.47,74.4,234.3,57.4,0,0,0,0,0,0,0,0,0,0,0,0,0,Salt Lake
2188_2038,2038,35,2188,352188,367.5,0,367.5,149,2.47,74.3,234.9,58.3,0,0,0,0,0,0,0,0,0,0,0,0,0,Salt Lake
2188_2039,2039,35,2188,352188,368.9,0,368.9,149.8,2.46,74.3,235.4,59.2,0,0,0,0,0,0,0,0,0,0,0,0,0,Salt Lake
2188_2040,2040,35,2188,352188,370.3,0,370.3,150.6,2.46,74.3,235.7,60.3,0,0,0,0,0,0,0,0,0,0,0,0,0,Salt Lake
2188_2041,2041,35,2188,352188,371.6,0,371.6,151.6,2.45,74.4,235.7,61.5,0,0,0,0,0,0,0,0,0,0,0,0,0,Salt Lake
2188_2042,2042,35,2188,352188,372.9,0,372.9,152.5,2.45,74.6,235.3,63,0,0,0,0,0,0,0,0,0,0,0,0,0,Salt Lake
2188_2043,2043,35,2188,352188,374.2,0,374.2,153.4,2.44,74.7,234.9,64.6,0,0,0,0,0,0,0,0,0,0,0,0,0,Salt Lake
2188_2044,2044,35,2188,352188,375.4,0,375.4,154.2,2.43,74.9,234.2,66.3,0,0,0,0,0,0,0,0,0,0,0,0,0,Salt Lake
2188_2045,2045,35,2188,352188,376.6,0,376.6,155,2.43,75,233.4,68.2,0,0,0,0,0,0,0,0,0,0,0,0,0,Salt Lake
2188_2046,2046,35,2188,352188,377.8,0,377.8,155.8,2.42,75.2,232.4,70.2,0,0,0,0,0,0,0,0,0,0,0,0,0,Salt Lake
2188_2047,2047,35,2188,352188,378.9,0,378.9,156.6,2.42,75.2,231.6,72.1,0,0,0,0,0,0,0,0,0,0,0,0,0,Salt Lake
2188_2048,2048,35,2188,352188,380,0,380,157.3,2.42,75.3,230.6,74.1,0,0,0,0,0,0,0,0,0,0,0,0,0,Salt Lake
2188_2049,2049,35,2188,352188,381.1,0,381.1,158,2.41,75.3,229.7,76.1,0,0,0,0,0,0,0,0,0,0,0,0,0,Salt Lake
2188_2050,2050,35,2188,352188,382.1,0,382.1,158.7,2.41,75.2,228.7,78.2,0,0,0,0,0,0,0,0,0,0,0,0,0,Salt Lake
2188_2051,2051,35,2188,352188,383.1,0,383.1,159.4,2.4,75,227.7,80.4,0,0,0,0,0,0,0,0,0,0,0,0,0,Salt Lake
2188_2052,2052,35,2188,352188,384.1,0,384.1,160.1,2.4,74.9,226.7,82.5,0,0,0,0,0,0,0,0,0,0,0,0,0,Salt Lake
2188_2053,2053,35,2188,352188,385.1,0,385.1,160.8,2.39,74.6,225.9,84.6,0,0,0,0,0,0,0,0,0,0,0,0,0,Salt Lake
2188_2054,2054,35,2188,352188,386.1,0,386.1,161.5,2.39,74.3,225,86.8,0,0,0,0,0,0,0,0,0,0,0,0,0,Salt Lake
2188_2055,2055,35,2188,352188,387,0,387,162.2,2.39,73.9,224.2,88.9,0,0,0,0,0,0,0,0,0,0,0,0,0,Salt Lake
2188_2056,2056,35,2188,352188,387.9,0,387.9,162.9,2.38,73.4,223.6,90.9,0,0,0,0,0,0,0,0,0,0,0,0,0,Salt Lake
2188_2057,2057,35,2188,352188,388.8,0,388.8,163.6,2.38,72.9,223.4,92.5,0,0,0,0,0,0,0,0,0,0,0,0,0,Salt Lake
2188_2058,2058,35,2188,352188,389.7,0,389.7,164.3,2.37,72.4,223.7,93.6,0,0,0,0,0,0,0,0,0,0,0,0,0,Salt Lake
2188_2059,2059,35,2188,352188,390.6,0,390.6,165,2.37,71.8,224.7,94.1,0,0,0,0,0,0,0,0,0,0,0,0,0,Salt Lake
2188_2060,2060,35,2188,352188,391.4,0,391.4,165.8,2.36,71.1,225.8,94.5,0,0,0,0,0,0,0,0,0,0,0,0,0,Salt Lake
2189_2010,2010,35,2189,352189,194.8,0,194.8,75.3,2.59,56.6,121.2,17,10,0,0,0,0,0,10,0,0,0,0,0,0,Salt Lake
2189_2011,2011,35,2189,352189,196.1,0,196.1,75.9,2.58,56.4,122.1,17.6,10,0,0,0,0,0,10,0,0,0,0,0,0,Salt Lake
2189_2012,2012,35,2189,352189,197.3,0,197.3,76.5,2.58,56.1,123,18.2,10,0,0,0,0,0,10,0,0,0,0,0,0,Salt Lake
2189_2013,2013,35,2189,352189,198.2,0,198.2,77,2.57,55.8,123.6,18.8,10,0,0,0,0,0,10,0,0,0,0,0,0,Salt Lake
2189_2014,2014,35,2189,352189,199.1,0,199.1,77.4,2.57,55.5,124.2,19.4,10,0,0,0,0,0,10,0,0,0,0,0,0,Salt Lake
2189_2015,2015,35,2189,352189,200.3,0,200.3,77.9,2.57,55.2,125.1,20,10,0,0,0,0,0,10,0,0,0,0,0,0,Salt Lake
2189_2016,2016,35,2189,352189,201.5,0,201.5,78.4,2.57,55,125.9,20.6,10,0,0,0,0,0,10,0,0,0,0,0,0,Salt Lake
2189_2017,2017,35,2189,352189,203,0,203,79.1,2.57,54.8,126.9,21.3,10,0,0,0,0,0,10,0,0,0,0,0,0,Salt Lake
2189_2018,2018,35,2189,352189,204.1,0,204.1,79.6,2.56,54.5,127.7,21.9,10,0,0,0,0,0,10,0,0,0,0,0,0,Salt Lake
2189_2019,2019,35,2189,352189,205,0,205,80,2.56,54.1,128.4,22.5,10,0,0,0,0,0,10,0,0,0,0,0,0,Salt Lake
2189_2020,2020,35,2189,352189,206,0,206,80.4,2.56,53.8,129.1,23.1,10,0,0,0,0,0,10,0,0,0,0,0,0,Salt Lake
2189_2021,2021,35,2189,352189,206.6,0,206.6,80.9,2.55,53.2,129.5,23.9,10,0,0,0,0,0,10,0,0,0,0,0,0,Salt Lake
2189_2022,2022,35,2189,352189,207.5,0,207.5,81.5,2.55,52.8,129.9,24.8,10,0,0,0,0,0,10,0,0,0,0,0,0,Salt Lake
2189_2023,2023,35,2189,352189,208.4,0,208.4,82,2.54,52.2,130.6,25.6,10,0,0,0,0,0,10,0,0,0,0,0,0,Salt Lake
2189_2024,2024,35,2189,352189,209.3,0,209.3,82.5,2.54,51.6,131.2,26.5,10,0,0,0,0,0,10,0,0,0,0,0,0,Salt Lake
2189_2025,2025,35,2189,352189,210.2,0,210.2,83,2.53,50.9,132,27.3,10,0,0,0,0,0,10,0,0,0,0,0,0,Salt Lake
2189_2026,2026,35,2189,352189,211.1,0,211.1,83.5,2.53,50.2,132.7,28.2,10,0,0,0,0,0,10,0,0,0,0,0,0,Salt Lake
2189_2027,2027,35,2189,352189,212,0,212,84,2.52,49.5,133.6,28.9,10,0,0,0,0,0,10,0,0,0,0,0,0,Salt Lake
2189_2028,2028,35,2189,352189,212.9,0,212.9,84.5,2.52,48.9,134.3,29.7,10,0,0,0,0,0,10,0,0,0,0,0,0,Salt Lake
2189_2029,2029,35,2189,352189,213.8,0,213.8,85,2.52,48.3,135.2,30.3,10,0,0,0,0,0,10,0,0,0,0,0,0,Salt Lake
2189_2030,2030,35,2189,352189,214.7,0,214.7,85.5,2.51,47.7,136.2,30.8,10,0,0,0,0,0,10,0,0,0,0,0,0,Salt Lake
2189_2031,2031,35,2189,352189,215.6,0,215.6,86.1,2.5,47.2,137.1,31.3,10,0,0,0,0,0,10,0,0,0,0,0,0,Salt Lake
2189_2032,2032,35,2189,352189,216.5,0,216.5,86.7,2.5,46.6,138.1,31.8,10,0,0,0,0,0,10,0,0,0,0,0,0,Salt Lake
2189_2033,2033,35,2189,352189,217.4,0,217.4,87.3,2.49,46.1,139.1,32.2,10,0,0,0,0,0,10,0,0,0,0,0,0,Salt Lake
2189_2034,2034,35,2189,352189,218.3,0,218.3,87.9,2.48,45.7,139.8,32.8,10,0,0,0,0,0,10,0,0,0,0,0,0,Salt Lake
2189_2035,2035,35,2189,352189,219.2,0,219.2,88.5,2.48,45.3,140.5,33.4,10,0,0,0,0,0,10,0,0,0,0,0,0,Salt Lake
2189_2036,2036,35,2189,352189,220.1,0,220.1,89,2.47,45,141.1,34,10,0,0,0,0,0,10,0,0,0,0,0,0,Salt Lake
2189_2037,2037,35,2189,352189,220.9,0,220.9,89.5,2.47,44.9,141.4,34.6,10,0,0,0,0,0,10,0,0,0,0,0,0,Salt Lake
2189_2038,2038,35,2189,352189,221.7,0,221.7,90,2.46,44.8,141.7,35.2,10,0,0,0,0,0,10,0,0,0,0,0,0,Salt Lake
2189_2039,2039,35,2189,352189,222.5,0,222.5,90.5,2.46,44.8,142,35.7,10,0,0,0,0,0,10,0,0,0,0,0,0,Salt Lake
2189_2040,2040,35,2189,352189,223.3,0,223.3,91,2.45,44.8,142.1,36.4,10,0,0,0,0,0,10,0,0,0,0,0,0,Salt Lake
2189_2041,2041,35,2189,352189,224.1,0,224.1,91.6,2.45,44.9,142.1,37.1,10,0,0,0,0,0,10,0,0,0,0,0,0,Salt Lake
2189_2042,2042,35,2189,352189,224.9,0,224.9,92.1,2.44,45,141.9,38,10,0,0,0,0,0,10,0,0,0,0,0,0,Salt Lake
2189_2043,2043,35,2189,352189,225.7,0,225.7,92.6,2.44,45.1,141.7,38.9,10,0,0,0,0,0,10,0,0,0,0,0,0,Salt Lake
2189_2044,2044,35,2189,352189,226.4,0,226.4,93.1,2.43,45.2,141.2,40,10,0,0,0,0,0,10,0,0,0,0,0,0,Salt Lake
2189_2045,2045,35,2189,352189,227.1,0,227.1,93.6,2.43,45.2,140.8,41.1,10,0,0,0,0,0,10,0,0,0,0,0,0,Salt Lake
2189_2046,2046,35,2189,352189,227.8,0,227.8,94.1,2.42,45.3,140.2,42.3,10,0,0,0,0,0,10,0,0,0,0,0,0,Salt Lake
2189_2047,2047,35,2189,352189,228.5,0,228.5,94.6,2.42,45.4,139.6,43.5,10,0,0,0,0,0,10,0,0,0,0,0,0,Salt Lake
2189_2048,2048,35,2189,352189,229.2,0,229.2,95,2.41,45.4,139.1,44.7,10,0,0,0,0,0,10,0,0,0,0,0,0,Salt Lake
2189_2049,2049,35,2189,352189,229.9,0,229.9,95.4,2.41,45.4,138.6,45.9,10,0,0,0,0,0,10,0,0,0,0,0,0,Salt Lake
2189_2050,2050,35,2189,352189,230.5,0,230.5,95.8,2.41,45.3,138,47.2,10,0,0,0,0,0,10,0,0,0,0,0,0,Salt Lake
2189_2051,2051,35,2189,352189,231.1,0,231.1,96.2,2.4,45.3,137.3,48.5,10,0,0,0,0,0,10,0,0,0,0,0,0,Salt Lake
2189_2052,2052,35,2189,352189,231.7,0,231.7,96.6,2.4,45.2,136.7,49.8,10,0,0,0,0,0,10,0,0,0,0,0,0,Salt Lake
2189_2053,2053,35,2189,352189,232.3,0,232.3,97,2.39,45,136.3,51,10,0,0,0,0,0,10,0,0,0,0,0,0,Salt Lake
2189_2054,2054,35,2189,352189,232.9,0,232.9,97.4,2.39,44.8,135.8,52.3,10,0,0,0,0,0,10,0,0,0,0,0,0,Salt Lake
2189_2055,2055,35,2189,352189,233.5,0,233.5,97.8,2.39,44.6,135.3,53.6,10,0,0,0,0,0,10,0,0,0,0,0,0,Salt Lake
2189_2056,2056,35,2189,352189,234.1,0,234.1,98.2,2.38,44.3,135,54.8,10,0,0,0,0,0,10,0,0,0,0,0,0,Salt Lake
2189_2057,2057,35,2189,352189,234.6,0,234.6,98.6,2.38,44,134.8,55.8,10,0,0,0,0,0,10,0,0,0,0,0,0,Salt Lake
2189_2058,2058,35,2189,352189,235.1,0,235.1,99,2.37,43.7,134.9,56.5,10,0,0,0,0,0,10,0,0,0,0,0,0,Salt Lake
2189_2059,2059,35,2189,352189,235.6,0,235.6,99.4,2.37,43.3,135.5,56.8,10,0,0,0,0,0,10,0,0,0,0,0,0,Salt Lake
2189_2060,2060,35,2189,352189,236.1,0,236.1,99.9,2.36,42.9,136.2,57,10,0,0,0,0,0,10,0,0,0,0,0,0,Salt Lake
2190_2010,2010,35,2190,352190,11.1,0,11.1,6.7,1.66,3.2,6.9,1,55,0,53.9,0,0,0,1.1,0,0,0,0,0,0,Salt Lake
2190_2011,2011,35,2190,352190,11.2,0,11.2,6.8,1.65,3.2,7,1,55,0,53.9,0,0,0,1.1,0,0,0,0,0,0,Salt Lake
2190_2012,2012,35,2190,352190,11.3,0,11.3,6.9,1.64,3.2,7.1,1,55,0,53.9,0,0,0,1.1,0,0,0,0,0,0,Salt Lake
2190_2013,2013,35,2190,352190,11.4,0,11.4,6.9,1.65,3.2,7.1,1.1,55,0,53.9,0,0,0,1.1,0,0,0,0,0,0,Salt Lake
2190_2014,2014,35,2190,352190,11.5,0,11.5,6.9,1.67,3.2,7.2,1.1,55,0,53.9,0,0,0,1.1,0,0,0,0,0,0,Salt Lake
2190_2015,2015,35,2190,352190,11.6,0,11.6,6.9,1.68,3.2,7.2,1.2,55,0,53.9,0,0,0,1.1,0,0,0,0,0,0,Salt Lake
2190_2016,2016,35,2190,352190,11.7,0,11.7,6.9,1.7,3.2,7.3,1.2,55,0,53.9,0,0,0,1.1,0,0,0,0,0,0,Salt Lake
2190_2017,2017,35,2190,352190,11.8,0,11.8,7,1.69,3.2,7.4,1.2,55,0,53.9,0,0,0,1.1,0,0,0,0,0,0,Salt Lake
2190_2018,2018,35,2190,352190,11.9,0,11.9,7,1.7,3.2,7.4,1.3,55,0,53.9,0,0,0,1.1,0,0,0,0,0,0,Salt Lake
2190_2019,2019,35,2190,352190,12,0,12,7,1.71,3.2,7.5,1.3,55,0,53.9,0,0,0,1.1,0,0,0,0,0,0,Salt Lake
2190_2020,2020,35,2190,352190,12.1,0,12.1,7,1.73,3.2,7.5,1.4,55,0,53.9,0,0,0,1.1,0,0,0,0,0,0,Salt Lake
2190_2021,2021,35,2190,352190,12.1,0,12.1,7,1.73,3.1,7.6,1.4,55,0,53.9,0,0,0,1.1,0,0,0,0,0,0,Salt Lake
2190_2022,2022,35,2190,352190,12.2,0,12.2,7,1.74,3.1,7.6,1.5,55,0,53.9,0,0,0,1.1,0,0,0,0,0,0,Salt Lake
2190_2023,2023,35,2190,352190,12.3,0,12.3,7,1.76,3.1,7.7,1.5,55,0,53.9,0,0,0,1.1,0,0,0,0,0,0,Salt Lake
2190_2024,2024,35,2190,352190,12.4,0,12.4,7,1.77,3.1,7.7,1.6,55,0,53.9,0,0,0,1.1,0,0,0,0,0,0,Salt Lake
2190_2025,2025,35,2190,352190,12.5,0,12.5,7,1.79,3,7.9,1.6,55,0,53.9,0,0,0,1.1,0,0,0,0,0,0,Salt Lake
2190_2026,2026,35,2190,352190,12.6,0,12.6,7,1.8,3,7.9,1.7,55,0,53.9,0,0,0,1.1,0,0,0,0,0,0,Salt Lake
2190_2027,2027,35,2190,352190,12.7,0,12.7,7,1.81,3,8,1.7,55,0,53.9,0,0,0,1.1,0,0,0,0,0,0,Salt Lake
2190_2028,2028,35,2190,352190,12.8,0,12.8,7,1.83,2.9,8.1,1.8,55,0,53.9,0,0,0,1.1,0,0,0,0,0,0,Salt Lake
2190_2029,2029,35,2190,352190,12.9,0,12.9,7,1.84,2.9,8.2,1.8,55,0,53.9,0,0,0,1.1,0,0,0,0,0,0,Salt Lake
2190_2030,2030,35,2190,352190,13,0,13,7,1.86,2.9,8.2,1.9,55,0,53.9,0,0,0,1.1,0,0,0,0,0,0,Salt Lake
2190_2031,2031,35,2190,352190,13.1,0,13.1,7,1.87,2.9,8.3,1.9,55,0,53.9,0,0,0,1.1,0,0,0,0,0,0,Salt Lake
2190_2032,2032,35,2190,352190,13.2,0,13.2,7,1.89,2.8,8.5,1.9,55,0,53.9,0,0,0,1.1,0,0,0,0,0,0,Salt Lake
2190_2033,2033,35,2190,352190,13.3,0,13.3,7,1.9,2.8,8.5,2,55,0,53.9,0,0,0,1.1,0,0,0,0,0,0,Salt Lake
2190_2034,2034,35,2190,352190,13.4,0,13.4,7,1.91,2.8,8.6,2,55,0,53.9,0,0,0,1.1,0,0,0,0,0,0,Salt Lake
2190_2035,2035,35,2190,352190,13.5,0,13.5,7,1.93,2.8,8.6,2.1,55,0,53.9,0,0,0,1.1,0,0,0,0,0,0,Salt Lake
2190_2036,2036,35,2190,352190,13.6,0,13.6,7,1.94,2.8,8.7,2.1,55,0,53.9,0,0,0,1.1,0,0,0,0,0,0,Salt Lake
2190_2037,2037,35,2190,352190,13.7,0,13.7,7,1.96,2.8,8.8,2.1,55,0,53.9,0,0,0,1.1,0,0,0,0,0,0,Salt Lake
2190_2038,2038,35,2190,352190,13.8,0,13.8,7,1.97,2.8,8.8,2.2,55,0,53.9,0,0,0,1.1,0,0,0,0,0,0,Salt Lake
2190_2039,2039,35,2190,352190,13.9,0,13.9,7,1.99,2.8,8.9,2.2,55,0,53.9,0,0,0,1.1,0,0,0,0,0,0,Salt Lake
2190_2040,2040,35,2190,352190,14,0,14,7,2,2.8,8.9,2.3,55,0,53.9,0,0,0,1.1,0,0,0,0,0,0,Salt Lake
2190_2041,2041,35,2190,352190,14.1,0,14.1,7,2.01,2.8,9,2.3,55,0,53.9,0,0,0,1.1,0,0,0,0,0,0,Salt Lake
2190_2042,2042,35,2190,352190,14.1,0,14.1,7,2.01,2.8,8.9,2.4,55,0,53.9,0,0,0,1.1,0,0,0,0,0,0,Salt Lake
2190_2043,2043,35,2190,352190,14.1,0,14.1,7,2.01,2.8,8.9,2.4,55,0,53.9,0,0,0,1.1,0,0,0,0,0,0,Salt Lake
2190_2044,2044,35,2190,352190,14.1,0,14.1,7,2.01,2.8,8.8,2.5,55,0,53.9,0,0,0,1.1,0,0,0,0,0,0,Salt Lake
2190_2045,2045,35,2190,352190,14.1,0,14.1,7,2.01,2.8,8.7,2.6,55,0,53.9,0,0,0,1.1,0,0,0,0,0,0,Salt Lake
2190_2046,2046,35,2190,352190,14.1,0,14.1,7,2.01,2.8,8.7,2.6,55,0,53.9,0,0,0,1.1,0,0,0,0,0,0,Salt Lake
2190_2047,2047,35,2190,352190,14.1,0,14.1,7,2.01,2.8,8.6,2.7,55,0,53.9,0,0,0,1.1,0,0,0,0,0,0,Salt Lake
2190_2048,2048,35,2190,352190,14.1,0,14.1,7,2.01,2.8,8.5,2.8,55,0,53.9,0,0,0,1.1,0,0,0,0,0,0,Salt Lake
2190_2049,2049,35,2190,352190,14.1,0,14.1,7,2.01,2.8,8.5,2.8,55,0,53.9,0,0,0,1.1,0,0,0,0,0,0,Salt Lake
2190_2050,2050,35,2190,352190,14.1,0,14.1,7,2.01,2.8,8.4,2.9,55,0,53.9,0,0,0,1.1,0,0,0,0,0,0,Salt Lake
2190_2051,2051,35,2190,352190,14.1,0,14.1,7,2.01,2.8,8.3,3,55,0,53.9,0,0,0,1.1,0,0,0,0,0,0,Salt Lake
2190_2052,2052,35,2190,352190,14.1,0,14.1,7,2.01,2.7,8.4,3,55,0,53.9,0,0,0,1.1,0,0,0,0,0,0,Salt Lake
2190_2053,2053,35,2190,352190,14.1,0,14.1,7,2.01,2.7,8.3,3.1,55,0,53.9,0,0,0,1.1,0,0,0,0,0,0,Salt Lake
2190_2054,2054,35,2190,352190,14.1,0,14.1,7,2.01,2.7,8.2,3.2,55,0,53.9,0,0,0,1.1,0,0,0,0,0,0,Salt Lake
2190_2055,2055,35,2190,352190,14.1,0,14.1,7,2.01,2.7,8.2,3.2,55,0,53.9,0,0,0,1.1,0,0,0,0,0,0,Salt Lake
2190_2056,2056,35,2190,352190,14.1,0,14.1,7,2.01,2.7,8.1,3.3,55,0,53.9,0,0,0,1.1,0,0,0,0,0,0,Salt Lake
2190_2057,2057,35,2190,352190,14.1,0,14.1,7,2.01,2.6,8.1,3.4,55,0,53.9,0,0,0,1.1,0,0,0,0,0,0,Salt Lake
2190_2058,2058,35,2190,352190,14.1,0,14.1,7,2.01,2.6,8.1,3.4,55,0,53.9,0,0,0,1.1,0,0,0,0,0,0,Salt Lake
2190_2059,2059,35,2190,352190,14.1,0,14.1,7,2.01,2.6,8.1,3.4,55,0,53.9,0,0,0,1.1,0,0,0,0,0,0,Salt Lake
2190_2060,2060,35,2190,352190,14.1,0,14.1,7,2.01,2.6,8.1,3.4,55,0,53.9,0,0,0,1.1,0,0,0,0,0,0,Salt Lake
2191_2010,2010,35,2191,352191,0,0,0,0,0,0,0,0,0,0,0,0,0,0,0,0,0,0,0,0,0,Salt Lake
2191_2011,2011,35,2191,352191,0,0,0,0,0,0,0,0,0,0,0,0,0,0,0,0,0,0,0,0,0,Salt Lake
2191_2012,2012,35,2191,352191,0,0,0,0,0,0,0,0,0,0,0,0,0,0,0,0,0,0,0,0,0,Salt Lake
2191_2013,2013,35,2191,352191,0,0,0,0,0,0,0,0,0,0,0,0,0,0,0,0,0,0,0,0,0,Salt Lake
2191_2014,2014,35,2191,352191,0,0,0,0,0,0,0,0,0,0,0,0,0,0,0,0,0,0,0,0,0,Salt Lake
2191_2015,2015,35,2191,352191,0,0,0,0,0,0,0,0,0,0,0,0,0,0,0,0,0,0,0,0,0,Salt Lake
2191_2016,2016,35,2191,352191,0,0,0,0,0,0,0,0,0,0,0,0,0,0,0,0,0,0,0,0,0,Salt Lake
2191_2017,2017,35,2191,352191,0,0,0,0,0,0,0,0,0,0,0,0,0,0,0,0,0,0,0,0,0,Salt Lake
2191_2018,2018,35,2191,352191,0,0,0,0,0,0,0,0,0,0,0,0,0,0,0,0,0,0,0,0,0,Salt Lake
2191_2019,2019,35,2191,352191,0,0,0,0,0,0,0,0,0,0,0,0,0,0,0,0,0,0,0,0,0,Salt Lake
2191_2020,2020,35,2191,352191,0,0,0,0,0,0,0,0,0,0,0,0,0,0,0,0,0,0,0,0,0,Salt Lake
2191_2021,2021,35,2191,352191,0,0,0,0,0,0,0,0,0,0,0,0,0,0,0,0,0,0,0,0,0,Salt Lake
2191_2022,2022,35,2191,352191,0,0,0,0,0,0,0,0,0,0,0,0,0,0,0,0,0,0,0,0,0,Salt Lake
2191_2023,2023,35,2191,352191,0,0,0,0,0,0,0,0,0,0,0,0,0,0,0,0,0,0,0,0,0,Salt Lake
2191_2024,2024,35,2191,352191,0,0,0,0,0,0,0,0,0,0,0,0,0,0,0,0,0,0,0,0,0,Salt Lake
2191_2025,2025,35,2191,352191,0,0,0,0,0,0,0,0,0,0,0,0,0,0,0,0,0,0,0,0,0,Salt Lake
2191_2026,2026,35,2191,352191,0,0,0,0,0,0,0,0,0,0,0,0,0,0,0,0,0,0,0,0,0,Salt Lake
2191_2027,2027,35,2191,352191,0,0,0,0,0,0,0,0,0,0,0,0,0,0,0,0,0,0,0,0,0,Salt Lake
2191_2028,2028,35,2191,352191,0,0,0,0,0,0,0,0,0,0,0,0,0,0,0,0,0,0,0,0,0,Salt Lake
2191_2029,2029,35,2191,352191,0,0,0,0,0,0,0,0,0,0,0,0,0,0,0,0,0,0,0,0,0,Salt Lake
2191_2030,2030,35,2191,352191,0,0,0,0,0,0,0,0,0,0,0,0,0,0,0,0,0,0,0,0,0,Salt Lake
2191_2031,2031,35,2191,352191,0,0,0,0,0,0,0,0,0,0,0,0,0,0,0,0,0,0,0,0,0,Salt Lake
2191_2032,2032,35,2191,352191,0,0,0,0,0,0,0,0,0,0,0,0,0,0,0,0,0,0,0,0,0,Salt Lake
2191_2033,2033,35,2191,352191,0,0,0,0,0,0,0,0,0,0,0,0,0,0,0,0,0,0,0,0,0,Salt Lake
2191_2034,2034,35,2191,352191,0,0,0,0,0,0,0,0,0,0,0,0,0,0,0,0,0,0,0,0,0,Salt Lake
2191_2035,2035,35,2191,352191,0,0,0,0,0,0,0,0,0,0,0,0,0,0,0,0,0,0,0,0,0,Salt Lake
2191_2036,2036,35,2191,352191,0,0,0,0,0,0,0,0,0,0,0,0,0,0,0,0,0,0,0,0,0,Salt Lake
2191_2037,2037,35,2191,352191,0,0,0,0,0,0,0,0,0,0,0,0,0,0,0,0,0,0,0,0,0,Salt Lake
2191_2038,2038,35,2191,352191,0,0,0,0,0,0,0,0,0,0,0,0,0,0,0,0,0,0,0,0,0,Salt Lake
2191_2039,2039,35,2191,352191,0,0,0,0,0,0,0,0,0,0,0,0,0,0,0,0,0,0,0,0,0,Salt Lake
2191_2040,2040,35,2191,352191,0,0,0,0,0,0,0,0,0,0,0,0,0,0,0,0,0,0,0,0,0,Salt Lake
2191_2041,2041,35,2191,352191,0,0,0,0,0,0,0,0,0,0,0,0,0,0,0,0,0,0,0,0,0,Salt Lake
2191_2042,2042,35,2191,352191,0,0,0,0,0,0,0,0,0,0,0,0,0,0,0,0,0,0,0,0,0,Salt Lake
2191_2043,2043,35,2191,352191,0,0,0,0,0,0,0,0,0,0,0,0,0,0,0,0,0,0,0,0,0,Salt Lake
2191_2044,2044,35,2191,352191,0,0,0,0,0,0,0,0,0,0,0,0,0,0,0,0,0,0,0,0,0,Salt Lake
2191_2045,2045,35,2191,352191,0,0,0,0,0,0,0,0,0,0,0,0,0,0,0,0,0,0,0,0,0,Salt Lake
2191_2046,2046,35,2191,352191,0,0,0,0,0,0,0,0,0,0,0,0,0,0,0,0,0,0,0,0,0,Salt Lake
2191_2047,2047,35,2191,352191,0,0,0,0,0,0,0,0,0,0,0,0,0,0,0,0,0,0,0,0,0,Salt Lake
2191_2048,2048,35,2191,352191,0,0,0,0,0,0,0,0,0,0,0,0,0,0,0,0,0,0,0,0,0,Salt Lake
2191_2049,2049,35,2191,352191,0,0,0,0,0,0,0,0,0,0,0,0,0,0,0,0,0,0,0,0,0,Salt Lake
2191_2050,2050,35,2191,352191,0,0,0,0,0,0,0,0,0,0,0,0,0,0,0,0,0,0,0,0,0,Salt Lake
2191_2051,2051,35,2191,352191,0,0,0,0,0,0,0,0,0,0,0,0,0,0,0,0,0,0,0,0,0,Salt Lake
2191_2052,2052,35,2191,352191,0,0,0,0,0,0,0,0,0,0,0,0,0,0,0,0,0,0,0,0,0,Salt Lake
2191_2053,2053,35,2191,352191,0,0,0,0,0,0,0,0,0,0,0,0,0,0,0,0,0,0,0,0,0,Salt Lake
2191_2054,2054,35,2191,352191,0,0,0,0,0,0,0,0,0,0,0,0,0,0,0,0,0,0,0,0,0,Salt Lake
2191_2055,2055,35,2191,352191,0,0,0,0,0,0,0,0,0,0,0,0,0,0,0,0,0,0,0,0,0,Salt Lake
2191_2056,2056,35,2191,352191,0,0,0,0,0,0,0,0,0,0,0,0,0,0,0,0,0,0,0,0,0,Salt Lake
2191_2057,2057,35,2191,352191,0,0,0,0,0,0,0,0,0,0,0,0,0,0,0,0,0,0,0,0,0,Salt Lake
2191_2058,2058,35,2191,352191,0,0,0,0,0,0,0,0,0,0,0,0,0,0,0,0,0,0,0,0,0,Salt Lake
2191_2059,2059,35,2191,352191,0,0,0,0,0,0,0,0,0,0,0,0,0,0,0,0,0,0,0,0,0,Salt Lake
2191_2060,2060,35,2191,352191,0,0,0,0,0,0,0,0,0,0,0,0,0,0,0,0,0,0,0,0,0,Salt Lake
2192_2010,2010,35,2192,352192,85.5,0,85.5,55.6,1.54,24.8,53.2,7.5,51,0,51,0,0,0,0,0,0,0,0,0,0,Salt Lake
2192_2011,2011,35,2192,352192,86.1,0,86.1,56,1.54,24.8,53.6,7.7,51,0,51,0,0,0,0,0,0,0,0,0,0,Salt Lake
2192_2012,2012,35,2192,352192,86.6,0,86.6,56.4,1.54,24.6,54,8,51,0,51,0,0,0,0,0,0,0,0,0,0,Salt Lake
2192_2013,2013,35,2192,352192,87,0,87,56.7,1.53,24.5,54.2,8.3,51,0,51,0,0,0,0,0,0,0,0,0,0,Salt Lake
2192_2014,2014,35,2192,352192,87.4,0,87.4,57,1.53,24.4,54.5,8.5,51,0,51,0,0,0,0,0,0,0,0,0,0,Salt Lake
2192_2015,2015,35,2192,352192,87.9,0,87.9,57.4,1.53,24.2,54.9,8.8,51,0,51,0,0,0,0,0,0,0,0,0,0,Salt Lake
2192_2016,2016,35,2192,352192,88.4,0,88.4,57.8,1.53,24.1,55.3,9,51,0,51,0,0,0,0,0,0,0,0,0,0,Salt Lake
2192_2017,2017,35,2192,352192,89.1,0,89.1,58.3,1.53,24,55.8,9.3,51,0,51,0,0,0,0,0,0,0,0,0,0,Salt Lake
2192_2018,2018,35,2192,352192,89.6,0,89.6,58.7,1.53,23.9,56.1,9.6,51,0,51,0,0,0,0,0,0,0,0,0,0,Salt Lake
2192_2019,2019,35,2192,352192,90,0,90,59,1.53,23.8,56.3,9.9,51,0,51,0,0,0,0,0,0,0,0,0,0,Salt Lake
2192_2020,2020,35,2192,352192,90.4,0,90.4,59.3,1.52,23.6,56.7,10.1,51,0,51,0,0,0,0,0,0,0,0,0,0,Salt Lake
2192_2021,2021,35,2192,352192,90.7,0,90.7,59.6,1.52,23.4,56.8,10.5,51,0,51,0,0,0,0,0,0,0,0,0,0,Salt Lake
2192_2022,2022,35,2192,352192,91.1,0,91.1,60,1.52,23.2,57,10.9,51,0,51,0,0,0,0,0,0,0,0,0,0,Salt Lake
2192_2023,2023,35,2192,352192,91.5,0,91.5,60.4,1.51,22.9,57.3,11.3,51,0,51,0,0,0,0,0,0,0,0,0,0,Salt Lake
2192_2024,2024,35,2192,352192,91.9,0,91.9,60.8,1.51,22.7,57.6,11.6,51,0,51,0,0,0,0,0,0,0,0,0,0,Salt Lake
2192_2025,2025,35,2192,352192,92.3,0,92.3,61.2,1.51,22.4,57.9,12,51,0,51,0,0,0,0,0,0,0,0,0,0,Salt Lake
2192_2026,2026,35,2192,352192,92.7,0,92.7,61.6,1.5,22,58.3,12.4,51,0,51,0,0,0,0,0,0,0,0,0,0,Salt Lake
2192_2027,2027,35,2192,352192,93.1,0,93.1,62,1.5,21.8,58.6,12.7,51,0,51,0,0,0,0,0,0,0,0,0,0,Salt Lake
2192_2028,2028,35,2192,352192,93.5,0,93.5,62.4,1.5,21.5,59,13,51,0,51,0,0,0,0,0,0,0,0,0,0,Salt Lake
2192_2029,2029,35,2192,352192,93.9,0,93.9,62.8,1.5,21.2,59.4,13.3,51,0,51,0,0,0,0,0,0,0,0,0,0,Salt Lake
2192_2030,2030,35,2192,352192,94.3,0,94.3,63.2,1.49,21,59.8,13.5,51,0,51,0,0,0,0,0,0,0,0,0,0,Salt Lake
2192_2031,2031,35,2192,352192,94.7,0,94.7,63.6,1.49,20.7,60.2,13.8,51,0,51,0,0,0,0,0,0,0,0,0,0,Salt Lake
2192_2032,2032,35,2192,352192,95.1,0,95.1,64,1.49,20.5,60.6,14,51,0,51,0,0,0,0,0,0,0,0,0,0,Salt Lake
2192_2033,2033,35,2192,352192,95.5,0,95.5,64.4,1.48,20.3,61,14.2,51,0,51,0,0,0,0,0,0,0,0,0,0,Salt Lake
2192_2034,2034,35,2192,352192,95.9,0,95.9,64.8,1.48,20.1,61.4,14.4,51,0,51,0,0,0,0,0,0,0,0,0,0,Salt Lake
2192_2035,2035,35,2192,352192,96.3,0,96.3,65.2,1.48,19.9,61.7,14.7,51,0,51,0,0,0,0,0,0,0,0,0,0,Salt Lake
2192_2036,2036,35,2192,352192,96.7,0,96.7,65.6,1.47,19.8,61.9,15,51,0,51,0,0,0,0,0,0,0,0,0,0,Salt Lake
2192_2037,2037,35,2192,352192,97.1,0,97.1,66,1.47,19.7,62.2,15.2,51,0,51,0,0,0,0,0,0,0,0,0,0,Salt Lake
2192_2038,2038,35,2192,352192,97.5,0,97.5,66.4,1.47,19.7,62.3,15.5,51,0,51,0,0,0,0,0,0,0,0,0,0,Salt Lake
2192_2039,2039,35,2192,352192,97.9,0,97.9,66.8,1.47,19.7,62.5,15.7,51,0,51,0,0,0,0,0,0,0,0,0,0,Salt Lake
2192_2040,2040,35,2192,352192,98.3,0,98.3,67.2,1.46,19.7,62.6,16,51,0,51,0,0,0,0,0,0,0,0,0,0,Salt Lake
2192_2041,2041,35,2192,352192,98.7,0,98.7,67.6,1.46,19.8,62.6,16.3,51,0,51,0,0,0,0,0,0,0,0,0,0,Salt Lake
2192_2042,2042,35,2192,352192,99,0,99,68,1.46,19.8,62.5,16.7,51,0,51,0,0,0,0,0,0,0,0,0,0,Salt Lake
2192_2043,2043,35,2192,352192,99.3,0,99.3,68.4,1.45,19.8,62.4,17.1,51,0,51,0,0,0,0,0,0,0,0,0,0,Salt Lake
2192_2044,2044,35,2192,352192,99.6,0,99.6,68.8,1.45,19.9,62.1,17.6,51,0,51,0,0,0,0,0,0,0,0,0,0,Salt Lake
2192_2045,2045,35,2192,352192,99.9,0,99.9,69.2,1.44,19.9,61.9,18.1,51,0,51,0,0,0,0,0,0,0,0,0,0,Salt Lake
2192_2046,2046,35,2192,352192,100.2,0,100.2,69.5,1.44,19.9,61.7,18.6,51,0,51,0,0,0,0,0,0,0,0,0,0,Salt Lake
2192_2047,2047,35,2192,352192,100.5,0,100.5,69.8,1.44,20,61.4,19.1,51,0,51,0,0,0,0,0,0,0,0,0,0,Salt Lake
2192_2048,2048,35,2192,352192,100.8,0,100.8,70.1,1.44,20,61.1,19.7,51,0,51,0,0,0,0,0,0,0,0,0,0,Salt Lake
2192_2049,2049,35,2192,352192,101.1,0,101.1,70.4,1.44,20,60.9,20.2,51,0,51,0,0,0,0,0,0,0,0,0,0,Salt Lake
2192_2050,2050,35,2192,352192,101.4,0,101.4,70.7,1.43,19.9,60.8,20.7,51,0,51,0,0,0,0,0,0,0,0,0,0,Salt Lake
2192_2051,2051,35,2192,352192,101.7,0,101.7,71,1.43,19.9,60.5,21.3,51,0,51,0,0,0,0,0,0,0,0,0,0,Salt Lake
2192_2052,2052,35,2192,352192,102,0,102,71.3,1.43,19.9,60.2,21.9,51,0,51,0,0,0,0,0,0,0,0,0,0,Salt Lake
2192_2053,2053,35,2192,352192,102.3,0,102.3,71.6,1.43,19.8,60,22.5,51,0,51,0,0,0,0,0,0,0,0,0,0,Salt Lake
2192_2054,2054,35,2192,352192,102.6,0,102.6,71.9,1.43,19.7,59.8,23.1,51,0,51,0,0,0,0,0,0,0,0,0,0,Salt Lake
2192_2055,2055,35,2192,352192,102.8,0,102.8,72.2,1.42,19.6,59.6,23.6,51,0,51,0,0,0,0,0,0,0,0,0,0,Salt Lake
2192_2056,2056,35,2192,352192,103,0,103,72.5,1.42,19.5,59.4,24.1,51,0,51,0,0,0,0,0,0,0,0,0,0,Salt Lake
2192_2057,2057,35,2192,352192,103.2,0,103.2,72.8,1.42,19.4,59.2,24.6,51,0,51,0,0,0,0,0,0,0,0,0,0,Salt Lake
2192_2058,2058,35,2192,352192,103.4,0,103.4,73.1,1.41,19.2,59.4,24.8,51,0,51,0,0,0,0,0,0,0,0,0,0,Salt Lake
2192_2059,2059,35,2192,352192,103.6,0,103.6,73.4,1.41,19,59.6,25,51,0,51,0,0,0,0,0,0,0,0,0,0,Salt Lake
2192_2060,2060,35,2192,352192,103.8,0,103.8,73.7,1.41,18.9,59.9,25,51,0,51,0,0,0,0,0,0,0,0,0,0,Salt Lake
2193_2010,2010,35,2193,352193,22,0,22,11.1,1.98,6.4,13.7,1.9,0,0,0,0,0,0,0,0,0,0,0,0,0,Salt Lake
2193_2011,2011,35,2193,352193,22.1,0,22.1,11.2,1.97,6.4,13.7,2,0,0,0,0,0,0,0,0,0,0,0,0,0,Salt Lake
2193_2012,2012,35,2193,352193,22.2,0,22.2,11.3,1.96,6.3,13.8,2.1,0,0,0,0,0,0,0,0,0,0,0,0,0,Salt Lake
2193_2013,2013,35,2193,352193,22.3,0,22.3,11.4,1.96,6.3,13.9,2.1,0,0,0,0,0,0,0,0,0,0,0,0,0,Salt Lake
2193_2014,2014,35,2193,352193,22.4,0,22.4,11.5,1.95,6.2,14,2.2,0,0,0,0,0,0,0,0,0,0,0,0,0,Salt Lake
2193_2015,2015,35,2193,352193,22.5,0,22.5,11.6,1.94,6.2,14.1,2.2,0,0,0,0,0,0,0,0,0,0,0,0,0,Salt Lake
2193_2016,2016,35,2193,352193,22.6,0,22.6,11.7,1.93,6.2,14.1,2.3,0,0,0,0,0,0,0,0,0,0,0,0,0,Salt Lake
2193_2017,2017,35,2193,352193,22.8,0,22.8,11.8,1.93,6.2,14.2,2.4,0,0,0,0,0,0,0,0,0,0,0,0,0,Salt Lake
2193_2018,2018,35,2193,352193,22.9,0,22.9,11.9,1.92,6.1,14.3,2.5,0,0,0,0,0,0,0,0,0,0,0,0,0,Salt Lake
2193_2019,2019,35,2193,352193,23,0,23,12,1.92,6.1,14.4,2.5,0,0,0,0,0,0,0,0,0,0,0,0,0,Salt Lake
2193_2020,2020,35,2193,352193,23.1,0,23.1,12.1,1.91,6,14.5,2.6,0,0,0,0,0,0,0,0,0,0,0,0,0,Salt Lake
2193_2021,2021,35,2193,352193,23.2,0,23.2,12.2,1.9,6,14.5,2.7,0,0,0,0,0,0,0,0,0,0,0,0,0,Salt Lake
2193_2022,2022,35,2193,352193,23.3,0,23.3,12.3,1.89,5.9,14.6,2.8,0,0,0,0,0,0,0,0,0,0,0,0,0,Salt Lake
2193_2023,2023,35,2193,352193,23.4,0,23.4,12.4,1.89,5.9,14.6,2.9,0,0,0,0,0,0,0,0,0,0,0,0,0,Salt Lake
2193_2024,2024,35,2193,352193,23.5,0,23.5,12.5,1.88,5.8,14.7,3,0,0,0,0,0,0,0,0,0,0,0,0,0,Salt Lake
2193_2025,2025,35,2193,352193,23.6,0,23.6,12.6,1.87,5.7,14.8,3.1,0,0,0,0,0,0,0,0,0,0,0,0,0,Salt Lake
2193_2026,2026,35,2193,352193,23.7,0,23.7,12.7,1.87,5.6,14.9,3.2,0,0,0,0,0,0,0,0,0,0,0,0,0,Salt Lake
2193_2027,2027,35,2193,352193,23.8,0,23.8,12.8,1.86,5.6,15,3.2,0,0,0,0,0,0,0,0,0,0,0,0,0,Salt Lake
2193_2028,2028,35,2193,352193,23.9,0,23.9,12.9,1.85,5.5,15.1,3.3,0,0,0,0,0,0,0,0,0,0,0,0,0,Salt Lake
2193_2029,2029,35,2193,352193,24,0,24,13,1.85,5.4,15.2,3.4,0,0,0,0,0,0,0,0,0,0,0,0,0,Salt Lake
2193_2030,2030,35,2193,352193,24.1,0,24.1,13.1,1.84,5.4,15.2,3.5,0,0,0,0,0,0,0,0,0,0,0,0,0,Salt Lake
2193_2031,2031,35,2193,352193,24.2,0,24.2,13.2,1.83,5.3,15.4,3.5,0,0,0,0,0,0,0,0,0,0,0,0,0,Salt Lake
2193_2032,2032,35,2193,352193,24.3,0,24.3,13.3,1.83,5.2,15.5,3.6,0,0,0,0,0,0,0,0,0,0,0,0,0,Salt Lake
2193_2033,2033,35,2193,352193,24.4,0,24.4,13.4,1.82,5.2,15.6,3.6,0,0,0,0,0,0,0,0,0,0,0,0,0,Salt Lake
2193_2034,2034,35,2193,352193,24.5,0,24.5,13.5,1.81,5.1,15.7,3.7,0,0,0,0,0,0,0,0,0,0,0,0,0,Salt Lake
2193_2035,2035,35,2193,352193,24.6,0,24.6,13.6,1.81,5.1,15.8,3.7,0,0,0,0,0,0,0,0,0,0,0,0,0,Salt Lake
2193_2036,2036,35,2193,352193,24.7,0,24.7,13.7,1.8,5.1,15.8,3.8,0,0,0,0,0,0,0,0,0,0,0,0,0,Salt Lake
2193_2037,2037,35,2193,352193,24.8,0,24.8,13.8,1.8,5,15.9,3.9,0,0,0,0,0,0,0,0,0,0,0,0,0,Salt Lake
2193_2038,2038,35,2193,352193,24.9,0,24.9,13.9,1.79,5,16,3.9,0,0,0,0,0,0,0,0,0,0,0,0,0,Salt Lake
2193_2039,2039,35,2193,352193,25,0,25,14,1.79,5,16,4,0,0,0,0,0,0,0,0,0,0,0,0,0,Salt Lake
2193_2040,2040,35,2193,352193,25.1,0,25.1,14.1,1.78,5,16,4.1,0,0,0,0,0,0,0,0,0,0,0,0,0,Salt Lake
2193_2041,2041,35,2193,352193,25.2,0,25.2,14.2,1.77,5,16,4.2,0,0,0,0,0,0,0,0,0,0,0,0,0,Salt Lake
2193_2042,2042,35,2193,352193,25.3,0,25.3,14.3,1.77,5.1,15.9,4.3,0,0,0,0,0,0,0,0,0,0,0,0,0,Salt Lake
2193_2043,2043,35,2193,352193,25.4,0,25.4,14.4,1.76,5.1,15.9,4.4,0,0,0,0,0,0,0,0,0,0,0,0,0,Salt Lake
2193_2044,2044,35,2193,352193,25.5,0,25.5,14.5,1.76,5.1,15.9,4.5,0,0,0,0,0,0,0,0,0,0,0,0,0,Salt Lake
2193_2045,2045,35,2193,352193,25.6,0,25.6,14.6,1.75,5.1,15.9,4.6,0,0,0,0,0,0,0,0,0,0,0,0,0,Salt Lake
2193_2046,2046,35,2193,352193,25.7,0,25.7,14.7,1.75,5.1,15.8,4.8,0,0,0,0,0,0,0,0,0,0,0,0,0,Salt Lake
2193_2047,2047,35,2193,352193,25.8,0,25.8,14.8,1.74,5.1,15.8,4.9,0,0,0,0,0,0,0,0,0,0,0,0,0,Salt Lake
2193_2048,2048,35,2193,352193,25.9,0,25.9,14.9,1.74,5.1,15.7,5.1,0,0,0,0,0,0,0,0,0,0,0,0,0,Salt Lake
2193_2049,2049,35,2193,352193,26,0,26,15,1.73,5.1,15.7,5.2,0,0,0,0,0,0,0,0,0,0,0,0,0,Salt Lake
2193_2050,2050,35,2193,352193,26.1,0,26.1,15.1,1.73,5.1,15.7,5.3,0,0,0,0,0,0,0,0,0,0,0,0,0,Salt Lake
2193_2051,2051,35,2193,352193,26.2,0,26.2,15.2,1.72,5.1,15.6,5.5,0,0,0,0,0,0,0,0,0,0,0,0,0,Salt Lake
2193_2052,2052,35,2193,352193,26.3,0,26.3,15.3,1.72,5.1,15.6,5.6,0,0,0,0,0,0,0,0,0,0,0,0,0,Salt Lake
2193_2053,2053,35,2193,352193,26.4,0,26.4,15.4,1.71,5.1,15.5,5.8,0,0,0,0,0,0,0,0,0,0,0,0,0,Salt Lake
2193_2054,2054,35,2193,352193,26.5,0,26.5,15.5,1.71,5.1,15.4,6,0,0,0,0,0,0,0,0,0,0,0,0,0,Salt Lake
2193_2055,2055,35,2193,352193,26.6,0,26.6,15.6,1.71,5.1,15.4,6.1,0,0,0,0,0,0,0,0,0,0,0,0,0,Salt Lake
2193_2056,2056,35,2193,352193,26.7,0,26.7,15.7,1.7,5.1,15.3,6.3,0,0,0,0,0,0,0,0,0,0,0,0,0,Salt Lake
2193_2057,2057,35,2193,352193,26.8,0,26.8,15.8,1.7,5,15.4,6.4,0,0,0,0,0,0,0,0,0,0,0,0,0,Salt Lake
2193_2058,2058,35,2193,352193,26.9,0,26.9,15.9,1.69,5,15.4,6.5,0,0,0,0,0,0,0,0,0,0,0,0,0,Salt Lake
2193_2059,2059,35,2193,352193,27,0,27,16,1.69,5,15.5,6.5,0,0,0,0,0,0,0,0,0,0,0,0,0,Salt Lake
2193_2060,2060,35,2193,352193,27.1,0,27.1,16.1,1.68,4.9,15.7,6.5,0,0,0,0,0,0,0,0,0,0,0,0,0,Salt Lake
2194_2010,2010,35,2194,352194,36.1,0,36.1,19,1.9,10.5,22.4,3.2,90.6,27.9,35.7,0,0,0,0,0,27,0,0,0,0,Salt Lake
2194_2011,2011,35,2194,352194,36.3,0,36.3,19.1,1.9,10.4,22.6,3.3,91.4,27.9,36,0,0,0,0,0,27.5,0,0,0,0,Salt Lake
2194_2012,2012,35,2194,352194,36.5,0,36.5,19.2,1.9,10.4,22.7,3.4,92.6,28.4,36.5,0,0,0,0,0,27.7,0,0,0,0,Salt Lake
2194_2013,2013,35,2194,352194,36.7,0,36.7,19.3,1.9,10.3,22.9,3.5,94.2,28.8,37.3,0,0,0,0,0,28.1,0,0,0,0,Salt Lake
2194_2014,2014,35,2194,352194,36.9,0,36.9,19.4,1.9,10.3,23,3.6,95.2,29,37.8,0,0,0,0,0,28.4,0,0,0,0,Salt Lake
2194_2015,2015,35,2194,352194,37.1,0,37.1,19.5,1.9,10.2,23.2,3.7,96.5,29.4,38.3,0,0,0,0,0,28.8,0,0,0,0,Salt Lake
2194_2016,2016,35,2194,352194,37.3,0,37.3,19.6,1.9,10.2,23.3,3.8,97.5,29.7,38.6,0,0,0,0,0,29.2,0,0,0,0,Salt Lake
2194_2017,2017,35,2194,352194,37.6,0,37.6,19.8,1.9,10.1,23.6,3.9,98,29.8,38.9,0,0,0,0,0,29.3,0,0,0,0,Salt Lake
2194_2018,2018,35,2194,352194,37.8,0,37.8,19.9,1.9,10.1,23.6,4.1,99.1,30,39.4,0,0,0,0,0,29.7,0,0,0,0,Salt Lake
2194_2019,2019,35,2194,352194,38,0,38,20,1.9,10,23.8,4.2,100,30,40,0,0,0,0,0,30,0,0,0,0,Salt Lake
2194_2020,2020,35,2194,352194,38.2,0,38.2,20.1,1.9,10,23.9,4.3,96.9,29.5,38.1,0,0,0,0,0,29.3,0,0,0,0,Salt Lake
2194_2021,2021,35,2194,352194,38.3,0,38.3,20.2,1.9,9.9,24,4.4,100.2,30.3,39.5,0,0,0,0,0,30.4,0,0,0,0,Salt Lake
2194_2022,2022,35,2194,352194,38.5,0,38.5,20.3,1.9,9.8,24.1,4.6,100.8,29.8,39.8,0,0,0,0,0,31.2,0,0,0,0,Salt Lake
2194_2023,2023,35,2194,352194,38.7,0,38.7,20.4,1.9,9.7,24.2,4.8,102.2,29.5,41.3,0,0,0,0,0,31.4,0,0,0,0,Salt Lake
2194_2024,2024,35,2194,352194,38.9,0,38.9,20.5,1.9,9.6,24.4,4.9,102.9,29.2,42.1,0,0,0,0,0,31.6,0,0,0,0,Salt Lake
2194_2025,2025,35,2194,352194,39.1,0,39.1,20.6,1.9,9.5,24.5,5.1,103.1,29.1,42.2,0,0,0,0,0,31.8,0,0,0,0,Salt Lake
2194_2026,2026,35,2194,352194,39.3,0,39.3,20.7,1.9,9.3,24.8,5.2,103.3,29.1,42.3,0,0,0,0,0,31.9,0,0,0,0,Salt Lake
2194_2027,2027,35,2194,352194,39.5,0,39.5,20.8,1.9,9.2,24.9,5.4,103.5,29.1,42.4,0,0,0,0,0,32,0,0,0,0,Salt Lake
2194_2028,2028,35,2194,352194,39.7,0,39.7,20.9,1.9,9.1,25.1,5.5,103.8,29.1,42.6,0,0,0,0,0,32.1,0,0,0,0,Salt Lake
2194_2029,2029,35,2194,352194,39.9,0,39.9,21,1.9,9,25.2,5.7,104.4,29.2,42.9,0,0,0,0,0,32.3,0,0,0,0,Salt Lake
2194_2030,2030,35,2194,352194,40.1,0,40.1,21.1,1.9,8.9,25.4,5.8,105,29.3,43.4,0,0,0,0,0,32.3,0,0,0,0,Salt Lake
2194_2031,2031,35,2194,352194,40.3,0,40.3,21.2,1.9,8.8,25.6,5.9,104.9,29.5,43.1,0,0,0,0,0,32.3,0,0,0,0,Salt Lake
2194_2032,2032,35,2194,352194,40.5,0,40.5,21.3,1.9,8.7,25.9,5.9,105.2,29.7,43.1,0,0,0,0,0,32.4,0,0,0,0,Salt Lake
2194_2033,2033,35,2194,352194,40.7,0,40.7,21.4,1.9,8.6,26.1,6,105.4,29.9,43.1,0,0,0,0,0,32.4,0,0,0,0,Salt Lake
2194_2034,2034,35,2194,352194,40.9,0,40.9,21.5,1.9,8.6,26.2,6.1,105.8,30.1,43.2,0,0,0,0,0,32.5,0,0,0,0,Salt Lake
2194_2035,2035,35,2194,352194,41.1,0,41.1,21.6,1.9,8.5,26.3,6.3,106.2,30.3,43.3,0,0,0,0,0,32.6,0,0,0,0,Salt Lake
2194_2036,2036,35,2194,352194,41.3,0,41.3,21.7,1.9,8.4,26.5,6.4,106.5,30.5,43.3,0,0,0,0,0,32.7,0,0,0,0,Salt Lake
2194_2037,2037,35,2194,352194,41.5,0,41.5,21.8,1.9,8.4,26.6,6.5,106.9,30.7,43.4,0,0,0,0,0,32.8,0,0,0,0,Salt Lake
2194_2038,2038,35,2194,352194,41.7,0,41.7,21.9,1.9,8.4,26.7,6.6,107.2,30.9,43.4,0,0,0,0,0,32.9,0,0,0,0,Salt Lake
2194_2039,2039,35,2194,352194,41.9,0,41.9,22,1.9,8.4,26.8,6.7,107.5,31.1,43.4,0,0,0,0,0,33,0,0,0,0,Salt Lake
2194_2040,2040,35,2194,352194,42.1,0,42.1,22.1,1.9,8.4,26.8,6.9,107.8,31.3,43.4,0,0,0,0,0,33.1,0,0,0,0,Salt Lake
2194_2041,2041,35,2194,352194,42.3,0,42.3,22.2,1.91,8.5,26.8,7,108.3,31.5,43.6,0,0,0,0,0,33.2,0,0,0,0,Salt Lake
2194_2042,2042,35,2194,352194,42.4,0,42.4,22.3,1.9,8.5,26.7,7.2,108.8,31.7,43.8,0,0,0,0,0,33.3,0,0,0,0,Salt Lake
2194_2043,2043,35,2194,352194,42.5,0,42.5,22.4,1.9,8.5,26.7,7.3,109.3,31.9,44,0,0,0,0,0,33.4,0,0,0,0,Salt Lake
2194_2044,2044,35,2194,352194,42.6,0,42.6,22.5,1.89,8.5,26.6,7.5,109.8,32.1,44.2,0,0,0,0,0,33.5,0,0,0,0,Salt Lake
2194_2045,2045,35,2194,352194,42.7,0,42.7,22.6,1.89,8.5,26.5,7.7,110.3,32.3,44.4,0,0,0,0,0,33.6,0,0,0,0,Salt Lake
2194_2046,2046,35,2194,352194,42.8,0,42.8,22.7,1.89,8.5,26.4,7.9,110.8,32.5,44.6,0,0,0,0,0,33.7,0,0,0,0,Salt Lake
2194_2047,2047,35,2194,352194,42.9,0,42.9,22.8,1.88,8.5,26.2,8.2,111.4,32.7,44.9,0,0,0,0,0,33.8,0,0,0,0,Salt Lake
2194_2048,2048,35,2194,352194,43,0,43,22.9,1.88,8.5,26.1,8.4,112,32.9,45.2,0,0,0,0,0,33.9,0,0,0,0,Salt Lake
2194_2049,2049,35,2194,352194,43.1,0,43.1,23,1.87,8.5,26,8.6,112.5,33.1,45.4,0,0,0,0,0,34,0,0,0,0,Salt Lake
2194_2050,2050,35,2194,352194,43.2,0,43.2,23.1,1.87,8.5,25.9,8.8,112.8,33.3,45.5,0,0,0,0,0,34,0,0,0,0,Salt Lake
2194_2051,2051,35,2194,352194,43.3,0,43.3,23.2,1.87,8.5,25.7,9.1,113.2,33.5,45.6,0,0,0,0,0,34.1,0,0,0,0,Salt Lake
2194_2052,2052,35,2194,352194,43.4,0,43.4,23.3,1.86,8.5,25.6,9.3,113.6,33.7,45.7,0,0,0,0,0,34.2,0,0,0,0,Salt Lake
2194_2053,2053,35,2194,352194,43.5,0,43.5,23.4,1.86,8.4,25.5,9.6,114,33.9,45.8,0,0,0,0,0,34.3,0,0,0,0,Salt Lake
2194_2054,2054,35,2194,352194,43.6,0,43.6,23.5,1.86,8.4,25.4,9.8,114.4,34.1,45.9,0,0,0,0,0,34.4,0,0,0,0,Salt Lake
2194_2055,2055,35,2194,352194,43.7,0,43.7,23.6,1.85,8.3,25.4,10,114.7,34.2,46,0,0,0,0,0,34.5,0,0,0,0,Salt Lake
2194_2056,2056,35,2194,352194,43.8,0,43.8,23.7,1.85,8.3,25.2,10.3,114.9,34.3,46.1,0,0,0,0,0,34.5,0,0,0,0,Salt Lake
2194_2057,2057,35,2194,352194,43.9,0,43.9,23.8,1.84,8.2,25.3,10.4,115.1,34.4,46.2,0,0,0,0,0,34.5,0,0,0,0,Salt Lake
2194_2058,2058,35,2194,352194,44,0,44,23.9,1.84,8.2,25.2,10.6,115.3,34.5,46.3,0,0,0,0,0,34.5,0,0,0,0,Salt Lake
2194_2059,2059,35,2194,352194,44.1,0,44.1,24,1.84,8.1,25.4,10.6,115.5,34.6,46.4,0,0,0,0,0,34.5,0,0,0,0,Salt Lake
2194_2060,2060,35,2194,352194,44.2,0,44.2,24.1,1.83,8,25.5,10.7,115.7,34.7,46.5,0,0,0,0,0,34.5,0,0,0,0,Salt Lake
2195_2010,2010,35,2195,352195,123.4,0,123.4,64.8,1.9,35.8,76.8,10.8,55.1,8.6,10.7,0,0,0,8.3,0,27.5,0,0,0,0,Salt Lake
2195_2011,2011,35,2195,352195,124.2,0,124.2,65.3,1.9,35.7,77.3,11.2,55.8,8.6,10.8,0,0,0,8.4,0,28,0,0,0,0,Salt Lake
2195_2012,2012,35,2195,352195,125,0,125,65.8,1.9,35.6,77.9,11.5,56.4,8.7,11,0,0,0,8.5,0,28.2,0,0,0,0,Salt Lake
2195_2013,2013,35,2195,352195,125.6,0,125.6,66.2,1.9,35.4,78.3,11.9,57.2,8.8,11.2,0,0,0,8.6,0,28.6,0,0,0,0,Salt Lake
2195_2014,2014,35,2195,352195,126.2,0,126.2,66.6,1.89,35.2,78.7,12.3,57.9,8.9,11.4,0,0,0,8.7,0,28.9,0,0,0,0,Salt Lake
2195_2015,2015,35,2195,352195,126.9,0,126.9,67.1,1.89,35,79.2,12.7,58.7,9,11.6,0,0,0,8.8,0,29.3,0,0,0,0,Salt Lake
2195_2016,2016,35,2195,352195,127.7,0,127.7,67.6,1.89,34.8,79.8,13.1,59.4,9.1,11.7,0,0,0,8.9,0,29.7,0,0,0,0,Salt Lake
2195_2017,2017,35,2195,352195,128.7,0,128.7,68.2,1.89,34.7,80.5,13.5,59.7,9.1,11.8,0,0,0,9,0,29.8,0,0,0,0,Salt Lake
2195_2018,2018,35,2195,352195,129.4,0,129.4,68.6,1.89,34.5,81,13.9,60.5,9.2,12,0,0,0,9.1,0,30.2,0,0,0,0,Salt Lake
2195_2019,2019,35,2195,352195,130,0,130,69,1.88,34.3,81.4,14.3,61.1,9.2,12.2,0,0,0,9.2,0,30.5,0,0,0,0,Salt Lake
2195_2020,2020,35,2195,352195,130.6,0,130.6,69.4,1.88,34.1,81.8,14.7,59.5,9,11.6,0,0,0,9.1,0,29.8,0,0,0,0,Salt Lake
2195_2021,2021,35,2195,352195,131,0,131,69.8,1.88,33.8,82,15.2,61.3,9.2,12,0,0,0,9.2,0,30.9,0,0,0,0,Salt Lake
2195_2022,2022,35,2195,352195,131.6,0,131.6,70.3,1.87,33.5,82.4,15.7,62.2,9.1,12.1,0,0,0,9.3,0,31.7,0,0,0,0,Salt Lake
2195_2023,2023,35,2195,352195,132.2,0,132.2,70.8,1.87,33.1,82.8,16.3,62.8,9,12.5,0,0,0,9.4,0,31.9,0,0,0,0,Salt Lake
2195_2024,2024,35,2195,352195,132.8,0,132.8,71.3,1.86,32.7,83.3,16.8,63.1,8.9,12.7,0,0,0,9.4,0,32.1,0,0,0,0,Salt Lake
2195_2025,2025,35,2195,352195,133.4,0,133.4,71.7,1.86,32.3,83.7,17.4,63.3,8.9,12.7,0,0,0,9.4,0,32.3,0,0,0,0,Salt Lake
2195_2026,2026,35,2195,352195,134,0,134,72.1,1.86,31.9,84.2,17.9,63.4,8.9,12.7,0,0,0,9.4,0,32.4,0,0,0,0,Salt Lake
2195_2027,2027,35,2195,352195,134.6,0,134.6,72.5,1.86,31.4,84.8,18.4,63.6,8.9,12.7,0,0,0,9.5,0,32.5,0,0,0,0,Salt Lake
2195_2028,2028,35,2195,352195,135.2,0,135.2,73,1.85,31,85.4,18.8,63.7,8.9,12.7,0,0,0,9.5,0,32.6,0,0,0,0,Salt Lake
2195_2029,2029,35,2195,352195,135.8,0,135.8,73.5,1.85,30.7,85.9,19.2,64,8.9,12.8,0,0,0,9.5,0,32.8,0,0,0,0,Salt Lake
2195_2030,2030,35,2195,352195,136.4,0,136.4,74,1.84,30.3,86.5,19.6,64.2,8.9,13,0,0,0,9.5,0,32.8,0,0,0,0,Salt Lake
2195_2031,2031,35,2195,352195,137,0,137,74.5,1.84,30,87.1,19.9,64.3,9,12.9,0,0,0,9.6,0,32.8,0,0,0,0,Salt Lake
2195_2032,2032,35,2195,352195,137.6,0,137.6,75,1.83,29.6,87.8,20.2,64.5,9.1,12.9,0,0,0,9.6,0,32.9,0,0,0,0,Salt Lake
2195_2033,2033,35,2195,352195,138.2,0,138.2,75.5,1.83,29.3,88.4,20.5,64.6,9.2,12.9,0,0,0,9.6,0,32.9,0,0,0,0,Salt Lake
2195_2034,2034,35,2195,352195,138.7,0,138.7,76,1.83,29,88.9,20.8,64.9,9.3,12.9,0,0,0,9.7,0,33,0,0,0,0,Salt Lake
2195_2035,2035,35,2195,352195,139.2,0,139.2,76.5,1.82,28.7,89.3,21.2,65.1,9.4,12.9,0,0,0,9.7,0,33.1,0,0,0,0,Salt Lake
2195_2036,2036,35,2195,352195,139.7,0,139.7,77,1.81,28.6,89.5,21.6,65.3,9.5,12.9,0,0,0,9.7,0,33.2,0,0,0,0,Salt Lake
2195_2037,2037,35,2195,352195,140.2,0,140.2,77.5,1.81,28.5,89.7,22,65.5,9.6,12.9,0,0,0,9.7,0,33.3,0,0,0,0,Salt Lake
2195_2038,2038,35,2195,352195,140.7,0,140.7,78,1.8,28.4,90,22.3,65.7,9.7,12.9,0,0,0,9.7,0,33.4,0,0,0,0,Salt Lake
2195_2039,2039,35,2195,352195,141.2,0,141.2,78.4,1.8,28.4,90.1,22.7,65.9,9.8,12.9,0,0,0,9.7,0,33.5,0,0,0,0,Salt Lake
2195_2040,2040,35,2195,352195,141.7,0,141.7,78.8,1.8,28.4,90.2,23.1,66.1,9.9,12.9,0,0,0,9.7,0,33.6,0,0,0,0,Salt Lake
2195_2041,2041,35,2195,352195,142.2,0,142.2,79.3,1.79,28.5,90.2,23.5,66.3,10,12.9,0,0,0,9.7,0,33.7,0,0,0,0,Salt Lake
2195_2042,2042,35,2195,352195,142.7,0,142.7,79.8,1.79,28.5,90.1,24.1,66.5,10.1,12.9,0,0,0,9.7,0,33.8,0,0,0,0,Salt Lake
2195_2043,2043,35,2195,352195,143.2,0,143.2,80.3,1.78,28.6,89.9,24.7,66.8,10.2,13,0,0,0,9.7,0,33.9,0,0,0,0,Salt Lake
2195_2044,2044,35,2195,352195,143.7,0,143.7,80.7,1.78,28.7,89.6,25.4,67.1,10.3,13.1,0,0,0,9.7,0,34,0,0,0,0,Salt Lake
2195_2045,2045,35,2195,352195,144.2,0,144.2,81.1,1.78,28.7,89.4,26.1,67.4,10.4,13.2,0,0,0,9.7,0,34.1,0,0,0,0,Salt Lake
2195_2046,2046,35,2195,352195,144.7,0,144.7,81.5,1.78,28.8,89,26.9,67.7,10.5,13.3,0,0,0,9.7,0,34.2,0,0,0,0,Salt Lake
2195_2047,2047,35,2195,352195,145.1,0,145.1,81.9,1.77,28.8,88.7,27.6,68,10.6,13.4,0,0,0,9.7,0,34.3,0,0,0,0,Salt Lake
2195_2048,2048,35,2195,352195,145.5,0,145.5,82.3,1.77,28.8,88.3,28.4,68.3,10.7,13.5,0,0,0,9.7,0,34.4,0,0,0,0,Salt Lake
2195_2049,2049,35,2195,352195,145.9,0,145.9,82.7,1.76,28.8,88,29.1,68.6,10.8,13.6,0,0,0,9.7,0,34.5,0,0,0,0,Salt Lake
2195_2050,2050,35,2195,352195,146.3,0,146.3,83.1,1.76,28.8,87.6,29.9,68.7,10.9,13.6,0,0,0,9.7,0,34.5,0,0,0,0,Salt Lake
2195_2051,2051,35,2195,352195,146.7,0,146.7,83.5,1.76,28.7,87.2,30.8,68.9,11,13.6,0,0,0,9.7,0,34.6,0,0,0,0,Salt Lake
2195_2052,2052,35,2195,352195,147.1,0,147.1,83.9,1.75,28.7,86.8,31.6,69.1,11.1,13.6,0,0,0,9.7,0,34.7,0,0,0,0,Salt Lake
2195_2053,2053,35,2195,352195,147.5,0,147.5,84.3,1.75,28.6,86.5,32.4,69.3,11.2,13.6,0,0,0,9.7,0,34.8,0,0,0,0,Salt Lake
2195_2054,2054,35,2195,352195,147.9,0,147.9,84.7,1.75,28.5,86.2,33.2,69.5,11.3,13.6,0,0,0,9.7,0,34.9,0,0,0,0,Salt Lake
2195_2055,2055,35,2195,352195,148.3,0,148.3,85.1,1.74,28.3,85.9,34.1,69.6,11.3,13.6,0,0,0,9.7,0,35,0,0,0,0,Salt Lake
2195_2056,2056,35,2195,352195,148.6,0,148.6,85.5,1.74,28.1,85.7,34.8,69.7,11.3,13.6,0,0,0,9.7,0,35.1,0,0,0,0,Salt Lake
2195_2057,2057,35,2195,352195,148.9,0,148.9,85.9,1.73,27.9,85.6,35.4,69.7,11.3,13.6,0,0,0,9.7,0,35.1,0,0,0,0,Salt Lake
2195_2058,2058,35,2195,352195,149.2,0,149.2,86.3,1.73,27.7,85.7,35.8,69.7,11.3,13.6,0,0,0,9.7,0,35.1,0,0,0,0,Salt Lake
2195_2059,2059,35,2195,352195,149.5,0,149.5,86.7,1.72,27.5,86,36,69.7,11.3,13.6,0,0,0,9.7,0,35.1,0,0,0,0,Salt Lake
2195_2060,2060,35,2195,352195,149.8,0,149.8,87.1,1.72,27.2,86.4,36.2,69.7,11.3,13.6,0,0,0,9.7,0,35.1,0,0,0,0,Salt Lake
2196_2010,2010,35,2196,352196,302.7,66.2,236.5,160.7,1.47,87.9,188.3,26.5,164.1,0,89.1,0,0,0,33.7,0,41.3,0,0,0,0,Salt Lake
2196_2011,2011,35,2196,352196,304.6,66.5,238.1,162,1.47,87.6,189.6,27.4,166,0,90,0,0,0,34,0,42,0,0,0,0,Salt Lake
2196_2012,2012,35,2196,352196,306.4,66.8,239.6,163.2,1.47,87.2,190.9,28.3,167.8,0,91.3,0,0,0,34.3,0,42.2,0,0,0,0,Salt Lake
2196_2013,2013,35,2196,352196,307.8,67.1,240.7,164.2,1.47,86.7,191.9,29.2,170.6,0,93.2,0,0,0,34.6,0,42.8,0,0,0,0,Salt Lake
2196_2014,2014,35,2196,352196,309.2,67.4,241.8,165.1,1.46,86.2,192.9,30.1,172.7,0,94.5,0,0,0,34.9,0,43.3,0,0,0,0,Salt Lake
2196_2015,2015,35,2196,352196,310.9,67.7,243.2,166.3,1.46,85.7,194.2,31,174.6,0,95.7,0,0,0,35.1,0,43.8,0,0,0,0,Salt Lake
2196_2016,2016,35,2196,352196,312.6,68,244.6,167.5,1.46,85.3,195.3,32,176.4,0,96.5,0,0,0,35.5,0,44.4,0,0,0,0,Salt Lake
2196_2017,2017,35,2196,352196,314.9,68.4,246.5,169,1.46,85,196.9,33,177.9,0,97.4,0,0,0,35.9,0,44.6,0,0,0,0,Salt Lake
2196_2018,2018,35,2196,352196,316.6,68.7,247.9,170.1,1.46,84.5,198.1,34,179.9,0,98.7,0,0,0,36.1,0,45.1,0,0,0,0,Salt Lake
2196_2019,2019,35,2196,352196,318,69,249,171,1.46,84,199.1,34.9,182,0,100.1,0,0,0,36.4,0,45.5,0,0,0,0,Salt Lake
2196_2020,2020,35,2196,352196,319.5,69.3,250.2,172,1.45,83.4,200.2,35.9,175.8,0,95.4,0,0,0,36,0,44.4,0,0,0,0,Salt Lake
2196_2021,2021,35,2196,352196,320.5,69.5,251,173,1.45,82.6,200.8,37.1,181.2,0,98.8,0,0,0,36.3,0,46.1,0,0,0,0,Salt Lake
2196_2022,2022,35,2196,352196,321.9,69.8,252.1,174.2,1.45,81.8,201.7,38.4,183.8,0,99.6,0,0,0,36.9,0,47.3,0,0,0,0,Salt Lake
2196_2023,2023,35,2196,352196,323.4,70.2,253.2,175.3,1.44,81,202.6,39.8,188.1,0,103.3,0,0,0,37.2,0,47.6,0,0,0,0,Salt Lake
2196_2024,2024,35,2196,352196,324.9,70.6,254.3,176.4,1.44,80.1,203.7,41.1,190.7,0,105.4,0,0,0,37.3,0,48,0,0,0,0,Salt Lake
2196_2025,2025,35,2196,352196,326.3,70.9,255.4,177.5,1.44,79,204.9,42.4,191.3,0,105.7,0,0,0,37.3,0,48.3,0,0,0,0,Salt Lake
2196_2026,2026,35,2196,352196,327.8,71.3,256.5,178.6,1.44,78,206.1,43.7,191.7,0,105.9,0,0,0,37.4,0,48.4,0,0,0,0,Salt Lake
2196_2027,2027,35,2196,352196,329.3,71.7,257.6,179.7,1.43,76.9,207.5,44.9,192.4,0,106.2,0,0,0,37.7,0,48.5,0,0,0,0,Salt Lake
2196_2028,2028,35,2196,352196,330.8,72.1,258.7,180.8,1.43,75.9,208.8,46.1,193.2,0,106.6,0,0,0,37.9,0,48.7,0,0,0,0,Salt Lake
2196_2029,2029,35,2196,352196,332.3,72.5,259.8,181.9,1.43,75,210.2,47.1,194.3,0,107.2,0,0,0,38.1,0,49,0,0,0,0,Salt Lake
2196_2030,2030,35,2196,352196,333.8,72.9,260.9,183.1,1.42,74.2,211.7,47.9,195.8,0,108.5,0,0,0,38.3,0,49,0,0,0,0,Salt Lake
2196_2031,2031,35,2196,352196,335.3,73.3,262,184.3,1.42,73.3,213.3,48.7,195.5,0,107.9,0,0,0,38.5,0,49.1,0,0,0,0,Salt Lake
2196_2032,2032,35,2196,352196,336.8,73.7,263.1,185.5,1.42,72.5,214.9,49.4,195.6,0,107.8,0,0,0,38.6,0,49.2,0,0,0,0,Salt Lake
2196_2033,2033,35,2196,352196,338.3,74.1,264.2,186.7,1.42,71.8,216.3,50.2,195.7,0,107.7,0,0,0,38.7,0,49.3,0,0,0,0,Salt Lake
2196_2034,2034,35,2196,352196,339.7,74.5,265.2,187.9,1.41,71,217.7,51,196.2,0,107.9,0,0,0,38.9,0,49.4,0,0,0,0,Salt Lake
2196_2035,2035,35,2196,352196,341.1,74.9,266.2,189.1,1.41,70.4,218.7,52,196.6,0,108.1,0,0,0,39,0,49.5,0,0,0,0,Salt Lake
2196_2036,2036,35,2196,352196,342.5,75.3,267.2,190.3,1.4,70.1,219.4,53,197,0,108.2,0,0,0,39.1,0,49.7,0,0,0,0,Salt Lake
2196_2037,2037,35,2196,352196,343.9,75.7,268.2,191.4,1.4,69.9,220.1,53.9,197.7,0,108.5,0,0,0,39.3,0,49.9,0,0,0,0,Salt Lake
2196_2038,2038,35,2196,352196,345.3,76.1,269.2,192.5,1.4,69.8,220.7,54.8,197.9,0,108.4,0,0,0,39.4,0,50.1,0,0,0,0,Salt Lake
2196_2039,2039,35,2196,352196,346.7,76.5,270.2,193.6,1.4,69.8,221.2,55.7,198.1,0,108.4,0,0,0,39.5,0,50.2,0,0,0,0,Salt Lake
2196_2040,2040,35,2196,352196,348.1,76.9,271.2,194.7,1.39,69.8,221.6,56.7,198.4,0,108.4,0,0,0,39.6,0,50.4,0,0,0,0,Salt Lake
2196_2041,2041,35,2196,352196,349.5,77.3,272.2,195.9,1.39,70,221.6,57.9,199.1,0,108.8,0,0,0,39.7,0,50.6,0,0,0,0,Salt Lake
2196_2042,2042,35,2196,352196,350.8,77.7,273.1,197.1,1.39,70.1,221.5,59.2,199.8,0,109.2,0,0,0,39.8,0,50.8,0,0,0,0,Salt Lake
2196_2043,2043,35,2196,352196,352.1,78.1,274,198.2,1.38,70.3,221,60.8,200.6,0,109.7,0,0,0,39.9,0,51,0,0,0,0,Salt Lake
2196_2044,2044,35,2196,352196,353.5,78.6,274.9,199.3,1.38,70.5,220.6,62.4,201.4,0,110.2,0,0,0,40,0,51.2,0,0,0,0,Salt Lake
2196_2045,2045,35,2196,352196,354.9,79.1,275.8,200.3,1.38,70.7,220,64.2,202.2,0,110.8,0,0,0,40.1,0,51.3,0,0,0,0,Salt Lake
2196_2046,2046,35,2196,352196,356.3,79.6,276.7,201.3,1.37,70.9,219.2,66.2,202.9,0,111.3,0,0,0,40.2,0,51.4,0,0,0,0,Salt Lake
2196_2047,2047,35,2196,352196,357.6,80.1,277.5,202.3,1.37,71,218.5,68.1,203.8,0,112,0,0,0,40.3,0,51.5,0,0,0,0,Salt Lake
2196_2048,2048,35,2196,352196,358.9,80.6,278.3,203.2,1.37,71.1,217.8,70,204.7,0,112.7,0,0,0,40.4,0,51.6,0,0,0,0,Salt Lake
2196_2049,2049,35,2196,352196,360.2,81.1,279.1,204.1,1.37,71.1,217.1,72,205.5,0,113.3,0,0,0,40.5,0,51.7,0,0,0,0,Salt Lake
2196_2050,2050,35,2196,352196,361.5,81.6,279.9,205,1.37,71.1,216.4,74,206.2,0,113.7,0,0,0,40.7,0,51.8,0,0,0,0,Salt Lake
2196_2051,2051,35,2196,352196,362.8,82.1,280.7,205.9,1.36,71.1,215.6,76.1,206.7,0,114,0,0,0,40.8,0,51.9,0,0,0,0,Salt Lake
2196_2052,2052,35,2196,352196,364,82.6,281.4,206.8,1.36,70.9,214.9,78.2,207.1,0,114.2,0,0,0,40.9,0,52,0,0,0,0,Salt Lake
2196_2053,2053,35,2196,352196,365.2,83.1,282.1,207.7,1.36,70.8,214.1,80.3,207.5,0,114.4,0,0,0,41,0,52.1,0,0,0,0,Salt Lake
2196_2054,2054,35,2196,352196,366.4,83.6,282.8,208.6,1.36,70.5,213.6,82.3,207.9,0,114.6,0,0,0,41.1,0,52.2,0,0,0,0,Salt Lake
2196_2055,2055,35,2196,352196,367.6,84.1,283.5,209.5,1.35,70.2,213,84.4,208.3,0,114.8,0,0,0,41.2,0,52.3,0,0,0,0,Salt Lake
2196_2056,2056,35,2196,352196,368.8,84.6,284.2,210.4,1.35,69.8,212.6,86.4,208.7,0,115,0,0,0,41.3,0,52.4,0,0,0,0,Salt Lake
2196_2057,2057,35,2196,352196,370,85.1,284.9,211.3,1.35,69.4,212.6,88,209.1,0,115.2,0,0,0,41.4,0,52.5,0,0,0,0,Salt Lake
2196_2058,2058,35,2196,352196,371.1,85.6,285.5,212.2,1.35,68.9,213.1,89.1,209.5,0,115.4,0,0,0,41.5,0,52.6,0,0,0,0,Salt Lake
2196_2059,2059,35,2196,352196,372.2,86.1,286.1,213.1,1.34,68.4,214.1,89.7,209.8,0,115.6,0,0,0,41.6,0,52.6,0,0,0,0,Salt Lake
2196_2060,2060,35,2196,352196,373.3,86.6,286.7,214.1,1.34,67.8,215.4,90.1,210.2,0,115.8,0,0,0,41.8,0,52.6,0,0,0,0,Salt Lake
2197_2010,2010,35,2197,352197,39,0,39,25.4,1.54,11.3,24.3,3.4,566.6,29.5,393.8,0,0,0,29,0,114.3,0,0,0,0,Salt Lake
2197_2011,2011,35,2197,352197,39.3,0,39.3,25.6,1.54,11.3,24.5,3.5,572.6,29.5,397.6,0,0,0,29.3,0,116.2,0,0,0,0,Salt Lake
2197_2012,2012,35,2197,352197,39.5,0,39.5,25.8,1.53,11.2,24.7,3.6,579.6,30,403.2,0,0,0,29.5,0,116.9,0,0,0,0,Salt Lake
2197_2013,2013,35,2197,352197,39.7,0,39.7,26,1.53,11.2,24.7,3.8,590.3,30.4,411.6,0,0,0,29.8,0,118.5,0,0,0,0,Salt Lake
2197_2014,2014,35,2197,352197,39.9,0,39.9,26.1,1.53,11.1,24.9,3.9,597.9,30.6,417.3,0,0,0,30.1,0,119.9,0,0,0,0,Salt Lake
2197_2015,2015,35,2197,352197,40.1,0,40.1,26.3,1.52,11.1,25,4,605.5,31,422.8,0,0,0,30.3,0,121.4,0,0,0,0,Salt Lake
2197_2016,2016,35,2197,352197,40.3,0,40.3,26.5,1.52,11,25.2,4.1,611.7,31.3,426.5,0,0,0,30.7,0,123.2,0,0,0,0,Salt Lake
2197_2017,2017,35,2197,352197,40.6,0,40.6,26.7,1.52,11,25.3,4.3,616.6,31.4,430.3,0,0,0,31.1,0,123.8,0,0,0,0,Salt Lake
2197_2018,2018,35,2197,352197,40.8,0,40.8,26.9,1.52,10.9,25.5,4.4,624.5,31.6,436.3,0,0,0,31.3,0,125.3,0,0,0,0,Salt Lake
2197_2019,2019,35,2197,352197,41,0,41,27,1.52,10.8,25.7,4.5,632,31.6,442.4,0,0,0,31.6,0,126.4,0,0,0,0,Salt Lake
2197_2020,2020,35,2197,352197,41.2,0,41.2,27.2,1.51,10.8,25.8,4.6,607.5,31.1,421.8,0,0,0,31.2,0,123.4,0,0,0,0,Salt Lake
2197_2021,2021,35,2197,352197,41.3,0,41.3,27.4,1.51,10.6,25.9,4.8,628.2,31.9,436.8,0,0,0,31.4,0,128.1,0,0,0,0,Salt Lake
2197_2022,2022,35,2197,352197,41.5,0,41.5,27.6,1.5,10.6,25.9,5,635.3,31.4,440.5,0,0,0,31.9,0,131.5,0,0,0,0,Salt Lake
2197_2023,2023,35,2197,352197,41.7,0,41.7,27.8,1.5,10.4,26.2,5.1,652.4,31.1,456.8,0,0,0,32.2,0,132.3,0,0,0,0,Salt Lake
2197_2024,2024,35,2197,352197,41.9,0,41.9,28,1.5,10.3,26.3,5.3,662.3,30.8,465.9,0,0,0,32.3,0,133.3,0,0,0,0,Salt Lake
2197_2025,2025,35,2197,352197,42.1,0,42.1,28.2,1.49,10.2,26.4,5.5,664.4,30.7,467.4,0,0,0,32.3,0,134,0,0,0,0,Salt Lake
2197_2026,2026,35,2197,352197,42.3,0,42.3,28.4,1.49,10.1,26.6,5.6,665.7,30.7,468.3,0,0,0,32.4,0,134.3,0,0,0,0,Salt Lake
2197_2027,2027,35,2197,352197,42.5,0,42.5,28.6,1.49,9.9,26.8,5.8,667.5,30.7,469.6,0,0,0,32.6,0,134.6,0,0,0,0,Salt Lake
2197_2028,2028,35,2197,352197,42.7,0,42.7,28.8,1.48,9.8,27,5.9,670,30.7,471.4,0,0,0,32.8,0,135.1,0,0,0,0,Salt Lake
2197_2029,2029,35,2197,352197,42.9,0,42.9,29,1.48,9.7,27.1,6.1,674,30.8,474.3,0,0,0,33,0,135.9,0,0,0,0,Salt Lake
2197_2030,2030,35,2197,352197,43.1,0,43.1,29.2,1.48,9.6,27.3,6.2,680,30.9,480,0,0,0,33.1,0,136,0,0,0,0,Salt Lake
2197_2031,2031,35,2197,352197,43.3,0,43.3,29.4,1.47,9.5,27.5,6.3,677.7,31.1,477.1,0,0,0,33.3,0,136.2,0,0,0,0,Salt Lake
2197_2032,2032,35,2197,352197,43.5,0,43.5,29.6,1.47,9.4,27.7,6.4,678.1,31.4,476.8,0,0,0,33.4,0,136.5,0,0,0,0,Salt Lake
2197_2033,2033,35,2197,352197,43.7,0,43.7,29.8,1.47,9.3,27.9,6.5,678.5,31.7,476.6,0,0,0,33.5,0,136.7,0,0,0,0,Salt Lake
2197_2034,2034,35,2197,352197,43.9,0,43.9,30,1.46,9.2,28.1,6.6,680.1,31.9,477.4,0,0,0,33.7,0,137.1,0,0,0,0,Salt Lake
2197_2035,2035,35,2197,352197,44.1,0,44.1,30.2,1.46,9.1,28.3,6.7,681.5,32.1,478.2,0,0,0,33.8,0,137.4,0,0,0,0,Salt Lake
2197_2036,2036,35,2197,352197,44.3,0,44.3,30.4,1.46,9.1,28.3,6.9,682.4,32.3,478.4,0,0,0,33.9,0,137.8,0,0,0,0,Salt Lake
2197_2037,2037,35,2197,352197,44.5,0,44.5,30.6,1.45,9,28.5,7,684.4,32.6,479.5,0,0,0,34.1,0,138.2,0,0,0,0,Salt Lake
2197_2038,2038,35,2197,352197,44.7,0,44.7,30.8,1.45,9,28.6,7.1,684.8,32.8,479.2,0,0,0,34.2,0,138.6,0,0,0,0,Salt Lake
2197_2039,2039,35,2197,352197,44.9,0,44.9,31,1.45,9,28.7,7.2,685.8,33.1,479.4,0,0,0,34.3,0,139,0,0,0,0,Salt Lake
2197_2040,2040,35,2197,352197,45.1,0,45.1,31.2,1.45,9,28.8,7.3,686.8,33.3,479.6,0,0,0,34.4,0,139.5,0,0,0,0,Salt Lake
2197_2041,2041,35,2197,352197,45.3,0,45.3,31.4,1.44,9.1,28.7,7.5,689.4,33.5,481.4,0,0,0,34.5,0,140,0,0,0,0,Salt Lake
2197_2042,2042,35,2197,352197,45.5,0,45.5,31.6,1.44,9.1,28.7,7.7,692,33.7,483.2,0,0,0,34.6,0,140.5,0,0,0,0,Salt Lake
2197_2043,2043,35,2197,352197,45.7,0,45.7,31.8,1.44,9.1,28.7,7.9,695.2,33.9,485.6,0,0,0,34.7,0,141,0,0,0,0,Salt Lake
2197_2044,2044,35,2197,352197,45.8,0,45.8,32,1.43,9.1,28.6,8.1,698.2,34.1,487.8,0,0,0,34.8,0,141.5,0,0,0,0,Salt Lake
2197_2045,2045,35,2197,352197,45.9,0,45.9,32.2,1.43,9.1,28.5,8.3,701.6,34.3,490.5,0,0,0,34.9,0,141.9,0,0,0,0,Salt Lake
2197_2046,2046,35,2197,352197,46,0,46,32.4,1.42,9.2,28.3,8.5,704.5,34.5,492.7,0,0,0,35,0,142.3,0,0,0,0,Salt Lake
2197_2047,2047,35,2197,352197,46.1,0,46.1,32.6,1.41,9.2,28.1,8.8,708,34.7,495.6,0,0,0,35.1,0,142.6,0,0,0,0,Salt Lake
2197_2048,2048,35,2197,352197,46.2,0,46.2,32.8,1.41,9.2,28,9,711.9,34.9,498.8,0,0,0,35.2,0,143,0,0,0,0,Salt Lake
2197_2049,2049,35,2197,352197,46.3,0,46.3,32.9,1.41,9.1,28,9.2,715.1,35.1,501.5,0,0,0,35.3,0,143.2,0,0,0,0,Salt Lake
2197_2050,2050,35,2197,352197,46.4,0,46.4,33,1.41,9.1,27.8,9.5,717.2,35.3,503.1,0,0,0,35.4,0,143.4,0,0,0,0,Salt Lake
2197_2051,2051,35,2197,352197,46.5,0,46.5,33.1,1.4,9.1,27.6,9.8,719.3,35.5,504.6,0,0,0,35.5,0,143.7,0,0,0,0,Salt Lake
2197_2052,2052,35,2197,352197,46.6,0,46.6,33.2,1.4,9.1,27.5,10,720.8,35.7,505.6,0,0,0,35.6,0,143.9,0,0,0,0,Salt Lake
2197_2053,2053,35,2197,352197,46.7,0,46.7,33.3,1.4,9,27.4,10.3,722.3,35.9,506.6,0,0,0,35.7,0,144.1,0,0,0,0,Salt Lake
2197_2054,2054,35,2197,352197,46.8,0,46.8,33.5,1.4,9,27.3,10.5,723.8,36.1,507.6,0,0,0,35.8,0,144.3,0,0,0,0,Salt Lake
2197_2055,2055,35,2197,352197,46.9,0,46.9,33.7,1.39,9,27.1,10.8,725.2,36.3,508.5,0,0,0,35.9,0,144.5,0,0,0,0,Salt Lake
2197_2056,2056,35,2197,352197,47,0,47,33.9,1.39,8.9,27.1,11,726.8,36.5,509.6,0,0,0,36,0,144.7,0,0,0,0,Salt Lake
2197_2057,2057,35,2197,352197,47.1,0,47.1,34,1.39,8.8,27.1,11.2,728.2,36.6,510.6,0,0,0,36.1,0,144.9,0,0,0,0,Salt Lake
2197_2058,2058,35,2197,352197,47.2,0,47.2,34.2,1.38,8.8,27.1,11.3,729.6,36.7,511.6,0,0,0,36.2,0,145.1,0,0,0,0,Salt Lake
2197_2059,2059,35,2197,352197,47.3,0,47.3,34.4,1.38,8.7,27.2,11.4,730.9,36.8,512.6,0,0,0,36.3,0,145.2,0,0,0,0,Salt Lake
2197_2060,2060,35,2197,352197,47.4,0,47.4,34.6,1.37,8.6,27.4,11.4,732.2,36.9,513.6,0,0,0,36.4,0,145.3,0,0,0,0,Salt Lake
2198_2010,2010,35,2198,352198,0,0,0,0,0,0,0,0,0,0,0,0,0,0,0,0,0,0,0,0,0,Salt Lake
2198_2011,2011,35,2198,352198,0,0,0,0,0,0,0,0,0,0,0,0,0,0,0,0,0,0,0,0,0,Salt Lake
2198_2012,2012,35,2198,352198,0,0,0,0,0,0,0,0,0,0,0,0,0,0,0,0,0,0,0,0,0,Salt Lake
2198_2013,2013,35,2198,352198,0,0,0,0,0,0,0,0,0,0,0,0,0,0,0,0,0,0,0,0,0,Salt Lake
2198_2014,2014,35,2198,352198,0,0,0,0,0,0,0,0,0,0,0,0,0,0,0,0,0,0,0,0,0,Salt Lake
2198_2015,2015,35,2198,352198,0,0,0,0,0,0,0,0,0,0,0,0,0,0,0,0,0,0,0,0,0,Salt Lake
2198_2016,2016,35,2198,352198,0,0,0,0,0,0,0,0,0,0,0,0,0,0,0,0,0,0,0,0,0,Salt Lake
2198_2017,2017,35,2198,352198,0,0,0,0,0,0,0,0,0,0,0,0,0,0,0,0,0,0,0,0,0,Salt Lake
2198_2018,2018,35,2198,352198,0,0,0,0,0,0,0,0,0,0,0,0,0,0,0,0,0,0,0,0,0,Salt Lake
2198_2019,2019,35,2198,352198,0,0,0,0,0,0,0,0,0,0,0,0,0,0,0,0,0,0,0,0,0,Salt Lake
2198_2020,2020,35,2198,352198,0,0,0,0,0,0,0,0,0,0,0,0,0,0,0,0,0,0,0,0,0,Salt Lake
2198_2021,2021,35,2198,352198,0,0,0,0,0,0,0,0,0,0,0,0,0,0,0,0,0,0,0,0,0,Salt Lake
2198_2022,2022,35,2198,352198,0,0,0,0,0,0,0,0,0,0,0,0,0,0,0,0,0,0,0,0,0,Salt Lake
2198_2023,2023,35,2198,352198,0,0,0,0,0,0,0,0,0,0,0,0,0,0,0,0,0,0,0,0,0,Salt Lake
2198_2024,2024,35,2198,352198,0,0,0,0,0,0,0,0,0,0,0,0,0,0,0,0,0,0,0,0,0,Salt Lake
2198_2025,2025,35,2198,352198,0,0,0,0,0,0,0,0,0,0,0,0,0,0,0,0,0,0,0,0,0,Salt Lake
2198_2026,2026,35,2198,352198,0,0,0,0,0,0,0,0,0,0,0,0,0,0,0,0,0,0,0,0,0,Salt Lake
2198_2027,2027,35,2198,352198,0,0,0,0,0,0,0,0,0,0,0,0,0,0,0,0,0,0,0,0,0,Salt Lake
2198_2028,2028,35,2198,352198,0,0,0,0,0,0,0,0,0,0,0,0,0,0,0,0,0,0,0,0,0,Salt Lake
2198_2029,2029,35,2198,352198,0,0,0,0,0,0,0,0,0,0,0,0,0,0,0,0,0,0,0,0,0,Salt Lake
2198_2030,2030,35,2198,352198,0,0,0,0,0,0,0,0,0,0,0,0,0,0,0,0,0,0,0,0,0,Salt Lake
2198_2031,2031,35,2198,352198,0,0,0,0,0,0,0,0,0,0,0,0,0,0,0,0,0,0,0,0,0,Salt Lake
2198_2032,2032,35,2198,352198,0,0,0,0,0,0,0,0,0,0,0,0,0,0,0,0,0,0,0,0,0,Salt Lake
2198_2033,2033,35,2198,352198,0,0,0,0,0,0,0,0,0,0,0,0,0,0,0,0,0,0,0,0,0,Salt Lake
2198_2034,2034,35,2198,352198,0,0,0,0,0,0,0,0,0,0,0,0,0,0,0,0,0,0,0,0,0,Salt Lake
2198_2035,2035,35,2198,352198,0,0,0,0,0,0,0,0,0,0,0,0,0,0,0,0,0,0,0,0,0,Salt Lake
2198_2036,2036,35,2198,352198,0,0,0,0,0,0,0,0,0,0,0,0,0,0,0,0,0,0,0,0,0,Salt Lake
2198_2037,2037,35,2198,352198,0,0,0,0,0,0,0,0,0,0,0,0,0,0,0,0,0,0,0,0,0,Salt Lake
2198_2038,2038,35,2198,352198,0,0,0,0,0,0,0,0,0,0,0,0,0,0,0,0,0,0,0,0,0,Salt Lake
2198_2039,2039,35,2198,352198,0,0,0,0,0,0,0,0,0,0,0,0,0,0,0,0,0,0,0,0,0,Salt Lake
2198_2040,2040,35,2198,352198,0,0,0,0,0,0,0,0,0,0,0,0,0,0,0,0,0,0,0,0,0,Salt Lake
2198_2041,2041,35,2198,352198,0,0,0,0,0,0,0,0,0,0,0,0,0,0,0,0,0,0,0,0,0,Salt Lake
2198_2042,2042,35,2198,352198,0,0,0,0,0,0,0,0,0,0,0,0,0,0,0,0,0,0,0,0,0,Salt Lake
2198_2043,2043,35,2198,352198,0,0,0,0,0,0,0,0,0,0,0,0,0,0,0,0,0,0,0,0,0,Salt Lake
2198_2044,2044,35,2198,352198,0,0,0,0,0,0,0,0,0,0,0,0,0,0,0,0,0,0,0,0,0,Salt Lake
2198_2045,2045,35,2198,352198,0,0,0,0,0,0,0,0,0,0,0,0,0,0,0,0,0,0,0,0,0,Salt Lake
2198_2046,2046,35,2198,352198,0,0,0,0,0,0,0,0,0,0,0,0,0,0,0,0,0,0,0,0,0,Salt Lake
2198_2047,2047,35,2198,352198,0,0,0,0,0,0,0,0,0,0,0,0,0,0,0,0,0,0,0,0,0,Salt Lake
2198_2048,2048,35,2198,352198,0,0,0,0,0,0,0,0,0,0,0,0,0,0,0,0,0,0,0,0,0,Salt Lake
2198_2049,2049,35,2198,352198,0,0,0,0,0,0,0,0,0,0,0,0,0,0,0,0,0,0,0,0,0,Salt Lake
2198_2050,2050,35,2198,352198,0,0,0,0,0,0,0,0,0,0,0,0,0,0,0,0,0,0,0,0,0,Salt Lake
2198_2051,2051,35,2198,352198,0,0,0,0,0,0,0,0,0,0,0,0,0,0,0,0,0,0,0,0,0,Salt Lake
2198_2052,2052,35,2198,352198,0,0,0,0,0,0,0,0,0,0,0,0,0,0,0,0,0,0,0,0,0,Salt Lake
2198_2053,2053,35,2198,352198,0,0,0,0,0,0,0,0,0,0,0,0,0,0,0,0,0,0,0,0,0,Salt Lake
2198_2054,2054,35,2198,352198,0,0,0,0,0,0,0,0,0,0,0,0,0,0,0,0,0,0,0,0,0,Salt Lake
2198_2055,2055,35,2198,352198,0,0,0,0,0,0,0,0,0,0,0,0,0,0,0,0,0,0,0,0,0,Salt Lake
2198_2056,2056,35,2198,352198,0,0,0,0,0,0,0,0,0,0,0,0,0,0,0,0,0,0,0,0,0,Salt Lake
2198_2057,2057,35,2198,352198,0,0,0,0,0,0,0,0,0,0,0,0,0,0,0,0,0,0,0,0,0,Salt Lake
2198_2058,2058,35,2198,352198,0,0,0,0,0,0,0,0,0,0,0,0,0,0,0,0,0,0,0,0,0,Salt Lake
2198_2059,2059,35,2198,352198,0,0,0,0,0,0,0,0,0,0,0,0,0,0,0,0,0,0,0,0,0,Salt Lake
2198_2060,2060,35,2198,352198,0,0,0,0,0,0,0,0,0,0,0,0,0,0,0,0,0,0,0,0,0,Salt Lake
2199_2010,2010,35,2199,352199,46.5,0,46.5,16.1,2.89,13.5,28.9,4.1,76.5,0,0,0,0,7.4,0,0,69.1,0,0,0,0,Salt Lake
2199_2011,2011,35,2199,352199,46.8,0,46.8,16.2,2.89,13.5,29.1,4.2,77.8,0,0,0,0,7.5,0,0,70.3,0,0,0,0,Salt Lake
2199_2012,2012,35,2199,352199,47.1,0,47.1,16.3,2.89,13.4,29.3,4.4,78.3,0,0,0,0,7.6,0,0,70.7,0,0,0,0,Salt Lake
2199_2013,2013,35,2199,352199,47.3,0,47.3,16.4,2.88,13.3,29.5,4.5,79.5,0,0,0,0,7.8,0,0,71.7,0,0,0,0,Salt Lake
2199_2014,2014,35,2199,352199,47.5,0,47.5,16.5,2.88,13.2,29.7,4.6,80.5,0,0,0,0,7.9,0,0,72.6,0,0,0,0,Salt Lake
2199_2015,2015,35,2199,352199,47.8,0,47.8,16.6,2.88,13.2,29.8,4.8,81.5,0,0,0,0,8,0,0,73.5,0,0,0,0,Salt Lake
2199_2016,2016,35,2199,352199,48.1,0,48.1,16.7,2.88,13.1,30.1,4.9,82.7,0,0,0,0,8.1,0,0,74.6,0,0,0,0,Salt Lake
2199_2017,2017,35,2199,352199,48.5,0,48.5,16.8,2.89,13.1,30.3,5.1,83.1,0,0,0,0,8.2,0,0,74.9,0,0,0,0,Salt Lake
2199_2018,2018,35,2199,352199,48.8,0,48.8,16.9,2.89,13,30.6,5.2,84.1,0,0,0,0,8.3,0,0,75.8,0,0,0,0,Salt Lake
2199_2019,2019,35,2199,352199,49,0,49,17,2.88,12.9,30.7,5.4,85,0,0,0,0,8.5,0,0,76.5,0,0,0,0,Salt Lake
2199_2020,2020,35,2199,352199,49.2,0,49.2,17.1,2.88,12.8,30.9,5.5,83.1,0,0,0,0,8.4,0,0,74.7,0,0,0,0,Salt Lake
2199_2021,2021,35,2199,352199,49.4,0,49.4,17.2,2.87,12.7,31,5.7,86.2,0,0,0,0,8.7,0,0,77.5,0,0,0,0,Salt Lake
2199_2022,2022,35,2199,352199,49.6,0,49.6,17.3,2.87,12.6,31.1,5.9,88.4,0,0,0,0,8.9,0,0,79.5,0,0,0,0,Salt Lake
2199_2023,2023,35,2199,352199,49.8,0,49.8,17.4,2.86,12.5,31.2,6.1,89.1,0,0,0,0,9.1,0,0,80,0,0,0,0,Salt Lake
2199_2024,2024,35,2199,352199,50,0,50,17.5,2.86,12.3,31.4,6.3,89.8,0,0,0,0,9.2,0,0,80.6,0,0,0,0,Salt Lake
2199_2025,2025,35,2199,352199,50.2,0,50.2,17.6,2.85,12.2,31.5,6.5,90.3,0,0,0,0,9.3,0,0,81,0,0,0,0,Salt Lake
2199_2026,2026,35,2199,352199,50.4,0,50.4,17.7,2.85,12,31.7,6.7,90.6,0,0,0,0,9.4,0,0,81.2,0,0,0,0,Salt Lake
2199_2027,2027,35,2199,352199,50.6,0,50.6,17.8,2.84,11.8,31.9,6.9,90.9,0,0,0,0,9.5,0,0,81.4,0,0,0,0,Salt Lake
2199_2028,2028,35,2199,352199,50.8,0,50.8,17.9,2.84,11.7,32,7.1,91.3,0,0,0,0,9.6,0,0,81.7,0,0,0,0,Salt Lake
2199_2029,2029,35,2199,352199,51,0,51,18,2.83,11.5,32.3,7.2,91.9,0,0,0,0,9.7,0,0,82.2,0,0,0,0,Salt Lake
2199_2030,2030,35,2199,352199,51.2,0,51.2,18.1,2.83,11.4,32.4,7.4,91.9,0,0,0,0,9.7,0,0,82.2,0,0,0,0,Salt Lake
2199_2031,2031,35,2199,352199,51.4,0,51.4,18.2,2.82,11.2,32.7,7.5,92,0,0,0,0,9.7,0,0,82.3,0,0,0,0,Salt Lake
2199_2032,2032,35,2199,352199,51.6,0,51.6,18.3,2.82,11.1,32.9,7.6,92.2,0,0,0,0,9.7,0,0,82.5,0,0,0,0,Salt Lake
2199_2033,2033,35,2199,352199,51.8,0,51.8,18.4,2.82,11,33.1,7.7,92.3,0,0,0,0,9.7,0,0,82.6,0,0,0,0,Salt Lake
2199_2034,2034,35,2199,352199,52,0,52,18.5,2.81,10.9,33.3,7.8,92.6,0,0,0,0,9.8,0,0,82.8,0,0,0,0,Salt Lake
2199_2035,2035,35,2199,352199,52.2,0,52.2,18.6,2.81,10.8,33.4,8,92.9,0,0,0,0,9.9,0,0,83,0,0,0,0,Salt Lake
2199_2036,2036,35,2199,352199,52.4,0,52.4,18.7,2.8,10.7,33.6,8.1,93.3,0,0,0,0,10,0,0,83.3,0,0,0,0,Salt Lake
2199_2037,2037,35,2199,352199,52.6,0,52.6,18.8,2.8,10.7,33.7,8.2,93.7,0,0,0,0,10.1,0,0,83.6,0,0,0,0,Salt Lake
2199_2038,2038,35,2199,352199,52.8,0,52.8,18.9,2.79,10.7,33.7,8.4,94.1,0,0,0,0,10.2,0,0,83.9,0,0,0,0,Salt Lake
2199_2039,2039,35,2199,352199,53,0,53,19,2.79,10.7,33.8,8.5,94.4,0,0,0,0,10.3,0,0,84.1,0,0,0,0,Salt Lake
2199_2040,2040,35,2199,352199,53.2,0,53.2,19.1,2.79,10.7,33.8,8.7,94.8,0,0,0,0,10.4,0,0,84.4,0,0,0,0,Salt Lake
2199_2041,2041,35,2199,352199,53.4,0,53.4,19.2,2.78,10.7,33.9,8.8,95.2,0,0,0,0,10.5,0,0,84.7,0,0,0,0,Salt Lake
2199_2042,2042,35,2199,352199,53.6,0,53.6,19.3,2.78,10.7,33.9,9,95.6,0,0,0,0,10.6,0,0,85,0,0,0,0,Salt Lake
2199_2043,2043,35,2199,352199,53.8,0,53.8,19.4,2.77,10.7,33.8,9.3,96,0,0,0,0,10.7,0,0,85.3,0,0,0,0,Salt Lake
2199_2044,2044,35,2199,352199,54,0,54,19.5,2.77,10.8,33.7,9.5,96.4,0,0,0,0,10.8,0,0,85.6,0,0,0,0,Salt Lake
2199_2045,2045,35,2199,352199,54.2,0,54.2,19.6,2.77,10.8,33.6,9.8,96.7,0,0,0,0,10.9,0,0,85.8,0,0,0,0,Salt Lake
2199_2046,2046,35,2199,352199,54.4,0,54.4,19.7,2.76,10.8,33.5,10.1,97,0,0,0,0,11,0,0,86,0,0,0,0,Salt Lake
2199_2047,2047,35,2199,352199,54.6,0,54.6,19.8,2.76,10.8,33.4,10.4,97.2,0,0,0,0,11,0,0,86.2,0,0,0,0,Salt Lake
2199_2048,2048,35,2199,352199,54.8,0,54.8,19.9,2.75,10.9,33.2,10.7,97.4,0,0,0,0,11,0,0,86.4,0,0,0,0,Salt Lake
2199_2049,2049,35,2199,352199,55,0,55,20,2.75,10.9,33.1,11,97.6,0,0,0,0,11,0,0,86.6,0,0,0,0,Salt Lake
2199_2050,2050,35,2199,352199,55.2,0,55.2,20.1,2.75,10.9,33,11.3,97.7,0,0,0,0,11,0,0,86.7,0,0,0,0,Salt Lake
2199_2051,2051,35,2199,352199,55.3,0,55.3,20.2,2.74,10.8,32.9,11.6,97.9,0,0,0,0,11,0,0,86.9,0,0,0,0,Salt Lake
2199_2052,2052,35,2199,352199,55.4,0,55.4,20.3,2.73,10.8,32.7,11.9,98,0,0,0,0,11,0,0,87,0,0,0,0,Salt Lake
2199_2053,2053,35,2199,352199,55.5,0,55.5,20.4,2.72,10.8,32.5,12.2,98.1,0,0,0,0,11,0,0,87.1,0,0,0,0,Salt Lake
2199_2054,2054,35,2199,352199,55.6,0,55.6,20.5,2.71,10.7,32.4,12.5,98.2,0,0,0,0,11,0,0,87.2,0,0,0,0,Salt Lake
2199_2055,2055,35,2199,352199,55.7,0,55.7,20.6,2.7,10.6,32.3,12.8,98.3,0,0,0,0,11,0,0,87.3,0,0,0,0,Salt Lake
2199_2056,2056,35,2199,352199,55.8,0,55.8,20.7,2.7,10.6,32.1,13.1,98.4,0,0,0,0,11,0,0,87.4,0,0,0,0,Salt Lake
2199_2057,2057,35,2199,352199,55.9,0,55.9,20.8,2.69,10.5,32.1,13.3,98.5,0,0,0,0,11,0,0,87.5,0,0,0,0,Salt Lake
2199_2058,2058,35,2199,352199,56,0,56,20.9,2.68,10.4,32.2,13.4,98.6,0,0,0,0,11,0,0,87.6,0,0,0,0,Salt Lake
2199_2059,2059,35,2199,352199,56.1,0,56.1,21,2.67,10.3,32.3,13.5,98.7,0,0,0,0,11,0,0,87.7,0,0,0,0,Salt Lake
2199_2060,2060,35,2199,352199,56.2,0,56.2,21.1,2.66,10.2,32.4,13.6,98.8,0,0,0,0,11,0,0,87.8,0,0,0,0,Salt Lake
2200_2010,2010,35,2200,352200,0,0,0,0,0,0,0,0,0,0,0,0,0,0,0,0,0,0,0,0,0,Salt Lake
2200_2011,2011,35,2200,352200,0,0,0,0,0,0,0,0,0,0,0,0,0,0,0,0,0,0,0,0,0,Salt Lake
2200_2012,2012,35,2200,352200,0,0,0,0,0,0,0,0,0,0,0,0,0,0,0,0,0,0,0,0,0,Salt Lake
2200_2013,2013,35,2200,352200,0,0,0,0,0,0,0,0,0,0,0,0,0,0,0,0,0,0,0,0,0,Salt Lake
2200_2014,2014,35,2200,352200,0,0,0,0,0,0,0,0,0,0,0,0,0,0,0,0,0,0,0,0,0,Salt Lake
2200_2015,2015,35,2200,352200,0,0,0,0,0,0,0,0,0,0,0,0,0,0,0,0,0,0,0,0,0,Salt Lake
2200_2016,2016,35,2200,352200,0,0,0,0,0,0,0,0,0,0,0,0,0,0,0,0,0,0,0,0,0,Salt Lake
2200_2017,2017,35,2200,352200,0,0,0,0,0,0,0,0,0,0,0,0,0,0,0,0,0,0,0,0,0,Salt Lake
2200_2018,2018,35,2200,352200,0,0,0,0,0,0,0,0,0,0,0,0,0,0,0,0,0,0,0,0,0,Salt Lake
2200_2019,2019,35,2200,352200,0,0,0,0,0,0,0,0,0,0,0,0,0,0,0,0,0,0,0,0,0,Salt Lake
2200_2020,2020,35,2200,352200,0,0,0,0,0,0,0,0,0,0,0,0,0,0,0,0,0,0,0,0,0,Salt Lake
2200_2021,2021,35,2200,352200,0,0,0,0,0,0,0,0,0,0,0,0,0,0,0,0,0,0,0,0,0,Salt Lake
2200_2022,2022,35,2200,352200,0,0,0,0,0,0,0,0,0,0,0,0,0,0,0,0,0,0,0,0,0,Salt Lake
2200_2023,2023,35,2200,352200,0,0,0,0,0,0,0,0,0,0,0,0,0,0,0,0,0,0,0,0,0,Salt Lake
2200_2024,2024,35,2200,352200,0,0,0,0,0,0,0,0,0,0,0,0,0,0,0,0,0,0,0,0,0,Salt Lake
2200_2025,2025,35,2200,352200,0,0,0,0,0,0,0,0,0,0,0,0,0,0,0,0,0,0,0,0,0,Salt Lake
2200_2026,2026,35,2200,352200,0,0,0,0,0,0,0,0,0,0,0,0,0,0,0,0,0,0,0,0,0,Salt Lake
2200_2027,2027,35,2200,352200,0,0,0,0,0,0,0,0,0,0,0,0,0,0,0,0,0,0,0,0,0,Salt Lake
2200_2028,2028,35,2200,352200,0,0,0,0,0,0,0,0,0,0,0,0,0,0,0,0,0,0,0,0,0,Salt Lake
2200_2029,2029,35,2200,352200,0,0,0,0,0,0,0,0,0,0,0,0,0,0,0,0,0,0,0,0,0,Salt Lake
2200_2030,2030,35,2200,352200,0,0,0,0,0,0,0,0,0,0,0,0,0,0,0,0,0,0,0,0,0,Salt Lake
2200_2031,2031,35,2200,352200,0,0,0,0,0,0,0,0,0,0,0,0,0,0,0,0,0,0,0,0,0,Salt Lake
2200_2032,2032,35,2200,352200,0,0,0,0,0,0,0,0,0,0,0,0,0,0,0,0,0,0,0,0,0,Salt Lake
2200_2033,2033,35,2200,352200,0,0,0,0,0,0,0,0,0,0,0,0,0,0,0,0,0,0,0,0,0,Salt Lake
2200_2034,2034,35,2200,352200,0,0,0,0,0,0,0,0,0,0,0,0,0,0,0,0,0,0,0,0,0,Salt Lake
2200_2035,2035,35,2200,352200,0,0,0,0,0,0,0,0,0,0,0,0,0,0,0,0,0,0,0,0,0,Salt Lake
2200_2036,2036,35,2200,352200,0,0,0,0,0,0,0,0,0,0,0,0,0,0,0,0,0,0,0,0,0,Salt Lake
2200_2037,2037,35,2200,352200,0,0,0,0,0,0,0,0,0,0,0,0,0,0,0,0,0,0,0,0,0,Salt Lake
2200_2038,2038,35,2200,352200,0,0,0,0,0,0,0,0,0,0,0,0,0,0,0,0,0,0,0,0,0,Salt Lake
2200_2039,2039,35,2200,352200,0,0,0,0,0,0,0,0,0,0,0,0,0,0,0,0,0,0,0,0,0,Salt Lake
2200_2040,2040,35,2200,352200,0,0,0,0,0,0,0,0,0,0,0,0,0,0,0,0,0,0,0,0,0,Salt Lake
2200_2041,2041,35,2200,352200,0,0,0,0,0,0,0,0,0,0,0,0,0,0,0,0,0,0,0,0,0,Salt Lake
2200_2042,2042,35,2200,352200,0,0,0,0,0,0,0,0,0,0,0,0,0,0,0,0,0,0,0,0,0,Salt Lake
2200_2043,2043,35,2200,352200,0,0,0,0,0,0,0,0,0,0,0,0,0,0,0,0,0,0,0,0,0,Salt Lake
2200_2044,2044,35,2200,352200,0,0,0,0,0,0,0,0,0,0,0,0,0,0,0,0,0,0,0,0,0,Salt Lake
2200_2045,2045,35,2200,352200,0,0,0,0,0,0,0,0,0,0,0,0,0,0,0,0,0,0,0,0,0,Salt Lake
2200_2046,2046,35,2200,352200,0,0,0,0,0,0,0,0,0,0,0,0,0,0,0,0,0,0,0,0,0,Salt Lake
2200_2047,2047,35,2200,352200,0,0,0,0,0,0,0,0,0,0,0,0,0,0,0,0,0,0,0,0,0,Salt Lake
2200_2048,2048,35,2200,352200,0,0,0,0,0,0,0,0,0,0,0,0,0,0,0,0,0,0,0,0,0,Salt Lake
2200_2049,2049,35,2200,352200,0,0,0,0,0,0,0,0,0,0,0,0,0,0,0,0,0,0,0,0,0,Salt Lake
2200_2050,2050,35,2200,352200,0,0,0,0,0,0,0,0,0,0,0,0,0,0,0,0,0,0,0,0,0,Salt Lake
2200_2051,2051,35,2200,352200,0,0,0,0,0,0,0,0,0,0,0,0,0,0,0,0,0,0,0,0,0,Salt Lake
2200_2052,2052,35,2200,352200,0,0,0,0,0,0,0,0,0,0,0,0,0,0,0,0,0,0,0,0,0,Salt Lake
2200_2053,2053,35,2200,352200,0,0,0,0,0,0,0,0,0,0,0,0,0,0,0,0,0,0,0,0,0,Salt Lake
2200_2054,2054,35,2200,352200,0,0,0,0,0,0,0,0,0,0,0,0,0,0,0,0,0,0,0,0,0,Salt Lake
2200_2055,2055,35,2200,352200,0,0,0,0,0,0,0,0,0,0,0,0,0,0,0,0,0,0,0,0,0,Salt Lake
2200_2056,2056,35,2200,352200,0,0,0,0,0,0,0,0,0,0,0,0,0,0,0,0,0,0,0,0,0,Salt Lake
2200_2057,2057,35,2200,352200,0,0,0,0,0,0,0,0,0,0,0,0,0,0,0,0,0,0,0,0,0,Salt Lake
2200_2058,2058,35,2200,352200,0,0,0,0,0,0,0,0,0,0,0,0,0,0,0,0,0,0,0,0,0,Salt Lake
2200_2059,2059,35,2200,352200,0,0,0,0,0,0,0,0,0,0,0,0,0,0,0,0,0,0,0,0,0,Salt Lake
2200_2060,2060,35,2200,352200,0,0,0,0,0,0,0,0,0,0,0,0,0,0,0,0,0,0,0,0,0,Salt Lake
2201_2010,2010,35,2201,352201,0,0,0,0,0,0,0,0,0,0,0,0,0,0,0,0,0,0,0,0,0,Salt Lake
2201_2011,2011,35,2201,352201,0,0,0,0,0,0,0,0,0,0,0,0,0,0,0,0,0,0,0,0,0,Salt Lake
2201_2012,2012,35,2201,352201,0,0,0,0,0,0,0,0,0,0,0,0,0,0,0,0,0,0,0,0,0,Salt Lake
2201_2013,2013,35,2201,352201,0,0,0,0,0,0,0,0,0,0,0,0,0,0,0,0,0,0,0,0,0,Salt Lake
2201_2014,2014,35,2201,352201,0,0,0,0,0,0,0,0,0,0,0,0,0,0,0,0,0,0,0,0,0,Salt Lake
2201_2015,2015,35,2201,352201,0,0,0,0,0,0,0,0,0,0,0,0,0,0,0,0,0,0,0,0,0,Salt Lake
2201_2016,2016,35,2201,352201,0,0,0,0,0,0,0,0,0,0,0,0,0,0,0,0,0,0,0,0,0,Salt Lake
2201_2017,2017,35,2201,352201,0,0,0,0,0,0,0,0,0,0,0,0,0,0,0,0,0,0,0,0,0,Salt Lake
2201_2018,2018,35,2201,352201,0,0,0,0,0,0,0,0,0,0,0,0,0,0,0,0,0,0,0,0,0,Salt Lake
2201_2019,2019,35,2201,352201,0,0,0,0,0,0,0,0,0,0,0,0,0,0,0,0,0,0,0,0,0,Salt Lake
2201_2020,2020,35,2201,352201,0,0,0,0,0,0,0,0,0,0,0,0,0,0,0,0,0,0,0,0,0,Salt Lake
2201_2021,2021,35,2201,352201,0,0,0,0,0,0,0,0,0,0,0,0,0,0,0,0,0,0,0,0,0,Salt Lake
2201_2022,2022,35,2201,352201,0,0,0,0,0,0,0,0,0,0,0,0,0,0,0,0,0,0,0,0,0,Salt Lake
2201_2023,2023,35,2201,352201,0,0,0,0,0,0,0,0,0,0,0,0,0,0,0,0,0,0,0,0,0,Salt Lake
2201_2024,2024,35,2201,352201,0,0,0,0,0,0,0,0,0,0,0,0,0,0,0,0,0,0,0,0,0,Salt Lake
2201_2025,2025,35,2201,352201,0,0,0,0,0,0,0,0,0,0,0,0,0,0,0,0,0,0,0,0,0,Salt Lake
2201_2026,2026,35,2201,352201,0,0,0,0,0,0,0,0,0,0,0,0,0,0,0,0,0,0,0,0,0,Salt Lake
2201_2027,2027,35,2201,352201,0,0,0,0,0,0,0,0,0,0,0,0,0,0,0,0,0,0,0,0,0,Salt Lake
2201_2028,2028,35,2201,352201,0,0,0,0,0,0,0,0,0,0,0,0,0,0,0,0,0,0,0,0,0,Salt Lake
2201_2029,2029,35,2201,352201,0,0,0,0,0,0,0,0,0,0,0,0,0,0,0,0,0,0,0,0,0,Salt Lake
2201_2030,2030,35,2201,352201,0,0,0,0,0,0,0,0,0,0,0,0,0,0,0,0,0,0,0,0,0,Salt Lake
2201_2031,2031,35,2201,352201,0,0,0,0,0,0,0,0,0,0,0,0,0,0,0,0,0,0,0,0,0,Salt Lake
2201_2032,2032,35,2201,352201,0,0,0,0,0,0,0,0,0,0,0,0,0,0,0,0,0,0,0,0,0,Salt Lake
2201_2033,2033,35,2201,352201,0,0,0,0,0,0,0,0,0,0,0,0,0,0,0,0,0,0,0,0,0,Salt Lake
2201_2034,2034,35,2201,352201,0,0,0,0,0,0,0,0,0,0,0,0,0,0,0,0,0,0,0,0,0,Salt Lake
2201_2035,2035,35,2201,352201,0,0,0,0,0,0,0,0,0,0,0,0,0,0,0,0,0,0,0,0,0,Salt Lake
2201_2036,2036,35,2201,352201,0,0,0,0,0,0,0,0,0,0,0,0,0,0,0,0,0,0,0,0,0,Salt Lake
2201_2037,2037,35,2201,352201,0,0,0,0,0,0,0,0,0,0,0,0,0,0,0,0,0,0,0,0,0,Salt Lake
2201_2038,2038,35,2201,352201,0,0,0,0,0,0,0,0,0,0,0,0,0,0,0,0,0,0,0,0,0,Salt Lake
2201_2039,2039,35,2201,352201,0,0,0,0,0,0,0,0,0,0,0,0,0,0,0,0,0,0,0,0,0,Salt Lake
2201_2040,2040,35,2201,352201,0,0,0,0,0,0,0,0,0,0,0,0,0,0,0,0,0,0,0,0,0,Salt Lake
2201_2041,2041,35,2201,352201,0,0,0,0,0,0,0,0,0,0,0,0,0,0,0,0,0,0,0,0,0,Salt Lake
2201_2042,2042,35,2201,352201,0,0,0,0,0,0,0,0,0,0,0,0,0,0,0,0,0,0,0,0,0,Salt Lake
2201_2043,2043,35,2201,352201,0,0,0,0,0,0,0,0,0,0,0,0,0,0,0,0,0,0,0,0,0,Salt Lake
2201_2044,2044,35,2201,352201,0,0,0,0,0,0,0,0,0,0,0,0,0,0,0,0,0,0,0,0,0,Salt Lake
2201_2045,2045,35,2201,352201,0,0,0,0,0,0,0,0,0,0,0,0,0,0,0,0,0,0,0,0,0,Salt Lake
2201_2046,2046,35,2201,352201,0,0,0,0,0,0,0,0,0,0,0,0,0,0,0,0,0,0,0,0,0,Salt Lake
2201_2047,2047,35,2201,352201,0,0,0,0,0,0,0,0,0,0,0,0,0,0,0,0,0,0,0,0,0,Salt Lake
2201_2048,2048,35,2201,352201,0,0,0,0,0,0,0,0,0,0,0,0,0,0,0,0,0,0,0,0,0,Salt Lake
2201_2049,2049,35,2201,352201,0,0,0,0,0,0,0,0,0,0,0,0,0,0,0,0,0,0,0,0,0,Salt Lake
2201_2050,2050,35,2201,352201,0,0,0,0,0,0,0,0,0,0,0,0,0,0,0,0,0,0,0,0,0,Salt Lake
2201_2051,2051,35,2201,352201,0,0,0,0,0,0,0,0,0,0,0,0,0,0,0,0,0,0,0,0,0,Salt Lake
2201_2052,2052,35,2201,352201,0,0,0,0,0,0,0,0,0,0,0,0,0,0,0,0,0,0,0,0,0,Salt Lake
2201_2053,2053,35,2201,352201,0,0,0,0,0,0,0,0,0,0,0,0,0,0,0,0,0,0,0,0,0,Salt Lake
2201_2054,2054,35,2201,352201,0,0,0,0,0,0,0,0,0,0,0,0,0,0,0,0,0,0,0,0,0,Salt Lake
2201_2055,2055,35,2201,352201,0,0,0,0,0,0,0,0,0,0,0,0,0,0,0,0,0,0,0,0,0,Salt Lake
2201_2056,2056,35,2201,352201,0,0,0,0,0,0,0,0,0,0,0,0,0,0,0,0,0,0,0,0,0,Salt Lake
2201_2057,2057,35,2201,352201,0,0,0,0,0,0,0,0,0,0,0,0,0,0,0,0,0,0,0,0,0,Salt Lake
2201_2058,2058,35,2201,352201,0,0,0,0,0,0,0,0,0,0,0,0,0,0,0,0,0,0,0,0,0,Salt Lake
2201_2059,2059,35,2201,352201,0,0,0,0,0,0,0,0,0,0,0,0,0,0,0,0,0,0,0,0,0,Salt Lake
2201_2060,2060,35,2201,352201,0,0,0,0,0,0,0,0,0,0,0,0,0,0,0,0,0,0,0,0,0,Salt Lake
2202_2010,2010,35,2202,352202,0,0,0,0,0,0,0,0,5,0,0,0,0,0,5,0,0,0,0,0,0,Salt Lake
2202_2011,2011,35,2202,352202,0,0,0,0,0,0,0,0,5,0,0,0,0,0,5,0,0,0,0,0,0,Salt Lake
2202_2012,2012,35,2202,352202,0,0,0,0,0,0,0,0,5,0,0,0,0,0,5,0,0,0,0,0,0,Salt Lake
2202_2013,2013,35,2202,352202,0,0,0,0,0,0,0,0,5,0,0,0,0,0,5,0,0,0,0,0,0,Salt Lake
2202_2014,2014,35,2202,352202,0,0,0,0,0,0,0,0,5,0,0,0,0,0,5,0,0,0,0,0,0,Salt Lake
2202_2015,2015,35,2202,352202,0,0,0,0,0,0,0,0,5,0,0,0,0,0,5,0,0,0,0,0,0,Salt Lake
2202_2016,2016,35,2202,352202,0,0,0,0,0,0,0,0,5,0,0,0,0,0,5,0,0,0,0,0,0,Salt Lake
2202_2017,2017,35,2202,352202,0,0,0,0,0,0,0,0,5,0,0,0,0,0,5,0,0,0,0,0,0,Salt Lake
2202_2018,2018,35,2202,352202,0,0,0,0,0,0,0,0,5,0,0,0,0,0,5,0,0,0,0,0,0,Salt Lake
2202_2019,2019,35,2202,352202,0,0,0,0,0,0,0,0,5,0,0,0,0,0,5,0,0,0,0,0,0,Salt Lake
2202_2020,2020,35,2202,352202,0,0,0,0,0,0,0,0,5,0,0,0,0,0,5,0,0,0,0,0,0,Salt Lake
2202_2021,2021,35,2202,352202,0,0,0,0,0,0,0,0,5,0,0,0,0,0,5,0,0,0,0,0,0,Salt Lake
2202_2022,2022,35,2202,352202,0,0,0,0,0,0,0,0,5,0,0,0,0,0,5,0,0,0,0,0,0,Salt Lake
2202_2023,2023,35,2202,352202,0,0,0,0,0,0,0,0,5,0,0,0,0,0,5,0,0,0,0,0,0,Salt Lake
2202_2024,2024,35,2202,352202,0,0,0,0,0,0,0,0,5,0,0,0,0,0,5,0,0,0,0,0,0,Salt Lake
2202_2025,2025,35,2202,352202,0,0,0,0,0,0,0,0,5,0,0,0,0,0,5,0,0,0,0,0,0,Salt Lake
2202_2026,2026,35,2202,352202,0,0,0,0,0,0,0,0,5,0,0,0,0,0,5,0,0,0,0,0,0,Salt Lake
2202_2027,2027,35,2202,352202,0,0,0,0,0,0,0,0,5,0,0,0,0,0,5,0,0,0,0,0,0,Salt Lake
2202_2028,2028,35,2202,352202,0,0,0,0,0,0,0,0,5,0,0,0,0,0,5,0,0,0,0,0,0,Salt Lake
2202_2029,2029,35,2202,352202,0,0,0,0,0,0,0,0,5,0,0,0,0,0,5,0,0,0,0,0,0,Salt Lake
2202_2030,2030,35,2202,352202,0,0,0,0,0,0,0,0,5,0,0,0,0,0,5,0,0,0,0,0,0,Salt Lake
2202_2031,2031,35,2202,352202,0,0,0,0,0,0,0,0,5,0,0,0,0,0,5,0,0,0,0,0,0,Salt Lake
2202_2032,2032,35,2202,352202,0,0,0,0,0,0,0,0,5,0,0,0,0,0,5,0,0,0,0,0,0,Salt Lake
2202_2033,2033,35,2202,352202,0,0,0,0,0,0,0,0,5,0,0,0,0,0,5,0,0,0,0,0,0,Salt Lake
2202_2034,2034,35,2202,352202,0,0,0,0,0,0,0,0,5,0,0,0,0,0,5,0,0,0,0,0,0,Salt Lake
2202_2035,2035,35,2202,352202,0,0,0,0,0,0,0,0,5,0,0,0,0,0,5,0,0,0,0,0,0,Salt Lake
2202_2036,2036,35,2202,352202,0,0,0,0,0,0,0,0,5,0,0,0,0,0,5,0,0,0,0,0,0,Salt Lake
2202_2037,2037,35,2202,352202,0,0,0,0,0,0,0,0,5,0,0,0,0,0,5,0,0,0,0,0,0,Salt Lake
2202_2038,2038,35,2202,352202,0,0,0,0,0,0,0,0,5,0,0,0,0,0,5,0,0,0,0,0,0,Salt Lake
2202_2039,2039,35,2202,352202,0,0,0,0,0,0,0,0,5,0,0,0,0,0,5,0,0,0,0,0,0,Salt Lake
2202_2040,2040,35,2202,352202,0,0,0,0,0,0,0,0,5,0,0,0,0,0,5,0,0,0,0,0,0,Salt Lake
2202_2041,2041,35,2202,352202,0,0,0,0,0,0,0,0,5,0,0,0,0,0,5,0,0,0,0,0,0,Salt Lake
2202_2042,2042,35,2202,352202,0,0,0,0,0,0,0,0,5,0,0,0,0,0,5,0,0,0,0,0,0,Salt Lake
2202_2043,2043,35,2202,352202,0,0,0,0,0,0,0,0,5,0,0,0,0,0,5,0,0,0,0,0,0,Salt Lake
2202_2044,2044,35,2202,352202,0,0,0,0,0,0,0,0,5,0,0,0,0,0,5,0,0,0,0,0,0,Salt Lake
2202_2045,2045,35,2202,352202,0,0,0,0,0,0,0,0,5,0,0,0,0,0,5,0,0,0,0,0,0,Salt Lake
2202_2046,2046,35,2202,352202,0,0,0,0,0,0,0,0,5,0,0,0,0,0,5,0,0,0,0,0,0,Salt Lake
2202_2047,2047,35,2202,352202,0,0,0,0,0,0,0,0,5,0,0,0,0,0,5,0,0,0,0,0,0,Salt Lake
2202_2048,2048,35,2202,352202,0,0,0,0,0,0,0,0,5,0,0,0,0,0,5,0,0,0,0,0,0,Salt Lake
2202_2049,2049,35,2202,352202,0,0,0,0,0,0,0,0,5,0,0,0,0,0,5,0,0,0,0,0,0,Salt Lake
2202_2050,2050,35,2202,352202,0,0,0,0,0,0,0,0,5,0,0,0,0,0,5,0,0,0,0,0,0,Salt Lake
2202_2051,2051,35,2202,352202,0,0,0,0,0,0,0,0,5,0,0,0,0,0,5,0,0,0,0,0,0,Salt Lake
2202_2052,2052,35,2202,352202,0,0,0,0,0,0,0,0,5,0,0,0,0,0,5,0,0,0,0,0,0,Salt Lake
2202_2053,2053,35,2202,352202,0,0,0,0,0,0,0,0,5,0,0,0,0,0,5,0,0,0,0,0,0,Salt Lake
2202_2054,2054,35,2202,352202,0,0,0,0,0,0,0,0,5,0,0,0,0,0,5,0,0,0,0,0,0,Salt Lake
2202_2055,2055,35,2202,352202,0,0,0,0,0,0,0,0,5,0,0,0,0,0,5,0,0,0,0,0,0,Salt Lake
2202_2056,2056,35,2202,352202,0,0,0,0,0,0,0,0,5,0,0,0,0,0,5,0,0,0,0,0,0,Salt Lake
2202_2057,2057,35,2202,352202,0,0,0,0,0,0,0,0,5,0,0,0,0,0,5,0,0,0,0,0,0,Salt Lake
2202_2058,2058,35,2202,352202,0,0,0,0,0,0,0,0,5,0,0,0,0,0,5,0,0,0,0,0,0,Salt Lake
2202_2059,2059,35,2202,352202,0,0,0,0,0,0,0,0,5,0,0,0,0,0,5,0,0,0,0,0,0,Salt Lake
2202_2060,2060,35,2202,352202,0,0,0,0,0,0,0,0,5,0,0,0,0,0,5,0,0,0,0,0,0,Salt Lake
2203_2010,2010,35,2203,352203,0,0,0,0,0,0,0,0,0,0,0,0,0,0,0,0,0,0,0,0,0,Salt Lake
2203_2011,2011,35,2203,352203,0,0,0,0,0,0,0,0,0,0,0,0,0,0,0,0,0,0,0,0,0,Salt Lake
2203_2012,2012,35,2203,352203,0,0,0,0,0,0,0,0,0,0,0,0,0,0,0,0,0,0,0,0,0,Salt Lake
2203_2013,2013,35,2203,352203,0,0,0,0,0,0,0,0,0,0,0,0,0,0,0,0,0,0,0,0,0,Salt Lake
2203_2014,2014,35,2203,352203,0,0,0,0,0,0,0,0,0,0,0,0,0,0,0,0,0,0,0,0,0,Salt Lake
2203_2015,2015,35,2203,352203,0,0,0,0,0,0,0,0,0,0,0,0,0,0,0,0,0,0,0,0,0,Salt Lake
2203_2016,2016,35,2203,352203,0,0,0,0,0,0,0,0,0,0,0,0,0,0,0,0,0,0,0,0,0,Salt Lake
2203_2017,2017,35,2203,352203,0,0,0,0,0,0,0,0,0,0,0,0,0,0,0,0,0,0,0,0,0,Salt Lake
2203_2018,2018,35,2203,352203,0,0,0,0,0,0,0,0,0,0,0,0,0,0,0,0,0,0,0,0,0,Salt Lake
2203_2019,2019,35,2203,352203,0,0,0,0,0,0,0,0,0,0,0,0,0,0,0,0,0,0,0,0,0,Salt Lake
2203_2020,2020,35,2203,352203,0,0,0,0,0,0,0,0,0,0,0,0,0,0,0,0,0,0,0,0,0,Salt Lake
2203_2021,2021,35,2203,352203,0,0,0,0,0,0,0,0,0,0,0,0,0,0,0,0,0,0,0,0,0,Salt Lake
2203_2022,2022,35,2203,352203,0,0,0,0,0,0,0,0,0,0,0,0,0,0,0,0,0,0,0,0,0,Salt Lake
2203_2023,2023,35,2203,352203,0,0,0,0,0,0,0,0,0,0,0,0,0,0,0,0,0,0,0,0,0,Salt Lake
2203_2024,2024,35,2203,352203,0,0,0,0,0,0,0,0,0,0,0,0,0,0,0,0,0,0,0,0,0,Salt Lake
2203_2025,2025,35,2203,352203,0,0,0,0,0,0,0,0,0,0,0,0,0,0,0,0,0,0,0,0,0,Salt Lake
2203_2026,2026,35,2203,352203,0,0,0,0,0,0,0,0,0,0,0,0,0,0,0,0,0,0,0,0,0,Salt Lake
2203_2027,2027,35,2203,352203,0,0,0,0,0,0,0,0,0,0,0,0,0,0,0,0,0,0,0,0,0,Salt Lake
2203_2028,2028,35,2203,352203,0,0,0,0,0,0,0,0,0,0,0,0,0,0,0,0,0,0,0,0,0,Salt Lake
2203_2029,2029,35,2203,352203,0,0,0,0,0,0,0,0,0,0,0,0,0,0,0,0,0,0,0,0,0,Salt Lake
2203_2030,2030,35,2203,352203,0,0,0,0,0,0,0,0,0,0,0,0,0,0,0,0,0,0,0,0,0,Salt Lake
2203_2031,2031,35,2203,352203,0,0,0,0,0,0,0,0,0,0,0,0,0,0,0,0,0,0,0,0,0,Salt Lake
2203_2032,2032,35,2203,352203,0,0,0,0,0,0,0,0,0,0,0,0,0,0,0,0,0,0,0,0,0,Salt Lake
2203_2033,2033,35,2203,352203,0,0,0,0,0,0,0,0,0,0,0,0,0,0,0,0,0,0,0,0,0,Salt Lake
2203_2034,2034,35,2203,352203,0,0,0,0,0,0,0,0,0,0,0,0,0,0,0,0,0,0,0,0,0,Salt Lake
2203_2035,2035,35,2203,352203,0,0,0,0,0,0,0,0,0,0,0,0,0,0,0,0,0,0,0,0,0,Salt Lake
2203_2036,2036,35,2203,352203,0,0,0,0,0,0,0,0,0,0,0,0,0,0,0,0,0,0,0,0,0,Salt Lake
2203_2037,2037,35,2203,352203,0,0,0,0,0,0,0,0,0,0,0,0,0,0,0,0,0,0,0,0,0,Salt Lake
2203_2038,2038,35,2203,352203,0,0,0,0,0,0,0,0,0,0,0,0,0,0,0,0,0,0,0,0,0,Salt Lake
2203_2039,2039,35,2203,352203,0,0,0,0,0,0,0,0,0,0,0,0,0,0,0,0,0,0,0,0,0,Salt Lake
2203_2040,2040,35,2203,352203,0,0,0,0,0,0,0,0,0,0,0,0,0,0,0,0,0,0,0,0,0,Salt Lake
2203_2041,2041,35,2203,352203,0,0,0,0,0,0,0,0,0,0,0,0,0,0,0,0,0,0,0,0,0,Salt Lake
2203_2042,2042,35,2203,352203,0,0,0,0,0,0,0,0,0,0,0,0,0,0,0,0,0,0,0,0,0,Salt Lake
2203_2043,2043,35,2203,352203,0,0,0,0,0,0,0,0,0,0,0,0,0,0,0,0,0,0,0,0,0,Salt Lake
2203_2044,2044,35,2203,352203,0,0,0,0,0,0,0,0,0,0,0,0,0,0,0,0,0,0,0,0,0,Salt Lake
2203_2045,2045,35,2203,352203,0,0,0,0,0,0,0,0,0,0,0,0,0,0,0,0,0,0,0,0,0,Salt Lake
2203_2046,2046,35,2203,352203,0,0,0,0,0,0,0,0,0,0,0,0,0,0,0,0,0,0,0,0,0,Salt Lake
2203_2047,2047,35,2203,352203,0,0,0,0,0,0,0,0,0,0,0,0,0,0,0,0,0,0,0,0,0,Salt Lake
2203_2048,2048,35,2203,352203,0,0,0,0,0,0,0,0,0,0,0,0,0,0,0,0,0,0,0,0,0,Salt Lake
2203_2049,2049,35,2203,352203,0,0,0,0,0,0,0,0,0,0,0,0,0,0,0,0,0,0,0,0,0,Salt Lake
2203_2050,2050,35,2203,352203,0,0,0,0,0,0,0,0,0,0,0,0,0,0,0,0,0,0,0,0,0,Salt Lake
2203_2051,2051,35,2203,352203,0,0,0,0,0,0,0,0,0,0,0,0,0,0,0,0,0,0,0,0,0,Salt Lake
2203_2052,2052,35,2203,352203,0,0,0,0,0,0,0,0,0,0,0,0,0,0,0,0,0,0,0,0,0,Salt Lake
2203_2053,2053,35,2203,352203,0,0,0,0,0,0,0,0,0,0,0,0,0,0,0,0,0,0,0,0,0,Salt Lake
2203_2054,2054,35,2203,352203,0,0,0,0,0,0,0,0,0,0,0,0,0,0,0,0,0,0,0,0,0,Salt Lake
2203_2055,2055,35,2203,352203,0,0,0,0,0,0,0,0,0,0,0,0,0,0,0,0,0,0,0,0,0,Salt Lake
2203_2056,2056,35,2203,352203,0,0,0,0,0,0,0,0,0,0,0,0,0,0,0,0,0,0,0,0,0,Salt Lake
2203_2057,2057,35,2203,352203,0,0,0,0,0,0,0,0,0,0,0,0,0,0,0,0,0,0,0,0,0,Salt Lake
2203_2058,2058,35,2203,352203,0,0,0,0,0,0,0,0,0,0,0,0,0,0,0,0,0,0,0,0,0,Salt Lake
2203_2059,2059,35,2203,352203,0,0,0,0,0,0,0,0,0,0,0,0,0,0,0,0,0,0,0,0,0,Salt Lake
2203_2060,2060,35,2203,352203,0,0,0,0,0,0,0,0,0,0,0,0,0,0,0,0,0,0,0,0,0,Salt Lake
2204_2010,2010,35,2204,352204,0,0,0,0,0,0,0,0,0,0,0,0,0,0,0,0,0,0,0,0,0,Salt Lake
2204_2011,2011,35,2204,352204,0,0,0,0,0,0,0,0,0,0,0,0,0,0,0,0,0,0,0,0,0,Salt Lake
2204_2012,2012,35,2204,352204,0,0,0,0,0,0,0,0,0,0,0,0,0,0,0,0,0,0,0,0,0,Salt Lake
2204_2013,2013,35,2204,352204,0,0,0,0,0,0,0,0,0,0,0,0,0,0,0,0,0,0,0,0,0,Salt Lake
2204_2014,2014,35,2204,352204,0,0,0,0,0,0,0,0,0,0,0,0,0,0,0,0,0,0,0,0,0,Salt Lake
2204_2015,2015,35,2204,352204,0,0,0,0,0,0,0,0,0,0,0,0,0,0,0,0,0,0,0,0,0,Salt Lake
2204_2016,2016,35,2204,352204,0,0,0,0,0,0,0,0,0,0,0,0,0,0,0,0,0,0,0,0,0,Salt Lake
2204_2017,2017,35,2204,352204,0,0,0,0,0,0,0,0,0,0,0,0,0,0,0,0,0,0,0,0,0,Salt Lake
2204_2018,2018,35,2204,352204,0,0,0,0,0,0,0,0,0,0,0,0,0,0,0,0,0,0,0,0,0,Salt Lake
2204_2019,2019,35,2204,352204,0,0,0,0,0,0,0,0,0,0,0,0,0,0,0,0,0,0,0,0,0,Salt Lake
2204_2020,2020,35,2204,352204,0,0,0,0,0,0,0,0,0,0,0,0,0,0,0,0,0,0,0,0,0,Salt Lake
2204_2021,2021,35,2204,352204,0,0,0,0,0,0,0,0,0,0,0,0,0,0,0,0,0,0,0,0,0,Salt Lake
2204_2022,2022,35,2204,352204,0,0,0,0,0,0,0,0,0,0,0,0,0,0,0,0,0,0,0,0,0,Salt Lake
2204_2023,2023,35,2204,352204,0,0,0,0,0,0,0,0,0,0,0,0,0,0,0,0,0,0,0,0,0,Salt Lake
2204_2024,2024,35,2204,352204,0,0,0,0,0,0,0,0,0,0,0,0,0,0,0,0,0,0,0,0,0,Salt Lake
2204_2025,2025,35,2204,352204,0,0,0,0,0,0,0,0,0,0,0,0,0,0,0,0,0,0,0,0,0,Salt Lake
2204_2026,2026,35,2204,352204,0,0,0,0,0,0,0,0,0,0,0,0,0,0,0,0,0,0,0,0,0,Salt Lake
2204_2027,2027,35,2204,352204,0,0,0,0,0,0,0,0,0,0,0,0,0,0,0,0,0,0,0,0,0,Salt Lake
2204_2028,2028,35,2204,352204,0,0,0,0,0,0,0,0,0,0,0,0,0,0,0,0,0,0,0,0,0,Salt Lake
2204_2029,2029,35,2204,352204,0,0,0,0,0,0,0,0,0,0,0,0,0,0,0,0,0,0,0,0,0,Salt Lake
2204_2030,2030,35,2204,352204,0,0,0,0,0,0,0,0,0,0,0,0,0,0,0,0,0,0,0,0,0,Salt Lake
2204_2031,2031,35,2204,352204,0,0,0,0,0,0,0,0,0,0,0,0,0,0,0,0,0,0,0,0,0,Salt Lake
2204_2032,2032,35,2204,352204,0,0,0,0,0,0,0,0,0,0,0,0,0,0,0,0,0,0,0,0,0,Salt Lake
2204_2033,2033,35,2204,352204,0,0,0,0,0,0,0,0,0,0,0,0,0,0,0,0,0,0,0,0,0,Salt Lake
2204_2034,2034,35,2204,352204,0,0,0,0,0,0,0,0,0,0,0,0,0,0,0,0,0,0,0,0,0,Salt Lake
2204_2035,2035,35,2204,352204,0,0,0,0,0,0,0,0,0,0,0,0,0,0,0,0,0,0,0,0,0,Salt Lake
2204_2036,2036,35,2204,352204,0,0,0,0,0,0,0,0,0,0,0,0,0,0,0,0,0,0,0,0,0,Salt Lake
2204_2037,2037,35,2204,352204,0,0,0,0,0,0,0,0,0,0,0,0,0,0,0,0,0,0,0,0,0,Salt Lake
2204_2038,2038,35,2204,352204,0,0,0,0,0,0,0,0,0,0,0,0,0,0,0,0,0,0,0,0,0,Salt Lake
2204_2039,2039,35,2204,352204,0,0,0,0,0,0,0,0,0,0,0,0,0,0,0,0,0,0,0,0,0,Salt Lake
2204_2040,2040,35,2204,352204,0,0,0,0,0,0,0,0,0,0,0,0,0,0,0,0,0,0,0,0,0,Salt Lake
2204_2041,2041,35,2204,352204,0,0,0,0,0,0,0,0,0,0,0,0,0,0,0,0,0,0,0,0,0,Salt Lake
2204_2042,2042,35,2204,352204,0,0,0,0,0,0,0,0,0,0,0,0,0,0,0,0,0,0,0,0,0,Salt Lake
2204_2043,2043,35,2204,352204,0,0,0,0,0,0,0,0,0,0,0,0,0,0,0,0,0,0,0,0,0,Salt Lake
2204_2044,2044,35,2204,352204,0,0,0,0,0,0,0,0,0,0,0,0,0,0,0,0,0,0,0,0,0,Salt Lake
2204_2045,2045,35,2204,352204,0,0,0,0,0,0,0,0,0,0,0,0,0,0,0,0,0,0,0,0,0,Salt Lake
2204_2046,2046,35,2204,352204,0,0,0,0,0,0,0,0,0,0,0,0,0,0,0,0,0,0,0,0,0,Salt Lake
2204_2047,2047,35,2204,352204,0,0,0,0,0,0,0,0,0,0,0,0,0,0,0,0,0,0,0,0,0,Salt Lake
2204_2048,2048,35,2204,352204,0,0,0,0,0,0,0,0,0,0,0,0,0,0,0,0,0,0,0,0,0,Salt Lake
2204_2049,2049,35,2204,352204,0,0,0,0,0,0,0,0,0,0,0,0,0,0,0,0,0,0,0,0,0,Salt Lake
2204_2050,2050,35,2204,352204,0,0,0,0,0,0,0,0,0,0,0,0,0,0,0,0,0,0,0,0,0,Salt Lake
2204_2051,2051,35,2204,352204,0,0,0,0,0,0,0,0,0,0,0,0,0,0,0,0,0,0,0,0,0,Salt Lake
2204_2052,2052,35,2204,352204,0,0,0,0,0,0,0,0,0,0,0,0,0,0,0,0,0,0,0,0,0,Salt Lake
2204_2053,2053,35,2204,352204,0,0,0,0,0,0,0,0,0,0,0,0,0,0,0,0,0,0,0,0,0,Salt Lake
2204_2054,2054,35,2204,352204,0,0,0,0,0,0,0,0,0,0,0,0,0,0,0,0,0,0,0,0,0,Salt Lake
2204_2055,2055,35,2204,352204,0,0,0,0,0,0,0,0,0,0,0,0,0,0,0,0,0,0,0,0,0,Salt Lake
2204_2056,2056,35,2204,352204,0,0,0,0,0,0,0,0,0,0,0,0,0,0,0,0,0,0,0,0,0,Salt Lake
2204_2057,2057,35,2204,352204,0,0,0,0,0,0,0,0,0,0,0,0,0,0,0,0,0,0,0,0,0,Salt Lake
2204_2058,2058,35,2204,352204,0,0,0,0,0,0,0,0,0,0,0,0,0,0,0,0,0,0,0,0,0,Salt Lake
2204_2059,2059,35,2204,352204,0,0,0,0,0,0,0,0,0,0,0,0,0,0,0,0,0,0,0,0,0,Salt Lake
2204_2060,2060,35,2204,352204,0,0,0,0,0,0,0,0,0,0,0,0,0,0,0,0,0,0,0,0,0,Salt Lake
2205_2010,2010,35,2205,352205,0,0,0,0,0,0,0,0,10,0,0,0,0,0,0,0,0,0,0,10,0,Salt Lake
2205_2011,2011,35,2205,352205,0,0,0,0,0,0,0,0,10,0,0,0,0,0,0,0,0,0,0,10,0,Salt Lake
2205_2012,2012,35,2205,352205,0,0,0,0,0,0,0,0,10,0,0,0,0,0,0,0,0,0,0,10,0,Salt Lake
2205_2013,2013,35,2205,352205,0,0,0,0,0,0,0,0,10,0,0,0,0,0,0,0,0,0,0,10,0,Salt Lake
2205_2014,2014,35,2205,352205,0,0,0,0,0,0,0,0,10,0,0,0,0,0,0,0,0,0,0,10,0,Salt Lake
2205_2015,2015,35,2205,352205,0,0,0,0,0,0,0,0,10,0,0,0,0,0,0,0,0,0,0,10,0,Salt Lake
2205_2016,2016,35,2205,352205,0,0,0,0,0,0,0,0,10,0,0,0,0,0,0,0,0,0,0,10,0,Salt Lake
2205_2017,2017,35,2205,352205,0,0,0,0,0,0,0,0,10,0,0,0,0,0,0,0,0,0,0,10,0,Salt Lake
2205_2018,2018,35,2205,352205,0,0,0,0,0,0,0,0,10,0,0,0,0,0,0,0,0,0,0,10,0,Salt Lake
2205_2019,2019,35,2205,352205,0,0,0,0,0,0,0,0,10,0,0,0,0,0,0,0,0,0,0,10,0,Salt Lake
2205_2020,2020,35,2205,352205,0,0,0,0,0,0,0,0,10,0,0,0,0,0,0,0,0,0,0,10,0,Salt Lake
2205_2021,2021,35,2205,352205,0,0,0,0,0,0,0,0,10,0,0,0,0,0,0,0,0,0,0,10,0,Salt Lake
2205_2022,2022,35,2205,352205,0,0,0,0,0,0,0,0,10,0,0,0,0,0,0,0,0,0,0,10,0,Salt Lake
2205_2023,2023,35,2205,352205,0,0,0,0,0,0,0,0,10,0,0,0,0,0,0,0,0,0,0,10,0,Salt Lake
2205_2024,2024,35,2205,352205,0,0,0,0,0,0,0,0,10,0,0,0,0,0,0,0,0,0,0,10,0,Salt Lake
2205_2025,2025,35,2205,352205,0,0,0,0,0,0,0,0,10,0,0,0,0,0,0,0,0,0,0,10,0,Salt Lake
2205_2026,2026,35,2205,352205,0,0,0,0,0,0,0,0,10,0,0,0,0,0,0,0,0,0,0,10,0,Salt Lake
2205_2027,2027,35,2205,352205,0,0,0,0,0,0,0,0,10,0,0,0,0,0,0,0,0,0,0,10,0,Salt Lake
2205_2028,2028,35,2205,352205,0,0,0,0,0,0,0,0,10,0,0,0,0,0,0,0,0,0,0,10,0,Salt Lake
2205_2029,2029,35,2205,352205,0,0,0,0,0,0,0,0,10,0,0,0,0,0,0,0,0,0,0,10,0,Salt Lake
2205_2030,2030,35,2205,352205,0,0,0,0,0,0,0,0,10,0,0,0,0,0,0,0,0,0,0,10,0,Salt Lake
2205_2031,2031,35,2205,352205,0,0,0,0,0,0,0,0,10,0,0,0,0,0,0,0,0,0,0,10,0,Salt Lake
2205_2032,2032,35,2205,352205,0,0,0,0,0,0,0,0,10,0,0,0,0,0,0,0,0,0,0,10,0,Salt Lake
2205_2033,2033,35,2205,352205,0,0,0,0,0,0,0,0,10,0,0,0,0,0,0,0,0,0,0,10,0,Salt Lake
2205_2034,2034,35,2205,352205,0,0,0,0,0,0,0,0,10,0,0,0,0,0,0,0,0,0,0,10,0,Salt Lake
2205_2035,2035,35,2205,352205,0,0,0,0,0,0,0,0,10,0,0,0,0,0,0,0,0,0,0,10,0,Salt Lake
2205_2036,2036,35,2205,352205,0,0,0,0,0,0,0,0,10,0,0,0,0,0,0,0,0,0,0,10,0,Salt Lake
2205_2037,2037,35,2205,352205,0,0,0,0,0,0,0,0,10,0,0,0,0,0,0,0,0,0,0,10,0,Salt Lake
2205_2038,2038,35,2205,352205,0,0,0,0,0,0,0,0,10,0,0,0,0,0,0,0,0,0,0,10,0,Salt Lake
2205_2039,2039,35,2205,352205,0,0,0,0,0,0,0,0,10,0,0,0,0,0,0,0,0,0,0,10,0,Salt Lake
2205_2040,2040,35,2205,352205,0,0,0,0,0,0,0,0,10,0,0,0,0,0,0,0,0,0,0,10,0,Salt Lake
2205_2041,2041,35,2205,352205,0,0,0,0,0,0,0,0,10,0,0,0,0,0,0,0,0,0,0,10,0,Salt Lake
2205_2042,2042,35,2205,352205,0,0,0,0,0,0,0,0,10,0,0,0,0,0,0,0,0,0,0,10,0,Salt Lake
2205_2043,2043,35,2205,352205,0,0,0,0,0,0,0,0,10,0,0,0,0,0,0,0,0,0,0,10,0,Salt Lake
2205_2044,2044,35,2205,352205,0,0,0,0,0,0,0,0,10,0,0,0,0,0,0,0,0,0,0,10,0,Salt Lake
2205_2045,2045,35,2205,352205,0,0,0,0,0,0,0,0,10,0,0,0,0,0,0,0,0,0,0,10,0,Salt Lake
2205_2046,2046,35,2205,352205,0,0,0,0,0,0,0,0,10,0,0,0,0,0,0,0,0,0,0,10,0,Salt Lake
2205_2047,2047,35,2205,352205,0,0,0,0,0,0,0,0,10,0,0,0,0,0,0,0,0,0,0,10,0,Salt Lake
2205_2048,2048,35,2205,352205,0,0,0,0,0,0,0,0,10,0,0,0,0,0,0,0,0,0,0,10,0,Salt Lake
2205_2049,2049,35,2205,352205,0,0,0,0,0,0,0,0,10,0,0,0,0,0,0,0,0,0,0,10,0,Salt Lake
2205_2050,2050,35,2205,352205,0,0,0,0,0,0,0,0,10,0,0,0,0,0,0,0,0,0,0,10,0,Salt Lake
2205_2051,2051,35,2205,352205,0,0,0,0,0,0,0,0,10,0,0,0,0,0,0,0,0,0,0,10,0,Salt Lake
2205_2052,2052,35,2205,352205,0,0,0,0,0,0,0,0,10,0,0,0,0,0,0,0,0,0,0,10,0,Salt Lake
2205_2053,2053,35,2205,352205,0,0,0,0,0,0,0,0,10,0,0,0,0,0,0,0,0,0,0,10,0,Salt Lake
2205_2054,2054,35,2205,352205,0,0,0,0,0,0,0,0,10,0,0,0,0,0,0,0,0,0,0,10,0,Salt Lake
2205_2055,2055,35,2205,352205,0,0,0,0,0,0,0,0,10,0,0,0,0,0,0,0,0,0,0,10,0,Salt Lake
2205_2056,2056,35,2205,352205,0,0,0,0,0,0,0,0,10,0,0,0,0,0,0,0,0,0,0,10,0,Salt Lake
2205_2057,2057,35,2205,352205,0,0,0,0,0,0,0,0,10,0,0,0,0,0,0,0,0,0,0,10,0,Salt Lake
2205_2058,2058,35,2205,352205,0,0,0,0,0,0,0,0,10,0,0,0,0,0,0,0,0,0,0,10,0,Salt Lake
2205_2059,2059,35,2205,352205,0,0,0,0,0,0,0,0,10,0,0,0,0,0,0,0,0,0,0,10,0,Salt Lake
2205_2060,2060,35,2205,352205,0,0,0,0,0,0,0,0,10,0,0,0,0,0,0,0,0,0,0,10,0,Salt Lake
2206_2010,2010,35,2206,352206,14.1,0,14.1,4,3.53,4.1,8.8,1.2,15,0,4.5,0,0,0,0,0,10.5,0,0,0,0,Salt Lake
2206_2011,2011,35,2206,352206,14.2,0,14.2,4,3.55,4.1,8.8,1.3,15,0,4.5,0,0,0,0,0,10.5,0,0,0,0,Salt Lake
2206_2012,2012,35,2206,352206,14.3,0,14.3,4,3.58,4.1,8.9,1.3,15,0,4.5,0,0,0,0,0,10.5,0,0,0,0,Salt Lake
2206_2013,2013,35,2206,352206,14.4,0,14.4,4,3.6,4.1,8.9,1.4,15,0,4.5,0,0,0,0,0,10.5,0,0,0,0,Salt Lake
2206_2014,2014,35,2206,352206,14.5,0,14.5,4,3.63,4,9.1,1.4,15,0,4.5,0,0,0,0,0,10.5,0,0,0,0,Salt Lake
2206_2015,2015,35,2206,352206,14.6,0,14.6,4,3.65,4,9.1,1.5,15,0,4.5,0,0,0,0,0,10.5,0,0,0,0,Salt Lake
2206_2016,2016,35,2206,352206,14.7,0,14.7,4,3.68,4,9.2,1.5,15,0,4.5,0,0,0,0,0,10.5,0,0,0,0,Salt Lake
2206_2017,2017,35,2206,352206,14.8,0,14.8,4,3.7,4,9.2,1.6,15,0,4.5,0,0,0,0,0,10.5,0,0,0,0,Salt Lake
2206_2018,2018,35,2206,352206,14.9,0,14.9,4,3.73,4,9.3,1.6,15,0,4.5,0,0,0,0,0,10.5,0,0,0,0,Salt Lake
2206_2019,2019,35,2206,352206,15,0,15,4,3.75,4,9.4,1.6,15,0,4.5,0,0,0,0,0,10.5,0,0,0,0,Salt Lake
2206_2020,2020,35,2206,352206,15.1,0,15.1,4,3.78,3.9,9.5,1.7,15,0,4.5,0,0,0,0,0,10.5,0,0,0,0,Salt Lake
2206_2021,2021,35,2206,352206,15.1,0,15.1,4,3.78,3.9,9.5,1.7,15,0,4.5,0,0,0,0,0,10.5,0,0,0,0,Salt Lake
2206_2022,2022,35,2206,352206,15.2,0,15.2,4,3.8,3.9,9.5,1.8,15,0,4.5,0,0,0,0,0,10.5,0,0,0,0,Salt Lake
2206_2023,2023,35,2206,352206,15.3,0,15.3,4,3.83,3.8,9.6,1.9,15,0,4.5,0,0,0,0,0,10.5,0,0,0,0,Salt Lake
2206_2024,2024,35,2206,352206,15.4,0,15.4,4,3.85,3.8,9.7,1.9,15,0,4.5,0,0,0,0,0,10.5,0,0,0,0,Salt Lake
2206_2025,2025,35,2206,352206,15.5,0,15.5,4,3.88,3.8,9.7,2,15,0,4.5,0,0,0,0,0,10.5,0,0,0,0,Salt Lake
2206_2026,2026,35,2206,352206,15.6,0,15.6,4,3.9,3.7,9.8,2.1,15,0,4.5,0,0,0,0,0,10.5,0,0,0,0,Salt Lake
2206_2027,2027,35,2206,352206,15.7,0,15.7,4,3.93,3.7,9.9,2.1,15,0,4.5,0,0,0,0,0,10.5,0,0,0,0,Salt Lake
2206_2028,2028,35,2206,352206,15.8,0,15.8,4,3.95,3.6,10,2.2,15,0,4.5,0,0,0,0,0,10.5,0,0,0,0,Salt Lake
2206_2029,2029,35,2206,352206,15.9,0,15.9,4,3.98,3.6,10,2.3,15,0,4.5,0,0,0,0,0,10.5,0,0,0,0,Salt Lake
2206_2030,2030,35,2206,352206,16,0,16,4,4,3.6,10.1,2.3,15,0,4.5,0,0,0,0,0,10.5,0,0,0,0,Salt Lake
2206_2031,2031,35,2206,352206,16.1,0,16.1,4,4.03,3.5,10.3,2.3,15,0,4.5,0,0,0,0,0,10.5,0,0,0,0,Salt Lake
2206_2032,2032,35,2206,352206,16.2,0,16.2,4,4.05,3.5,10.3,2.4,15,0,4.5,0,0,0,0,0,10.5,0,0,0,0,Salt Lake
2206_2033,2033,35,2206,352206,16.3,0,16.3,4,4.08,3.5,10.4,2.4,15,0,4.5,0,0,0,0,0,10.5,0,0,0,0,Salt Lake
2206_2034,2034,35,2206,352206,16.4,0,16.4,4,4.1,3.4,10.5,2.5,15,0,4.5,0,0,0,0,0,10.5,0,0,0,0,Salt Lake
2206_2035,2035,35,2206,352206,16.5,0,16.5,4,4.13,3.4,10.6,2.5,15,0,4.5,0,0,0,0,0,10.5,0,0,0,0,Salt Lake
2206_2036,2036,35,2206,352206,16.6,0,16.6,4,4.15,3.4,10.6,2.6,15,0,4.5,0,0,0,0,0,10.5,0,0,0,0,Salt Lake
2206_2037,2037,35,2206,352206,16.7,0,16.7,4,4.18,3.4,10.7,2.6,15,0,4.5,0,0,0,0,0,10.5,0,0,0,0,Salt Lake
2206_2038,2038,35,2206,352206,16.8,0,16.8,4,4.2,3.4,10.7,2.7,15,0,4.5,0,0,0,0,0,10.5,0,0,0,0,Salt Lake
2206_2039,2039,35,2206,352206,16.9,0,16.9,4,4.23,3.4,10.8,2.7,15,0,4.5,0,0,0,0,0,10.5,0,0,0,0,Salt Lake
2206_2040,2040,35,2206,352206,17,0,17,4,4.25,3.4,10.8,2.8,15,0,4.5,0,0,0,0,0,10.5,0,0,0,0,Salt Lake
2206_2041,2041,35,2206,352206,17.1,0,17.1,4,4.28,3.4,10.9,2.8,15,0,4.5,0,0,0,0,0,10.5,0,0,0,0,Salt Lake
2206_2042,2042,35,2206,352206,17.2,0,17.2,4,4.3,3.4,10.9,2.9,15,0,4.5,0,0,0,0,0,10.5,0,0,0,0,Salt Lake
2206_2043,2043,35,2206,352206,17.3,0,17.3,4,4.33,3.5,10.8,3,15,0,4.5,0,0,0,0,0,10.5,0,0,0,0,Salt Lake
2206_2044,2044,35,2206,352206,17.4,0,17.4,4,4.35,3.5,10.8,3.1,15,0,4.5,0,0,0,0,0,10.5,0,0,0,0,Salt Lake
2206_2045,2045,35,2206,352206,17.5,0,17.5,4,4.38,3.5,10.8,3.2,15,0,4.5,0,0,0,0,0,10.5,0,0,0,0,Salt Lake
2206_2046,2046,35,2206,352206,17.6,0,17.6,4,4.4,3.5,10.8,3.3,15,0,4.5,0,0,0,0,0,10.5,0,0,0,0,Salt Lake
2206_2047,2047,35,2206,352206,17.7,0,17.7,4,4.43,3.5,10.8,3.4,15,0,4.5,0,0,0,0,0,10.5,0,0,0,0,Salt Lake
2206_2048,2048,35,2206,352206,17.8,0,17.8,4,4.45,3.5,10.8,3.5,15,0,4.5,0,0,0,0,0,10.5,0,0,0,0,Salt Lake
2206_2049,2049,35,2206,352206,17.9,0,17.9,4,4.48,3.5,10.8,3.6,15,0,4.5,0,0,0,0,0,10.5,0,0,0,0,Salt Lake
2206_2050,2050,35,2206,352206,17.9,0,17.9,4,4.48,3.5,10.7,3.7,15,0,4.5,0,0,0,0,0,10.5,0,0,0,0,Salt Lake
2206_2051,2051,35,2206,352206,17.9,0,17.9,4,4.48,3.5,10.6,3.8,15,0,4.5,0,0,0,0,0,10.5,0,0,0,0,Salt Lake
2206_2052,2052,35,2206,352206,17.9,0,17.9,4,4.48,3.5,10.6,3.8,15,0,4.5,0,0,0,0,0,10.5,0,0,0,0,Salt Lake
2206_2053,2053,35,2206,352206,17.9,0,17.9,4,4.48,3.5,10.5,3.9,15,0,4.5,0,0,0,0,0,10.5,0,0,0,0,Salt Lake
2206_2054,2054,35,2206,352206,17.9,0,17.9,4,4.48,3.4,10.5,4,15,0,4.5,0,0,0,0,0,10.5,0,0,0,0,Salt Lake
2206_2055,2055,35,2206,352206,17.9,0,17.9,4,4.48,3.4,10.4,4.1,15,0,4.5,0,0,0,0,0,10.5,0,0,0,0,Salt Lake
2206_2056,2056,35,2206,352206,17.9,0,17.9,4,4.48,3.4,10.3,4.2,15,0,4.5,0,0,0,0,0,10.5,0,0,0,0,Salt Lake
2206_2057,2057,35,2206,352206,17.9,0,17.9,4,4.48,3.4,10.2,4.3,15,0,4.5,0,0,0,0,0,10.5,0,0,0,0,Salt Lake
2206_2058,2058,35,2206,352206,17.9,0,17.9,4,4.48,3.3,10.3,4.3,15,0,4.5,0,0,0,0,0,10.5,0,0,0,0,Salt Lake
2206_2059,2059,35,2206,352206,17.9,0,17.9,4,4.48,3.3,10.3,4.3,15,0,4.5,0,0,0,0,0,10.5,0,0,0,0,Salt Lake
2206_2060,2060,35,2206,352206,17.9,0,17.9,4,4.48,3.3,10.3,4.3,15,0,4.5,0,0,0,0,0,10.5,0,0,0,0,Salt Lake
2207_2010,2010,35,2207,352207,53.2,0,53.2,24.5,2.17,15.5,33,4.7,0,0,0,0,0,0,0,0,0,0,0,0,0,Salt Lake
2207_2011,2011,35,2207,352207,53.6,0,53.6,24.7,2.17,15.4,33.4,4.8,0,0,0,0,0,0,0,0,0,0,0,0,0,Salt Lake
2207_2012,2012,35,2207,352207,53.9,0,53.9,24.9,2.16,15.3,33.6,5,0,0,0,0,0,0,0,0,0,0,0,0,0,Salt Lake
2207_2013,2013,35,2207,352207,54.2,0,54.2,25,2.17,15.3,33.8,5.1,0,0,0,0,0,0,0,0,0,0,0,0,0,Salt Lake
2207_2014,2014,35,2207,352207,54.4,0,54.4,25.1,2.17,15.2,33.9,5.3,0,0,0,0,0,0,0,0,0,0,0,0,0,Salt Lake
2207_2015,2015,35,2207,352207,54.7,0,54.7,25.3,2.16,15.1,34.1,5.5,0,0,0,0,0,0,0,0,0,0,0,0,0,Salt Lake
2207_2016,2016,35,2207,352207,55,0,55,25.5,2.16,15,34.4,5.6,0,0,0,0,0,0,0,0,0,0,0,0,0,Salt Lake
2207_2017,2017,35,2207,352207,55.4,0,55.4,25.7,2.16,15,34.6,5.8,0,0,0,0,0,0,0,0,0,0,0,0,0,Salt Lake
2207_2018,2018,35,2207,352207,55.7,0,55.7,25.9,2.15,14.9,34.8,6,0,0,0,0,0,0,0,0,0,0,0,0,0,Salt Lake
2207_2019,2019,35,2207,352207,56,0,56,26,2.15,14.8,35.1,6.1,0,0,0,0,0,0,0,0,0,0,0,0,0,Salt Lake
2207_2020,2020,35,2207,352207,56.3,0,56.3,26.1,2.16,14.7,35.3,6.3,0,0,0,0,0,0,0,0,0,0,0,0,0,Salt Lake
2207_2021,2021,35,2207,352207,56.5,0,56.5,26.2,2.16,14.6,35.4,6.5,0,0,0,0,0,0,0,0,0,0,0,0,0,Salt Lake
2207_2022,2022,35,2207,352207,56.7,0,56.7,26.4,2.15,14.4,35.5,6.8,0,0,0,0,0,0,0,0,0,0,0,0,0,Salt Lake
2207_2023,2023,35,2207,352207,56.9,0,56.9,26.6,2.14,14.3,35.6,7,0,0,0,0,0,0,0,0,0,0,0,0,0,Salt Lake
2207_2024,2024,35,2207,352207,57.1,0,57.1,26.8,2.13,14.1,35.8,7.2,0,0,0,0,0,0,0,0,0,0,0,0,0,Salt Lake
2207_2025,2025,35,2207,352207,57.3,0,57.3,27,2.12,13.9,35.9,7.5,0,0,0,0,0,0,0,0,0,0,0,0,0,Salt Lake
2207_2026,2026,35,2207,352207,57.5,0,57.5,27.2,2.11,13.7,36.1,7.7,0,0,0,0,0,0,0,0,0,0,0,0,0,Salt Lake
2207_2027,2027,35,2207,352207,57.7,0,57.7,27.4,2.11,13.5,36.3,7.9,0,0,0,0,0,0,0,0,0,0,0,0,0,Salt Lake
2207_2028,2028,35,2207,352207,57.9,0,57.9,27.6,2.1,13.3,36.5,8.1,0,0,0,0,0,0,0,0,0,0,0,0,0,Salt Lake
2207_2029,2029,35,2207,352207,58.1,0,58.1,27.8,2.09,13.1,36.8,8.2,0,0,0,0,0,0,0,0,0,0,0,0,0,Salt Lake
2207_2030,2030,35,2207,352207,58.3,0,58.3,28,2.08,13,36.9,8.4,0,0,0,0,0,0,0,0,0,0,0,0,0,Salt Lake
2207_2031,2031,35,2207,352207,58.5,0,58.5,28.2,2.07,12.8,37.2,8.5,0,0,0,0,0,0,0,0,0,0,0,0,0,Salt Lake
2207_2032,2032,35,2207,352207,58.7,0,58.7,28.4,2.07,12.6,37.5,8.6,0,0,0,0,0,0,0,0,0,0,0,0,0,Salt Lake
2207_2033,2033,35,2207,352207,58.9,0,58.9,28.6,2.06,12.5,37.7,8.7,0,0,0,0,0,0,0,0,0,0,0,0,0,Salt Lake
2207_2034,2034,35,2207,352207,59.1,0,59.1,28.8,2.05,12.4,37.8,8.9,0,0,0,0,0,0,0,0,0,0,0,0,0,Salt Lake
2207_2035,2035,35,2207,352207,59.3,0,59.3,29,2.04,12.2,38.1,9,0,0,0,0,0,0,0,0,0,0,0,0,0,Salt Lake
2207_2036,2036,35,2207,352207,59.5,0,59.5,29.2,2.04,12.2,38.1,9.2,0,0,0,0,0,0,0,0,0,0,0,0,0,Salt Lake
2207_2037,2037,35,2207,352207,59.7,0,59.7,29.4,2.03,12.1,38.2,9.4,0,0,0,0,0,0,0,0,0,0,0,0,0,Salt Lake
2207_2038,2038,35,2207,352207,59.9,0,59.9,29.6,2.02,12.1,38.3,9.5,0,0,0,0,0,0,0,0,0,0,0,0,0,Salt Lake
2207_2039,2039,35,2207,352207,60.1,0,60.1,29.8,2.02,12.1,38.3,9.7,0,0,0,0,0,0,0,0,0,0,0,0,0,Salt Lake
2207_2040,2040,35,2207,352207,60.3,0,60.3,30,2.01,12.1,38.4,9.8,0,0,0,0,0,0,0,0,0,0,0,0,0,Salt Lake
2207_2041,2041,35,2207,352207,60.5,0,60.5,30.2,2,12.1,38.4,10,0,0,0,0,0,0,0,0,0,0,0,0,0,Salt Lake
2207_2042,2042,35,2207,352207,60.7,0,60.7,30.4,2,12.1,38.4,10.2,0,0,0,0,0,0,0,0,0,0,0,0,0,Salt Lake
2207_2043,2043,35,2207,352207,60.9,0,60.9,30.6,1.99,12.2,38.2,10.5,0,0,0,0,0,0,0,0,0,0,0,0,0,Salt Lake
2207_2044,2044,35,2207,352207,61.1,0,61.1,30.8,1.98,12.2,38.1,10.8,0,0,0,0,0,0,0,0,0,0,0,0,0,Salt Lake
2207_2045,2045,35,2207,352207,61.3,0,61.3,31,1.98,12.2,38,11.1,0,0,0,0,0,0,0,0,0,0,0,0,0,Salt Lake
2207_2046,2046,35,2207,352207,61.5,0,61.5,31.2,1.97,12.2,37.9,11.4,0,0,0,0,0,0,0,0,0,0,0,0,0,Salt Lake
2207_2047,2047,35,2207,352207,61.7,0,61.7,31.4,1.96,12.3,37.7,11.7,0,0,0,0,0,0,0,0,0,0,0,0,0,Salt Lake
2207_2048,2048,35,2207,352207,61.9,0,61.9,31.5,1.97,12.3,37.5,12.1,0,0,0,0,0,0,0,0,0,0,0,0,0,Salt Lake
2207_2049,2049,35,2207,352207,62.1,0,62.1,31.6,1.97,12.3,37.4,12.4,0,0,0,0,0,0,0,0,0,0,0,0,0,Salt Lake
2207_2050,2050,35,2207,352207,62.3,0,62.3,31.7,1.97,12.3,37.3,12.7,0,0,0,0,0,0,0,0,0,0,0,0,0,Salt Lake
2207_2051,2051,35,2207,352207,62.5,0,62.5,31.8,1.97,12.2,37.2,13.1,0,0,0,0,0,0,0,0,0,0,0,0,0,Salt Lake
2207_2052,2052,35,2207,352207,62.7,0,62.7,31.9,1.97,12.2,37,13.5,0,0,0,0,0,0,0,0,0,0,0,0,0,Salt Lake
2207_2053,2053,35,2207,352207,62.9,0,62.9,32,1.97,12.2,36.9,13.8,0,0,0,0,0,0,0,0,0,0,0,0,0,Salt Lake
2207_2054,2054,35,2207,352207,63.1,0,63.1,32.1,1.97,12.1,36.8,14.2,0,0,0,0,0,0,0,0,0,0,0,0,0,Salt Lake
2207_2055,2055,35,2207,352207,63.3,0,63.3,32.2,1.97,12.1,36.7,14.5,0,0,0,0,0,0,0,0,0,0,0,0,0,Salt Lake
2207_2056,2056,35,2207,352207,63.4,0,63.4,32.3,1.96,12,36.5,14.9,0,0,0,0,0,0,0,0,0,0,0,0,0,Salt Lake
2207_2057,2057,35,2207,352207,63.5,0,63.5,32.4,1.96,11.9,36.5,15.1,0,0,0,0,0,0,0,0,0,0,0,0,0,Salt Lake
2207_2058,2058,35,2207,352207,63.6,0,63.6,32.5,1.96,11.8,36.5,15.3,0,0,0,0,0,0,0,0,0,0,0,0,0,Salt Lake
2207_2059,2059,35,2207,352207,63.7,0,63.7,32.6,1.95,11.7,36.6,15.4,0,0,0,0,0,0,0,0,0,0,0,0,0,Salt Lake
2207_2060,2060,35,2207,352207,63.8,0,63.8,32.7,1.95,11.6,36.8,15.4,0,0,0,0,0,0,0,0,0,0,0,0,0,Salt Lake
2208_2010,2010,35,2208,352208,0,0,0,0,0,0,0,0,0,0,0,0,0,0,0,0,0,0,0,0,0,Salt Lake
2208_2011,2011,35,2208,352208,0,0,0,0,0,0,0,0,0,0,0,0,0,0,0,0,0,0,0,0,0,Salt Lake
2208_2012,2012,35,2208,352208,0,0,0,0,0,0,0,0,0,0,0,0,0,0,0,0,0,0,0,0,0,Salt Lake
2208_2013,2013,35,2208,352208,0,0,0,0,0,0,0,0,0,0,0,0,0,0,0,0,0,0,0,0,0,Salt Lake
2208_2014,2014,35,2208,352208,0,0,0,0,0,0,0,0,0,0,0,0,0,0,0,0,0,0,0,0,0,Salt Lake
2208_2015,2015,35,2208,352208,0,0,0,0,0,0,0,0,0,0,0,0,0,0,0,0,0,0,0,0,0,Salt Lake
2208_2016,2016,35,2208,352208,0,0,0,0,0,0,0,0,0,0,0,0,0,0,0,0,0,0,0,0,0,Salt Lake
2208_2017,2017,35,2208,352208,0,0,0,0,0,0,0,0,0,0,0,0,0,0,0,0,0,0,0,0,0,Salt Lake
2208_2018,2018,35,2208,352208,0,0,0,0,0,0,0,0,0,0,0,0,0,0,0,0,0,0,0,0,0,Salt Lake
2208_2019,2019,35,2208,352208,0,0,0,0,0,0,0,0,0,0,0,0,0,0,0,0,0,0,0,0,0,Salt Lake
2208_2020,2020,35,2208,352208,0,0,0,0,0,0,0,0,0,0,0,0,0,0,0,0,0,0,0,0,0,Salt Lake
2208_2021,2021,35,2208,352208,0,0,0,0,0,0,0,0,0,0,0,0,0,0,0,0,0,0,0,0,0,Salt Lake
2208_2022,2022,35,2208,352208,0,0,0,0,0,0,0,0,0,0,0,0,0,0,0,0,0,0,0,0,0,Salt Lake
2208_2023,2023,35,2208,352208,0,0,0,0,0,0,0,0,0,0,0,0,0,0,0,0,0,0,0,0,0,Salt Lake
2208_2024,2024,35,2208,352208,0,0,0,0,0,0,0,0,0,0,0,0,0,0,0,0,0,0,0,0,0,Salt Lake
2208_2025,2025,35,2208,352208,0,0,0,0,0,0,0,0,0,0,0,0,0,0,0,0,0,0,0,0,0,Salt Lake
2208_2026,2026,35,2208,352208,0,0,0,0,0,0,0,0,0,0,0,0,0,0,0,0,0,0,0,0,0,Salt Lake
2208_2027,2027,35,2208,352208,0,0,0,0,0,0,0,0,0,0,0,0,0,0,0,0,0,0,0,0,0,Salt Lake
2208_2028,2028,35,2208,352208,0,0,0,0,0,0,0,0,0,0,0,0,0,0,0,0,0,0,0,0,0,Salt Lake
2208_2029,2029,35,2208,352208,0,0,0,0,0,0,0,0,0,0,0,0,0,0,0,0,0,0,0,0,0,Salt Lake
2208_2030,2030,35,2208,352208,0,0,0,0,0,0,0,0,0,0,0,0,0,0,0,0,0,0,0,0,0,Salt Lake
2208_2031,2031,35,2208,352208,0,0,0,0,0,0,0,0,0,0,0,0,0,0,0,0,0,0,0,0,0,Salt Lake
2208_2032,2032,35,2208,352208,0,0,0,0,0,0,0,0,0,0,0,0,0,0,0,0,0,0,0,0,0,Salt Lake
2208_2033,2033,35,2208,352208,0,0,0,0,0,0,0,0,0,0,0,0,0,0,0,0,0,0,0,0,0,Salt Lake
2208_2034,2034,35,2208,352208,0,0,0,0,0,0,0,0,0,0,0,0,0,0,0,0,0,0,0,0,0,Salt Lake
2208_2035,2035,35,2208,352208,0,0,0,0,0,0,0,0,0,0,0,0,0,0,0,0,0,0,0,0,0,Salt Lake
2208_2036,2036,35,2208,352208,0,0,0,0,0,0,0,0,0,0,0,0,0,0,0,0,0,0,0,0,0,Salt Lake
2208_2037,2037,35,2208,352208,0,0,0,0,0,0,0,0,0,0,0,0,0,0,0,0,0,0,0,0,0,Salt Lake
2208_2038,2038,35,2208,352208,0,0,0,0,0,0,0,0,0,0,0,0,0,0,0,0,0,0,0,0,0,Salt Lake
2208_2039,2039,35,2208,352208,0,0,0,0,0,0,0,0,0,0,0,0,0,0,0,0,0,0,0,0,0,Salt Lake
2208_2040,2040,35,2208,352208,0,0,0,0,0,0,0,0,0,0,0,0,0,0,0,0,0,0,0,0,0,Salt Lake
2208_2041,2041,35,2208,352208,0,0,0,0,0,0,0,0,0,0,0,0,0,0,0,0,0,0,0,0,0,Salt Lake
2208_2042,2042,35,2208,352208,0,0,0,0,0,0,0,0,0,0,0,0,0,0,0,0,0,0,0,0,0,Salt Lake
2208_2043,2043,35,2208,352208,0,0,0,0,0,0,0,0,0,0,0,0,0,0,0,0,0,0,0,0,0,Salt Lake
2208_2044,2044,35,2208,352208,0,0,0,0,0,0,0,0,0,0,0,0,0,0,0,0,0,0,0,0,0,Salt Lake
2208_2045,2045,35,2208,352208,0,0,0,0,0,0,0,0,0,0,0,0,0,0,0,0,0,0,0,0,0,Salt Lake
2208_2046,2046,35,2208,352208,0,0,0,0,0,0,0,0,0,0,0,0,0,0,0,0,0,0,0,0,0,Salt Lake
2208_2047,2047,35,2208,352208,0,0,0,0,0,0,0,0,0,0,0,0,0,0,0,0,0,0,0,0,0,Salt Lake
2208_2048,2048,35,2208,352208,0,0,0,0,0,0,0,0,0,0,0,0,0,0,0,0,0,0,0,0,0,Salt Lake
2208_2049,2049,35,2208,352208,0,0,0,0,0,0,0,0,0,0,0,0,0,0,0,0,0,0,0,0,0,Salt Lake
2208_2050,2050,35,2208,352208,0,0,0,0,0,0,0,0,0,0,0,0,0,0,0,0,0,0,0,0,0,Salt Lake
2208_2051,2051,35,2208,352208,0,0,0,0,0,0,0,0,0,0,0,0,0,0,0,0,0,0,0,0,0,Salt Lake
2208_2052,2052,35,2208,352208,0,0,0,0,0,0,0,0,0,0,0,0,0,0,0,0,0,0,0,0,0,Salt Lake
2208_2053,2053,35,2208,352208,0,0,0,0,0,0,0,0,0,0,0,0,0,0,0,0,0,0,0,0,0,Salt Lake
2208_2054,2054,35,2208,352208,0,0,0,0,0,0,0,0,0,0,0,0,0,0,0,0,0,0,0,0,0,Salt Lake
2208_2055,2055,35,2208,352208,0,0,0,0,0,0,0,0,0,0,0,0,0,0,0,0,0,0,0,0,0,Salt Lake
2208_2056,2056,35,2208,352208,0,0,0,0,0,0,0,0,0,0,0,0,0,0,0,0,0,0,0,0,0,Salt Lake
2208_2057,2057,35,2208,352208,0,0,0,0,0,0,0,0,0,0,0,0,0,0,0,0,0,0,0,0,0,Salt Lake
2208_2058,2058,35,2208,352208,0,0,0,0,0,0,0,0,0,0,0,0,0,0,0,0,0,0,0,0,0,Salt Lake
2208_2059,2059,35,2208,352208,0,0,0,0,0,0,0,0,0,0,0,0,0,0,0,0,0,0,0,0,0,Salt Lake
2208_2060,2060,35,2208,352208,0,0,0,0,0,0,0,0,0,0,0,0,0,0,0,0,0,0,0,0,0,Salt Lake
2209_2010,2010,35,2209,352209,0,0,0,0,0,0,0,0,0,0,0,0,0,0,0,0,0,0,0,0,0,Salt Lake
2209_2011,2011,35,2209,352209,0,0,0,0,0,0,0,0,0,0,0,0,0,0,0,0,0,0,0,0,0,Salt Lake
2209_2012,2012,35,2209,352209,0,0,0,0,0,0,0,0,0,0,0,0,0,0,0,0,0,0,0,0,0,Salt Lake
2209_2013,2013,35,2209,352209,0,0,0,0,0,0,0,0,0,0,0,0,0,0,0,0,0,0,0,0,0,Salt Lake
2209_2014,2014,35,2209,352209,0,0,0,0,0,0,0,0,0,0,0,0,0,0,0,0,0,0,0,0,0,Salt Lake
2209_2015,2015,35,2209,352209,0,0,0,0,0,0,0,0,0,0,0,0,0,0,0,0,0,0,0,0,0,Salt Lake
2209_2016,2016,35,2209,352209,0,0,0,0,0,0,0,0,0,0,0,0,0,0,0,0,0,0,0,0,0,Salt Lake
2209_2017,2017,35,2209,352209,0,0,0,0,0,0,0,0,0,0,0,0,0,0,0,0,0,0,0,0,0,Salt Lake
2209_2018,2018,35,2209,352209,0,0,0,0,0,0,0,0,0,0,0,0,0,0,0,0,0,0,0,0,0,Salt Lake
2209_2019,2019,35,2209,352209,0,0,0,0,0,0,0,0,0,0,0,0,0,0,0,0,0,0,0,0,0,Salt Lake
2209_2020,2020,35,2209,352209,0,0,0,0,0,0,0,0,0,0,0,0,0,0,0,0,0,0,0,0,0,Salt Lake
2209_2021,2021,35,2209,352209,0,0,0,0,0,0,0,0,0,0,0,0,0,0,0,0,0,0,0,0,0,Salt Lake
2209_2022,2022,35,2209,352209,0,0,0,0,0,0,0,0,0,0,0,0,0,0,0,0,0,0,0,0,0,Salt Lake
2209_2023,2023,35,2209,352209,0,0,0,0,0,0,0,0,0,0,0,0,0,0,0,0,0,0,0,0,0,Salt Lake
2209_2024,2024,35,2209,352209,0,0,0,0,0,0,0,0,0,0,0,0,0,0,0,0,0,0,0,0,0,Salt Lake
2209_2025,2025,35,2209,352209,0,0,0,0,0,0,0,0,0,0,0,0,0,0,0,0,0,0,0,0,0,Salt Lake
2209_2026,2026,35,2209,352209,0,0,0,0,0,0,0,0,0,0,0,0,0,0,0,0,0,0,0,0,0,Salt Lake
2209_2027,2027,35,2209,352209,0,0,0,0,0,0,0,0,0,0,0,0,0,0,0,0,0,0,0,0,0,Salt Lake
2209_2028,2028,35,2209,352209,0,0,0,0,0,0,0,0,0,0,0,0,0,0,0,0,0,0,0,0,0,Salt Lake
2209_2029,2029,35,2209,352209,0,0,0,0,0,0,0,0,0,0,0,0,0,0,0,0,0,0,0,0,0,Salt Lake
2209_2030,2030,35,2209,352209,0,0,0,0,0,0,0,0,0,0,0,0,0,0,0,0,0,0,0,0,0,Salt Lake
2209_2031,2031,35,2209,352209,0,0,0,0,0,0,0,0,0,0,0,0,0,0,0,0,0,0,0,0,0,Salt Lake
2209_2032,2032,35,2209,352209,0,0,0,0,0,0,0,0,0,0,0,0,0,0,0,0,0,0,0,0,0,Salt Lake
2209_2033,2033,35,2209,352209,0,0,0,0,0,0,0,0,0,0,0,0,0,0,0,0,0,0,0,0,0,Salt Lake
2209_2034,2034,35,2209,352209,0,0,0,0,0,0,0,0,0,0,0,0,0,0,0,0,0,0,0,0,0,Salt Lake
2209_2035,2035,35,2209,352209,0,0,0,0,0,0,0,0,0,0,0,0,0,0,0,0,0,0,0,0,0,Salt Lake
2209_2036,2036,35,2209,352209,0,0,0,0,0,0,0,0,0,0,0,0,0,0,0,0,0,0,0,0,0,Salt Lake
2209_2037,2037,35,2209,352209,0,0,0,0,0,0,0,0,0,0,0,0,0,0,0,0,0,0,0,0,0,Salt Lake
2209_2038,2038,35,2209,352209,0,0,0,0,0,0,0,0,0,0,0,0,0,0,0,0,0,0,0,0,0,Salt Lake
2209_2039,2039,35,2209,352209,0,0,0,0,0,0,0,0,0,0,0,0,0,0,0,0,0,0,0,0,0,Salt Lake
2209_2040,2040,35,2209,352209,0,0,0,0,0,0,0,0,0,0,0,0,0,0,0,0,0,0,0,0,0,Salt Lake
2209_2041,2041,35,2209,352209,0,0,0,0,0,0,0,0,0,0,0,0,0,0,0,0,0,0,0,0,0,Salt Lake
2209_2042,2042,35,2209,352209,0,0,0,0,0,0,0,0,0,0,0,0,0,0,0,0,0,0,0,0,0,Salt Lake
2209_2043,2043,35,2209,352209,0,0,0,0,0,0,0,0,0,0,0,0,0,0,0,0,0,0,0,0,0,Salt Lake
2209_2044,2044,35,2209,352209,0,0,0,0,0,0,0,0,0,0,0,0,0,0,0,0,0,0,0,0,0,Salt Lake
2209_2045,2045,35,2209,352209,0,0,0,0,0,0,0,0,0,0,0,0,0,0,0,0,0,0,0,0,0,Salt Lake
2209_2046,2046,35,2209,352209,0,0,0,0,0,0,0,0,0,0,0,0,0,0,0,0,0,0,0,0,0,Salt Lake
2209_2047,2047,35,2209,352209,0,0,0,0,0,0,0,0,0,0,0,0,0,0,0,0,0,0,0,0,0,Salt Lake
2209_2048,2048,35,2209,352209,0,0,0,0,0,0,0,0,0,0,0,0,0,0,0,0,0,0,0,0,0,Salt Lake
2209_2049,2049,35,2209,352209,0,0,0,0,0,0,0,0,0,0,0,0,0,0,0,0,0,0,0,0,0,Salt Lake
2209_2050,2050,35,2209,352209,0,0,0,0,0,0,0,0,0,0,0,0,0,0,0,0,0,0,0,0,0,Salt Lake
2209_2051,2051,35,2209,352209,0,0,0,0,0,0,0,0,0,0,0,0,0,0,0,0,0,0,0,0,0,Salt Lake
2209_2052,2052,35,2209,352209,0,0,0,0,0,0,0,0,0,0,0,0,0,0,0,0,0,0,0,0,0,Salt Lake
2209_2053,2053,35,2209,352209,0,0,0,0,0,0,0,0,0,0,0,0,0,0,0,0,0,0,0,0,0,Salt Lake
2209_2054,2054,35,2209,352209,0,0,0,0,0,0,0,0,0,0,0,0,0,0,0,0,0,0,0,0,0,Salt Lake
2209_2055,2055,35,2209,352209,0,0,0,0,0,0,0,0,0,0,0,0,0,0,0,0,0,0,0,0,0,Salt Lake
2209_2056,2056,35,2209,352209,0,0,0,0,0,0,0,0,0,0,0,0,0,0,0,0,0,0,0,0,0,Salt Lake
2209_2057,2057,35,2209,352209,0,0,0,0,0,0,0,0,0,0,0,0,0,0,0,0,0,0,0,0,0,Salt Lake
2209_2058,2058,35,2209,352209,0,0,0,0,0,0,0,0,0,0,0,0,0,0,0,0,0,0,0,0,0,Salt Lake
2209_2059,2059,35,2209,352209,0,0,0,0,0,0,0,0,0,0,0,0,0,0,0,0,0,0,0,0,0,Salt Lake
2209_2060,2060,35,2209,352209,0,0,0,0,0,0,0,0,0,0,0,0,0,0,0,0,0,0,0,0,0,Salt Lake
2209_2010,2010,35,2209,352209,0,0,0,0,0,0,0,0,0,0,0,0,0,0,0,0,0,0,0,0,0,Salt Lake
2209_2011,2011,35,2209,352209,0,0,0,0,0,0,0,0,0,0,0,0,0,0,0,0,0,0,0,0,0,Salt Lake
2209_2012,2012,35,2209,352209,0,0,0,0,0,0,0,0,0,0,0,0,0,0,0,0,0,0,0,0,0,Salt Lake
2209_2013,2013,35,2209,352209,0,0,0,0,0,0,0,0,0,0,0,0,0,0,0,0,0,0,0,0,0,Salt Lake
2209_2014,2014,35,2209,352209,0,0,0,0,0,0,0,0,0,0,0,0,0,0,0,0,0,0,0,0,0,Salt Lake
2209_2015,2015,35,2209,352209,0,0,0,0,0,0,0,0,0,0,0,0,0,0,0,0,0,0,0,0,0,Salt Lake
2209_2016,2016,35,2209,352209,0,0,0,0,0,0,0,0,0,0,0,0,0,0,0,0,0,0,0,0,0,Salt Lake
2209_2017,2017,35,2209,352209,0,0,0,0,0,0,0,0,0,0,0,0,0,0,0,0,0,0,0,0,0,Salt Lake
2209_2018,2018,35,2209,352209,0,0,0,0,0,0,0,0,0,0,0,0,0,0,0,0,0,0,0,0,0,Salt Lake
2209_2019,2019,35,2209,352209,0,0,0,0,0,0,0,0,0,0,0,0,0,0,0,0,0,0,0,0,0,Salt Lake
2209_2020,2020,35,2209,352209,0,0,0,0,0,0,0,0,0,0,0,0,0,0,0,0,0,0,0,0,0,Salt Lake
2209_2021,2021,35,2209,352209,0,0,0,0,0,0,0,0,0,0,0,0,0,0,0,0,0,0,0,0,0,Salt Lake
2209_2022,2022,35,2209,352209,0,0,0,0,0,0,0,0,0,0,0,0,0,0,0,0,0,0,0,0,0,Salt Lake
2209_2023,2023,35,2209,352209,0,0,0,0,0,0,0,0,0,0,0,0,0,0,0,0,0,0,0,0,0,Salt Lake
2209_2024,2024,35,2209,352209,0,0,0,0,0,0,0,0,0,0,0,0,0,0,0,0,0,0,0,0,0,Salt Lake
2209_2025,2025,35,2209,352209,0,0,0,0,0,0,0,0,0,0,0,0,0,0,0,0,0,0,0,0,0,Salt Lake
2209_2026,2026,35,2209,352209,0,0,0,0,0,0,0,0,0,0,0,0,0,0,0,0,0,0,0,0,0,Salt Lake
2209_2027,2027,35,2209,352209,0,0,0,0,0,0,0,0,0,0,0,0,0,0,0,0,0,0,0,0,0,Salt Lake
2209_2028,2028,35,2209,352209,0,0,0,0,0,0,0,0,0,0,0,0,0,0,0,0,0,0,0,0,0,Salt Lake
2209_2029,2029,35,2209,352209,0,0,0,0,0,0,0,0,0,0,0,0,0,0,0,0,0,0,0,0,0,Salt Lake
2209_2030,2030,35,2209,352209,0,0,0,0,0,0,0,0,0,0,0,0,0,0,0,0,0,0,0,0,0,Salt Lake
2209_2031,2031,35,2209,352209,0,0,0,0,0,0,0,0,0,0,0,0,0,0,0,0,0,0,0,0,0,Salt Lake
2209_2032,2032,35,2209,352209,0,0,0,0,0,0,0,0,0,0,0,0,0,0,0,0,0,0,0,0,0,Salt Lake
2209_2033,2033,35,2209,352209,0,0,0,0,0,0,0,0,0,0,0,0,0,0,0,0,0,0,0,0,0,Salt Lake
2209_2034,2034,35,2209,352209,0,0,0,0,0,0,0,0,0,0,0,0,0,0,0,0,0,0,0,0,0,Salt Lake
2209_2035,2035,35,2209,352209,0,0,0,0,0,0,0,0,0,0,0,0,0,0,0,0,0,0,0,0,0,Salt Lake
2209_2036,2036,35,2209,352209,0,0,0,0,0,0,0,0,0,0,0,0,0,0,0,0,0,0,0,0,0,Salt Lake
2209_2037,2037,35,2209,352209,0,0,0,0,0,0,0,0,0,0,0,0,0,0,0,0,0,0,0,0,0,Salt Lake
2209_2038,2038,35,2209,352209,0,0,0,0,0,0,0,0,0,0,0,0,0,0,0,0,0,0,0,0,0,Salt Lake
2209_2039,2039,35,2209,352209,0,0,0,0,0,0,0,0,0,0,0,0,0,0,0,0,0,0,0,0,0,Salt Lake
2209_2040,2040,35,2209,352209,0,0,0,0,0,0,0,0,0,0,0,0,0,0,0,0,0,0,0,0,0,Salt Lake
2209_2041,2041,35,2209,352209,0,0,0,0,0,0,0,0,0,0,0,0,0,0,0,0,0,0,0,0,0,Salt Lake
2209_2042,2042,35,2209,352209,0,0,0,0,0,0,0,0,0,0,0,0,0,0,0,0,0,0,0,0,0,Salt Lake
2209_2043,2043,35,2209,352209,0,0,0,0,0,0,0,0,0,0,0,0,0,0,0,0,0,0,0,0,0,Salt Lake
2209_2044,2044,35,2209,352209,0,0,0,0,0,0,0,0,0,0,0,0,0,0,0,0,0,0,0,0,0,Salt Lake
2209_2045,2045,35,2209,352209,0,0,0,0,0,0,0,0,0,0,0,0,0,0,0,0,0,0,0,0,0,Salt Lake
2209_2046,2046,35,2209,352209,0,0,0,0,0,0,0,0,0,0,0,0,0,0,0,0,0,0,0,0,0,Salt Lake
2209_2047,2047,35,2209,352209,0,0,0,0,0,0,0,0,0,0,0,0,0,0,0,0,0,0,0,0,0,Salt Lake
2209_2048,2048,35,2209,352209,0,0,0,0,0,0,0,0,0,0,0,0,0,0,0,0,0,0,0,0,0,Salt Lake
2209_2049,2049,35,2209,352209,0,0,0,0,0,0,0,0,0,0,0,0,0,0,0,0,0,0,0,0,0,Salt Lake
2209_2050,2050,35,2209,352209,0,0,0,0,0,0,0,0,0,0,0,0,0,0,0,0,0,0,0,0,0,Salt Lake
2209_2051,2051,35,2209,352209,0,0,0,0,0,0,0,0,0,0,0,0,0,0,0,0,0,0,0,0,0,Salt Lake
2209_2052,2052,35,2209,352209,0,0,0,0,0,0,0,0,0,0,0,0,0,0,0,0,0,0,0,0,0,Salt Lake
2209_2053,2053,35,2209,352209,0,0,0,0,0,0,0,0,0,0,0,0,0,0,0,0,0,0,0,0,0,Salt Lake
2209_2054,2054,35,2209,352209,0,0,0,0,0,0,0,0,0,0,0,0,0,0,0,0,0,0,0,0,0,Salt Lake
2209_2055,2055,35,2209,352209,0,0,0,0,0,0,0,0,0,0,0,0,0,0,0,0,0,0,0,0,0,Salt Lake
2209_2056,2056,35,2209,352209,0,0,0,0,0,0,0,0,0,0,0,0,0,0,0,0,0,0,0,0,0,Salt Lake
2209_2057,2057,35,2209,352209,0,0,0,0,0,0,0,0,0,0,0,0,0,0,0,0,0,0,0,0,0,Salt Lake
2209_2058,2058,35,2209,352209,0,0,0,0,0,0,0,0,0,0,0,0,0,0,0,0,0,0,0,0,0,Salt Lake
2209_2059,2059,35,2209,352209,0,0,0,0,0,0,0,0,0,0,0,0,0,0,0,0,0,0,0,0,0,Salt Lake
2209_2060,2060,35,2209,352209,0,0,0,0,0,0,0,0,0,0,0,0,0,0,0,0,0,0,0,0,0,Salt Lake
2210_2010,2010,35,2210,352210,0,0,0,0,0,0,0,0,0,0,0,0,0,0,0,0,0,0,0,0,0,Salt Lake
2210_2011,2011,35,2210,352210,0,0,0,0,0,0,0,0,0,0,0,0,0,0,0,0,0,0,0,0,0,Salt Lake
2210_2012,2012,35,2210,352210,0,0,0,0,0,0,0,0,0,0,0,0,0,0,0,0,0,0,0,0,0,Salt Lake
2210_2013,2013,35,2210,352210,0,0,0,0,0,0,0,0,0,0,0,0,0,0,0,0,0,0,0,0,0,Salt Lake
2210_2014,2014,35,2210,352210,0,0,0,0,0,0,0,0,0,0,0,0,0,0,0,0,0,0,0,0,0,Salt Lake
2210_2015,2015,35,2210,352210,0,0,0,0,0,0,0,0,0,0,0,0,0,0,0,0,0,0,0,0,0,Salt Lake
2210_2016,2016,35,2210,352210,0,0,0,0,0,0,0,0,0,0,0,0,0,0,0,0,0,0,0,0,0,Salt Lake
2210_2017,2017,35,2210,352210,0,0,0,0,0,0,0,0,0,0,0,0,0,0,0,0,0,0,0,0,0,Salt Lake
2210_2018,2018,35,2210,352210,0,0,0,0,0,0,0,0,0,0,0,0,0,0,0,0,0,0,0,0,0,Salt Lake
2210_2019,2019,35,2210,352210,0,0,0,0,0,0,0,0,0,0,0,0,0,0,0,0,0,0,0,0,0,Salt Lake
2210_2020,2020,35,2210,352210,0,0,0,0,0,0,0,0,0,0,0,0,0,0,0,0,0,0,0,0,0,Salt Lake
2210_2021,2021,35,2210,352210,0,0,0,0,0,0,0,0,0,0,0,0,0,0,0,0,0,0,0,0,0,Salt Lake
2210_2022,2022,35,2210,352210,0,0,0,0,0,0,0,0,0,0,0,0,0,0,0,0,0,0,0,0,0,Salt Lake
2210_2023,2023,35,2210,352210,0,0,0,0,0,0,0,0,0,0,0,0,0,0,0,0,0,0,0,0,0,Salt Lake
2210_2024,2024,35,2210,352210,0,0,0,0,0,0,0,0,0,0,0,0,0,0,0,0,0,0,0,0,0,Salt Lake
2210_2025,2025,35,2210,352210,0,0,0,0,0,0,0,0,0,0,0,0,0,0,0,0,0,0,0,0,0,Salt Lake
2210_2026,2026,35,2210,352210,0,0,0,0,0,0,0,0,0,0,0,0,0,0,0,0,0,0,0,0,0,Salt Lake
2210_2027,2027,35,2210,352210,0,0,0,0,0,0,0,0,0,0,0,0,0,0,0,0,0,0,0,0,0,Salt Lake
2210_2028,2028,35,2210,352210,0,0,0,0,0,0,0,0,0,0,0,0,0,0,0,0,0,0,0,0,0,Salt Lake
2210_2029,2029,35,2210,352210,0,0,0,0,0,0,0,0,0,0,0,0,0,0,0,0,0,0,0,0,0,Salt Lake
2210_2030,2030,35,2210,352210,0,0,0,0,0,0,0,0,0,0,0,0,0,0,0,0,0,0,0,0,0,Salt Lake
2210_2031,2031,35,2210,352210,0,0,0,0,0,0,0,0,0,0,0,0,0,0,0,0,0,0,0,0,0,Salt Lake
2210_2032,2032,35,2210,352210,0,0,0,0,0,0,0,0,0,0,0,0,0,0,0,0,0,0,0,0,0,Salt Lake
2210_2033,2033,35,2210,352210,0,0,0,0,0,0,0,0,0,0,0,0,0,0,0,0,0,0,0,0,0,Salt Lake
2210_2034,2034,35,2210,352210,0,0,0,0,0,0,0,0,0,0,0,0,0,0,0,0,0,0,0,0,0,Salt Lake
2210_2035,2035,35,2210,352210,0,0,0,0,0,0,0,0,0,0,0,0,0,0,0,0,0,0,0,0,0,Salt Lake
2210_2036,2036,35,2210,352210,0,0,0,0,0,0,0,0,0,0,0,0,0,0,0,0,0,0,0,0,0,Salt Lake
2210_2037,2037,35,2210,352210,0,0,0,0,0,0,0,0,0,0,0,0,0,0,0,0,0,0,0,0,0,Salt Lake
2210_2038,2038,35,2210,352210,0,0,0,0,0,0,0,0,0,0,0,0,0,0,0,0,0,0,0,0,0,Salt Lake
2210_2039,2039,35,2210,352210,0,0,0,0,0,0,0,0,0,0,0,0,0,0,0,0,0,0,0,0,0,Salt Lake
2210_2040,2040,35,2210,352210,0,0,0,0,0,0,0,0,0,0,0,0,0,0,0,0,0,0,0,0,0,Salt Lake
2210_2041,2041,35,2210,352210,0,0,0,0,0,0,0,0,0,0,0,0,0,0,0,0,0,0,0,0,0,Salt Lake
2210_2042,2042,35,2210,352210,0,0,0,0,0,0,0,0,0,0,0,0,0,0,0,0,0,0,0,0,0,Salt Lake
2210_2043,2043,35,2210,352210,0,0,0,0,0,0,0,0,0,0,0,0,0,0,0,0,0,0,0,0,0,Salt Lake
2210_2044,2044,35,2210,352210,0,0,0,0,0,0,0,0,0,0,0,0,0,0,0,0,0,0,0,0,0,Salt Lake
2210_2045,2045,35,2210,352210,0,0,0,0,0,0,0,0,0,0,0,0,0,0,0,0,0,0,0,0,0,Salt Lake
2210_2046,2046,35,2210,352210,0,0,0,0,0,0,0,0,0,0,0,0,0,0,0,0,0,0,0,0,0,Salt Lake
2210_2047,2047,35,2210,352210,0,0,0,0,0,0,0,0,0,0,0,0,0,0,0,0,0,0,0,0,0,Salt Lake
2210_2048,2048,35,2210,352210,0,0,0,0,0,0,0,0,0,0,0,0,0,0,0,0,0,0,0,0,0,Salt Lake
2210_2049,2049,35,2210,352210,0,0,0,0,0,0,0,0,0,0,0,0,0,0,0,0,0,0,0,0,0,Salt Lake
2210_2050,2050,35,2210,352210,0,0,0,0,0,0,0,0,0,0,0,0,0,0,0,0,0,0,0,0,0,Salt Lake
2210_2051,2051,35,2210,352210,0,0,0,0,0,0,0,0,0,0,0,0,0,0,0,0,0,0,0,0,0,Salt Lake
2210_2052,2052,35,2210,352210,0,0,0,0,0,0,0,0,0,0,0,0,0,0,0,0,0,0,0,0,0,Salt Lake
2210_2053,2053,35,2210,352210,0,0,0,0,0,0,0,0,0,0,0,0,0,0,0,0,0,0,0,0,0,Salt Lake
2210_2054,2054,35,2210,352210,0,0,0,0,0,0,0,0,0,0,0,0,0,0,0,0,0,0,0,0,0,Salt Lake
2210_2055,2055,35,2210,352210,0,0,0,0,0,0,0,0,0,0,0,0,0,0,0,0,0,0,0,0,0,Salt Lake
2210_2056,2056,35,2210,352210,0,0,0,0,0,0,0,0,0,0,0,0,0,0,0,0,0,0,0,0,0,Salt Lake
2210_2057,2057,35,2210,352210,0,0,0,0,0,0,0,0,0,0,0,0,0,0,0,0,0,0,0,0,0,Salt Lake
2210_2058,2058,35,2210,352210,0,0,0,0,0,0,0,0,0,0,0,0,0,0,0,0,0,0,0,0,0,Salt Lake
2210_2059,2059,35,2210,352210,0,0,0,0,0,0,0,0,0,0,0,0,0,0,0,0,0,0,0,0,0,Salt Lake
2210_2060,2060,35,2210,352210,0,0,0,0,0,0,0,0,0,0,0,0,0,0,0,0,0,0,0,0,0,Salt Lake
2211_2010,2010,35,2211,352211,0,0,0,0,0,0,0,0,0,0,0,0,0,0,0,0,0,0,0,0,0,Salt Lake
2211_2011,2011,35,2211,352211,0,0,0,0,0,0,0,0,0,0,0,0,0,0,0,0,0,0,0,0,0,Salt Lake
2211_2012,2012,35,2211,352211,0,0,0,0,0,0,0,0,0,0,0,0,0,0,0,0,0,0,0,0,0,Salt Lake
2211_2013,2013,35,2211,352211,0,0,0,0,0,0,0,0,0,0,0,0,0,0,0,0,0,0,0,0,0,Salt Lake
2211_2014,2014,35,2211,352211,0,0,0,0,0,0,0,0,0,0,0,0,0,0,0,0,0,0,0,0,0,Salt Lake
2211_2015,2015,35,2211,352211,0,0,0,0,0,0,0,0,0,0,0,0,0,0,0,0,0,0,0,0,0,Salt Lake
2211_2016,2016,35,2211,352211,0,0,0,0,0,0,0,0,0,0,0,0,0,0,0,0,0,0,0,0,0,Salt Lake
2211_2017,2017,35,2211,352211,0,0,0,0,0,0,0,0,0,0,0,0,0,0,0,0,0,0,0,0,0,Salt Lake
2211_2018,2018,35,2211,352211,0,0,0,0,0,0,0,0,0,0,0,0,0,0,0,0,0,0,0,0,0,Salt Lake
2211_2019,2019,35,2211,352211,0,0,0,0,0,0,0,0,0,0,0,0,0,0,0,0,0,0,0,0,0,Salt Lake
2211_2020,2020,35,2211,352211,0,0,0,0,0,0,0,0,0,0,0,0,0,0,0,0,0,0,0,0,0,Salt Lake
2211_2021,2021,35,2211,352211,0,0,0,0,0,0,0,0,0,0,0,0,0,0,0,0,0,0,0,0,0,Salt Lake
2211_2022,2022,35,2211,352211,0,0,0,0,0,0,0,0,0,0,0,0,0,0,0,0,0,0,0,0,0,Salt Lake
2211_2023,2023,35,2211,352211,0,0,0,0,0,0,0,0,0,0,0,0,0,0,0,0,0,0,0,0,0,Salt Lake
2211_2024,2024,35,2211,352211,0,0,0,0,0,0,0,0,0,0,0,0,0,0,0,0,0,0,0,0,0,Salt Lake
2211_2025,2025,35,2211,352211,0,0,0,0,0,0,0,0,0,0,0,0,0,0,0,0,0,0,0,0,0,Salt Lake
2211_2026,2026,35,2211,352211,0,0,0,0,0,0,0,0,0,0,0,0,0,0,0,0,0,0,0,0,0,Salt Lake
2211_2027,2027,35,2211,352211,0,0,0,0,0,0,0,0,0,0,0,0,0,0,0,0,0,0,0,0,0,Salt Lake
2211_2028,2028,35,2211,352211,0,0,0,0,0,0,0,0,0,0,0,0,0,0,0,0,0,0,0,0,0,Salt Lake
2211_2029,2029,35,2211,352211,0,0,0,0,0,0,0,0,0,0,0,0,0,0,0,0,0,0,0,0,0,Salt Lake
2211_2030,2030,35,2211,352211,0,0,0,0,0,0,0,0,0,0,0,0,0,0,0,0,0,0,0,0,0,Salt Lake
2211_2031,2031,35,2211,352211,0,0,0,0,0,0,0,0,0,0,0,0,0,0,0,0,0,0,0,0,0,Salt Lake
2211_2032,2032,35,2211,352211,0,0,0,0,0,0,0,0,0,0,0,0,0,0,0,0,0,0,0,0,0,Salt Lake
2211_2033,2033,35,2211,352211,0,0,0,0,0,0,0,0,0,0,0,0,0,0,0,0,0,0,0,0,0,Salt Lake
2211_2034,2034,35,2211,352211,0,0,0,0,0,0,0,0,0,0,0,0,0,0,0,0,0,0,0,0,0,Salt Lake
2211_2035,2035,35,2211,352211,0,0,0,0,0,0,0,0,0,0,0,0,0,0,0,0,0,0,0,0,0,Salt Lake
2211_2036,2036,35,2211,352211,0,0,0,0,0,0,0,0,0,0,0,0,0,0,0,0,0,0,0,0,0,Salt Lake
2211_2037,2037,35,2211,352211,0,0,0,0,0,0,0,0,0,0,0,0,0,0,0,0,0,0,0,0,0,Salt Lake
2211_2038,2038,35,2211,352211,0,0,0,0,0,0,0,0,0,0,0,0,0,0,0,0,0,0,0,0,0,Salt Lake
2211_2039,2039,35,2211,352211,0,0,0,0,0,0,0,0,0,0,0,0,0,0,0,0,0,0,0,0,0,Salt Lake
2211_2040,2040,35,2211,352211,0,0,0,0,0,0,0,0,0,0,0,0,0,0,0,0,0,0,0,0,0,Salt Lake
2211_2041,2041,35,2211,352211,0,0,0,0,0,0,0,0,0,0,0,0,0,0,0,0,0,0,0,0,0,Salt Lake
2211_2042,2042,35,2211,352211,0,0,0,0,0,0,0,0,0,0,0,0,0,0,0,0,0,0,0,0,0,Salt Lake
2211_2043,2043,35,2211,352211,0,0,0,0,0,0,0,0,0,0,0,0,0,0,0,0,0,0,0,0,0,Salt Lake
2211_2044,2044,35,2211,352211,0,0,0,0,0,0,0,0,0,0,0,0,0,0,0,0,0,0,0,0,0,Salt Lake
2211_2045,2045,35,2211,352211,0,0,0,0,0,0,0,0,0,0,0,0,0,0,0,0,0,0,0,0,0,Salt Lake
2211_2046,2046,35,2211,352211,0,0,0,0,0,0,0,0,0,0,0,0,0,0,0,0,0,0,0,0,0,Salt Lake
2211_2047,2047,35,2211,352211,0,0,0,0,0,0,0,0,0,0,0,0,0,0,0,0,0,0,0,0,0,Salt Lake
2211_2048,2048,35,2211,352211,0,0,0,0,0,0,0,0,0,0,0,0,0,0,0,0,0,0,0,0,0,Salt Lake
2211_2049,2049,35,2211,352211,0,0,0,0,0,0,0,0,0,0,0,0,0,0,0,0,0,0,0,0,0,Salt Lake
2211_2050,2050,35,2211,352211,0,0,0,0,0,0,0,0,0,0,0,0,0,0,0,0,0,0,0,0,0,Salt Lake
2211_2051,2051,35,2211,352211,0,0,0,0,0,0,0,0,0,0,0,0,0,0,0,0,0,0,0,0,0,Salt Lake
2211_2052,2052,35,2211,352211,0,0,0,0,0,0,0,0,0,0,0,0,0,0,0,0,0,0,0,0,0,Salt Lake
2211_2053,2053,35,2211,352211,0,0,0,0,0,0,0,0,0,0,0,0,0,0,0,0,0,0,0,0,0,Salt Lake
2211_2054,2054,35,2211,352211,0,0,0,0,0,0,0,0,0,0,0,0,0,0,0,0,0,0,0,0,0,Salt Lake
2211_2055,2055,35,2211,352211,0,0,0,0,0,0,0,0,0,0,0,0,0,0,0,0,0,0,0,0,0,Salt Lake
2211_2056,2056,35,2211,352211,0,0,0,0,0,0,0,0,0,0,0,0,0,0,0,0,0,0,0,0,0,Salt Lake
2211_2057,2057,35,2211,352211,0,0,0,0,0,0,0,0,0,0,0,0,0,0,0,0,0,0,0,0,0,Salt Lake
2211_2058,2058,35,2211,352211,0,0,0,0,0,0,0,0,0,0,0,0,0,0,0,0,0,0,0,0,0,Salt Lake
2211_2059,2059,35,2211,352211,0,0,0,0,0,0,0,0,0,0,0,0,0,0,0,0,0,0,0,0,0,Salt Lake
2211_2060,2060,35,2211,352211,0,0,0,0,0,0,0,0,0,0,0,0,0,0,0,0,0,0,0,0,0,Salt Lake
2212_2010,2010,35,2212,352212,0,0,0,0,0,0,0,0,0,0,0,0,0,0,0,0,0,0,0,0,0,Salt Lake
2212_2011,2011,35,2212,352212,0,0,0,0,0,0,0,0,0,0,0,0,0,0,0,0,0,0,0,0,0,Salt Lake
2212_2012,2012,35,2212,352212,0,0,0,0,0,0,0,0,0,0,0,0,0,0,0,0,0,0,0,0,0,Salt Lake
2212_2013,2013,35,2212,352212,0,0,0,0,0,0,0,0,0,0,0,0,0,0,0,0,0,0,0,0,0,Salt Lake
2212_2014,2014,35,2212,352212,0,0,0,0,0,0,0,0,0,0,0,0,0,0,0,0,0,0,0,0,0,Salt Lake
2212_2015,2015,35,2212,352212,0,0,0,0,0,0,0,0,0,0,0,0,0,0,0,0,0,0,0,0,0,Salt Lake
2212_2016,2016,35,2212,352212,0,0,0,0,0,0,0,0,0,0,0,0,0,0,0,0,0,0,0,0,0,Salt Lake
2212_2017,2017,35,2212,352212,0,0,0,0,0,0,0,0,0,0,0,0,0,0,0,0,0,0,0,0,0,Salt Lake
2212_2018,2018,35,2212,352212,0,0,0,0,0,0,0,0,0,0,0,0,0,0,0,0,0,0,0,0,0,Salt Lake
2212_2019,2019,35,2212,352212,0,0,0,0,0,0,0,0,0,0,0,0,0,0,0,0,0,0,0,0,0,Salt Lake
2212_2020,2020,35,2212,352212,0,0,0,0,0,0,0,0,0,0,0,0,0,0,0,0,0,0,0,0,0,Salt Lake
2212_2021,2021,35,2212,352212,0,0,0,0,0,0,0,0,0,0,0,0,0,0,0,0,0,0,0,0,0,Salt Lake
2212_2022,2022,35,2212,352212,0,0,0,0,0,0,0,0,0,0,0,0,0,0,0,0,0,0,0,0,0,Salt Lake
2212_2023,2023,35,2212,352212,0,0,0,0,0,0,0,0,0,0,0,0,0,0,0,0,0,0,0,0,0,Salt Lake
2212_2024,2024,35,2212,352212,0,0,0,0,0,0,0,0,0,0,0,0,0,0,0,0,0,0,0,0,0,Salt Lake
2212_2025,2025,35,2212,352212,0,0,0,0,0,0,0,0,0,0,0,0,0,0,0,0,0,0,0,0,0,Salt Lake
2212_2026,2026,35,2212,352212,0,0,0,0,0,0,0,0,0,0,0,0,0,0,0,0,0,0,0,0,0,Salt Lake
2212_2027,2027,35,2212,352212,0,0,0,0,0,0,0,0,0,0,0,0,0,0,0,0,0,0,0,0,0,Salt Lake
2212_2028,2028,35,2212,352212,0,0,0,0,0,0,0,0,0,0,0,0,0,0,0,0,0,0,0,0,0,Salt Lake
2212_2029,2029,35,2212,352212,0,0,0,0,0,0,0,0,0,0,0,0,0,0,0,0,0,0,0,0,0,Salt Lake
2212_2030,2030,35,2212,352212,0,0,0,0,0,0,0,0,0,0,0,0,0,0,0,0,0,0,0,0,0,Salt Lake
2212_2031,2031,35,2212,352212,0,0,0,0,0,0,0,0,0,0,0,0,0,0,0,0,0,0,0,0,0,Salt Lake
2212_2032,2032,35,2212,352212,0,0,0,0,0,0,0,0,0,0,0,0,0,0,0,0,0,0,0,0,0,Salt Lake
2212_2033,2033,35,2212,352212,0,0,0,0,0,0,0,0,0,0,0,0,0,0,0,0,0,0,0,0,0,Salt Lake
2212_2034,2034,35,2212,352212,0,0,0,0,0,0,0,0,0,0,0,0,0,0,0,0,0,0,0,0,0,Salt Lake
2212_2035,2035,35,2212,352212,0,0,0,0,0,0,0,0,0,0,0,0,0,0,0,0,0,0,0,0,0,Salt Lake
2212_2036,2036,35,2212,352212,0,0,0,0,0,0,0,0,0,0,0,0,0,0,0,0,0,0,0,0,0,Salt Lake
2212_2037,2037,35,2212,352212,0,0,0,0,0,0,0,0,0,0,0,0,0,0,0,0,0,0,0,0,0,Salt Lake
2212_2038,2038,35,2212,352212,0,0,0,0,0,0,0,0,0,0,0,0,0,0,0,0,0,0,0,0,0,Salt Lake
2212_2039,2039,35,2212,352212,0,0,0,0,0,0,0,0,0,0,0,0,0,0,0,0,0,0,0,0,0,Salt Lake
2212_2040,2040,35,2212,352212,0,0,0,0,0,0,0,0,0,0,0,0,0,0,0,0,0,0,0,0,0,Salt Lake
2212_2041,2041,35,2212,352212,0,0,0,0,0,0,0,0,0,0,0,0,0,0,0,0,0,0,0,0,0,Salt Lake
2212_2042,2042,35,2212,352212,0,0,0,0,0,0,0,0,0,0,0,0,0,0,0,0,0,0,0,0,0,Salt Lake
2212_2043,2043,35,2212,352212,0,0,0,0,0,0,0,0,0,0,0,0,0,0,0,0,0,0,0,0,0,Salt Lake
2212_2044,2044,35,2212,352212,0,0,0,0,0,0,0,0,0,0,0,0,0,0,0,0,0,0,0,0,0,Salt Lake
2212_2045,2045,35,2212,352212,0,0,0,0,0,0,0,0,0,0,0,0,0,0,0,0,0,0,0,0,0,Salt Lake
2212_2046,2046,35,2212,352212,0,0,0,0,0,0,0,0,0,0,0,0,0,0,0,0,0,0,0,0,0,Salt Lake
2212_2047,2047,35,2212,352212,0,0,0,0,0,0,0,0,0,0,0,0,0,0,0,0,0,0,0,0,0,Salt Lake
2212_2048,2048,35,2212,352212,0,0,0,0,0,0,0,0,0,0,0,0,0,0,0,0,0,0,0,0,0,Salt Lake
2212_2049,2049,35,2212,352212,0,0,0,0,0,0,0,0,0,0,0,0,0,0,0,0,0,0,0,0,0,Salt Lake
2212_2050,2050,35,2212,352212,0,0,0,0,0,0,0,0,0,0,0,0,0,0,0,0,0,0,0,0,0,Salt Lake
2212_2051,2051,35,2212,352212,0,0,0,0,0,0,0,0,0,0,0,0,0,0,0,0,0,0,0,0,0,Salt Lake
2212_2052,2052,35,2212,352212,0,0,0,0,0,0,0,0,0,0,0,0,0,0,0,0,0,0,0,0,0,Salt Lake
2212_2053,2053,35,2212,352212,0,0,0,0,0,0,0,0,0,0,0,0,0,0,0,0,0,0,0,0,0,Salt Lake
2212_2054,2054,35,2212,352212,0,0,0,0,0,0,0,0,0,0,0,0,0,0,0,0,0,0,0,0,0,Salt Lake
2212_2055,2055,35,2212,352212,0,0,0,0,0,0,0,0,0,0,0,0,0,0,0,0,0,0,0,0,0,Salt Lake
2212_2056,2056,35,2212,352212,0,0,0,0,0,0,0,0,0,0,0,0,0,0,0,0,0,0,0,0,0,Salt Lake
2212_2057,2057,35,2212,352212,0,0,0,0,0,0,0,0,0,0,0,0,0,0,0,0,0,0,0,0,0,Salt Lake
2212_2058,2058,35,2212,352212,0,0,0,0,0,0,0,0,0,0,0,0,0,0,0,0,0,0,0,0,0,Salt Lake
2212_2059,2059,35,2212,352212,0,0,0,0,0,0,0,0,0,0,0,0,0,0,0,0,0,0,0,0,0,Salt Lake
2212_2060,2060,35,2212,352212,0,0,0,0,0,0,0,0,0,0,0,0,0,0,0,0,0,0,0,0,0,Salt Lake
2213_2010,2010,35,2213,352213,0,0,0,0,0,0,0,0,0,0,0,0,0,0,0,0,0,0,0,0,0,Salt Lake
2213_2011,2011,35,2213,352213,0,0,0,0,0,0,0,0,0,0,0,0,0,0,0,0,0,0,0,0,0,Salt Lake
2213_2012,2012,35,2213,352213,0,0,0,0,0,0,0,0,0,0,0,0,0,0,0,0,0,0,0,0,0,Salt Lake
2213_2013,2013,35,2213,352213,0,0,0,0,0,0,0,0,0,0,0,0,0,0,0,0,0,0,0,0,0,Salt Lake
2213_2014,2014,35,2213,352213,0,0,0,0,0,0,0,0,0,0,0,0,0,0,0,0,0,0,0,0,0,Salt Lake
2213_2015,2015,35,2213,352213,0,0,0,0,0,0,0,0,0,0,0,0,0,0,0,0,0,0,0,0,0,Salt Lake
2213_2016,2016,35,2213,352213,0,0,0,0,0,0,0,0,0,0,0,0,0,0,0,0,0,0,0,0,0,Salt Lake
2213_2017,2017,35,2213,352213,0,0,0,0,0,0,0,0,0,0,0,0,0,0,0,0,0,0,0,0,0,Salt Lake
2213_2018,2018,35,2213,352213,0,0,0,0,0,0,0,0,0,0,0,0,0,0,0,0,0,0,0,0,0,Salt Lake
2213_2019,2019,35,2213,352213,0,0,0,0,0,0,0,0,0,0,0,0,0,0,0,0,0,0,0,0,0,Salt Lake
2213_2020,2020,35,2213,352213,0,0,0,0,0,0,0,0,0,0,0,0,0,0,0,0,0,0,0,0,0,Salt Lake
2213_2021,2021,35,2213,352213,0,0,0,0,0,0,0,0,0,0,0,0,0,0,0,0,0,0,0,0,0,Salt Lake
2213_2022,2022,35,2213,352213,0,0,0,0,0,0,0,0,0,0,0,0,0,0,0,0,0,0,0,0,0,Salt Lake
2213_2023,2023,35,2213,352213,0,0,0,0,0,0,0,0,0,0,0,0,0,0,0,0,0,0,0,0,0,Salt Lake
2213_2024,2024,35,2213,352213,0,0,0,0,0,0,0,0,0,0,0,0,0,0,0,0,0,0,0,0,0,Salt Lake
2213_2025,2025,35,2213,352213,0,0,0,0,0,0,0,0,0,0,0,0,0,0,0,0,0,0,0,0,0,Salt Lake
2213_2026,2026,35,2213,352213,0,0,0,0,0,0,0,0,0,0,0,0,0,0,0,0,0,0,0,0,0,Salt Lake
2213_2027,2027,35,2213,352213,0,0,0,0,0,0,0,0,0,0,0,0,0,0,0,0,0,0,0,0,0,Salt Lake
2213_2028,2028,35,2213,352213,0,0,0,0,0,0,0,0,0,0,0,0,0,0,0,0,0,0,0,0,0,Salt Lake
2213_2029,2029,35,2213,352213,0,0,0,0,0,0,0,0,0,0,0,0,0,0,0,0,0,0,0,0,0,Salt Lake
2213_2030,2030,35,2213,352213,0,0,0,0,0,0,0,0,0,0,0,0,0,0,0,0,0,0,0,0,0,Salt Lake
2213_2031,2031,35,2213,352213,0,0,0,0,0,0,0,0,0,0,0,0,0,0,0,0,0,0,0,0,0,Salt Lake
2213_2032,2032,35,2213,352213,0,0,0,0,0,0,0,0,0,0,0,0,0,0,0,0,0,0,0,0,0,Salt Lake
2213_2033,2033,35,2213,352213,0,0,0,0,0,0,0,0,0,0,0,0,0,0,0,0,0,0,0,0,0,Salt Lake
2213_2034,2034,35,2213,352213,0,0,0,0,0,0,0,0,0,0,0,0,0,0,0,0,0,0,0,0,0,Salt Lake
2213_2035,2035,35,2213,352213,0,0,0,0,0,0,0,0,0,0,0,0,0,0,0,0,0,0,0,0,0,Salt Lake
2213_2036,2036,35,2213,352213,0,0,0,0,0,0,0,0,0,0,0,0,0,0,0,0,0,0,0,0,0,Salt Lake
2213_2037,2037,35,2213,352213,0,0,0,0,0,0,0,0,0,0,0,0,0,0,0,0,0,0,0,0,0,Salt Lake
2213_2038,2038,35,2213,352213,0,0,0,0,0,0,0,0,0,0,0,0,0,0,0,0,0,0,0,0,0,Salt Lake
2213_2039,2039,35,2213,352213,0,0,0,0,0,0,0,0,0,0,0,0,0,0,0,0,0,0,0,0,0,Salt Lake
2213_2040,2040,35,2213,352213,0,0,0,0,0,0,0,0,0,0,0,0,0,0,0,0,0,0,0,0,0,Salt Lake
2213_2041,2041,35,2213,352213,0,0,0,0,0,0,0,0,0,0,0,0,0,0,0,0,0,0,0,0,0,Salt Lake
2213_2042,2042,35,2213,352213,0,0,0,0,0,0,0,0,0,0,0,0,0,0,0,0,0,0,0,0,0,Salt Lake
2213_2043,2043,35,2213,352213,0,0,0,0,0,0,0,0,0,0,0,0,0,0,0,0,0,0,0,0,0,Salt Lake
2213_2044,2044,35,2213,352213,0,0,0,0,0,0,0,0,0,0,0,0,0,0,0,0,0,0,0,0,0,Salt Lake
2213_2045,2045,35,2213,352213,0,0,0,0,0,0,0,0,0,0,0,0,0,0,0,0,0,0,0,0,0,Salt Lake
2213_2046,2046,35,2213,352213,0,0,0,0,0,0,0,0,0,0,0,0,0,0,0,0,0,0,0,0,0,Salt Lake
2213_2047,2047,35,2213,352213,0,0,0,0,0,0,0,0,0,0,0,0,0,0,0,0,0,0,0,0,0,Salt Lake
2213_2048,2048,35,2213,352213,0,0,0,0,0,0,0,0,0,0,0,0,0,0,0,0,0,0,0,0,0,Salt Lake
2213_2049,2049,35,2213,352213,0,0,0,0,0,0,0,0,0,0,0,0,0,0,0,0,0,0,0,0,0,Salt Lake
2213_2050,2050,35,2213,352213,0,0,0,0,0,0,0,0,0,0,0,0,0,0,0,0,0,0,0,0,0,Salt Lake
2213_2051,2051,35,2213,352213,0,0,0,0,0,0,0,0,0,0,0,0,0,0,0,0,0,0,0,0,0,Salt Lake
2213_2052,2052,35,2213,352213,0,0,0,0,0,0,0,0,0,0,0,0,0,0,0,0,0,0,0,0,0,Salt Lake
2213_2053,2053,35,2213,352213,0,0,0,0,0,0,0,0,0,0,0,0,0,0,0,0,0,0,0,0,0,Salt Lake
2213_2054,2054,35,2213,352213,0,0,0,0,0,0,0,0,0,0,0,0,0,0,0,0,0,0,0,0,0,Salt Lake
2213_2055,2055,35,2213,352213,0,0,0,0,0,0,0,0,0,0,0,0,0,0,0,0,0,0,0,0,0,Salt Lake
2213_2056,2056,35,2213,352213,0,0,0,0,0,0,0,0,0,0,0,0,0,0,0,0,0,0,0,0,0,Salt Lake
2213_2057,2057,35,2213,352213,0,0,0,0,0,0,0,0,0,0,0,0,0,0,0,0,0,0,0,0,0,Salt Lake
2213_2058,2058,35,2213,352213,0,0,0,0,0,0,0,0,0,0,0,0,0,0,0,0,0,0,0,0,0,Salt Lake
2213_2059,2059,35,2213,352213,0,0,0,0,0,0,0,0,0,0,0,0,0,0,0,0,0,0,0,0,0,Salt Lake
2213_2060,2060,35,2213,352213,0,0,0,0,0,0,0,0,0,0,0,0,0,0,0,0,0,0,0,0,0,Salt Lake
2214_2010,2010,35,2214,352214,0,0,0,0,0,0,0,0,0,0,0,0,0,0,0,0,0,0,0,0,0,Salt Lake
2214_2011,2011,35,2214,352214,0,0,0,0,0,0,0,0,0,0,0,0,0,0,0,0,0,0,0,0,0,Salt Lake
2214_2012,2012,35,2214,352214,0,0,0,0,0,0,0,0,0,0,0,0,0,0,0,0,0,0,0,0,0,Salt Lake
2214_2013,2013,35,2214,352214,0,0,0,0,0,0,0,0,0,0,0,0,0,0,0,0,0,0,0,0,0,Salt Lake
2214_2014,2014,35,2214,352214,0,0,0,0,0,0,0,0,0,0,0,0,0,0,0,0,0,0,0,0,0,Salt Lake
2214_2015,2015,35,2214,352214,0,0,0,0,0,0,0,0,0,0,0,0,0,0,0,0,0,0,0,0,0,Salt Lake
2214_2016,2016,35,2214,352214,0,0,0,0,0,0,0,0,0,0,0,0,0,0,0,0,0,0,0,0,0,Salt Lake
2214_2017,2017,35,2214,352214,0,0,0,0,0,0,0,0,0,0,0,0,0,0,0,0,0,0,0,0,0,Salt Lake
2214_2018,2018,35,2214,352214,0,0,0,0,0,0,0,0,0,0,0,0,0,0,0,0,0,0,0,0,0,Salt Lake
2214_2019,2019,35,2214,352214,0,0,0,0,0,0,0,0,0,0,0,0,0,0,0,0,0,0,0,0,0,Salt Lake
2214_2020,2020,35,2214,352214,0,0,0,0,0,0,0,0,0,0,0,0,0,0,0,0,0,0,0,0,0,Salt Lake
2214_2021,2021,35,2214,352214,0,0,0,0,0,0,0,0,0,0,0,0,0,0,0,0,0,0,0,0,0,Salt Lake
2214_2022,2022,35,2214,352214,0,0,0,0,0,0,0,0,0,0,0,0,0,0,0,0,0,0,0,0,0,Salt Lake
2214_2023,2023,35,2214,352214,0,0,0,0,0,0,0,0,0,0,0,0,0,0,0,0,0,0,0,0,0,Salt Lake
2214_2024,2024,35,2214,352214,0,0,0,0,0,0,0,0,0,0,0,0,0,0,0,0,0,0,0,0,0,Salt Lake
2214_2025,2025,35,2214,352214,0,0,0,0,0,0,0,0,0,0,0,0,0,0,0,0,0,0,0,0,0,Salt Lake
2214_2026,2026,35,2214,352214,0,0,0,0,0,0,0,0,0,0,0,0,0,0,0,0,0,0,0,0,0,Salt Lake
2214_2027,2027,35,2214,352214,0,0,0,0,0,0,0,0,0,0,0,0,0,0,0,0,0,0,0,0,0,Salt Lake
2214_2028,2028,35,2214,352214,0,0,0,0,0,0,0,0,0,0,0,0,0,0,0,0,0,0,0,0,0,Salt Lake
2214_2029,2029,35,2214,352214,0,0,0,0,0,0,0,0,0,0,0,0,0,0,0,0,0,0,0,0,0,Salt Lake
2214_2030,2030,35,2214,352214,0,0,0,0,0,0,0,0,0,0,0,0,0,0,0,0,0,0,0,0,0,Salt Lake
2214_2031,2031,35,2214,352214,0,0,0,0,0,0,0,0,0,0,0,0,0,0,0,0,0,0,0,0,0,Salt Lake
2214_2032,2032,35,2214,352214,0,0,0,0,0,0,0,0,0,0,0,0,0,0,0,0,0,0,0,0,0,Salt Lake
2214_2033,2033,35,2214,352214,0,0,0,0,0,0,0,0,0,0,0,0,0,0,0,0,0,0,0,0,0,Salt Lake
2214_2034,2034,35,2214,352214,0,0,0,0,0,0,0,0,0,0,0,0,0,0,0,0,0,0,0,0,0,Salt Lake
2214_2035,2035,35,2214,352214,0,0,0,0,0,0,0,0,0,0,0,0,0,0,0,0,0,0,0,0,0,Salt Lake
2214_2036,2036,35,2214,352214,0,0,0,0,0,0,0,0,0,0,0,0,0,0,0,0,0,0,0,0,0,Salt Lake
2214_2037,2037,35,2214,352214,0,0,0,0,0,0,0,0,0,0,0,0,0,0,0,0,0,0,0,0,0,Salt Lake
2214_2038,2038,35,2214,352214,0,0,0,0,0,0,0,0,0,0,0,0,0,0,0,0,0,0,0,0,0,Salt Lake
2214_2039,2039,35,2214,352214,0,0,0,0,0,0,0,0,0,0,0,0,0,0,0,0,0,0,0,0,0,Salt Lake
2214_2040,2040,35,2214,352214,0,0,0,0,0,0,0,0,0,0,0,0,0,0,0,0,0,0,0,0,0,Salt Lake
2214_2041,2041,35,2214,352214,0,0,0,0,0,0,0,0,0,0,0,0,0,0,0,0,0,0,0,0,0,Salt Lake
2214_2042,2042,35,2214,352214,0,0,0,0,0,0,0,0,0,0,0,0,0,0,0,0,0,0,0,0,0,Salt Lake
2214_2043,2043,35,2214,352214,0,0,0,0,0,0,0,0,0,0,0,0,0,0,0,0,0,0,0,0,0,Salt Lake
2214_2044,2044,35,2214,352214,0,0,0,0,0,0,0,0,0,0,0,0,0,0,0,0,0,0,0,0,0,Salt Lake
2214_2045,2045,35,2214,352214,0,0,0,0,0,0,0,0,0,0,0,0,0,0,0,0,0,0,0,0,0,Salt Lake
2214_2046,2046,35,2214,352214,0,0,0,0,0,0,0,0,0,0,0,0,0,0,0,0,0,0,0,0,0,Salt Lake
2214_2047,2047,35,2214,352214,0,0,0,0,0,0,0,0,0,0,0,0,0,0,0,0,0,0,0,0,0,Salt Lake
2214_2048,2048,35,2214,352214,0,0,0,0,0,0,0,0,0,0,0,0,0,0,0,0,0,0,0,0,0,Salt Lake
2214_2049,2049,35,2214,352214,0,0,0,0,0,0,0,0,0,0,0,0,0,0,0,0,0,0,0,0,0,Salt Lake
2214_2050,2050,35,2214,352214,0,0,0,0,0,0,0,0,0,0,0,0,0,0,0,0,0,0,0,0,0,Salt Lake
2214_2051,2051,35,2214,352214,0,0,0,0,0,0,0,0,0,0,0,0,0,0,0,0,0,0,0,0,0,Salt Lake
2214_2052,2052,35,2214,352214,0,0,0,0,0,0,0,0,0,0,0,0,0,0,0,0,0,0,0,0,0,Salt Lake
2214_2053,2053,35,2214,352214,0,0,0,0,0,0,0,0,0,0,0,0,0,0,0,0,0,0,0,0,0,Salt Lake
2214_2054,2054,35,2214,352214,0,0,0,0,0,0,0,0,0,0,0,0,0,0,0,0,0,0,0,0,0,Salt Lake
2214_2055,2055,35,2214,352214,0,0,0,0,0,0,0,0,0,0,0,0,0,0,0,0,0,0,0,0,0,Salt Lake
2214_2056,2056,35,2214,352214,0,0,0,0,0,0,0,0,0,0,0,0,0,0,0,0,0,0,0,0,0,Salt Lake
2214_2057,2057,35,2214,352214,0,0,0,0,0,0,0,0,0,0,0,0,0,0,0,0,0,0,0,0,0,Salt Lake
2214_2058,2058,35,2214,352214,0,0,0,0,0,0,0,0,0,0,0,0,0,0,0,0,0,0,0,0,0,Salt Lake
2214_2059,2059,35,2214,352214,0,0,0,0,0,0,0,0,0,0,0,0,0,0,0,0,0,0,0,0,0,Salt Lake
2214_2060,2060,35,2214,352214,0,0,0,0,0,0,0,0,0,0,0,0,0,0,0,0,0,0,0,0,0,Salt Lake
2215_2010,2010,35,2215,352215,0,0,0,0,0,0,0,0,0,0,0,0,0,0,0,0,0,0,0,0,0,Salt Lake
2215_2011,2011,35,2215,352215,0,0,0,0,0,0,0,0,0,0,0,0,0,0,0,0,0,0,0,0,0,Salt Lake
2215_2012,2012,35,2215,352215,0,0,0,0,0,0,0,0,0,0,0,0,0,0,0,0,0,0,0,0,0,Salt Lake
2215_2013,2013,35,2215,352215,0,0,0,0,0,0,0,0,0,0,0,0,0,0,0,0,0,0,0,0,0,Salt Lake
2215_2014,2014,35,2215,352215,0,0,0,0,0,0,0,0,0,0,0,0,0,0,0,0,0,0,0,0,0,Salt Lake
2215_2015,2015,35,2215,352215,0,0,0,0,0,0,0,0,0,0,0,0,0,0,0,0,0,0,0,0,0,Salt Lake
2215_2016,2016,35,2215,352215,0,0,0,0,0,0,0,0,0,0,0,0,0,0,0,0,0,0,0,0,0,Salt Lake
2215_2017,2017,35,2215,352215,0,0,0,0,0,0,0,0,0,0,0,0,0,0,0,0,0,0,0,0,0,Salt Lake
2215_2018,2018,35,2215,352215,0,0,0,0,0,0,0,0,0,0,0,0,0,0,0,0,0,0,0,0,0,Salt Lake
2215_2019,2019,35,2215,352215,0,0,0,0,0,0,0,0,0,0,0,0,0,0,0,0,0,0,0,0,0,Salt Lake
2215_2020,2020,35,2215,352215,0,0,0,0,0,0,0,0,0,0,0,0,0,0,0,0,0,0,0,0,0,Salt Lake
2215_2021,2021,35,2215,352215,0,0,0,0,0,0,0,0,0,0,0,0,0,0,0,0,0,0,0,0,0,Salt Lake
2215_2022,2022,35,2215,352215,0,0,0,0,0,0,0,0,0,0,0,0,0,0,0,0,0,0,0,0,0,Salt Lake
2215_2023,2023,35,2215,352215,0,0,0,0,0,0,0,0,0,0,0,0,0,0,0,0,0,0,0,0,0,Salt Lake
2215_2024,2024,35,2215,352215,0,0,0,0,0,0,0,0,0,0,0,0,0,0,0,0,0,0,0,0,0,Salt Lake
2215_2025,2025,35,2215,352215,0,0,0,0,0,0,0,0,0,0,0,0,0,0,0,0,0,0,0,0,0,Salt Lake
2215_2026,2026,35,2215,352215,0,0,0,0,0,0,0,0,0,0,0,0,0,0,0,0,0,0,0,0,0,Salt Lake
2215_2027,2027,35,2215,352215,0,0,0,0,0,0,0,0,0,0,0,0,0,0,0,0,0,0,0,0,0,Salt Lake
2215_2028,2028,35,2215,352215,0,0,0,0,0,0,0,0,0,0,0,0,0,0,0,0,0,0,0,0,0,Salt Lake
2215_2029,2029,35,2215,352215,0,0,0,0,0,0,0,0,0,0,0,0,0,0,0,0,0,0,0,0,0,Salt Lake
2215_2030,2030,35,2215,352215,0,0,0,0,0,0,0,0,0,0,0,0,0,0,0,0,0,0,0,0,0,Salt Lake
2215_2031,2031,35,2215,352215,0,0,0,0,0,0,0,0,0,0,0,0,0,0,0,0,0,0,0,0,0,Salt Lake
2215_2032,2032,35,2215,352215,0,0,0,0,0,0,0,0,0,0,0,0,0,0,0,0,0,0,0,0,0,Salt Lake
2215_2033,2033,35,2215,352215,0,0,0,0,0,0,0,0,0,0,0,0,0,0,0,0,0,0,0,0,0,Salt Lake
2215_2034,2034,35,2215,352215,0,0,0,0,0,0,0,0,0,0,0,0,0,0,0,0,0,0,0,0,0,Salt Lake
2215_2035,2035,35,2215,352215,0,0,0,0,0,0,0,0,0,0,0,0,0,0,0,0,0,0,0,0,0,Salt Lake
2215_2036,2036,35,2215,352215,0,0,0,0,0,0,0,0,0,0,0,0,0,0,0,0,0,0,0,0,0,Salt Lake
2215_2037,2037,35,2215,352215,0,0,0,0,0,0,0,0,0,0,0,0,0,0,0,0,0,0,0,0,0,Salt Lake
2215_2038,2038,35,2215,352215,0,0,0,0,0,0,0,0,0,0,0,0,0,0,0,0,0,0,0,0,0,Salt Lake
2215_2039,2039,35,2215,352215,0,0,0,0,0,0,0,0,0,0,0,0,0,0,0,0,0,0,0,0,0,Salt Lake
2215_2040,2040,35,2215,352215,0,0,0,0,0,0,0,0,0,0,0,0,0,0,0,0,0,0,0,0,0,Salt Lake
2215_2041,2041,35,2215,352215,0,0,0,0,0,0,0,0,0,0,0,0,0,0,0,0,0,0,0,0,0,Salt Lake
2215_2042,2042,35,2215,352215,0,0,0,0,0,0,0,0,0,0,0,0,0,0,0,0,0,0,0,0,0,Salt Lake
2215_2043,2043,35,2215,352215,0,0,0,0,0,0,0,0,0,0,0,0,0,0,0,0,0,0,0,0,0,Salt Lake
2215_2044,2044,35,2215,352215,0,0,0,0,0,0,0,0,0,0,0,0,0,0,0,0,0,0,0,0,0,Salt Lake
2215_2045,2045,35,2215,352215,0,0,0,0,0,0,0,0,0,0,0,0,0,0,0,0,0,0,0,0,0,Salt Lake
2215_2046,2046,35,2215,352215,0,0,0,0,0,0,0,0,0,0,0,0,0,0,0,0,0,0,0,0,0,Salt Lake
2215_2047,2047,35,2215,352215,0,0,0,0,0,0,0,0,0,0,0,0,0,0,0,0,0,0,0,0,0,Salt Lake
2215_2048,2048,35,2215,352215,0,0,0,0,0,0,0,0,0,0,0,0,0,0,0,0,0,0,0,0,0,Salt Lake
2215_2049,2049,35,2215,352215,0,0,0,0,0,0,0,0,0,0,0,0,0,0,0,0,0,0,0,0,0,Salt Lake
2215_2050,2050,35,2215,352215,0,0,0,0,0,0,0,0,0,0,0,0,0,0,0,0,0,0,0,0,0,Salt Lake
2215_2051,2051,35,2215,352215,0,0,0,0,0,0,0,0,0,0,0,0,0,0,0,0,0,0,0,0,0,Salt Lake
2215_2052,2052,35,2215,352215,0,0,0,0,0,0,0,0,0,0,0,0,0,0,0,0,0,0,0,0,0,Salt Lake
2215_2053,2053,35,2215,352215,0,0,0,0,0,0,0,0,0,0,0,0,0,0,0,0,0,0,0,0,0,Salt Lake
2215_2054,2054,35,2215,352215,0,0,0,0,0,0,0,0,0,0,0,0,0,0,0,0,0,0,0,0,0,Salt Lake
2215_2055,2055,35,2215,352215,0,0,0,0,0,0,0,0,0,0,0,0,0,0,0,0,0,0,0,0,0,Salt Lake
2215_2056,2056,35,2215,352215,0,0,0,0,0,0,0,0,0,0,0,0,0,0,0,0,0,0,0,0,0,Salt Lake
2215_2057,2057,35,2215,352215,0,0,0,0,0,0,0,0,0,0,0,0,0,0,0,0,0,0,0,0,0,Salt Lake
2215_2058,2058,35,2215,352215,0,0,0,0,0,0,0,0,0,0,0,0,0,0,0,0,0,0,0,0,0,Salt Lake
2215_2059,2059,35,2215,352215,0,0,0,0,0,0,0,0,0,0,0,0,0,0,0,0,0,0,0,0,0,Salt Lake
2215_2060,2060,35,2215,352215,0,0,0,0,0,0,0,0,0,0,0,0,0,0,0,0,0,0,0,0,0,Salt Lake
2216_2010,2010,35,2216,352216,0,0,0,0,0,0,0,0,0,0,0,0,0,0,0,0,0,0,0,0,0,Salt Lake
2216_2011,2011,35,2216,352216,0,0,0,0,0,0,0,0,0,0,0,0,0,0,0,0,0,0,0,0,0,Salt Lake
2216_2012,2012,35,2216,352216,0,0,0,0,0,0,0,0,0,0,0,0,0,0,0,0,0,0,0,0,0,Salt Lake
2216_2013,2013,35,2216,352216,0,0,0,0,0,0,0,0,0,0,0,0,0,0,0,0,0,0,0,0,0,Salt Lake
2216_2014,2014,35,2216,352216,0,0,0,0,0,0,0,0,0,0,0,0,0,0,0,0,0,0,0,0,0,Salt Lake
2216_2015,2015,35,2216,352216,0,0,0,0,0,0,0,0,0,0,0,0,0,0,0,0,0,0,0,0,0,Salt Lake
2216_2016,2016,35,2216,352216,0,0,0,0,0,0,0,0,0,0,0,0,0,0,0,0,0,0,0,0,0,Salt Lake
2216_2017,2017,35,2216,352216,0,0,0,0,0,0,0,0,0,0,0,0,0,0,0,0,0,0,0,0,0,Salt Lake
2216_2018,2018,35,2216,352216,0,0,0,0,0,0,0,0,0,0,0,0,0,0,0,0,0,0,0,0,0,Salt Lake
2216_2019,2019,35,2216,352216,0,0,0,0,0,0,0,0,0,0,0,0,0,0,0,0,0,0,0,0,0,Salt Lake
2216_2020,2020,35,2216,352216,0,0,0,0,0,0,0,0,0,0,0,0,0,0,0,0,0,0,0,0,0,Salt Lake
2216_2021,2021,35,2216,352216,0,0,0,0,0,0,0,0,0,0,0,0,0,0,0,0,0,0,0,0,0,Salt Lake
2216_2022,2022,35,2216,352216,0,0,0,0,0,0,0,0,0,0,0,0,0,0,0,0,0,0,0,0,0,Salt Lake
2216_2023,2023,35,2216,352216,0,0,0,0,0,0,0,0,0,0,0,0,0,0,0,0,0,0,0,0,0,Salt Lake
2216_2024,2024,35,2216,352216,0,0,0,0,0,0,0,0,0,0,0,0,0,0,0,0,0,0,0,0,0,Salt Lake
2216_2025,2025,35,2216,352216,0,0,0,0,0,0,0,0,0,0,0,0,0,0,0,0,0,0,0,0,0,Salt Lake
2216_2026,2026,35,2216,352216,0,0,0,0,0,0,0,0,0,0,0,0,0,0,0,0,0,0,0,0,0,Salt Lake
2216_2027,2027,35,2216,352216,0,0,0,0,0,0,0,0,0,0,0,0,0,0,0,0,0,0,0,0,0,Salt Lake
2216_2028,2028,35,2216,352216,0,0,0,0,0,0,0,0,0,0,0,0,0,0,0,0,0,0,0,0,0,Salt Lake
2216_2029,2029,35,2216,352216,0,0,0,0,0,0,0,0,0,0,0,0,0,0,0,0,0,0,0,0,0,Salt Lake
2216_2030,2030,35,2216,352216,0,0,0,0,0,0,0,0,0,0,0,0,0,0,0,0,0,0,0,0,0,Salt Lake
2216_2031,2031,35,2216,352216,0,0,0,0,0,0,0,0,0,0,0,0,0,0,0,0,0,0,0,0,0,Salt Lake
2216_2032,2032,35,2216,352216,0,0,0,0,0,0,0,0,0,0,0,0,0,0,0,0,0,0,0,0,0,Salt Lake
2216_2033,2033,35,2216,352216,0,0,0,0,0,0,0,0,0,0,0,0,0,0,0,0,0,0,0,0,0,Salt Lake
2216_2034,2034,35,2216,352216,0,0,0,0,0,0,0,0,0,0,0,0,0,0,0,0,0,0,0,0,0,Salt Lake
2216_2035,2035,35,2216,352216,0,0,0,0,0,0,0,0,0,0,0,0,0,0,0,0,0,0,0,0,0,Salt Lake
2216_2036,2036,35,2216,352216,0,0,0,0,0,0,0,0,0,0,0,0,0,0,0,0,0,0,0,0,0,Salt Lake
2216_2037,2037,35,2216,352216,0,0,0,0,0,0,0,0,0,0,0,0,0,0,0,0,0,0,0,0,0,Salt Lake
2216_2038,2038,35,2216,352216,0,0,0,0,0,0,0,0,0,0,0,0,0,0,0,0,0,0,0,0,0,Salt Lake
2216_2039,2039,35,2216,352216,0,0,0,0,0,0,0,0,0,0,0,0,0,0,0,0,0,0,0,0,0,Salt Lake
2216_2040,2040,35,2216,352216,0,0,0,0,0,0,0,0,0,0,0,0,0,0,0,0,0,0,0,0,0,Salt Lake
2216_2041,2041,35,2216,352216,0,0,0,0,0,0,0,0,0,0,0,0,0,0,0,0,0,0,0,0,0,Salt Lake
2216_2042,2042,35,2216,352216,0,0,0,0,0,0,0,0,0,0,0,0,0,0,0,0,0,0,0,0,0,Salt Lake
2216_2043,2043,35,2216,352216,0,0,0,0,0,0,0,0,0,0,0,0,0,0,0,0,0,0,0,0,0,Salt Lake
2216_2044,2044,35,2216,352216,0,0,0,0,0,0,0,0,0,0,0,0,0,0,0,0,0,0,0,0,0,Salt Lake
2216_2045,2045,35,2216,352216,0,0,0,0,0,0,0,0,0,0,0,0,0,0,0,0,0,0,0,0,0,Salt Lake
2216_2046,2046,35,2216,352216,0,0,0,0,0,0,0,0,0,0,0,0,0,0,0,0,0,0,0,0,0,Salt Lake
2216_2047,2047,35,2216,352216,0,0,0,0,0,0,0,0,0,0,0,0,0,0,0,0,0,0,0,0,0,Salt Lake
2216_2048,2048,35,2216,352216,0,0,0,0,0,0,0,0,0,0,0,0,0,0,0,0,0,0,0,0,0,Salt Lake
2216_2049,2049,35,2216,352216,0,0,0,0,0,0,0,0,0,0,0,0,0,0,0,0,0,0,0,0,0,Salt Lake
2216_2050,2050,35,2216,352216,0,0,0,0,0,0,0,0,0,0,0,0,0,0,0,0,0,0,0,0,0,Salt Lake
2216_2051,2051,35,2216,352216,0,0,0,0,0,0,0,0,0,0,0,0,0,0,0,0,0,0,0,0,0,Salt Lake
2216_2052,2052,35,2216,352216,0,0,0,0,0,0,0,0,0,0,0,0,0,0,0,0,0,0,0,0,0,Salt Lake
2216_2053,2053,35,2216,352216,0,0,0,0,0,0,0,0,0,0,0,0,0,0,0,0,0,0,0,0,0,Salt Lake
2216_2054,2054,35,2216,352216,0,0,0,0,0,0,0,0,0,0,0,0,0,0,0,0,0,0,0,0,0,Salt Lake
2216_2055,2055,35,2216,352216,0,0,0,0,0,0,0,0,0,0,0,0,0,0,0,0,0,0,0,0,0,Salt Lake
2216_2056,2056,35,2216,352216,0,0,0,0,0,0,0,0,0,0,0,0,0,0,0,0,0,0,0,0,0,Salt Lake
2216_2057,2057,35,2216,352216,0,0,0,0,0,0,0,0,0,0,0,0,0,0,0,0,0,0,0,0,0,Salt Lake
2216_2058,2058,35,2216,352216,0,0,0,0,0,0,0,0,0,0,0,0,0,0,0,0,0,0,0,0,0,Salt Lake
2216_2059,2059,35,2216,352216,0,0,0,0,0,0,0,0,0,0,0,0,0,0,0,0,0,0,0,0,0,Salt Lake
2216_2060,2060,35,2216,352216,0,0,0,0,0,0,0,0,0,0,0,0,0,0,0,0,0,0,0,0,0,Salt Lake
2217_2010,2010,49,2217,492217,0,0,0,0,0,0,0,0,0,0,0,0,0,0,0,0,0,0,0,0,0,Utah
2217_2011,2011,49,2217,492217,0,0,0,0,0,0,0,0,0,0,0,0,0,0,0,0,0,0,0,0,0,Utah
2217_2012,2012,49,2217,492217,0,0,0,0,0,0,0,0,0,0,0,0,0,0,0,0,0,0,0,0,0,Utah
2217_2013,2013,49,2217,492217,0,0,0,0,0,0,0,0,0,0,0,0,0,0,0,0,0,0,0,0,0,Utah
2217_2014,2014,49,2217,492217,0,0,0,0,0,0,0,0,0,0,0,0,0,0,0,0,0,0,0,0,0,Utah
2217_2015,2015,49,2217,492217,0,0,0,0,0,0,0,0,0,0,0,0,0,0,0,0,0,0,0,0,0,Utah
2217_2016,2016,49,2217,492217,0,0,0,0,0,0,0,0,0,0,0,0,0,0,0,0,0,0,0,0,0,Utah
2217_2017,2017,49,2217,492217,0,0,0,0,0,0,0,0,0,0,0,0,0,0,0,0,0,0,0,0,0,Utah
2217_2018,2018,49,2217,492217,0,0,0,0,0,0,0,0,0,0,0,0,0,0,0,0,0,0,0,0,0,Utah
2217_2019,2019,49,2217,492217,0,0,0,0,0,0,0,0,0,0,0,0,0,0,0,0,0,0,0,0,0,Utah
2217_2020,2020,49,2217,492217,0,0,0,0,0,0,0,0,0,0,0,0,0,0,0,0,0,0,0,0,0,Utah
2217_2021,2021,49,2217,492217,0,0,0,0,0,0,0,0,0,0,0,0,0,0,0,0,0,0,0,0,0,Utah
2217_2022,2022,49,2217,492217,0,0,0,0,0,0,0,0,0,0,0,0,0,0,0,0,0,0,0,0,0,Utah
2217_2023,2023,49,2217,492217,0,0,0,0,0,0,0,0,0,0,0,0,0,0,0,0,0,0,0,0,0,Utah
2217_2024,2024,49,2217,492217,0,0,0,0,0,0,0,0,0,0,0,0,0,0,0,0,0,0,0,0,0,Utah
2217_2025,2025,49,2217,492217,0,0,0,0,0,0,0,0,0,0,0,0,0,0,0,0,0,0,0,0,0,Utah
2217_2026,2026,49,2217,492217,0,0,0,0,0,0,0,0,0,0,0,0,0,0,0,0,0,0,0,0,0,Utah
2217_2027,2027,49,2217,492217,0,0,0,0,0,0,0,0,0,0,0,0,0,0,0,0,0,0,0,0,0,Utah
2217_2028,2028,49,2217,492217,0,0,0,0,0,0,0,0,0,0,0,0,0,0,0,0,0,0,0,0,0,Utah
2217_2029,2029,49,2217,492217,0,0,0,0,0,0,0,0,0,0,0,0,0,0,0,0,0,0,0,0,0,Utah
2217_2030,2030,49,2217,492217,0,0,0,0,0,0,0,0,0,0,0,0,0,0,0,0,0,0,0,0,0,Utah
2217_2031,2031,49,2217,492217,0,0,0,0,0,0,0,0,0,0,0,0,0,0,0,0,0,0,0,0,0,Utah
2217_2032,2032,49,2217,492217,0,0,0,0,0,0,0,0,0,0,0,0,0,0,0,0,0,0,0,0,0,Utah
2217_2033,2033,49,2217,492217,0,0,0,0,0,0,0,0,0,0,0,0,0,0,0,0,0,0,0,0,0,Utah
2217_2034,2034,49,2217,492217,0,0,0,0,0,0,0,0,0,0,0,0,0,0,0,0,0,0,0,0,0,Utah
2217_2035,2035,49,2217,492217,0,0,0,0,0,0,0,0,0,0,0,0,0,0,0,0,0,0,0,0,0,Utah
2217_2036,2036,49,2217,492217,0,0,0,0,0,0,0,0,0,0,0,0,0,0,0,0,0,0,0,0,0,Utah
2217_2037,2037,49,2217,492217,0,0,0,0,0,0,0,0,0,0,0,0,0,0,0,0,0,0,0,0,0,Utah
2217_2038,2038,49,2217,492217,0,0,0,0,0,0,0,0,0,0,0,0,0,0,0,0,0,0,0,0,0,Utah
2217_2039,2039,49,2217,492217,0,0,0,0,0,0,0,0,0,0,0,0,0,0,0,0,0,0,0,0,0,Utah
2217_2040,2040,49,2217,492217,0,0,0,0,0,0,0,0,0,0,0,0,0,0,0,0,0,0,0,0,0,Utah
2217_2041,2041,49,2217,492217,0,0,0,0,0,0,0,0,0,0,0,0,0,0,0,0,0,0,0,0,0,Utah
2217_2042,2042,49,2217,492217,0,0,0,0,0,0,0,0,0,0,0,0,0,0,0,0,0,0,0,0,0,Utah
2217_2043,2043,49,2217,492217,0,0,0,0,0,0,0,0,0,0,0,0,0,0,0,0,0,0,0,0,0,Utah
2217_2044,2044,49,2217,492217,0,0,0,0,0,0,0,0,0,0,0,0,0,0,0,0,0,0,0,0,0,Utah
2217_2045,2045,49,2217,492217,0,0,0,0,0,0,0,0,0,0,0,0,0,0,0,0,0,0,0,0,0,Utah
2217_2046,2046,49,2217,492217,0,0,0,0,0,0,0,0,0,0,0,0,0,0,0,0,0,0,0,0,0,Utah
2217_2047,2047,49,2217,492217,0,0,0,0,0,0,0,0,0,0,0,0,0,0,0,0,0,0,0,0,0,Utah
2217_2048,2048,49,2217,492217,0,0,0,0,0,0,0,0,0,0,0,0,0,0,0,0,0,0,0,0,0,Utah
2217_2049,2049,49,2217,492217,0,0,0,0,0,0,0,0,0,0,0,0,0,0,0,0,0,0,0,0,0,Utah
2217_2050,2050,49,2217,492217,0,0,0,0,0,0,0,0,0,0,0,0,0,0,0,0,0,0,0,0,0,Utah
2217_2051,2051,49,2217,492217,0,0,0,0,0,0,0,0,0,0,0,0,0,0,0,0,0,0,0,0,0,Utah
2217_2052,2052,49,2217,492217,0,0,0,0,0,0,0,0,0,0,0,0,0,0,0,0,0,0,0,0,0,Utah
2217_2053,2053,49,2217,492217,0,0,0,0,0,0,0,0,0,0,0,0,0,0,0,0,0,0,0,0,0,Utah
2217_2054,2054,49,2217,492217,0,0,0,0,0,0,0,0,0,0,0,0,0,0,0,0,0,0,0,0,0,Utah
2217_2055,2055,49,2217,492217,0,0,0,0,0,0,0,0,0,0,0,0,0,0,0,0,0,0,0,0,0,Utah
2217_2056,2056,49,2217,492217,0,0,0,0,0,0,0,0,0,0,0,0,0,0,0,0,0,0,0,0,0,Utah
2217_2057,2057,49,2217,492217,0,0,0,0,0,0,0,0,0,0,0,0,0,0,0,0,0,0,0,0,0,Utah
2217_2058,2058,49,2217,492217,0,0,0,0,0,0,0,0,0,0,0,0,0,0,0,0,0,0,0,0,0,Utah
2217_2059,2059,49,2217,492217,0,0,0,0,0,0,0,0,0,0,0,0,0,0,0,0,0,0,0,0,0,Utah
2217_2060,2060,49,2217,492217,0,0,0,0,0,0,0,0,0,0,0,0,0,0,0,0,0,0,0,0,0,Utah
3514_2010,2010,49,3514,493514,0,0,0,0,0,0,0,0,0,0,0,0,0,0,0,0,0,0,0,0,0,Utah
3514_2011,2011,49,3514,493514,0,0,0,0,0,0,0,0,0,0,0,0,0,0,0,0,0,0,0,0,0,Utah
3514_2012,2012,49,3514,493514,0,0,0,0,0,0,0,0,0,0,0,0,0,0,0,0,0,0,0,0,0,Utah
3514_2013,2013,49,3514,493514,0,0,0,0,0,0,0,0,0,0,0,0,0,0,0,0,0,0,0,0,0,Utah
3514_2014,2014,49,3514,493514,0,0,0,0,0,0,0,0,0,0,0,0,0,0,0,0,0,0,0,0,0,Utah
3514_2015,2015,49,3514,493514,0,0,0,0,0,0,0,0,0,0,0,0,0,0,0,0,0,0,0,0,0,Utah
3514_2016,2016,49,3514,493514,0,0,0,0,0,0,0,0,0,0,0,0,0,0,0,0,0,0,0,0,0,Utah
3514_2017,2017,49,3514,493514,0,0,0,0,0,0,0,0,0,0,0,0,0,0,0,0,0,0,0,0,0,Utah
3514_2018,2018,49,3514,493514,0,0,0,0,0,0,0,0,0,0,0,0,0,0,0,0,0,0,0,0,0,Utah
3514_2019,2019,49,3514,493514,0,0,0,0,0,0,0,0,0,0,0,0,0,0,0,0,0,0,0,0,0,Utah
3514_2020,2020,49,3514,493514,0,0,0,0,0,0,0,0,0,0,0,0,0,0,0,0,0,0,0,0,0,Utah
3514_2021,2021,49,3514,493514,0,0,0,0,0,0,0,0,0,0,0,0,0,0,0,0,0,0,0,0,0,Utah
3514_2022,2022,49,3514,493514,0,0,0,0,0,0,0,0,0,0,0,0,0,0,0,0,0,0,0,0,0,Utah
3514_2023,2023,49,3514,493514,0,0,0,0,0,0,0,0,0,0,0,0,0,0,0,0,0,0,0,0,0,Utah
3514_2024,2024,49,3514,493514,0,0,0,0,0,0,0,0,0,0,0,0,0,0,0,0,0,0,0,0,0,Utah
3514_2025,2025,49,3514,493514,0,0,0,0,0,0,0,0,0,0,0,0,0,0,0,0,0,0,0,0,0,Utah
3514_2026,2026,49,3514,493514,0,0,0,0,0,0,0,0,0,0,0,0,0,0,0,0,0,0,0,0,0,Utah
3514_2027,2027,49,3514,493514,0,0,0,0,0,0,0,0,0,0,0,0,0,0,0,0,0,0,0,0,0,Utah
3514_2028,2028,49,3514,493514,0,0,0,0,0,0,0,0,0,0,0,0,0,0,0,0,0,0,0,0,0,Utah
3514_2029,2029,49,3514,493514,0,0,0,0,0,0,0,0,0,0,0,0,0,0,0,0,0,0,0,0,0,Utah
3514_2030,2030,49,3514,493514,0,0,0,0,0,0,0,0,0,0,0,0,0,0,0,0,0,0,0,0,0,Utah
3514_2031,2031,49,3514,493514,0,0,0,0,0,0,0,0,0,0,0,0,0,0,0,0,0,0,0,0,0,Utah
3514_2032,2032,49,3514,493514,0,0,0,0,0,0,0,0,0,0,0,0,0,0,0,0,0,0,0,0,0,Utah
3514_2033,2033,49,3514,493514,0,0,0,0,0,0,0,0,0,0,0,0,0,0,0,0,0,0,0,0,0,Utah
3514_2034,2034,49,3514,493514,0,0,0,0,0,0,0,0,0,0,0,0,0,0,0,0,0,0,0,0,0,Utah
3514_2035,2035,49,3514,493514,0,0,0,0,0,0,0,0,0,0,0,0,0,0,0,0,0,0,0,0,0,Utah
3514_2036,2036,49,3514,493514,0,0,0,0,0,0,0,0,0,0,0,0,0,0,0,0,0,0,0,0,0,Utah
3514_2037,2037,49,3514,493514,0,0,0,0,0,0,0,0,0,0,0,0,0,0,0,0,0,0,0,0,0,Utah
3514_2038,2038,49,3514,493514,0,0,0,0,0,0,0,0,0,0,0,0,0,0,0,0,0,0,0,0,0,Utah
3514_2039,2039,49,3514,493514,0,0,0,0,0,0,0,0,0,0,0,0,0,0,0,0,0,0,0,0,0,Utah
3514_2040,2040,49,3514,493514,0,0,0,0,0,0,0,0,0,0,0,0,0,0,0,0,0,0,0,0,0,Utah
3514_2041,2041,49,3514,493514,0,0,0,0,0,0,0,0,0,0,0,0,0,0,0,0,0,0,0,0,0,Utah
3514_2042,2042,49,3514,493514,0,0,0,0,0,0,0,0,0,0,0,0,0,0,0,0,0,0,0,0,0,Utah
3514_2043,2043,49,3514,493514,0,0,0,0,0,0,0,0,0,0,0,0,0,0,0,0,0,0,0,0,0,Utah
3514_2044,2044,49,3514,493514,0,0,0,0,0,0,0,0,0,0,0,0,0,0,0,0,0,0,0,0,0,Utah
3514_2045,2045,49,3514,493514,0,0,0,0,0,0,0,0,0,0,0,0,0,0,0,0,0,0,0,0,0,Utah
3514_2046,2046,49,3514,493514,0,0,0,0,0,0,0,0,0,0,0,0,0,0,0,0,0,0,0,0,0,Utah
3514_2047,2047,49,3514,493514,0,0,0,0,0,0,0,0,0,0,0,0,0,0,0,0,0,0,0,0,0,Utah
3514_2048,2048,49,3514,493514,0,0,0,0,0,0,0,0,0,0,0,0,0,0,0,0,0,0,0,0,0,Utah
3514_2049,2049,49,3514,493514,0,0,0,0,0,0,0,0,0,0,0,0,0,0,0,0,0,0,0,0,0,Utah
3514_2050,2050,49,3514,493514,0,0,0,0,0,0,0,0,0,0,0,0,0,0,0,0,0,0,0,0,0,Utah
3514_2051,2051,49,3514,493514,0,0,0,0,0,0,0,0,0,0,0,0,0,0,0,0,0,0,0,0,0,Utah
3514_2052,2052,49,3514,493514,0,0,0,0,0,0,0,0,0,0,0,0,0,0,0,0,0,0,0,0,0,Utah
3514_2053,2053,49,3514,493514,0,0,0,0,0,0,0,0,0,0,0,0,0,0,0,0,0,0,0,0,0,Utah
3514_2054,2054,49,3514,493514,0,0,0,0,0,0,0,0,0,0,0,0,0,0,0,0,0,0,0,0,0,Utah
3514_2055,2055,49,3514,493514,0,0,0,0,0,0,0,0,0,0,0,0,0,0,0,0,0,0,0,0,0,Utah
3514_2056,2056,49,3514,493514,0,0,0,0,0,0,0,0,0,0,0,0,0,0,0,0,0,0,0,0,0,Utah
3514_2057,2057,49,3514,493514,0,0,0,0,0,0,0,0,0,0,0,0,0,0,0,0,0,0,0,0,0,Utah
3514_2058,2058,49,3514,493514,0,0,0,0,0,0,0,0,0,0,0,0,0,0,0,0,0,0,0,0,0,Utah
3514_2059,2059,49,3514,493514,0,0,0,0,0,0,0,0,0,0,0,0,0,0,0,0,0,0,0,0,0,Utah
3514_2060,2060,49,3514,493514,0,0,0,0,0,0,0,0,0,0,0,0,0,0,0,0,0,0,0,0,0,Utah
3518_2010,2010,49,3518,493518,1,0,1,1,1,0.4,0.5,0.1,5,0,0,0,0,0,5,0,0,0,0,0,0,Utah
3518_2011,2011,49,3518,493518,1,0,1,1,1,0.3,0.6,0.1,5,0,0,0,0,0,5,0,0,0,0,0,0,Utah
3518_2012,2012,49,3518,493518,1,0,1,1,1,0.3,0.6,0.1,5,0,0,0,0,0,5,0,0,0,0,0,0,Utah
3518_2013,2013,49,3518,493518,1,0,1,1,1,0.3,0.6,0.1,5,0,0,0,0,0,5,0,0,0,0,0,0,Utah
3518_2014,2014,49,3518,493518,1,0,1,1,1,0.3,0.6,0.1,5,0,0,0,0,0,5,0,0,0,0,0,0,Utah
3518_2015,2015,49,3518,493518,1,0,1,1,1,0.3,0.6,0.1,5,0,0,0,0,0,5,0,0,0,0,0,0,Utah
3518_2016,2016,49,3518,493518,1,0,1,1,1,0.3,0.6,0.1,5,0,0,0,0,0,5,0,0,0,0,0,0,Utah
3518_2017,2017,49,3518,493518,1,0,1,1,1,0.3,0.6,0.1,5,0,0,0,0,0,5,0,0,0,0,0,0,Utah
3518_2018,2018,49,3518,493518,1,0,1,1,1,0.3,0.6,0.1,5,0,0,0,0,0,5,0,0,0,0,0,0,Utah
3518_2019,2019,49,3518,493518,1,0,1,1,1,0.3,0.6,0.1,5,0,0,0,0,0,5,0,0,0,0,0,0,Utah
3518_2020,2020,49,3518,493518,1,0,1,1,1,0.3,0.6,0.1,5,0,0,0,0,0,5,0,0,0,0,0,0,Utah
3518_2021,2021,49,3518,493518,1,0,1,1,1,0.3,0.6,0.1,5,0,0,0,0,0,5,0,0,0,0,0,0,Utah
3518_2022,2022,49,3518,493518,1,0,1,1,1,0.3,0.6,0.1,5,0,0,0,0,0,5,0,0,0,0,0,0,Utah
3518_2023,2023,49,3518,493518,1,0,1,1,1,0.3,0.6,0.1,5,0,0,0,0,0,5,0,0,0,0,0,0,Utah
3518_2024,2024,49,3518,493518,1,0,1,1,1,0.3,0.6,0.1,5,0,0,0,0,0,5,0,0,0,0,0,0,Utah
3518_2025,2025,49,3518,493518,1,0,1,1,1,0.3,0.6,0.1,5,0,0,0,0,0,5,0,0,0,0,0,0,Utah
3518_2026,2026,49,3518,493518,1,0,1,1,1,0.3,0.6,0.1,5,0,0,0,0,0,5,0,0,0,0,0,0,Utah
3518_2027,2027,49,3518,493518,1,0,1,1,1,0.3,0.6,0.1,5,0,0,0,0,0,5,0,0,0,0,0,0,Utah
3518_2028,2028,49,3518,493518,1,0,1,1,1,0.3,0.6,0.1,5,0,0,0,0,0,5,0,0,0,0,0,0,Utah
3518_2029,2029,49,3518,493518,1,0,1,1,1,0.3,0.6,0.1,5,0,0,0,0,0,5,0,0,0,0,0,0,Utah
3518_2030,2030,49,3518,493518,1,0,1,1,1,0.3,0.6,0.1,5,0,0,0,0,0,5,0,0,0,0,0,0,Utah
3518_2031,2031,49,3518,493518,1,0,1,1,1,0.3,0.6,0.1,5,0,0,0,0,0,5,0,0,0,0,0,0,Utah
3518_2032,2032,49,3518,493518,1,0,1,1,1,0.3,0.6,0.1,5,0,0,0,0,0,5,0,0,0,0,0,0,Utah
3518_2033,2033,49,3518,493518,1,0,1,1,1,0.3,0.6,0.1,5,0,0,0,0,0,5,0,0,0,0,0,0,Utah
3518_2034,2034,49,3518,493518,1,0,1,1,1,0.3,0.6,0.1,5,0,0,0,0,0,5,0,0,0,0,0,0,Utah
3518_2035,2035,49,3518,493518,1,0,1,1,1,0.3,0.6,0.1,5,0,0,0,0,0,5,0,0,0,0,0,0,Utah
3518_2036,2036,49,3518,493518,1,0,1,1,1,0.3,0.6,0.1,5,0,0,0,0,0,5,0,0,0,0,0,0,Utah
3518_2037,2037,49,3518,493518,1,0,1,1,1,0.3,0.6,0.1,5,0,0,0,0,0,5,0,0,0,0,0,0,Utah
3518_2038,2038,49,3518,493518,1,0,1,1,1,0.3,0.6,0.1,5,0,0,0,0,0,5,0,0,0,0,0,0,Utah
3518_2039,2039,49,3518,493518,1,0,1,1,1,0.3,0.6,0.1,5,0,0,0,0,0,5,0,0,0,0,0,0,Utah
3518_2040,2040,49,3518,493518,1,0,1,1,1,0.3,0.6,0.1,5,0,0,0,0,0,5,0,0,0,0,0,0,Utah
3518_2041,2041,49,3518,493518,1,0,1,1,1,0.3,0.6,0.1,5,0,0,0,0,0,5,0,0,0,0,0,0,Utah
3518_2042,2042,49,3518,493518,1,0,1,1,1,0.3,0.6,0.1,5,0,0,0,0,0,5,0,0,0,0,0,0,Utah
3518_2043,2043,49,3518,493518,1,0,1,1,1,0.3,0.6,0.1,5,0,0,0,0,0,5,0,0,0,0,0,0,Utah
3518_2044,2044,49,3518,493518,1,0,1,1,1,0.3,0.6,0.1,5,0,0,0,0,0,5,0,0,0,0,0,0,Utah
3518_2045,2045,49,3518,493518,1,0,1,1,1,0.3,0.6,0.1,5,0,0,0,0,0,5,0,0,0,0,0,0,Utah
3518_2046,2046,49,3518,493518,1,0,1,1,1,0.3,0.6,0.1,5,0,0,0,0,0,5,0,0,0,0,0,0,Utah
3518_2047,2047,49,3518,493518,1,0,1,1,1,0.3,0.6,0.1,5,0,0,0,0,0,5,0,0,0,0,0,0,Utah
3518_2048,2048,49,3518,493518,1,0,1,1,1,0.3,0.6,0.1,5,0,0,0,0,0,5,0,0,0,0,0,0,Utah
3518_2049,2049,49,3518,493518,1,0,1,1,1,0.3,0.6,0.1,5,0,0,0,0,0,5,0,0,0,0,0,0,Utah
3518_2050,2050,49,3518,493518,1,0,1,1,1,0.3,0.6,0.1,5,0,0,0,0,0,5,0,0,0,0,0,0,Utah
3518_2051,2051,49,3518,493518,1,0,1,1,1,0.3,0.6,0.1,5,0,0,0,0,0,5,0,0,0,0,0,0,Utah
3518_2052,2052,49,3518,493518,1,0,1,1,1,0.3,0.5,0.2,5,0,0,0,0,0,5,0,0,0,0,0,0,Utah
3518_2053,2053,49,3518,493518,1,0,1,1,1,0.3,0.5,0.2,5,0,0,0,0,0,5,0,0,0,0,0,0,Utah
3518_2054,2054,49,3518,493518,1,0,1,1,1,0.3,0.5,0.2,5,0,0,0,0,0,5,0,0,0,0,0,0,Utah
3518_2055,2055,49,3518,493518,1,0,1,1,1,0.3,0.5,0.2,5,0,0,0,0,0,5,0,0,0,0,0,0,Utah
3518_2056,2056,49,3518,493518,1,0,1,1,1,0.3,0.5,0.2,5,0,0,0,0,0,5,0,0,0,0,0,0,Utah
3518_2057,2057,49,3518,493518,1,0,1,1,1,0.3,0.5,0.2,5,0,0,0,0,0,5,0,0,0,0,0,0,Utah
3518_2058,2058,49,3518,493518,1,0,1,1,1,0.2,0.6,0.2,5,0,0,0,0,0,5,0,0,0,0,0,0,Utah
3518_2059,2059,49,3518,493518,1,0,1,1,1,0.2,0.6,0.2,5,0,0,0,0,0,5,0,0,0,0,0,0,Utah
3518_2060,2060,49,3518,493518,1,0,1,1,1,0.2,0.6,0.2,5,0,0,0,0,0,5,0,0,0,0,0,0,Utah
3517_2010,2010,49,3517,493517,0,0,0,0,0,0,0,0,0,0,0,0,0,0,0,0,0,0,0,0,0,Utah
3517_2011,2011,49,3517,493517,0,0,0,0,0,0,0,0,0,0,0,0,0,0,0,0,0,0,0,0,0,Utah
3517_2012,2012,49,3517,493517,0,0,0,0,0,0,0,0,0,0,0,0,0,0,0,0,0,0,0,0,0,Utah
3517_2013,2013,49,3517,493517,0,0,0,0,0,0,0,0,0,0,0,0,0,0,0,0,0,0,0,0,0,Utah
3517_2014,2014,49,3517,493517,0,0,0,0,0,0,0,0,0,0,0,0,0,0,0,0,0,0,0,0,0,Utah
3517_2015,2015,49,3517,493517,0,0,0,0,0,0,0,0,0,0,0,0,0,0,0,0,0,0,0,0,0,Utah
3517_2016,2016,49,3517,493517,0,0,0,0,0,0,0,0,0,0,0,0,0,0,0,0,0,0,0,0,0,Utah
3517_2017,2017,49,3517,493517,0,0,0,0,0,0,0,0,0,0,0,0,0,0,0,0,0,0,0,0,0,Utah
3517_2018,2018,49,3517,493517,0,0,0,0,0,0,0,0,0,0,0,0,0,0,0,0,0,0,0,0,0,Utah
3517_2019,2019,49,3517,493517,0,0,0,0,0,0,0,0,0,0,0,0,0,0,0,0,0,0,0,0,0,Utah
3517_2020,2020,49,3517,493517,0,0,0,0,0,0,0,0,0,0,0,0,0,0,0,0,0,0,0,0,0,Utah
3517_2021,2021,49,3517,493517,0,0,0,0,0,0,0,0,0,0,0,0,0,0,0,0,0,0,0,0,0,Utah
3517_2022,2022,49,3517,493517,0,0,0,0,0,0,0,0,0,0,0,0,0,0,0,0,0,0,0,0,0,Utah
3517_2023,2023,49,3517,493517,0,0,0,0,0,0,0,0,0,0,0,0,0,0,0,0,0,0,0,0,0,Utah
3517_2024,2024,49,3517,493517,0,0,0,0,0,0,0,0,0,0,0,0,0,0,0,0,0,0,0,0,0,Utah
3517_2025,2025,49,3517,493517,0,0,0,0,0,0,0,0,0,0,0,0,0,0,0,0,0,0,0,0,0,Utah
3517_2026,2026,49,3517,493517,0,0,0,0,0,0,0,0,0,0,0,0,0,0,0,0,0,0,0,0,0,Utah
3517_2027,2027,49,3517,493517,0,0,0,0,0,0,0,0,0,0,0,0,0,0,0,0,0,0,0,0,0,Utah
3517_2028,2028,49,3517,493517,0,0,0,0,0,0,0,0,0,0,0,0,0,0,0,0,0,0,0,0,0,Utah
3517_2029,2029,49,3517,493517,0,0,0,0,0,0,0,0,0,0,0,0,0,0,0,0,0,0,0,0,0,Utah
3517_2030,2030,49,3517,493517,0,0,0,0,0,0,0,0,0,0,0,0,0,0,0,0,0,0,0,0,0,Utah
3517_2031,2031,49,3517,493517,0,0,0,0,0,0,0,0,0,0,0,0,0,0,0,0,0,0,0,0,0,Utah
3517_2032,2032,49,3517,493517,0,0,0,0,0,0,0,0,0,0,0,0,0,0,0,0,0,0,0,0,0,Utah
3517_2033,2033,49,3517,493517,0,0,0,0,0,0,0,0,0,0,0,0,0,0,0,0,0,0,0,0,0,Utah
3517_2034,2034,49,3517,493517,0,0,0,0,0,0,0,0,0,0,0,0,0,0,0,0,0,0,0,0,0,Utah
3517_2035,2035,49,3517,493517,0,0,0,0,0,0,0,0,0,0,0,0,0,0,0,0,0,0,0,0,0,Utah
3517_2036,2036,49,3517,493517,0,0,0,0,0,0,0,0,0,0,0,0,0,0,0,0,0,0,0,0,0,Utah
3517_2037,2037,49,3517,493517,0,0,0,0,0,0,0,0,0,0,0,0,0,0,0,0,0,0,0,0,0,Utah
3517_2038,2038,49,3517,493517,0,0,0,0,0,0,0,0,0,0,0,0,0,0,0,0,0,0,0,0,0,Utah
3517_2039,2039,49,3517,493517,0,0,0,0,0,0,0,0,0,0,0,0,0,0,0,0,0,0,0,0,0,Utah
3517_2040,2040,49,3517,493517,0,0,0,0,0,0,0,0,0,0,0,0,0,0,0,0,0,0,0,0,0,Utah
3517_2041,2041,49,3517,493517,0,0,0,0,0,0,0,0,0,0,0,0,0,0,0,0,0,0,0,0,0,Utah
3517_2042,2042,49,3517,493517,0,0,0,0,0,0,0,0,0,0,0,0,0,0,0,0,0,0,0,0,0,Utah
3517_2043,2043,49,3517,493517,0,0,0,0,0,0,0,0,0,0,0,0,0,0,0,0,0,0,0,0,0,Utah
3517_2044,2044,49,3517,493517,0,0,0,0,0,0,0,0,0,0,0,0,0,0,0,0,0,0,0,0,0,Utah
3517_2045,2045,49,3517,493517,0,0,0,0,0,0,0,0,0,0,0,0,0,0,0,0,0,0,0,0,0,Utah
3517_2046,2046,49,3517,493517,0,0,0,0,0,0,0,0,0,0,0,0,0,0,0,0,0,0,0,0,0,Utah
3517_2047,2047,49,3517,493517,0,0,0,0,0,0,0,0,0,0,0,0,0,0,0,0,0,0,0,0,0,Utah
3517_2048,2048,49,3517,493517,0,0,0,0,0,0,0,0,0,0,0,0,0,0,0,0,0,0,0,0,0,Utah
3517_2049,2049,49,3517,493517,0,0,0,0,0,0,0,0,0,0,0,0,0,0,0,0,0,0,0,0,0,Utah
3517_2050,2050,49,3517,493517,0,0,0,0,0,0,0,0,0,0,0,0,0,0,0,0,0,0,0,0,0,Utah
3517_2051,2051,49,3517,493517,0,0,0,0,0,0,0,0,0,0,0,0,0,0,0,0,0,0,0,0,0,Utah
3517_2052,2052,49,3517,493517,0,0,0,0,0,0,0,0,0,0,0,0,0,0,0,0,0,0,0,0,0,Utah
3517_2053,2053,49,3517,493517,0,0,0,0,0,0,0,0,0,0,0,0,0,0,0,0,0,0,0,0,0,Utah
3517_2054,2054,49,3517,493517,0,0,0,0,0,0,0,0,0,0,0,0,0,0,0,0,0,0,0,0,0,Utah
3517_2055,2055,49,3517,493517,0,0,0,0,0,0,0,0,0,0,0,0,0,0,0,0,0,0,0,0,0,Utah
3517_2056,2056,49,3517,493517,0,0,0,0,0,0,0,0,0,0,0,0,0,0,0,0,0,0,0,0,0,Utah
3517_2057,2057,49,3517,493517,0,0,0,0,0,0,0,0,0,0,0,0,0,0,0,0,0,0,0,0,0,Utah
3517_2058,2058,49,3517,493517,0,0,0,0,0,0,0,0,0,0,0,0,0,0,0,0,0,0,0,0,0,Utah
3517_2059,2059,49,3517,493517,0,0,0,0,0,0,0,0,0,0,0,0,0,0,0,0,0,0,0,0,0,Utah
3517_2060,2060,49,3517,493517,0,0,0,0,0,0,0,0,0,0,0,0,0,0,0,0,0,0,0,0,0,Utah
3519_2010,2010,49,3519,493519,0,0,0,0,0,0,0,0,0,0,0,0,0,0,0,0,0,0,0,0,0,Utah
3519_2011,2011,49,3519,493519,0,0,0,0,0,0,0,0,0,0,0,0,0,0,0,0,0,0,0,0,0,Utah
3519_2012,2012,49,3519,493519,0,0,0,0,0,0,0,0,0,0,0,0,0,0,0,0,0,0,0,0,0,Utah
3519_2013,2013,49,3519,493519,0,0,0,0,0,0,0,0,0,0,0,0,0,0,0,0,0,0,0,0,0,Utah
3519_2014,2014,49,3519,493519,0,0,0,0,0,0,0,0,0,0,0,0,0,0,0,0,0,0,0,0,0,Utah
3519_2015,2015,49,3519,493519,0,0,0,0,0,0,0,0,0,0,0,0,0,0,0,0,0,0,0,0,0,Utah
3519_2016,2016,49,3519,493519,0,0,0,0,0,0,0,0,0,0,0,0,0,0,0,0,0,0,0,0,0,Utah
3519_2017,2017,49,3519,493519,0,0,0,0,0,0,0,0,0,0,0,0,0,0,0,0,0,0,0,0,0,Utah
3519_2018,2018,49,3519,493519,0,0,0,0,0,0,0,0,0,0,0,0,0,0,0,0,0,0,0,0,0,Utah
3519_2019,2019,49,3519,493519,0,0,0,0,0,0,0,0,0,0,0,0,0,0,0,0,0,0,0,0,0,Utah
3519_2020,2020,49,3519,493519,0,0,0,0,0,0,0,0,0,0,0,0,0,0,0,0,0,0,0,0,0,Utah
3519_2021,2021,49,3519,493519,0,0,0,0,0,0,0,0,0,0,0,0,0,0,0,0,0,0,0,0,0,Utah
3519_2022,2022,49,3519,493519,0,0,0,0,0,0,0,0,0,0,0,0,0,0,0,0,0,0,0,0,0,Utah
3519_2023,2023,49,3519,493519,0,0,0,0,0,0,0,0,0,0,0,0,0,0,0,0,0,0,0,0,0,Utah
3519_2024,2024,49,3519,493519,0,0,0,0,0,0,0,0,0,0,0,0,0,0,0,0,0,0,0,0,0,Utah
3519_2025,2025,49,3519,493519,0,0,0,0,0,0,0,0,0,0,0,0,0,0,0,0,0,0,0,0,0,Utah
3519_2026,2026,49,3519,493519,0,0,0,0,0,0,0,0,0,0,0,0,0,0,0,0,0,0,0,0,0,Utah
3519_2027,2027,49,3519,493519,0,0,0,0,0,0,0,0,0,0,0,0,0,0,0,0,0,0,0,0,0,Utah
3519_2028,2028,49,3519,493519,0,0,0,0,0,0,0,0,0,0,0,0,0,0,0,0,0,0,0,0,0,Utah
3519_2029,2029,49,3519,493519,0,0,0,0,0,0,0,0,0,0,0,0,0,0,0,0,0,0,0,0,0,Utah
3519_2030,2030,49,3519,493519,0,0,0,0,0,0,0,0,0,0,0,0,0,0,0,0,0,0,0,0,0,Utah
3519_2031,2031,49,3519,493519,0,0,0,0,0,0,0,0,0,0,0,0,0,0,0,0,0,0,0,0,0,Utah
3519_2032,2032,49,3519,493519,0,0,0,0,0,0,0,0,0,0,0,0,0,0,0,0,0,0,0,0,0,Utah
3519_2033,2033,49,3519,493519,0,0,0,0,0,0,0,0,0,0,0,0,0,0,0,0,0,0,0,0,0,Utah
3519_2034,2034,49,3519,493519,0,0,0,0,0,0,0,0,0,0,0,0,0,0,0,0,0,0,0,0,0,Utah
3519_2035,2035,49,3519,493519,0,0,0,0,0,0,0,0,0,0,0,0,0,0,0,0,0,0,0,0,0,Utah
3519_2036,2036,49,3519,493519,0,0,0,0,0,0,0,0,0,0,0,0,0,0,0,0,0,0,0,0,0,Utah
3519_2037,2037,49,3519,493519,0,0,0,0,0,0,0,0,0,0,0,0,0,0,0,0,0,0,0,0,0,Utah
3519_2038,2038,49,3519,493519,0,0,0,0,0,0,0,0,0,0,0,0,0,0,0,0,0,0,0,0,0,Utah
3519_2039,2039,49,3519,493519,0,0,0,0,0,0,0,0,0,0,0,0,0,0,0,0,0,0,0,0,0,Utah
3519_2040,2040,49,3519,493519,0,0,0,0,0,0,0,0,0,0,0,0,0,0,0,0,0,0,0,0,0,Utah
3519_2041,2041,49,3519,493519,0,0,0,0,0,0,0,0,0,0,0,0,0,0,0,0,0,0,0,0,0,Utah
3519_2042,2042,49,3519,493519,0,0,0,0,0,0,0,0,0,0,0,0,0,0,0,0,0,0,0,0,0,Utah
3519_2043,2043,49,3519,493519,0,0,0,0,0,0,0,0,0,0,0,0,0,0,0,0,0,0,0,0,0,Utah
3519_2044,2044,49,3519,493519,0,0,0,0,0,0,0,0,0,0,0,0,0,0,0,0,0,0,0,0,0,Utah
3519_2045,2045,49,3519,493519,0,0,0,0,0,0,0,0,0,0,0,0,0,0,0,0,0,0,0,0,0,Utah
3519_2046,2046,49,3519,493519,0,0,0,0,0,0,0,0,0,0,0,0,0,0,0,0,0,0,0,0,0,Utah
3519_2047,2047,49,3519,493519,0,0,0,0,0,0,0,0,0,0,0,0,0,0,0,0,0,0,0,0,0,Utah
3519_2048,2048,49,3519,493519,0,0,0,0,0,0,0,0,0,0,0,0,0,0,0,0,0,0,0,0,0,Utah
3519_2049,2049,49,3519,493519,0,0,0,0,0,0,0,0,0,0,0,0,0,0,0,0,0,0,0,0,0,Utah
3519_2050,2050,49,3519,493519,0,0,0,0,0,0,0,0,0,0,0,0,0,0,0,0,0,0,0,0,0,Utah
3519_2051,2051,49,3519,493519,0,0,0,0,0,0,0,0,0,0,0,0,0,0,0,0,0,0,0,0,0,Utah
3519_2052,2052,49,3519,493519,0,0,0,0,0,0,0,0,0,0,0,0,0,0,0,0,0,0,0,0,0,Utah
3519_2053,2053,49,3519,493519,0,0,0,0,0,0,0,0,0,0,0,0,0,0,0,0,0,0,0,0,0,Utah
3519_2054,2054,49,3519,493519,0,0,0,0,0,0,0,0,0,0,0,0,0,0,0,0,0,0,0,0,0,Utah
3519_2055,2055,49,3519,493519,0,0,0,0,0,0,0,0,0,0,0,0,0,0,0,0,0,0,0,0,0,Utah
3519_2056,2056,49,3519,493519,0,0,0,0,0,0,0,0,0,0,0,0,0,0,0,0,0,0,0,0,0,Utah
3519_2057,2057,49,3519,493519,0,0,0,0,0,0,0,0,0,0,0,0,0,0,0,0,0,0,0,0,0,Utah
3519_2058,2058,49,3519,493519,0,0,0,0,0,0,0,0,0,0,0,0,0,0,0,0,0,0,0,0,0,Utah
3519_2059,2059,49,3519,493519,0,0,0,0,0,0,0,0,0,0,0,0,0,0,0,0,0,0,0,0,0,Utah
3519_2060,2060,49,3519,493519,0,0,0,0,0,0,0,0,0,0,0,0,0,0,0,0,0,0,0,0,0,Utah
3524_2010,2010,49,3524,493524,0,0,0,0,0,0,0,0,0,0,0,0,0,0,0,0,0,0,0,0,0,Utah
3524_2011,2011,49,3524,493524,0,0,0,0,0,0,0,0,0,0,0,0,0,0,0,0,0,0,0,0,0,Utah
3524_2012,2012,49,3524,493524,0,0,0,0,0,0,0,0,0,0,0,0,0,0,0,0,0,0,0,0,0,Utah
3524_2013,2013,49,3524,493524,0,0,0,0,0,0,0,0,0,0,0,0,0,0,0,0,0,0,0,0,0,Utah
3524_2014,2014,49,3524,493524,0,0,0,0,0,0,0,0,0,0,0,0,0,0,0,0,0,0,0,0,0,Utah
3524_2015,2015,49,3524,493524,0,0,0,0,0,0,0,0,0,0,0,0,0,0,0,0,0,0,0,0,0,Utah
3524_2016,2016,49,3524,493524,0,0,0,0,0,0,0,0,0,0,0,0,0,0,0,0,0,0,0,0,0,Utah
3524_2017,2017,49,3524,493524,0,0,0,0,0,0,0,0,0,0,0,0,0,0,0,0,0,0,0,0,0,Utah
3524_2018,2018,49,3524,493524,0,0,0,0,0,0,0,0,0,0,0,0,0,0,0,0,0,0,0,0,0,Utah
3524_2019,2019,49,3524,493524,0,0,0,0,0,0,0,0,0,0,0,0,0,0,0,0,0,0,0,0,0,Utah
3524_2020,2020,49,3524,493524,0,0,0,0,0,0,0,0,0,0,0,0,0,0,0,0,0,0,0,0,0,Utah
3524_2021,2021,49,3524,493524,0,0,0,0,0,0,0,0,0,0,0,0,0,0,0,0,0,0,0,0,0,Utah
3524_2022,2022,49,3524,493524,0,0,0,0,0,0,0,0,0,0,0,0,0,0,0,0,0,0,0,0,0,Utah
3524_2023,2023,49,3524,493524,0,0,0,0,0,0,0,0,0,0,0,0,0,0,0,0,0,0,0,0,0,Utah
3524_2024,2024,49,3524,493524,0,0,0,0,0,0,0,0,0,0,0,0,0,0,0,0,0,0,0,0,0,Utah
3524_2025,2025,49,3524,493524,0,0,0,0,0,0,0,0,0,0,0,0,0,0,0,0,0,0,0,0,0,Utah
3524_2026,2026,49,3524,493524,0,0,0,0,0,0,0,0,0,0,0,0,0,0,0,0,0,0,0,0,0,Utah
3524_2027,2027,49,3524,493524,0,0,0,0,0,0,0,0,0,0,0,0,0,0,0,0,0,0,0,0,0,Utah
3524_2028,2028,49,3524,493524,0,0,0,0,0,0,0,0,0,0,0,0,0,0,0,0,0,0,0,0,0,Utah
3524_2029,2029,49,3524,493524,0,0,0,0,0,0,0,0,0,0,0,0,0,0,0,0,0,0,0,0,0,Utah
3524_2030,2030,49,3524,493524,0,0,0,0,0,0,0,0,0,0,0,0,0,0,0,0,0,0,0,0,0,Utah
3524_2031,2031,49,3524,493524,0,0,0,0,0,0,0,0,0,0,0,0,0,0,0,0,0,0,0,0,0,Utah
3524_2032,2032,49,3524,493524,0,0,0,0,0,0,0,0,0,0,0,0,0,0,0,0,0,0,0,0,0,Utah
3524_2033,2033,49,3524,493524,0,0,0,0,0,0,0,0,0,0,0,0,0,0,0,0,0,0,0,0,0,Utah
3524_2034,2034,49,3524,493524,0,0,0,0,0,0,0,0,0,0,0,0,0,0,0,0,0,0,0,0,0,Utah
3524_2035,2035,49,3524,493524,0,0,0,0,0,0,0,0,0,0,0,0,0,0,0,0,0,0,0,0,0,Utah
3524_2036,2036,49,3524,493524,0,0,0,0,0,0,0,0,0,0,0,0,0,0,0,0,0,0,0,0,0,Utah
3524_2037,2037,49,3524,493524,0,0,0,0,0,0,0,0,0,0,0,0,0,0,0,0,0,0,0,0,0,Utah
3524_2038,2038,49,3524,493524,0,0,0,0,0,0,0,0,0,0,0,0,0,0,0,0,0,0,0,0,0,Utah
3524_2039,2039,49,3524,493524,0,0,0,0,0,0,0,0,0,0,0,0,0,0,0,0,0,0,0,0,0,Utah
3524_2040,2040,49,3524,493524,0,0,0,0,0,0,0,0,0,0,0,0,0,0,0,0,0,0,0,0,0,Utah
3524_2041,2041,49,3524,493524,0,0,0,0,0,0,0,0,0,0,0,0,0,0,0,0,0,0,0,0,0,Utah
3524_2042,2042,49,3524,493524,0,0,0,0,0,0,0,0,0,0,0,0,0,0,0,0,0,0,0,0,0,Utah
3524_2043,2043,49,3524,493524,0,0,0,0,0,0,0,0,0,0,0,0,0,0,0,0,0,0,0,0,0,Utah
3524_2044,2044,49,3524,493524,0,0,0,0,0,0,0,0,0,0,0,0,0,0,0,0,0,0,0,0,0,Utah
3524_2045,2045,49,3524,493524,0,0,0,0,0,0,0,0,0,0,0,0,0,0,0,0,0,0,0,0,0,Utah
3524_2046,2046,49,3524,493524,0,0,0,0,0,0,0,0,0,0,0,0,0,0,0,0,0,0,0,0,0,Utah
3524_2047,2047,49,3524,493524,0,0,0,0,0,0,0,0,0,0,0,0,0,0,0,0,0,0,0,0,0,Utah
3524_2048,2048,49,3524,493524,0,0,0,0,0,0,0,0,0,0,0,0,0,0,0,0,0,0,0,0,0,Utah
3524_2049,2049,49,3524,493524,0,0,0,0,0,0,0,0,0,0,0,0,0,0,0,0,0,0,0,0,0,Utah
3524_2050,2050,49,3524,493524,0,0,0,0,0,0,0,0,0,0,0,0,0,0,0,0,0,0,0,0,0,Utah
3524_2051,2051,49,3524,493524,0,0,0,0,0,0,0,0,0,0,0,0,0,0,0,0,0,0,0,0,0,Utah
3524_2052,2052,49,3524,493524,0,0,0,0,0,0,0,0,0,0,0,0,0,0,0,0,0,0,0,0,0,Utah
3524_2053,2053,49,3524,493524,0,0,0,0,0,0,0,0,0,0,0,0,0,0,0,0,0,0,0,0,0,Utah
3524_2054,2054,49,3524,493524,0,0,0,0,0,0,0,0,0,0,0,0,0,0,0,0,0,0,0,0,0,Utah
3524_2055,2055,49,3524,493524,0,0,0,0,0,0,0,0,0,0,0,0,0,0,0,0,0,0,0,0,0,Utah
3524_2056,2056,49,3524,493524,0,0,0,0,0,0,0,0,0,0,0,0,0,0,0,0,0,0,0,0,0,Utah
3524_2057,2057,49,3524,493524,0,0,0,0,0,0,0,0,0,0,0,0,0,0,0,0,0,0,0,0,0,Utah
3524_2058,2058,49,3524,493524,0,0,0,0,0,0,0,0,0,0,0,0,0,0,0,0,0,0,0,0,0,Utah
3524_2059,2059,49,3524,493524,0,0,0,0,0,0,0,0,0,0,0,0,0,0,0,0,0,0,0,0,0,Utah
3524_2060,2060,49,3524,493524,0,0,0,0,0,0,0,0,0,0,0,0,0,0,0,0,0,0,0,0,0,Utah
3525_2010,2010,49,3525,493525,95,0,95,18,5.28,33.4,55.4,6.2,2,0,0,0,0,0,0,0,0,0,0,2,0,Utah
3525_2011,2011,49,3525,493525,95,0,95,18,5.28,33.2,55.5,6.3,2,0,0,0,0,0,0,0,0,0,0,2,0,Utah
3525_2012,2012,49,3525,493525,95,0,95,18,5.28,32.9,55.7,6.4,2,0,0,0,0,0,0,0,0,0,0,2,0,Utah
3525_2013,2013,49,3525,493525,95,0,95,18,5.28,32.7,55.8,6.5,2,0,0,0,0,0,0,0,0,0,0,2,0,Utah
3525_2014,2014,49,3525,493525,95,0,95,18,5.28,32.5,55.8,6.7,2,0,0,0,0,0,0,0,0,0,0,2,0,Utah
3525_2015,2015,49,3525,493525,95,0,95,18,5.28,32.2,56,6.8,2,0,0,0,0,0,0,0,0,0,0,2,0,Utah
3525_2016,2016,49,3525,493525,95,0,95,18,5.28,32,56.1,6.9,2,0,0,0,0,0,0,0,0,0,0,2,0,Utah
3525_2017,2017,49,3525,493525,95,0,95,18,5.28,31.8,56.2,7,2,0,0,0,0,0,0,0,0,0,0,2,0,Utah
3525_2018,2018,49,3525,493525,95,0,95,18,5.28,31.5,56.4,7.1,2,0,0,0,0,0,0,0,0,0,0,2,0,Utah
3525_2019,2019,49,3525,493525,95,0,95,18,5.28,31.3,56.5,7.2,2,0,0,0,0,0,0,0,0,0,0,2,0,Utah
3525_2020,2020,49,3525,493525,95,0,95,18,5.28,31.1,56.5,7.4,2,0,0,0,0,0,0,0,0,0,0,2,0,Utah
3525_2021,2021,49,3525,493525,95,0,95,18,5.28,30.5,56.9,7.6,2,0,0,0,0,0,0,0,0,0,0,2,0,Utah
3525_2022,2022,49,3525,493525,95,0,95,18,5.28,30,57.1,7.9,2,0,0,0,0,0,0,0,0,0,0,2,0,Utah
3525_2023,2023,49,3525,493525,95,0,95,18,5.28,29.4,57.4,8.2,2,0,0,0,0,0,0,0,0,0,0,2,0,Utah
3525_2024,2024,49,3525,493525,95,0,95,18,5.28,28.8,57.8,8.4,2,0,0,0,0,0,0,0,0,0,0,2,0,Utah
3525_2025,2025,49,3525,493525,95,0,95,18,5.28,28.3,58,8.7,2,0,0,0,0,0,0,0,0,0,0,2,0,Utah
3525_2026,2026,49,3525,493525,95,0,95,18,5.28,27.7,58.4,8.9,2,0,0,0,0,0,0,0,0,0,0,2,0,Utah
3525_2027,2027,49,3525,493525,95,0,95,18,5.28,27.2,58.6,9.2,2,0,0,0,0,0,0,0,0,0,0,2,0,Utah
3525_2028,2028,49,3525,493525,95,0,95,18,5.28,26.8,58.8,9.4,2,0,0,0,0,0,0,0,0,0,0,2,0,Utah
3525_2029,2029,49,3525,493525,95,0,95,18,5.28,26.4,58.9,9.7,2,0,0,0,0,0,0,0,0,0,0,2,0,Utah
3525_2030,2030,49,3525,493525,95,0,95,18,5.28,26,59.1,9.9,2,0,0,0,0,0,0,0,0,0,0,2,0,Utah
3525_2031,2031,49,3525,493525,95,0,95,18,5.28,25.8,59.1,10.1,2,0,0,0,0,0,0,0,0,0,0,2,0,Utah
3525_2032,2032,49,3525,493525,95,0,95,18,5.28,25.5,59.2,10.3,2,0,0,0,0,0,0,0,0,0,0,2,0,Utah
3525_2033,2033,49,3525,493525,95,0,95,18,5.28,25.4,59.1,10.5,2,0,0,0,0,0,0,0,0,0,0,2,0,Utah
3525_2034,2034,49,3525,493525,95,0,95,18,5.28,25.2,59.1,10.7,2,0,0,0,0,0,0,0,0,0,0,2,0,Utah
3525_2035,2035,49,3525,493525,95,0,95,18,5.28,25.2,58.9,10.9,2,0,0,0,0,0,0,0,0,0,0,2,0,Utah
3525_2036,2036,49,3525,493525,95,0,95,18,5.28,25.2,58.7,11.1,2,0,0,0,0,0,0,0,0,0,0,2,0,Utah
3525_2037,2037,49,3525,493525,95,0,95,18,5.28,25.3,58.4,11.3,2,0,0,0,0,0,0,0,0,0,0,2,0,Utah
3525_2038,2038,49,3525,493525,95,0,95,18,5.28,25.4,58.1,11.5,2,0,0,0,0,0,0,0,0,0,0,2,0,Utah
3525_2039,2039,49,3525,493525,95,0,95,18,5.28,25.4,57.9,11.7,2,0,0,0,0,0,0,0,0,0,0,2,0,Utah
3525_2040,2040,49,3525,493525,95,0,95,18,5.28,25.6,57.5,11.9,2,0,0,0,0,0,0,0,0,0,0,2,0,Utah
3525_2041,2041,49,3525,493525,95,0,95,18,5.28,25.7,57.2,12.1,2,0,0,0,0,0,0,0,0,0,0,2,0,Utah
3525_2042,2042,49,3525,493525,95,0,95,18,5.28,25.8,56.9,12.3,2,0,0,0,0,0,0,0,0,0,0,2,0,Utah
3525_2043,2043,49,3525,493525,95,0,95,18,5.28,25.9,56.5,12.6,2,0,0,0,0,0,0,0,0,0,0,2,0,Utah
3525_2044,2044,49,3525,493525,95,0,95,18,5.28,26,56.2,12.8,2,0,0,0,0,0,0,0,0,0,0,2,0,Utah
3525_2045,2045,49,3525,493525,95,0,95,18,5.28,26,56,13,2,0,0,0,0,0,0,0,0,0,0,2,0,Utah
3525_2046,2046,49,3525,493525,95,0,95,18,5.28,26,55.8,13.2,2,0,0,0,0,0,0,0,0,0,0,2,0,Utah
3525_2047,2047,49,3525,493525,95,0,95,18,5.28,25.9,55.7,13.4,2,0,0,0,0,0,0,0,0,0,0,2,0,Utah
3525_2048,2048,49,3525,493525,95,0,95,18,5.28,25.8,55.6,13.6,2,0,0,0,0,0,0,0,0,0,0,2,0,Utah
3525_2049,2049,49,3525,493525,95,0,95,18,5.28,25.7,55.6,13.7,2,0,0,0,0,0,0,0,0,0,0,2,0,Utah
3525_2050,2050,49,3525,493525,95,0,95,18,5.28,25.5,55.6,13.9,2,0,0,0,0,0,0,0,0,0,0,2,0,Utah
3525_2051,2051,49,3525,493525,95,0,95,18,5.28,25.3,55.6,14.1,2,0,0,0,0,0,0,0,0,0,0,2,0,Utah
3525_2052,2052,49,3525,493525,95,0,95,18,5.28,25.1,55.6,14.3,2,0,0,0,0,0,0,0,0,0,0,2,0,Utah
3525_2053,2053,49,3525,493525,95,0,95,18,5.28,24.8,55.7,14.5,2,0,0,0,0,0,0,0,0,0,0,2,0,Utah
3525_2054,2054,49,3525,493525,95,0,95,18,5.28,24.6,55.8,14.6,2,0,0,0,0,0,0,0,0,0,0,2,0,Utah
3525_2055,2055,49,3525,493525,95,0,95,18,5.28,24.3,55.9,14.8,2,0,0,0,0,0,0,0,0,0,0,2,0,Utah
3525_2056,2056,49,3525,493525,95,0,95,18,5.28,24,55.9,15.1,2,0,0,0,0,0,0,0,0,0,0,2,0,Utah
3525_2057,2057,49,3525,493525,95,0,95,18,5.28,23.8,55.8,15.4,2,0,0,0,0,0,0,0,0,0,0,2,0,Utah
3525_2058,2058,49,3525,493525,95,0,95,18,5.28,23.5,55.9,15.6,2,0,0,0,0,0,0,0,0,0,0,2,0,Utah
3525_2059,2059,49,3525,493525,95,0,95,18,5.28,23.3,56,15.7,2,0,0,0,0,0,0,0,0,0,0,2,0,Utah
3525_2060,2060,49,3525,493525,95,0,95,18,5.28,23.1,56.1,15.8,2,0,0,0,0,0,0,0,0,0,0,2,0,Utah
3526_2010,2010,49,3526,493526,0,0,0,0,0,0,0,0,0,0,0,0,0,0,0,0,0,0,0,0,0,Utah
3526_2011,2011,49,3526,493526,0,0,0,0,0,0,0,0,0,0,0,0,0,0,0,0,0,0,0,0,0,Utah
3526_2012,2012,49,3526,493526,0,0,0,0,0,0,0,0,0,0,0,0,0,0,0,0,0,0,0,0,0,Utah
3526_2013,2013,49,3526,493526,0,0,0,0,0,0,0,0,0,0,0,0,0,0,0,0,0,0,0,0,0,Utah
3526_2014,2014,49,3526,493526,0,0,0,0,0,0,0,0,0,0,0,0,0,0,0,0,0,0,0,0,0,Utah
3526_2015,2015,49,3526,493526,0,0,0,0,0,0,0,0,0,0,0,0,0,0,0,0,0,0,0,0,0,Utah
3526_2016,2016,49,3526,493526,0,0,0,0,0,0,0,0,0,0,0,0,0,0,0,0,0,0,0,0,0,Utah
3526_2017,2017,49,3526,493526,0,0,0,0,0,0,0,0,0,0,0,0,0,0,0,0,0,0,0,0,0,Utah
3526_2018,2018,49,3526,493526,0,0,0,0,0,0,0,0,0,0,0,0,0,0,0,0,0,0,0,0,0,Utah
3526_2019,2019,49,3526,493526,0,0,0,0,0,0,0,0,0,0,0,0,0,0,0,0,0,0,0,0,0,Utah
3526_2020,2020,49,3526,493526,0,0,0,0,0,0,0,0,0,0,0,0,0,0,0,0,0,0,0,0,0,Utah
3526_2021,2021,49,3526,493526,0,0,0,0,0,0,0,0,0,0,0,0,0,0,0,0,0,0,0,0,0,Utah
3526_2022,2022,49,3526,493526,0,0,0,0,0,0,0,0,0,0,0,0,0,0,0,0,0,0,0,0,0,Utah
3526_2023,2023,49,3526,493526,0,0,0,0,0,0,0,0,0,0,0,0,0,0,0,0,0,0,0,0,0,Utah
3526_2024,2024,49,3526,493526,0,0,0,0,0,0,0,0,0,0,0,0,0,0,0,0,0,0,0,0,0,Utah
3526_2025,2025,49,3526,493526,0,0,0,0,0,0,0,0,0,0,0,0,0,0,0,0,0,0,0,0,0,Utah
3526_2026,2026,49,3526,493526,0,0,0,0,0,0,0,0,0,0,0,0,0,0,0,0,0,0,0,0,0,Utah
3526_2027,2027,49,3526,493526,0,0,0,0,0,0,0,0,0,0,0,0,0,0,0,0,0,0,0,0,0,Utah
3526_2028,2028,49,3526,493526,0,0,0,0,0,0,0,0,0,0,0,0,0,0,0,0,0,0,0,0,0,Utah
3526_2029,2029,49,3526,493526,0,0,0,0,0,0,0,0,0,0,0,0,0,0,0,0,0,0,0,0,0,Utah
3526_2030,2030,49,3526,493526,0,0,0,0,0,0,0,0,0,0,0,0,0,0,0,0,0,0,0,0,0,Utah
3526_2031,2031,49,3526,493526,0,0,0,0,0,0,0,0,0,0,0,0,0,0,0,0,0,0,0,0,0,Utah
3526_2032,2032,49,3526,493526,0,0,0,0,0,0,0,0,0,0,0,0,0,0,0,0,0,0,0,0,0,Utah
3526_2033,2033,49,3526,493526,0,0,0,0,0,0,0,0,0,0,0,0,0,0,0,0,0,0,0,0,0,Utah
3526_2034,2034,49,3526,493526,0,0,0,0,0,0,0,0,0,0,0,0,0,0,0,0,0,0,0,0,0,Utah
3526_2035,2035,49,3526,493526,0,0,0,0,0,0,0,0,0,0,0,0,0,0,0,0,0,0,0,0,0,Utah
3526_2036,2036,49,3526,493526,0,0,0,0,0,0,0,0,0,0,0,0,0,0,0,0,0,0,0,0,0,Utah
3526_2037,2037,49,3526,493526,0,0,0,0,0,0,0,0,0,0,0,0,0,0,0,0,0,0,0,0,0,Utah
3526_2038,2038,49,3526,493526,0,0,0,0,0,0,0,0,0,0,0,0,0,0,0,0,0,0,0,0,0,Utah
3526_2039,2039,49,3526,493526,0,0,0,0,0,0,0,0,0,0,0,0,0,0,0,0,0,0,0,0,0,Utah
3526_2040,2040,49,3526,493526,0,0,0,0,0,0,0,0,0,0,0,0,0,0,0,0,0,0,0,0,0,Utah
3526_2041,2041,49,3526,493526,0,0,0,0,0,0,0,0,0,0,0,0,0,0,0,0,0,0,0,0,0,Utah
3526_2042,2042,49,3526,493526,0,0,0,0,0,0,0,0,0,0,0,0,0,0,0,0,0,0,0,0,0,Utah
3526_2043,2043,49,3526,493526,0,0,0,0,0,0,0,0,0,0,0,0,0,0,0,0,0,0,0,0,0,Utah
3526_2044,2044,49,3526,493526,0,0,0,0,0,0,0,0,0,0,0,0,0,0,0,0,0,0,0,0,0,Utah
3526_2045,2045,49,3526,493526,0,0,0,0,0,0,0,0,0,0,0,0,0,0,0,0,0,0,0,0,0,Utah
3526_2046,2046,49,3526,493526,0,0,0,0,0,0,0,0,0,0,0,0,0,0,0,0,0,0,0,0,0,Utah
3526_2047,2047,49,3526,493526,0,0,0,0,0,0,0,0,0,0,0,0,0,0,0,0,0,0,0,0,0,Utah
3526_2048,2048,49,3526,493526,0,0,0,0,0,0,0,0,0,0,0,0,0,0,0,0,0,0,0,0,0,Utah
3526_2049,2049,49,3526,493526,0,0,0,0,0,0,0,0,0,0,0,0,0,0,0,0,0,0,0,0,0,Utah
3526_2050,2050,49,3526,493526,0,0,0,0,0,0,0,0,0,0,0,0,0,0,0,0,0,0,0,0,0,Utah
3526_2051,2051,49,3526,493526,0,0,0,0,0,0,0,0,0,0,0,0,0,0,0,0,0,0,0,0,0,Utah
3526_2052,2052,49,3526,493526,0,0,0,0,0,0,0,0,0,0,0,0,0,0,0,0,0,0,0,0,0,Utah
3526_2053,2053,49,3526,493526,0,0,0,0,0,0,0,0,0,0,0,0,0,0,0,0,0,0,0,0,0,Utah
3526_2054,2054,49,3526,493526,0,0,0,0,0,0,0,0,0,0,0,0,0,0,0,0,0,0,0,0,0,Utah
3526_2055,2055,49,3526,493526,0,0,0,0,0,0,0,0,0,0,0,0,0,0,0,0,0,0,0,0,0,Utah
3526_2056,2056,49,3526,493526,0,0,0,0,0,0,0,0,0,0,0,0,0,0,0,0,0,0,0,0,0,Utah
3526_2057,2057,49,3526,493526,0,0,0,0,0,0,0,0,0,0,0,0,0,0,0,0,0,0,0,0,0,Utah
3526_2058,2058,49,3526,493526,0,0,0,0,0,0,0,0,0,0,0,0,0,0,0,0,0,0,0,0,0,Utah
3526_2059,2059,49,3526,493526,0,0,0,0,0,0,0,0,0,0,0,0,0,0,0,0,0,0,0,0,0,Utah
3526_2060,2060,49,3526,493526,0,0,0,0,0,0,0,0,0,0,0,0,0,0,0,0,0,0,0,0,0,Utah
3527_2010,2010,49,3527,493527,10,0,10,4,2.5,3.5,5.8,0.7,42,0,0,0,0,0,10.5,0,31.5,0,0,0,0,Utah
3527_2011,2011,49,3527,493527,10,0,10,4,2.5,3.5,5.8,0.7,42,0,0,0,0,0,10.5,0,31.5,0,0,0,0,Utah
3527_2012,2012,49,3527,493527,10,0,10,4,2.5,3.5,5.8,0.7,42,0,0,0,0,0,10.5,0,31.5,0,0,0,0,Utah
3527_2013,2013,49,3527,493527,10,0,10,4,2.5,3.4,5.9,0.7,42,0,0,0,0,0,10.5,0,31.5,0,0,0,0,Utah
3527_2014,2014,49,3527,493527,10,0,10,4,2.5,3.4,5.9,0.7,42,0,0,0,0,0,10.5,0,31.5,0,0,0,0,Utah
3527_2015,2015,49,3527,493527,10,0,10,4,2.5,3.4,5.9,0.7,42,0,0,0,0,0,10.5,0,31.5,0,0,0,0,Utah
3527_2016,2016,49,3527,493527,10,0,10,4,2.5,3.4,5.9,0.7,42,0,0,0,0,0,10.5,0,31.5,0,0,0,0,Utah
3527_2017,2017,49,3527,493527,10,0,10,4,2.5,3.3,6,0.7,42,0,0,0,0,0,10.5,0,31.5,0,0,0,0,Utah
3527_2018,2018,49,3527,493527,10,0,10,4,2.5,3.3,5.9,0.8,42,0,0,0,0,0,10.5,0,31.5,0,0,0,0,Utah
3527_2019,2019,49,3527,493527,10,0,10,4,2.5,3.3,5.9,0.8,42,0,0,0,0,0,10.5,0,31.5,0,0,0,0,Utah
3527_2020,2020,49,3527,493527,10,0,10,4,2.5,3.3,5.9,0.8,42,0,0,0,0,0,10.5,0,31.5,0,0,0,0,Utah
3527_2021,2021,49,3527,493527,10,0,10,4,2.5,3.2,6,0.8,42,0,0,0,0,0,10.5,0,31.5,0,0,0,0,Utah
3527_2022,2022,49,3527,493527,10,0,10,4,2.5,3.2,6,0.8,42,0,0,0,0,0,10.5,0,31.5,0,0,0,0,Utah
3527_2023,2023,49,3527,493527,10,0,10,4,2.5,3.1,6,0.9,42,0,0,0,0,0,10.5,0,31.5,0,0,0,0,Utah
3527_2024,2024,49,3527,493527,10,0,10,4,2.5,3,6.1,0.9,42,0,0,0,0,0,10.5,0,31.5,0,0,0,0,Utah
3527_2025,2025,49,3527,493527,10,0,10,4,2.5,3,6.1,0.9,42,0,0,0,0,0,10.5,0,31.5,0,0,0,0,Utah
3527_2026,2026,49,3527,493527,10,0,10,4,2.5,2.9,6.2,0.9,42,0,0,0,0,0,10.5,0,31.5,0,0,0,0,Utah
3527_2027,2027,49,3527,493527,10,0,10,4,2.5,2.9,6.1,1,42,0,0,0,0,0,10.5,0,31.5,0,0,0,0,Utah
3527_2028,2028,49,3527,493527,10,0,10,4,2.5,2.8,6.2,1,42,0,0,0,0,0,10.5,0,31.5,0,0,0,0,Utah
3527_2029,2029,49,3527,493527,10,0,10,4,2.5,2.8,6.2,1,42,0,0,0,0,0,10.5,0,31.5,0,0,0,0,Utah
3527_2030,2030,49,3527,493527,10,0,10,4,2.5,2.7,6.3,1,42,0,0,0,0,0,10.5,0,31.5,0,0,0,0,Utah
3527_2031,2031,49,3527,493527,10,0,10,4,2.5,2.7,6.2,1.1,42,0,0,0,0,0,10.5,0,31.5,0,0,0,0,Utah
3527_2032,2032,49,3527,493527,10,0,10,4,2.5,2.7,6.2,1.1,42,0,0,0,0,0,10.5,0,31.5,0,0,0,0,Utah
3527_2033,2033,49,3527,493527,10,0,10,4,2.5,2.7,6.2,1.1,42,0,0,0,0,0,10.5,0,31.5,0,0,0,0,Utah
3527_2034,2034,49,3527,493527,10,0,10,4,2.5,2.7,6.2,1.1,42,0,0,0,0,0,10.5,0,31.5,0,0,0,0,Utah
3527_2035,2035,49,3527,493527,10,0,10,4,2.5,2.7,6.2,1.1,42,0,0,0,0,0,10.5,0,31.5,0,0,0,0,Utah
3527_2036,2036,49,3527,493527,10,0,10,4,2.5,2.7,6.1,1.2,42,0,0,0,0,0,10.5,0,31.5,0,0,0,0,Utah
3527_2037,2037,49,3527,493527,10,0,10,4,2.5,2.7,6.1,1.2,42,0,0,0,0,0,10.5,0,31.5,0,0,0,0,Utah
3527_2038,2038,49,3527,493527,10,0,10,4,2.5,2.7,6.1,1.2,42,0,0,0,0,0,10.5,0,31.5,0,0,0,0,Utah
3527_2039,2039,49,3527,493527,10,0,10,4,2.5,2.7,6.1,1.2,42,0,0,0,0,0,10.5,0,31.5,0,0,0,0,Utah
3527_2040,2040,49,3527,493527,10,0,10,4,2.5,2.7,6,1.3,42,0,0,0,0,0,10.5,0,31.5,0,0,0,0,Utah
3527_2041,2041,49,3527,493527,10,0,10,4,2.5,2.7,6,1.3,42,0,0,0,0,0,10.5,0,31.5,0,0,0,0,Utah
3527_2042,2042,49,3527,493527,10,0,10,4,2.5,2.7,6,1.3,42,0,0,0,0,0,10.5,0,31.5,0,0,0,0,Utah
3527_2043,2043,49,3527,493527,10,0,10,4,2.5,2.7,6,1.3,42,0,0,0,0,0,10.5,0,31.5,0,0,0,0,Utah
3527_2044,2044,49,3527,493527,10,0,10,4,2.5,2.7,6,1.3,42,0,0,0,0,0,10.5,0,31.5,0,0,0,0,Utah
3527_2045,2045,49,3527,493527,10,0,10,4,2.5,2.7,5.9,1.4,42,0,0,0,0,0,10.5,0,31.5,0,0,0,0,Utah
3527_2046,2046,49,3527,493527,10,0,10,4,2.5,2.7,5.9,1.4,42,0,0,0,0,0,10.5,0,31.5,0,0,0,0,Utah
3527_2047,2047,49,3527,493527,10,0,10,4,2.5,2.7,5.9,1.4,42,0,0,0,0,0,10.5,0,31.5,0,0,0,0,Utah
3527_2048,2048,49,3527,493527,10,0,10,4,2.5,2.7,5.9,1.4,42,0,0,0,0,0,10.5,0,31.5,0,0,0,0,Utah
3527_2049,2049,49,3527,493527,10,0,10,4,2.5,2.7,5.9,1.4,42,0,0,0,0,0,10.5,0,31.5,0,0,0,0,Utah
3527_2050,2050,49,3527,493527,10,0,10,4,2.5,2.7,5.8,1.5,42,0,0,0,0,0,10.5,0,31.5,0,0,0,0,Utah
3527_2051,2051,49,3527,493527,10,0,10,4,2.5,2.7,5.8,1.5,42,0,0,0,0,0,10.5,0,31.5,0,0,0,0,Utah
3527_2052,2052,49,3527,493527,10,0,10,4,2.5,2.6,5.9,1.5,42,0,0,0,0,0,10.5,0,31.5,0,0,0,0,Utah
3527_2053,2053,49,3527,493527,10,0,10,4,2.5,2.6,5.9,1.5,42,0,0,0,0,0,10.5,0,31.5,0,0,0,0,Utah
3527_2054,2054,49,3527,493527,10,0,10,4,2.5,2.6,5.9,1.5,42,0,0,0,0,0,10.5,0,31.5,0,0,0,0,Utah
3527_2055,2055,49,3527,493527,10,0,10,4,2.5,2.6,5.8,1.6,42,0,0,0,0,0,10.5,0,31.5,0,0,0,0,Utah
3527_2056,2056,49,3527,493527,10,0,10,4,2.5,2.5,5.9,1.6,42,0,0,0,0,0,10.5,0,31.5,0,0,0,0,Utah
3527_2057,2057,49,3527,493527,10,0,10,4,2.5,2.5,5.9,1.6,42,0,0,0,0,0,10.5,0,31.5,0,0,0,0,Utah
3527_2058,2058,49,3527,493527,10,0,10,4,2.5,2.5,5.9,1.6,42,0,0,0,0,0,10.5,0,31.5,0,0,0,0,Utah
3527_2059,2059,49,3527,493527,10,0,10,4,2.5,2.5,5.8,1.7,42,0,0,0,0,0,10.5,0,31.5,0,0,0,0,Utah
3527_2060,2060,49,3527,493527,10,0,10,4,2.5,2.4,5.9,1.7,42,0,0,0,0,0,10.5,0,31.5,0,0,0,0,Utah
3528_2010,2010,49,3528,493528,83,0,83,34,2.44,29.2,48.4,5.4,0,0,0,0,0,0,0,0,0,0,0,0,0,Utah
3528_2011,2011,49,3528,493528,83,0,83,34,2.44,29,48.5,5.5,0,0,0,0,0,0,0,0,0,0,0,0,0,Utah
3528_2012,2012,49,3528,493528,83,0,83,34,2.44,28.8,48.6,5.6,0,0,0,0,0,0,0,0,0,0,0,0,0,Utah
3528_2013,2013,49,3528,493528,83,0,83,34,2.44,28.6,48.7,5.7,0,0,0,0,0,0,0,0,0,0,0,0,0,Utah
3528_2014,2014,49,3528,493528,83,0,83,34,2.44,28.4,48.8,5.8,0,0,0,0,0,0,0,0,0,0,0,0,0,Utah
3528_2015,2015,49,3528,493528,83,0,83,34,2.44,28.2,48.9,5.9,0,0,0,0,0,0,0,0,0,0,0,0,0,Utah
3528_2016,2016,49,3528,493528,83,0,83,34,2.44,28,49,6,0,0,0,0,0,0,0,0,0,0,0,0,0,Utah
3528_2017,2017,49,3528,493528,83,0,83,34,2.44,27.8,49.1,6.1,0,0,0,0,0,0,0,0,0,0,0,0,0,Utah
3528_2018,2018,49,3528,493528,83,0,83,34,2.44,27.6,49.2,6.2,0,0,0,0,0,0,0,0,0,0,0,0,0,Utah
3528_2019,2019,49,3528,493528,83,0,83,34,2.44,27.4,49.3,6.3,0,0,0,0,0,0,0,0,0,0,0,0,0,Utah
3528_2020,2020,49,3528,493528,83,0,83,34,2.44,27.2,49.4,6.4,0,0,0,0,0,0,0,0,0,0,0,0,0,Utah
3528_2021,2021,49,3528,493528,83,0,83,34,2.44,26.7,49.7,6.6,0,0,0,0,0,0,0,0,0,0,0,0,0,Utah
3528_2022,2022,49,3528,493528,83,0,83,34,2.44,26.2,49.9,6.9,0,0,0,0,0,0,0,0,0,0,0,0,0,Utah
3528_2023,2023,49,3528,493528,83,0,83,34,2.44,25.7,50.2,7.1,0,0,0,0,0,0,0,0,0,0,0,0,0,Utah
3528_2024,2024,49,3528,493528,83,0,83,34,2.44,25.2,50.4,7.4,0,0,0,0,0,0,0,0,0,0,0,0,0,Utah
3528_2025,2025,49,3528,493528,83,0,83,34,2.44,24.7,50.7,7.6,0,0,0,0,0,0,0,0,0,0,0,0,0,Utah
3528_2026,2026,49,3528,493528,83,0,83,34,2.44,24.2,51,7.8,0,0,0,0,0,0,0,0,0,0,0,0,0,Utah
3528_2027,2027,49,3528,493528,83,0,83,34,2.44,23.8,51.2,8,0,0,0,0,0,0,0,0,0,0,0,0,0,Utah
3528_2028,2028,49,3528,493528,83,0,83,34,2.44,23.4,51.4,8.2,0,0,0,0,0,0,0,0,0,0,0,0,0,Utah
3528_2029,2029,49,3528,493528,83,0,83,34,2.44,23,51.6,8.4,0,0,0,0,0,0,0,0,0,0,0,0,0,Utah
3528_2030,2030,49,3528,493528,83,0,83,34,2.44,22.7,51.7,8.6,0,0,0,0,0,0,0,0,0,0,0,0,0,Utah
3528_2031,2031,49,3528,493528,83,0,83,34,2.44,22.5,51.7,8.8,0,0,0,0,0,0,0,0,0,0,0,0,0,Utah
3528_2032,2032,49,3528,493528,83,0,83,34,2.44,22.3,51.7,9,0,0,0,0,0,0,0,0,0,0,0,0,0,Utah
3528_2033,2033,49,3528,493528,83,0,83,34,2.44,22.2,51.7,9.1,0,0,0,0,0,0,0,0,0,0,0,0,0,Utah
3528_2034,2034,49,3528,493528,83,0,83,34,2.44,22.1,51.6,9.3,0,0,0,0,0,0,0,0,0,0,0,0,0,Utah
3528_2035,2035,49,3528,493528,83,0,83,34,2.44,22,51.5,9.5,0,0,0,0,0,0,0,0,0,0,0,0,0,Utah
3528_2036,2036,49,3528,493528,83,0,83,34,2.44,22,51.3,9.7,0,0,0,0,0,0,0,0,0,0,0,0,0,Utah
3528_2037,2037,49,3528,493528,83,0,83,34,2.44,22.1,51,9.9,0,0,0,0,0,0,0,0,0,0,0,0,0,Utah
3528_2038,2038,49,3528,493528,83,0,83,34,2.44,22.2,50.8,10,0,0,0,0,0,0,0,0,0,0,0,0,0,Utah
3528_2039,2039,49,3528,493528,83,0,83,34,2.44,22.2,50.6,10.2,0,0,0,0,0,0,0,0,0,0,0,0,0,Utah
3528_2040,2040,49,3528,493528,83,0,83,34,2.44,22.3,50.3,10.4,0,0,0,0,0,0,0,0,0,0,0,0,0,Utah
3528_2041,2041,49,3528,493528,83,0,83,34,2.44,22.4,50,10.6,0,0,0,0,0,0,0,0,0,0,0,0,0,Utah
3528_2042,2042,49,3528,493528,83,0,83,34,2.44,22.5,49.7,10.8,0,0,0,0,0,0,0,0,0,0,0,0,0,Utah
3528_2043,2043,49,3528,493528,83,0,83,34,2.44,22.6,49.4,11,0,0,0,0,0,0,0,0,0,0,0,0,0,Utah
3528_2044,2044,49,3528,493528,83,0,83,34,2.44,22.7,49.1,11.2,0,0,0,0,0,0,0,0,0,0,0,0,0,Utah
3528_2045,2045,49,3528,493528,83,0,83,34,2.44,22.7,48.9,11.4,0,0,0,0,0,0,0,0,0,0,0,0,0,Utah
3528_2046,2046,49,3528,493528,83,0,83,34,2.44,22.7,48.8,11.5,0,0,0,0,0,0,0,0,0,0,0,0,0,Utah
3528_2047,2047,49,3528,493528,83,0,83,34,2.44,22.7,48.6,11.7,0,0,0,0,0,0,0,0,0,0,0,0,0,Utah
3528_2048,2048,49,3528,493528,83,0,83,34,2.44,22.6,48.6,11.8,0,0,0,0,0,0,0,0,0,0,0,0,0,Utah
3528_2049,2049,49,3528,493528,83,0,83,34,2.44,22.5,48.5,12,0,0,0,0,0,0,0,0,0,0,0,0,0,Utah
3528_2050,2050,49,3528,493528,83,0,83,34,2.44,22.3,48.6,12.1,0,0,0,0,0,0,0,0,0,0,0,0,0,Utah
3528_2051,2051,49,3528,493528,83,0,83,34,2.44,22.1,48.6,12.3,0,0,0,0,0,0,0,0,0,0,0,0,0,Utah
3528_2052,2052,49,3528,493528,83,0,83,34,2.44,21.9,48.6,12.5,0,0,0,0,0,0,0,0,0,0,0,0,0,Utah
3528_2053,2053,49,3528,493528,83,0,83,34,2.44,21.7,48.7,12.6,0,0,0,0,0,0,0,0,0,0,0,0,0,Utah
3528_2054,2054,49,3528,493528,83,0,83,34,2.44,21.5,48.7,12.8,0,0,0,0,0,0,0,0,0,0,0,0,0,Utah
3528_2055,2055,49,3528,493528,83,0,83,34,2.44,21.2,48.8,13,0,0,0,0,0,0,0,0,0,0,0,0,0,Utah
3528_2056,2056,49,3528,493528,83,0,83,34,2.44,21,48.8,13.2,0,0,0,0,0,0,0,0,0,0,0,0,0,Utah
3528_2057,2057,49,3528,493528,83,0,83,34,2.44,20.8,48.8,13.4,0,0,0,0,0,0,0,0,0,0,0,0,0,Utah
3528_2058,2058,49,3528,493528,83,0,83,34,2.44,20.6,48.8,13.6,0,0,0,0,0,0,0,0,0,0,0,0,0,Utah
3528_2059,2059,49,3528,493528,83,0,83,34,2.44,20.4,48.9,13.7,0,0,0,0,0,0,0,0,0,0,0,0,0,Utah
3528_2060,2060,49,3528,493528,83,0,83,34,2.44,20.2,49,13.8,0,0,0,0,0,0,0,0,0,0,0,0,0,Utah
3529_2010,2010,49,3529,493529,17,0,17,6,2.83,6,9.9,1.1,37,0,0,0,0,0,0,0,37,0,0,0,0,Utah
3529_2011,2011,49,3529,493529,17,0,17,6,2.83,5.9,10,1.1,37,0,0,0,0,0,0,0,37,0,0,0,0,Utah
3529_2012,2012,49,3529,493529,17,0,17,6,2.83,5.9,10,1.1,37,0,0,0,0,0,0,0,37,0,0,0,0,Utah
3529_2013,2013,49,3529,493529,17,0,17,6,2.83,5.9,9.9,1.2,37,0,0,0,0,0,0,0,37,0,0,0,0,Utah
3529_2014,2014,49,3529,493529,17,0,17,6,2.83,5.8,10,1.2,37,0,0,0,0,0,0,0,37,0,0,0,0,Utah
3529_2015,2015,49,3529,493529,17,0,17,6,2.83,5.8,10,1.2,37,0,0,0,0,0,0,0,37,0,0,0,0,Utah
3529_2016,2016,49,3529,493529,17,0,17,6,2.83,5.7,10.1,1.2,37,0,0,0,0,0,0,0,37,0,0,0,0,Utah
3529_2017,2017,49,3529,493529,17,0,17,6,2.83,5.7,10,1.3,37,0,0,0,0,0,0,0,37,0,0,0,0,Utah
3529_2018,2018,49,3529,493529,17,0,17,6,2.83,5.6,10.1,1.3,37,0,0,0,0,0,0,0,37,0,0,0,0,Utah
3529_2019,2019,49,3529,493529,17,0,17,6,2.83,5.6,10.1,1.3,37,0,0,0,0,0,0,0,37,0,0,0,0,Utah
3529_2020,2020,49,3529,493529,17,0,17,6,2.83,5.6,10.1,1.3,37,0,0,0,0,0,0,0,37,0,0,0,0,Utah
3529_2021,2021,49,3529,493529,17,0,17,6,2.83,5.5,10.1,1.4,37,0,0,0,0,0,0,0,37,0,0,0,0,Utah
3529_2022,2022,49,3529,493529,17,0,17,6,2.83,5.4,10.2,1.4,37,0,0,0,0,0,0,0,37,0,0,0,0,Utah
3529_2023,2023,49,3529,493529,17,0,17,6,2.83,5.3,10.2,1.5,37,0,0,0,0,0,0,0,37,0,0,0,0,Utah
3529_2024,2024,49,3529,493529,17,0,17,6,2.83,5.2,10.3,1.5,37,0,0,0,0,0,0,0,37,0,0,0,0,Utah
3529_2025,2025,49,3529,493529,17,0,17,6,2.83,5.1,10.3,1.6,37,0,0,0,0,0,0,0,37,0,0,0,0,Utah
3529_2026,2026,49,3529,493529,17,0,17,6,2.83,5,10.4,1.6,37,0,0,0,0,0,0,0,37,0,0,0,0,Utah
3529_2027,2027,49,3529,493529,17,0,17,6,2.83,4.9,10.5,1.6,37,0,0,0,0,0,0,0,37,0,0,0,0,Utah
3529_2028,2028,49,3529,493529,17,0,17,6,2.83,4.8,10.5,1.7,37,0,0,0,0,0,0,0,37,0,0,0,0,Utah
3529_2029,2029,49,3529,493529,17,0,17,6,2.83,4.7,10.6,1.7,37,0,0,0,0,0,0,0,37,0,0,0,0,Utah
3529_2030,2030,49,3529,493529,17,0,17,6,2.83,4.7,10.5,1.8,37,0,0,0,0,0,0,0,37,0,0,0,0,Utah
3529_2031,2031,49,3529,493529,17,0,17,6,2.83,4.6,10.6,1.8,37,0,0,0,0,0,0,0,37,0,0,0,0,Utah
3529_2032,2032,49,3529,493529,17,0,17,6,2.83,4.6,10.6,1.8,37,0,0,0,0,0,0,0,37,0,0,0,0,Utah
3529_2033,2033,49,3529,493529,17,0,17,6,2.83,4.5,10.6,1.9,37,0,0,0,0,0,0,0,37,0,0,0,0,Utah
3529_2034,2034,49,3529,493529,17,0,17,6,2.83,4.5,10.6,1.9,37,0,0,0,0,0,0,0,37,0,0,0,0,Utah
3529_2035,2035,49,3529,493529,17,0,17,6,2.83,4.5,10.6,1.9,37,0,0,0,0,0,0,0,37,0,0,0,0,Utah
3529_2036,2036,49,3529,493529,17,0,17,6,2.83,4.5,10.5,2,37,0,0,0,0,0,0,0,37,0,0,0,0,Utah
3529_2037,2037,49,3529,493529,17,0,17,6,2.83,4.5,10.5,2,37,0,0,0,0,0,0,0,37,0,0,0,0,Utah
3529_2038,2038,49,3529,493529,17,0,17,6,2.83,4.5,10.4,2.1,37,0,0,0,0,0,0,0,37,0,0,0,0,Utah
3529_2039,2039,49,3529,493529,17,0,17,6,2.83,4.6,10.3,2.1,37,0,0,0,0,0,0,0,37,0,0,0,0,Utah
3529_2040,2040,49,3529,493529,17,0,17,6,2.83,4.6,10.3,2.1,37,0,0,0,0,0,0,0,37,0,0,0,0,Utah
3529_2041,2041,49,3529,493529,17,0,17,6,2.83,4.6,10.2,2.2,37,0,0,0,0,0,0,0,37,0,0,0,0,Utah
3529_2042,2042,49,3529,493529,17,0,17,6,2.83,4.6,10.2,2.2,37,0,0,0,0,0,0,0,37,0,0,0,0,Utah
3529_2043,2043,49,3529,493529,17,0,17,6,2.83,4.6,10.1,2.3,37,0,0,0,0,0,0,0,37,0,0,0,0,Utah
3529_2044,2044,49,3529,493529,17,0,17,6,2.83,4.6,10.1,2.3,37,0,0,0,0,0,0,0,37,0,0,0,0,Utah
3529_2045,2045,49,3529,493529,17,0,17,6,2.83,4.7,10,2.3,37,0,0,0,0,0,0,0,37,0,0,0,0,Utah
3529_2046,2046,49,3529,493529,17,0,17,6,2.83,4.7,9.9,2.4,37,0,0,0,0,0,0,0,37,0,0,0,0,Utah
3529_2047,2047,49,3529,493529,17,0,17,6,2.83,4.6,10,2.4,37,0,0,0,0,0,0,0,37,0,0,0,0,Utah
3529_2048,2048,49,3529,493529,17,0,17,6,2.83,4.6,10,2.4,37,0,0,0,0,0,0,0,37,0,0,0,0,Utah
3529_2049,2049,49,3529,493529,17,0,17,6,2.83,4.6,9.9,2.5,37,0,0,0,0,0,0,0,37,0,0,0,0,Utah
3529_2050,2050,49,3529,493529,17,0,17,6,2.83,4.6,9.9,2.5,37,0,0,0,0,0,0,0,37,0,0,0,0,Utah
3529_2051,2051,49,3529,493529,17,0,17,6,2.83,4.5,10,2.5,37,0,0,0,0,0,0,0,37,0,0,0,0,Utah
3529_2052,2052,49,3529,493529,17,0,17,6,2.83,4.5,9.9,2.6,37,0,0,0,0,0,0,0,37,0,0,0,0,Utah
3529_2053,2053,49,3529,493529,17,0,17,6,2.83,4.4,10,2.6,37,0,0,0,0,0,0,0,37,0,0,0,0,Utah
3529_2054,2054,49,3529,493529,17,0,17,6,2.83,4.4,10,2.6,37,0,0,0,0,0,0,0,37,0,0,0,0,Utah
3529_2055,2055,49,3529,493529,17,0,17,6,2.83,4.3,10,2.7,37,0,0,0,0,0,0,0,37,0,0,0,0,Utah
3529_2056,2056,49,3529,493529,17,0,17,6,2.83,4.3,10,2.7,37,0,0,0,0,0,0,0,37,0,0,0,0,Utah
3529_2057,2057,49,3529,493529,17,0,17,6,2.83,4.3,9.9,2.8,37,0,0,0,0,0,0,0,37,0,0,0,0,Utah
3529_2058,2058,49,3529,493529,17,0,17,6,2.83,4.2,10,2.8,37,0,0,0,0,0,0,0,37,0,0,0,0,Utah
3529_2059,2059,49,3529,493529,17,0,17,6,2.83,4.2,10,2.8,37,0,0,0,0,0,0,0,37,0,0,0,0,Utah
3529_2060,2060,49,3529,493529,17,0,17,6,2.83,4.1,10.1,2.8,37,0,0,0,0,0,0,0,37,0,0,0,0,Utah
3523_2010,2010,49,3523,493523,103,0,103,32,3.22,36.2,60.1,6.7,359.3,107.9,142.9,0,0,0,0,0,108.5,0,0,0,0,Utah
3523_2011,2011,49,3523,493523,103,0,103,32,3.22,36,60.2,6.8,360.9,108.4,143.4,0,0,0,0,0,109.1,0,0,0,0,Utah
3523_2012,2012,49,3523,493523,103,0,103,32,3.22,35.7,60.3,7,362,108.6,144.1,0,0,0,0,0,109.3,0,0,0,0,Utah
3523_2013,2013,49,3523,493523,103,0,103,32,3.22,35.5,60.4,7.1,363.8,109.2,145.1,0,0,0,0,0,109.5,0,0,0,0,Utah
3523_2014,2014,49,3523,493523,103,0,103,32,3.22,35.2,60.6,7.2,365.5,109.8,146,0,0,0,0,0,109.7,0,0,0,0,Utah
3523_2015,2015,49,3523,493523,103,0,103,32,3.22,35,60.7,7.3,367.8,110.7,146.9,0,0,0,0,0,110.2,0,0,0,0,Utah
3523_2016,2016,49,3523,493523,103,0,103,32,3.22,34.7,60.8,7.5,369.9,111.3,147.7,0,0,0,0,0,110.9,0,0,0,0,Utah
3523_2017,2017,49,3523,493523,103,0,103,32,3.22,34.5,60.9,7.6,371.8,112.1,148.4,0,0,0,0,0,111.3,0,0,0,0,Utah
3523_2018,2018,49,3523,493523,103,0,103,32,3.22,34.2,61.1,7.7,373.8,112.4,149.3,0,0,0,0,0,112.1,0,0,0,0,Utah
3523_2019,2019,49,3523,493523,103,0,103,32,3.22,33.9,61.2,7.9,375,112.5,150,0,0,0,0,0,112.5,0,0,0,0,Utah
3523_2020,2020,49,3523,493523,103,0,103,32,3.22,33.7,61.3,8,372,112,148.3,0,0,0,0,0,111.7,0,0,0,0,Utah
3523_2021,2021,49,3523,493523,103,0,103,32,3.22,33.1,61.7,8.2,375.8,112.9,149.9,0,0,0,0,0,113,0,0,0,0,Utah
3523_2022,2022,49,3523,493523,103,0,103,32,3.22,32.5,62,8.5,377.2,112.6,150.6,0,0,0,0,0,114,0,0,0,0,Utah
3523_2023,2023,49,3523,493523,103,0,103,32,3.22,31.9,62.3,8.8,378.9,112.4,152.2,0,0,0,0,0,114.3,0,0,0,0,Utah
3523_2024,2024,49,3523,493523,103,0,103,32,3.22,31.2,62.7,9.1,379.9,112.2,153.1,0,0,0,0,0,114.6,0,0,0,0,Utah
3523_2025,2025,49,3523,493523,103,0,103,32,3.22,30.6,63,9.4,380.5,112.2,153.4,0,0,0,0,0,114.9,0,0,0,0,Utah
3523_2026,2026,49,3523,493523,103,0,103,32,3.22,30.1,63.2,9.7,380.9,112.3,153.6,0,0,0,0,0,115,0,0,0,0,Utah
3523_2027,2027,49,3523,493523,103,0,103,32,3.22,29.5,63.5,10,381.3,112.4,153.8,0,0,0,0,0,115.1,0,0,0,0,Utah
3523_2028,2028,49,3523,493523,103,0,103,32,3.22,29,63.8,10.2,381.7,112.5,154,0,0,0,0,0,115.2,0,0,0,0,Utah
3523_2029,2029,49,3523,493523,103,0,103,32,3.22,28.6,63.9,10.5,382.3,112.6,154.3,0,0,0,0,0,115.4,0,0,0,0,Utah
3523_2030,2030,49,3523,493523,103,0,103,32,3.22,28.2,64.1,10.7,383,112.7,154.8,0,0,0,0,0,115.5,0,0,0,0,Utah
3523_2031,2031,49,3523,493523,103,0,103,32,3.22,27.9,64.2,10.9,383.1,112.9,154.6,0,0,0,0,0,115.6,0,0,0,0,Utah
3523_2032,2032,49,3523,493523,103,0,103,32,3.22,27.7,64.2,11.1,383.6,113.2,154.7,0,0,0,0,0,115.7,0,0,0,0,Utah
3523_2033,2033,49,3523,493523,103,0,103,32,3.22,27.5,64.1,11.4,384.1,113.5,154.8,0,0,0,0,0,115.8,0,0,0,0,Utah
3523_2034,2034,49,3523,493523,103,0,103,32,3.22,27.4,64,11.6,384.5,113.7,154.9,0,0,0,0,0,115.9,0,0,0,0,Utah
3523_2035,2035,49,3523,493523,103,0,103,32,3.22,27.3,63.9,11.8,384.9,113.9,155,0,0,0,0,0,116,0,0,0,0,Utah
3523_2036,2036,49,3523,493523,103,0,103,32,3.22,27.3,63.7,12,385.3,114.1,155.1,0,0,0,0,0,116.1,0,0,0,0,Utah
3523_2037,2037,49,3523,493523,103,0,103,32,3.22,27.4,63.3,12.3,385.9,114.4,155.3,0,0,0,0,0,116.2,0,0,0,0,Utah
3523_2038,2038,49,3523,493523,103,0,103,32,3.22,27.5,63,12.5,386.2,114.6,155.3,0,0,0,0,0,116.3,0,0,0,0,Utah
3523_2039,2039,49,3523,493523,103,0,103,32,3.22,27.6,62.7,12.7,386.6,114.8,155.4,0,0,0,0,0,116.4,0,0,0,0,Utah
3523_2040,2040,49,3523,493523,103,0,103,32,3.22,27.7,62.4,12.9,387,115,155.5,0,0,0,0,0,116.5,0,0,0,0,Utah
3523_2041,2041,49,3523,493523,103,0,103,32,3.22,27.9,62,13.1,387.5,115.2,155.7,0,0,0,0,0,116.6,0,0,0,0,Utah
3523_2042,2042,49,3523,493523,103,0,103,32,3.22,28,61.6,13.4,388,115.4,155.9,0,0,0,0,0,116.7,0,0,0,0,Utah
3523_2043,2043,49,3523,493523,103,0,103,32,3.22,28.1,61.3,13.6,388.6,115.6,156.2,0,0,0,0,0,116.8,0,0,0,0,Utah
3523_2044,2044,49,3523,493523,103,0,103,32,3.22,28.2,60.9,13.9,389.2,115.8,156.5,0,0,0,0,0,116.9,0,0,0,0,Utah
3523_2045,2045,49,3523,493523,103,0,103,32,3.22,28.2,60.7,14.1,389.8,116,156.8,0,0,0,0,0,117,0,0,0,0,Utah
3523_2046,2046,49,3523,493523,103,0,103,32,3.22,28.2,60.5,14.3,390.3,116.2,157,0,0,0,0,0,117.1,0,0,0,0,Utah
3523_2047,2047,49,3523,493523,103,0,103,32,3.22,28.1,60.4,14.5,390.9,116.4,157.3,0,0,0,0,0,117.2,0,0,0,0,Utah
3523_2048,2048,49,3523,493523,103,0,103,32,3.22,28,60.3,14.7,391.5,116.6,157.6,0,0,0,0,0,117.3,0,0,0,0,Utah
3523_2049,2049,49,3523,493523,103,0,103,32,3.22,27.9,60.2,14.9,392.1,116.8,157.9,0,0,0,0,0,117.4,0,0,0,0,Utah
3523_2050,2050,49,3523,493523,103,0,103,32,3.22,27.7,60.2,15.1,392.6,117,158.1,0,0,0,0,0,117.5,0,0,0,0,Utah
3523_2051,2051,49,3523,493523,103,0,103,32,3.22,27.5,60.2,15.3,393.1,117.2,158.3,0,0,0,0,0,117.6,0,0,0,0,Utah
3523_2052,2052,49,3523,493523,103,0,103,32,3.22,27.2,60.3,15.5,393.5,117.4,158.4,0,0,0,0,0,117.7,0,0,0,0,Utah
3523_2053,2053,49,3523,493523,103,0,103,32,3.22,26.9,60.4,15.7,393.9,117.6,158.5,0,0,0,0,0,117.8,0,0,0,0,Utah
3523_2054,2054,49,3523,493523,103,0,103,32,3.22,26.6,60.5,15.9,394.3,117.8,158.6,0,0,0,0,0,117.9,0,0,0,0,Utah
3523_2055,2055,49,3523,493523,103,0,103,32,3.22,26.4,60.5,16.1,394.7,118,158.7,0,0,0,0,0,118,0,0,0,0,Utah
3523_2056,2056,49,3523,493523,103,0,103,32,3.22,26.1,60.5,16.4,395.2,118.2,158.9,0,0,0,0,0,118.1,0,0,0,0,Utah
3523_2057,2057,49,3523,493523,103,0,103,32,3.22,25.8,60.5,16.7,395.7,118.4,159.1,0,0,0,0,0,118.2,0,0,0,0,Utah
3523_2058,2058,49,3523,493523,103,0,103,32,3.22,25.5,60.6,16.9,396.2,118.6,159.3,0,0,0,0,0,118.3,0,0,0,0,Utah
3523_2059,2059,49,3523,493523,103,0,103,32,3.22,25.3,60.7,17,396.6,118.7,159.5,0,0,0,0,0,118.4,0,0,0,0,Utah
3523_2060,2060,49,3523,493523,103,0,103,32,3.22,25,60.8,17.2,397.1,118.9,159.7,0,0,0,0,0,118.5,0,0,0,0,Utah
3522_2010,2010,49,3522,493522,0,0,0,0,0,0,0,0,0,0,0,0,0,0,0,0,0,0,0,0,0,Utah
3522_2011,2011,49,3522,493522,0,0,0,0,0,0,0,0,0,0,0,0,0,0,0,0,0,0,0,0,0,Utah
3522_2012,2012,49,3522,493522,0,0,0,0,0,0,0,0,0,0,0,0,0,0,0,0,0,0,0,0,0,Utah
3522_2013,2013,49,3522,493522,0,0,0,0,0,0,0,0,0,0,0,0,0,0,0,0,0,0,0,0,0,Utah
3522_2014,2014,49,3522,493522,0,0,0,0,0,0,0,0,0,0,0,0,0,0,0,0,0,0,0,0,0,Utah
3522_2015,2015,49,3522,493522,0,0,0,0,0,0,0,0,0,0,0,0,0,0,0,0,0,0,0,0,0,Utah
3522_2016,2016,49,3522,493522,0,0,0,0,0,0,0,0,0,0,0,0,0,0,0,0,0,0,0,0,0,Utah
3522_2017,2017,49,3522,493522,0,0,0,0,0,0,0,0,0,0,0,0,0,0,0,0,0,0,0,0,0,Utah
3522_2018,2018,49,3522,493522,0,0,0,0,0,0,0,0,0,0,0,0,0,0,0,0,0,0,0,0,0,Utah
3522_2019,2019,49,3522,493522,0,0,0,0,0,0,0,0,0,0,0,0,0,0,0,0,0,0,0,0,0,Utah
3522_2020,2020,49,3522,493522,0,0,0,0,0,0,0,0,0,0,0,0,0,0,0,0,0,0,0,0,0,Utah
3522_2021,2021,49,3522,493522,0,0,0,0,0,0,0,0,0,0,0,0,0,0,0,0,0,0,0,0,0,Utah
3522_2022,2022,49,3522,493522,0,0,0,0,0,0,0,0,0,0,0,0,0,0,0,0,0,0,0,0,0,Utah
3522_2023,2023,49,3522,493522,0,0,0,0,0,0,0,0,0,0,0,0,0,0,0,0,0,0,0,0,0,Utah
3522_2024,2024,49,3522,493522,0,0,0,0,0,0,0,0,0,0,0,0,0,0,0,0,0,0,0,0,0,Utah
3522_2025,2025,49,3522,493522,0,0,0,0,0,0,0,0,0,0,0,0,0,0,0,0,0,0,0,0,0,Utah
3522_2026,2026,49,3522,493522,0,0,0,0,0,0,0,0,0,0,0,0,0,0,0,0,0,0,0,0,0,Utah
3522_2027,2027,49,3522,493522,0,0,0,0,0,0,0,0,0,0,0,0,0,0,0,0,0,0,0,0,0,Utah
3522_2028,2028,49,3522,493522,0,0,0,0,0,0,0,0,0,0,0,0,0,0,0,0,0,0,0,0,0,Utah
3522_2029,2029,49,3522,493522,0,0,0,0,0,0,0,0,0,0,0,0,0,0,0,0,0,0,0,0,0,Utah
3522_2030,2030,49,3522,493522,0,0,0,0,0,0,0,0,0,0,0,0,0,0,0,0,0,0,0,0,0,Utah
3522_2031,2031,49,3522,493522,0,0,0,0,0,0,0,0,0,0,0,0,0,0,0,0,0,0,0,0,0,Utah
3522_2032,2032,49,3522,493522,0,0,0,0,0,0,0,0,0,0,0,0,0,0,0,0,0,0,0,0,0,Utah
3522_2033,2033,49,3522,493522,0,0,0,0,0,0,0,0,0,0,0,0,0,0,0,0,0,0,0,0,0,Utah
3522_2034,2034,49,3522,493522,0,0,0,0,0,0,0,0,0,0,0,0,0,0,0,0,0,0,0,0,0,Utah
3522_2035,2035,49,3522,493522,0,0,0,0,0,0,0,0,0,0,0,0,0,0,0,0,0,0,0,0,0,Utah
3522_2036,2036,49,3522,493522,0,0,0,0,0,0,0,0,0,0,0,0,0,0,0,0,0,0,0,0,0,Utah
3522_2037,2037,49,3522,493522,0,0,0,0,0,0,0,0,0,0,0,0,0,0,0,0,0,0,0,0,0,Utah
3522_2038,2038,49,3522,493522,0,0,0,0,0,0,0,0,0,0,0,0,0,0,0,0,0,0,0,0,0,Utah
3522_2039,2039,49,3522,493522,0,0,0,0,0,0,0,0,0,0,0,0,0,0,0,0,0,0,0,0,0,Utah
3522_2040,2040,49,3522,493522,0,0,0,0,0,0,0,0,0,0,0,0,0,0,0,0,0,0,0,0,0,Utah
3522_2041,2041,49,3522,493522,0,0,0,0,0,0,0,0,0,0,0,0,0,0,0,0,0,0,0,0,0,Utah
3522_2042,2042,49,3522,493522,0,0,0,0,0,0,0,0,0,0,0,0,0,0,0,0,0,0,0,0,0,Utah
3522_2043,2043,49,3522,493522,0,0,0,0,0,0,0,0,0,0,0,0,0,0,0,0,0,0,0,0,0,Utah
3522_2044,2044,49,3522,493522,0,0,0,0,0,0,0,0,0,0,0,0,0,0,0,0,0,0,0,0,0,Utah
3522_2045,2045,49,3522,493522,0,0,0,0,0,0,0,0,0,0,0,0,0,0,0,0,0,0,0,0,0,Utah
3522_2046,2046,49,3522,493522,0,0,0,0,0,0,0,0,0,0,0,0,0,0,0,0,0,0,0,0,0,Utah
3522_2047,2047,49,3522,493522,0,0,0,0,0,0,0,0,0,0,0,0,0,0,0,0,0,0,0,0,0,Utah
3522_2048,2048,49,3522,493522,0,0,0,0,0,0,0,0,0,0,0,0,0,0,0,0,0,0,0,0,0,Utah
3522_2049,2049,49,3522,493522,0,0,0,0,0,0,0,0,0,0,0,0,0,0,0,0,0,0,0,0,0,Utah
3522_2050,2050,49,3522,493522,0,0,0,0,0,0,0,0,0,0,0,0,0,0,0,0,0,0,0,0,0,Utah
3522_2051,2051,49,3522,493522,0,0,0,0,0,0,0,0,0,0,0,0,0,0,0,0,0,0,0,0,0,Utah
3522_2052,2052,49,3522,493522,0,0,0,0,0,0,0,0,0,0,0,0,0,0,0,0,0,0,0,0,0,Utah
3522_2053,2053,49,3522,493522,0,0,0,0,0,0,0,0,0,0,0,0,0,0,0,0,0,0,0,0,0,Utah
3522_2054,2054,49,3522,493522,0,0,0,0,0,0,0,0,0,0,0,0,0,0,0,0,0,0,0,0,0,Utah
3522_2055,2055,49,3522,493522,0,0,0,0,0,0,0,0,0,0,0,0,0,0,0,0,0,0,0,0,0,Utah
3522_2056,2056,49,3522,493522,0,0,0,0,0,0,0,0,0,0,0,0,0,0,0,0,0,0,0,0,0,Utah
3522_2057,2057,49,3522,493522,0,0,0,0,0,0,0,0,0,0,0,0,0,0,0,0,0,0,0,0,0,Utah
3522_2058,2058,49,3522,493522,0,0,0,0,0,0,0,0,0,0,0,0,0,0,0,0,0,0,0,0,0,Utah
3522_2059,2059,49,3522,493522,0,0,0,0,0,0,0,0,0,0,0,0,0,0,0,0,0,0,0,0,0,Utah
3522_2060,2060,49,3522,493522,0,0,0,0,0,0,0,0,0,0,0,0,0,0,0,0,0,0,0,0,0,Utah
3534_2010,2010,49,3534,493534,76,0,76,31,2.45,26.7,44.4,4.9,0,0,0,0,0,0,0,0,0,0,0,0,0,Utah
3534_2011,2011,49,3534,493534,76,0,76,31,2.45,26.5,44.5,5,0,0,0,0,0,0,0,0,0,0,0,0,0,Utah
3534_2012,2012,49,3534,493534,76,0,76,31,2.45,26.4,44.5,5.1,0,0,0,0,0,0,0,0,0,0,0,0,0,Utah
3534_2013,2013,49,3534,493534,76,0,76,31,2.45,26.2,44.6,5.2,0,0,0,0,0,0,0,0,0,0,0,0,0,Utah
3534_2014,2014,49,3534,493534,76,0,76,31,2.45,26,44.7,5.3,0,0,0,0,0,0,0,0,0,0,0,0,0,Utah
3534_2015,2015,49,3534,493534,76,0,76,31,2.45,25.8,44.8,5.4,0,0,0,0,0,0,0,0,0,0,0,0,0,Utah
3534_2016,2016,49,3534,493534,76,0,76,31,2.45,25.6,44.9,5.5,0,0,0,0,0,0,0,0,0,0,0,0,0,Utah
3534_2017,2017,49,3534,493534,76,0,76,31,2.45,25.4,45,5.6,0,0,0,0,0,0,0,0,0,0,0,0,0,Utah
3534_2018,2018,49,3534,493534,76,0,76,31,2.45,25.2,45.1,5.7,0,0,0,0,0,0,0,0,0,0,0,0,0,Utah
3534_2019,2019,49,3534,493534,76,0,76,31,2.45,25.1,45.1,5.8,0,0,0,0,0,0,0,0,0,0,0,0,0,Utah
3534_2020,2020,49,3534,493534,76,0,76,31,2.45,24.9,45.2,5.9,0,0,0,0,0,0,0,0,0,0,0,0,0,Utah
3534_2021,2021,49,3534,493534,76,0,76,31,2.45,24.4,45.5,6.1,0,0,0,0,0,0,0,0,0,0,0,0,0,Utah
3534_2022,2022,49,3534,493534,76,0,76,31,2.45,24,45.7,6.3,0,0,0,0,0,0,0,0,0,0,0,0,0,Utah
3534_2023,2023,49,3534,493534,76,0,76,31,2.45,23.5,46,6.5,0,0,0,0,0,0,0,0,0,0,0,0,0,Utah
3534_2024,2024,49,3534,493534,76,0,76,31,2.45,23.1,46.2,6.7,0,0,0,0,0,0,0,0,0,0,0,0,0,Utah
3534_2025,2025,49,3534,493534,76,0,76,31,2.45,22.6,46.5,6.9,0,0,0,0,0,0,0,0,0,0,0,0,0,Utah
3534_2026,2026,49,3534,493534,76,0,76,31,2.45,22.2,46.7,7.1,0,0,0,0,0,0,0,0,0,0,0,0,0,Utah
3534_2027,2027,49,3534,493534,76,0,76,31,2.45,21.8,46.9,7.3,0,0,0,0,0,0,0,0,0,0,0,0,0,Utah
3534_2028,2028,49,3534,493534,76,0,76,31,2.45,21.4,47.1,7.5,0,0,0,0,0,0,0,0,0,0,0,0,0,Utah
3534_2029,2029,49,3534,493534,76,0,76,31,2.45,21.1,47.2,7.7,0,0,0,0,0,0,0,0,0,0,0,0,0,Utah
3534_2030,2030,49,3534,493534,76,0,76,31,2.45,20.8,47.3,7.9,0,0,0,0,0,0,0,0,0,0,0,0,0,Utah
3534_2031,2031,49,3534,493534,76,0,76,31,2.45,20.6,47.3,8.1,0,0,0,0,0,0,0,0,0,0,0,0,0,Utah
3534_2032,2032,49,3534,493534,76,0,76,31,2.45,20.4,47.4,8.2,0,0,0,0,0,0,0,0,0,0,0,0,0,Utah
3534_2033,2033,49,3534,493534,76,0,76,31,2.45,20.3,47.3,8.4,0,0,0,0,0,0,0,0,0,0,0,0,0,Utah
3534_2034,2034,49,3534,493534,76,0,76,31,2.45,20.2,47.3,8.5,0,0,0,0,0,0,0,0,0,0,0,0,0,Utah
3534_2035,2035,49,3534,493534,76,0,76,31,2.45,20.2,47.1,8.7,0,0,0,0,0,0,0,0,0,0,0,0,0,Utah
3534_2036,2036,49,3534,493534,76,0,76,31,2.45,20.2,46.9,8.9,0,0,0,0,0,0,0,0,0,0,0,0,0,Utah
3534_2037,2037,49,3534,493534,76,0,76,31,2.45,20.2,46.8,9,0,0,0,0,0,0,0,0,0,0,0,0,0,Utah
3534_2038,2038,49,3534,493534,76,0,76,31,2.45,20.3,46.5,9.2,0,0,0,0,0,0,0,0,0,0,0,0,0,Utah
3534_2039,2039,49,3534,493534,76,0,76,31,2.45,20.4,46.3,9.3,0,0,0,0,0,0,0,0,0,0,0,0,0,Utah
3534_2040,2040,49,3534,493534,76,0,76,31,2.45,20.5,46,9.5,0,0,0,0,0,0,0,0,0,0,0,0,0,Utah
3534_2041,2041,49,3534,493534,76,0,76,31,2.45,20.6,45.7,9.7,0,0,0,0,0,0,0,0,0,0,0,0,0,Utah
3534_2042,2042,49,3534,493534,76,0,76,31,2.45,20.6,45.5,9.9,0,0,0,0,0,0,0,0,0,0,0,0,0,Utah
3534_2043,2043,49,3534,493534,76,0,76,31,2.45,20.7,45.2,10.1,0,0,0,0,0,0,0,0,0,0,0,0,0,Utah
3534_2044,2044,49,3534,493534,76,0,76,31,2.45,20.8,45,10.2,0,0,0,0,0,0,0,0,0,0,0,0,0,Utah
3534_2045,2045,49,3534,493534,76,0,76,31,2.45,20.8,44.8,10.4,0,0,0,0,0,0,0,0,0,0,0,0,0,Utah
3534_2046,2046,49,3534,493534,76,0,76,31,2.45,20.8,44.6,10.6,0,0,0,0,0,0,0,0,0,0,0,0,0,Utah
3534_2047,2047,49,3534,493534,76,0,76,31,2.45,20.8,44.5,10.7,0,0,0,0,0,0,0,0,0,0,0,0,0,Utah
3534_2048,2048,49,3534,493534,76,0,76,31,2.45,20.7,44.5,10.8,0,0,0,0,0,0,0,0,0,0,0,0,0,Utah
3534_2049,2049,49,3534,493534,76,0,76,31,2.45,20.6,44.4,11,0,0,0,0,0,0,0,0,0,0,0,0,0,Utah
3534_2050,2050,49,3534,493534,76,0,76,31,2.45,20.4,44.5,11.1,0,0,0,0,0,0,0,0,0,0,0,0,0,Utah
3534_2051,2051,49,3534,493534,76,0,76,31,2.45,20.3,44.4,11.3,0,0,0,0,0,0,0,0,0,0,0,0,0,Utah
3534_2052,2052,49,3534,493534,76,0,76,31,2.45,20.1,44.5,11.4,0,0,0,0,0,0,0,0,0,0,0,0,0,Utah
3534_2053,2053,49,3534,493534,76,0,76,31,2.45,19.9,44.5,11.6,0,0,0,0,0,0,0,0,0,0,0,0,0,Utah
3534_2054,2054,49,3534,493534,76,0,76,31,2.45,19.7,44.6,11.7,0,0,0,0,0,0,0,0,0,0,0,0,0,Utah
3534_2055,2055,49,3534,493534,76,0,76,31,2.45,19.4,44.7,11.9,0,0,0,0,0,0,0,0,0,0,0,0,0,Utah
3534_2056,2056,49,3534,493534,76,0,76,31,2.45,19.2,44.7,12.1,0,0,0,0,0,0,0,0,0,0,0,0,0,Utah
3534_2057,2057,49,3534,493534,76,0,76,31,2.45,19,44.7,12.3,0,0,0,0,0,0,0,0,0,0,0,0,0,Utah
3534_2058,2058,49,3534,493534,76,0,76,31,2.45,18.8,44.8,12.4,0,0,0,0,0,0,0,0,0,0,0,0,0,Utah
3534_2059,2059,49,3534,493534,76,0,76,31,2.45,18.6,44.8,12.6,0,0,0,0,0,0,0,0,0,0,0,0,0,Utah
3534_2060,2060,49,3534,493534,76,0,76,31,2.45,18.5,44.8,12.7,0,0,0,0,0,0,0,0,0,0,0,0,0,Utah
3533_2010,2010,49,3533,493533,166,0,166,54,3.07,58.4,96.8,10.8,0,0,0,0,0,0,0,0,0,0,0,0,0,Utah
3533_2011,2011,49,3533,493533,166,0,166,54,3.07,58,97,11,0,0,0,0,0,0,0,0,0,0,0,0,0,Utah
3533_2012,2012,49,3533,493533,166,0,166,54,3.07,57.6,97.2,11.2,0,0,0,0,0,0,0,0,0,0,0,0,0,Utah
3533_2013,2013,49,3533,493533,166,0,166,54,3.07,57.2,97.4,11.4,0,0,0,0,0,0,0,0,0,0,0,0,0,Utah
3533_2014,2014,49,3533,493533,166,0,166,54,3.07,56.7,97.7,11.6,0,0,0,0,0,0,0,0,0,0,0,0,0,Utah
3533_2015,2015,49,3533,493533,166,0,166,54,3.07,56.3,97.9,11.8,0,0,0,0,0,0,0,0,0,0,0,0,0,Utah
3533_2016,2016,49,3533,493533,166,0,166,54,3.07,55.9,98.1,12,0,0,0,0,0,0,0,0,0,0,0,0,0,Utah
3533_2017,2017,49,3533,493533,166,0,166,54,3.07,55.5,98.2,12.3,0,0,0,0,0,0,0,0,0,0,0,0,0,Utah
3533_2018,2018,49,3533,493533,166,0,166,54,3.07,55.1,98.4,12.5,0,0,0,0,0,0,0,0,0,0,0,0,0,Utah
3533_2019,2019,49,3533,493533,166,0,166,54,3.07,54.7,98.6,12.7,0,0,0,0,0,0,0,0,0,0,0,0,0,Utah
3533_2020,2020,49,3533,493533,166,0,166,54,3.07,54.3,98.8,12.9,0,0,0,0,0,0,0,0,0,0,0,0,0,Utah
3533_2021,2021,49,3533,493533,166,0,166,54,3.07,53.4,99.3,13.3,0,0,0,0,0,0,0,0,0,0,0,0,0,Utah
3533_2022,2022,49,3533,493533,166,0,166,54,3.07,52.4,99.8,13.8,0,0,0,0,0,0,0,0,0,0,0,0,0,Utah
3533_2023,2023,49,3533,493533,166,0,166,54,3.07,51.4,100.4,14.2,0,0,0,0,0,0,0,0,0,0,0,0,0,Utah
3533_2024,2024,49,3533,493533,166,0,166,54,3.07,50.4,100.9,14.7,0,0,0,0,0,0,0,0,0,0,0,0,0,Utah
3533_2025,2025,49,3533,493533,166,0,166,54,3.07,49.4,101.4,15.2,0,0,0,0,0,0,0,0,0,0,0,0,0,Utah
3533_2026,2026,49,3533,493533,166,0,166,54,3.07,48.5,101.9,15.6,0,0,0,0,0,0,0,0,0,0,0,0,0,Utah
3533_2027,2027,49,3533,493533,166,0,166,54,3.07,47.6,102.4,16,0,0,0,0,0,0,0,0,0,0,0,0,0,Utah
3533_2028,2028,49,3533,493533,166,0,166,54,3.07,46.8,102.7,16.5,0,0,0,0,0,0,0,0,0,0,0,0,0,Utah
3533_2029,2029,49,3533,493533,166,0,166,54,3.07,46,103.1,16.9,0,0,0,0,0,0,0,0,0,0,0,0,0,Utah
3533_2030,2030,49,3533,493533,166,0,166,54,3.07,45.5,103.3,17.2,0,0,0,0,0,0,0,0,0,0,0,0,0,Utah
3533_2031,2031,49,3533,493533,166,0,166,54,3.07,45,103.4,17.6,0,0,0,0,0,0,0,0,0,0,0,0,0,Utah
3533_2032,2032,49,3533,493533,166,0,166,54,3.07,44.6,103.5,17.9,0,0,0,0,0,0,0,0,0,0,0,0,0,Utah
3533_2033,2033,49,3533,493533,166,0,166,54,3.07,44.3,103.4,18.3,0,0,0,0,0,0,0,0,0,0,0,0,0,Utah
3533_2034,2034,49,3533,493533,166,0,166,54,3.07,44.1,103.3,18.6,0,0,0,0,0,0,0,0,0,0,0,0,0,Utah
3533_2035,2035,49,3533,493533,166,0,166,54,3.07,44,103,19,0,0,0,0,0,0,0,0,0,0,0,0,0,Utah
3533_2036,2036,49,3533,493533,166,0,166,54,3.07,44.1,102.5,19.4,0,0,0,0,0,0,0,0,0,0,0,0,0,Utah
3533_2037,2037,49,3533,493533,166,0,166,54,3.07,44.2,102,19.8,0,0,0,0,0,0,0,0,0,0,0,0,0,Utah
3533_2038,2038,49,3533,493533,166,0,166,54,3.07,44.3,101.6,20.1,0,0,0,0,0,0,0,0,0,0,0,0,0,Utah
3533_2039,2039,49,3533,493533,166,0,166,54,3.07,44.5,101.1,20.4,0,0,0,0,0,0,0,0,0,0,0,0,0,Utah
3533_2040,2040,49,3533,493533,166,0,166,54,3.07,44.7,100.5,20.8,0,0,0,0,0,0,0,0,0,0,0,0,0,Utah
3533_2041,2041,49,3533,493533,166,0,166,54,3.07,44.9,99.9,21.2,0,0,0,0,0,0,0,0,0,0,0,0,0,Utah
3533_2042,2042,49,3533,493533,166,0,166,54,3.07,45.1,99.3,21.6,0,0,0,0,0,0,0,0,0,0,0,0,0,Utah
3533_2043,2043,49,3533,493533,166,0,166,54,3.07,45.3,98.7,22,0,0,0,0,0,0,0,0,0,0,0,0,0,Utah
3533_2044,2044,49,3533,493533,166,0,166,54,3.07,45.4,98.2,22.4,0,0,0,0,0,0,0,0,0,0,0,0,0,Utah
3533_2045,2045,49,3533,493533,166,0,166,54,3.07,45.4,97.9,22.7,0,0,0,0,0,0,0,0,0,0,0,0,0,Utah
3533_2046,2046,49,3533,493533,166,0,166,54,3.07,45.4,97.6,23,0,0,0,0,0,0,0,0,0,0,0,0,0,Utah
3533_2047,2047,49,3533,493533,166,0,166,54,3.07,45.3,97.3,23.4,0,0,0,0,0,0,0,0,0,0,0,0,0,Utah
3533_2048,2048,49,3533,493533,166,0,166,54,3.07,45.2,97.1,23.7,0,0,0,0,0,0,0,0,0,0,0,0,0,Utah
3533_2049,2049,49,3533,493533,166,0,166,54,3.07,44.9,97.1,24,0,0,0,0,0,0,0,0,0,0,0,0,0,Utah
3533_2050,2050,49,3533,493533,166,0,166,54,3.07,44.6,97.1,24.3,0,0,0,0,0,0,0,0,0,0,0,0,0,Utah
3533_2051,2051,49,3533,493533,166,0,166,54,3.07,44.3,97.1,24.6,0,0,0,0,0,0,0,0,0,0,0,0,0,Utah
3533_2052,2052,49,3533,493533,166,0,166,54,3.07,43.8,97.3,24.9,0,0,0,0,0,0,0,0,0,0,0,0,0,Utah
3533_2053,2053,49,3533,493533,166,0,166,54,3.07,43.4,97.3,25.3,0,0,0,0,0,0,0,0,0,0,0,0,0,Utah
3533_2054,2054,49,3533,493533,166,0,166,54,3.07,42.9,97.5,25.6,0,0,0,0,0,0,0,0,0,0,0,0,0,Utah
3533_2055,2055,49,3533,493533,166,0,166,54,3.07,42.5,97.6,25.9,0,0,0,0,0,0,0,0,0,0,0,0,0,Utah
3533_2056,2056,49,3533,493533,166,0,166,54,3.07,42,97.5,26.5,0,0,0,0,0,0,0,0,0,0,0,0,0,Utah
3533_2057,2057,49,3533,493533,166,0,166,54,3.07,41.6,97.5,26.9,0,0,0,0,0,0,0,0,0,0,0,0,0,Utah
3533_2058,2058,49,3533,493533,166,0,166,54,3.07,41.1,97.7,27.2,0,0,0,0,0,0,0,0,0,0,0,0,0,Utah
3533_2059,2059,49,3533,493533,166,0,166,54,3.07,40.7,97.9,27.4,0,0,0,0,0,0,0,0,0,0,0,0,0,Utah
3533_2060,2060,49,3533,493533,166,0,166,54,3.07,40.4,97.9,27.7,0,0,0,0,0,0,0,0,0,0,0,0,0,Utah
3532_2010,2010,49,3532,493532,87,0,87,41,2.12,30.6,50.7,5.7,2,2,0,0,0,0,0,0,0,0,0,0,0,Utah
3532_2011,2011,49,3532,493532,87,0,87,41,2.12,30.4,50.8,5.8,2,2,0,0,0,0,0,0,0,0,0,0,0,Utah
3532_2012,2012,49,3532,493532,87,0,87,41,2.12,30.2,50.9,5.9,2,2,0,0,0,0,0,0,0,0,0,0,0,Utah
3532_2013,2013,49,3532,493532,87,0,87,41,2.12,30,51,6,2,2,0,0,0,0,0,0,0,0,0,0,0,Utah
3532_2014,2014,49,3532,493532,87,0,87,41,2.12,29.7,51.2,6.1,2,2,0,0,0,0,0,0,0,0,0,0,0,Utah
3532_2015,2015,49,3532,493532,87,0,87,41,2.12,29.5,51.3,6.2,2,2,0,0,0,0,0,0,0,0,0,0,0,Utah
3532_2016,2016,49,3532,493532,87,0,87,41,2.12,29.3,51.4,6.3,2,2,0,0,0,0,0,0,0,0,0,0,0,Utah
3532_2017,2017,49,3532,493532,87,0,87,41,2.12,29.1,51.5,6.4,2,2,0,0,0,0,0,0,0,0,0,0,0,Utah
3532_2018,2018,49,3532,493532,87,0,87,41,2.12,28.9,51.6,6.5,2,2,0,0,0,0,0,0,0,0,0,0,0,Utah
3532_2019,2019,49,3532,493532,87,0,87,41,2.12,28.7,51.7,6.6,2,2,0,0,0,0,0,0,0,0,0,0,0,Utah
3532_2020,2020,49,3532,493532,87,0,87,41,2.12,28.5,51.8,6.7,2,2,0,0,0,0,0,0,0,0,0,0,0,Utah
3532_2021,2021,49,3532,493532,87,0,87,41,2.12,28,52,7,2,2,0,0,0,0,0,0,0,0,0,0,0,Utah
3532_2022,2022,49,3532,493532,87,0,87,41,2.12,27.4,52.4,7.2,2,2,0,0,0,0,0,0,0,0,0,0,0,Utah
3532_2023,2023,49,3532,493532,87,0,87,41,2.12,26.9,52.6,7.5,2,2,0,0,0,0,0,0,0,0,0,0,0,Utah
3532_2024,2024,49,3532,493532,87,0,87,41,2.12,26.4,52.9,7.7,2,2,0,0,0,0,0,0,0,0,0,0,0,Utah
3532_2025,2025,49,3532,493532,87,0,87,41,2.12,25.9,53.2,7.9,2,2,0,0,0,0,0,0,0,0,0,0,0,Utah
3532_2026,2026,49,3532,493532,87,0,87,41,2.12,25.4,53.4,8.2,2,2,0,0,0,0,0,0,0,0,0,0,0,Utah
3532_2027,2027,49,3532,493532,87,0,87,41,2.12,24.9,53.7,8.4,2,2,0,0,0,0,0,0,0,0,0,0,0,Utah
3532_2028,2028,49,3532,493532,87,0,87,41,2.12,24.5,53.9,8.6,2,2,0,0,0,0,0,0,0,0,0,0,0,Utah
3532_2029,2029,49,3532,493532,87,0,87,41,2.12,24.1,54.1,8.8,2,2,0,0,0,0,0,0,0,0,0,0,0,Utah
3532_2030,2030,49,3532,493532,87,0,87,41,2.12,23.8,54.2,9,2,2,0,0,0,0,0,0,0,0,0,0,0,Utah
3532_2031,2031,49,3532,493532,87,0,87,41,2.12,23.6,54.2,9.2,2,2,0,0,0,0,0,0,0,0,0,0,0,Utah
3532_2032,2032,49,3532,493532,87,0,87,41,2.12,23.4,54.2,9.4,2,2,0,0,0,0,0,0,0,0,0,0,0,Utah
3532_2033,2033,49,3532,493532,87,0,87,41,2.12,23.2,54.2,9.6,2,2,0,0,0,0,0,0,0,0,0,0,0,Utah
3532_2034,2034,49,3532,493532,87,0,87,41,2.12,23.1,54.1,9.8,2,2,0,0,0,0,0,0,0,0,0,0,0,Utah
3532_2035,2035,49,3532,493532,87,0,87,41,2.12,23.1,53.9,10,2,2,0,0,0,0,0,0,0,0,0,0,0,Utah
3532_2036,2036,49,3532,493532,87,0,87,41,2.12,23.1,53.7,10.2,2,2,0,0,0,0,0,0,0,0,0,0,0,Utah
3532_2037,2037,49,3532,493532,87,0,87,41,2.12,23.1,53.5,10.4,2,2,0,0,0,0,0,0,0,0,0,0,0,Utah
3532_2038,2038,49,3532,493532,87,0,87,41,2.12,23.2,53.3,10.5,2,2,0,0,0,0,0,0,0,0,0,0,0,Utah
3532_2039,2039,49,3532,493532,87,0,87,41,2.12,23.3,53,10.7,2,2,0,0,0,0,0,0,0,0,0,0,0,Utah
3532_2040,2040,49,3532,493532,87,0,87,41,2.12,23.4,52.7,10.9,2,2,0,0,0,0,0,0,0,0,0,0,0,Utah
3532_2041,2041,49,3532,493532,87,0,87,41,2.12,23.5,52.4,11.1,2,2,0,0,0,0,0,0,0,0,0,0,0,Utah
3532_2042,2042,49,3532,493532,87,0,87,41,2.12,23.6,52.1,11.3,2,2,0,0,0,0,0,0,0,0,0,0,0,Utah
3532_2043,2043,49,3532,493532,87,0,87,41,2.12,23.7,51.8,11.5,2,2,0,0,0,0,0,0,0,0,0,0,0,Utah
3532_2044,2044,49,3532,493532,87,0,87,41,2.12,23.8,51.5,11.7,2,2,0,0,0,0,0,0,0,0,0,0,0,Utah
3532_2045,2045,49,3532,493532,87,0,87,41,2.12,23.8,51.3,11.9,2,2,0,0,0,0,0,0,0,0,0,0,0,Utah
3532_2046,2046,49,3532,493532,87,0,87,41,2.12,23.8,51.1,12.1,2,2,0,0,0,0,0,0,0,0,0,0,0,Utah
3532_2047,2047,49,3532,493532,87,0,87,41,2.12,23.8,51,12.2,2,2,0,0,0,0,0,0,0,0,0,0,0,Utah
3532_2048,2048,49,3532,493532,87,0,87,41,2.12,23.7,50.9,12.4,2,2,0,0,0,0,0,0,0,0,0,0,0,Utah
3532_2049,2049,49,3532,493532,87,0,87,41,2.12,23.5,50.9,12.6,2,2,0,0,0,0,0,0,0,0,0,0,0,Utah
3532_2050,2050,49,3532,493532,87,0,87,41,2.12,23.4,50.9,12.7,2,2,0,0,0,0,0,0,0,0,0,0,0,Utah
3532_2051,2051,49,3532,493532,87,0,87,41,2.12,23.2,50.9,12.9,2,2,0,0,0,0,0,0,0,0,0,0,0,Utah
3532_2052,2052,49,3532,493532,87,0,87,41,2.12,23,50.9,13.1,2,2,0,0,0,0,0,0,0,0,0,0,0,Utah
3532_2053,2053,49,3532,493532,87,0,87,41,2.12,22.7,51.1,13.2,2,2,0,0,0,0,0,0,0,0,0,0,0,Utah
3532_2054,2054,49,3532,493532,87,0,87,41,2.12,22.5,51.1,13.4,2,2,0,0,0,0,0,0,0,0,0,0,0,Utah
3532_2055,2055,49,3532,493532,87,0,87,41,2.12,22.3,51.1,13.6,2,2,0,0,0,0,0,0,0,0,0,0,0,Utah
3532_2056,2056,49,3532,493532,87,0,87,41,2.12,22,51.1,13.9,2,2,0,0,0,0,0,0,0,0,0,0,0,Utah
3532_2057,2057,49,3532,493532,87,0,87,41,2.12,21.8,51.1,14.1,2,2,0,0,0,0,0,0,0,0,0,0,0,Utah
3532_2058,2058,49,3532,493532,87,0,87,41,2.12,21.6,51.2,14.2,2,2,0,0,0,0,0,0,0,0,0,0,0,Utah
3532_2059,2059,49,3532,493532,87,0,87,41,2.12,21.3,51.3,14.4,2,2,0,0,0,0,0,0,0,0,0,0,0,Utah
3532_2060,2060,49,3532,493532,87,0,87,41,2.12,21.2,51.3,14.5,2,2,0,0,0,0,0,0,0,0,0,0,0,Utah
3535_2010,2010,49,3535,493535,0,0,0,0,0,0,0,0,0,0,0,0,0,0,0,0,0,0,0,0,0,Utah
3535_2011,2011,49,3535,493535,0,0,0,0,0,0,0,0,0,0,0,0,0,0,0,0,0,0,0,0,0,Utah
3535_2012,2012,49,3535,493535,0,0,0,0,0,0,0,0,0,0,0,0,0,0,0,0,0,0,0,0,0,Utah
3535_2013,2013,49,3535,493535,0,0,0,0,0,0,0,0,0,0,0,0,0,0,0,0,0,0,0,0,0,Utah
3535_2014,2014,49,3535,493535,0,0,0,0,0,0,0,0,0,0,0,0,0,0,0,0,0,0,0,0,0,Utah
3535_2015,2015,49,3535,493535,0,0,0,0,0,0,0,0,0,0,0,0,0,0,0,0,0,0,0,0,0,Utah
3535_2016,2016,49,3535,493535,0,0,0,0,0,0,0,0,0,0,0,0,0,0,0,0,0,0,0,0,0,Utah
3535_2017,2017,49,3535,493535,0,0,0,0,0,0,0,0,0,0,0,0,0,0,0,0,0,0,0,0,0,Utah
3535_2018,2018,49,3535,493535,0,0,0,0,0,0,0,0,0,0,0,0,0,0,0,0,0,0,0,0,0,Utah
3535_2019,2019,49,3535,493535,0,0,0,0,0,0,0,0,0,0,0,0,0,0,0,0,0,0,0,0,0,Utah
3535_2020,2020,49,3535,493535,0,0,0,0,0,0,0,0,0,0,0,0,0,0,0,0,0,0,0,0,0,Utah
3535_2021,2021,49,3535,493535,0,0,0,0,0,0,0,0,0,0,0,0,0,0,0,0,0,0,0,0,0,Utah
3535_2022,2022,49,3535,493535,0,0,0,0,0,0,0,0,0,0,0,0,0,0,0,0,0,0,0,0,0,Utah
3535_2023,2023,49,3535,493535,0,0,0,0,0,0,0,0,0,0,0,0,0,0,0,0,0,0,0,0,0,Utah
3535_2024,2024,49,3535,493535,0,0,0,0,0,0,0,0,0,0,0,0,0,0,0,0,0,0,0,0,0,Utah
3535_2025,2025,49,3535,493535,0,0,0,0,0,0,0,0,0,0,0,0,0,0,0,0,0,0,0,0,0,Utah
3535_2026,2026,49,3535,493535,0,0,0,0,0,0,0,0,0,0,0,0,0,0,0,0,0,0,0,0,0,Utah
3535_2027,2027,49,3535,493535,0,0,0,0,0,0,0,0,0,0,0,0,0,0,0,0,0,0,0,0,0,Utah
3535_2028,2028,49,3535,493535,0,0,0,0,0,0,0,0,0,0,0,0,0,0,0,0,0,0,0,0,0,Utah
3535_2029,2029,49,3535,493535,0,0,0,0,0,0,0,0,0,0,0,0,0,0,0,0,0,0,0,0,0,Utah
3535_2030,2030,49,3535,493535,0,0,0,0,0,0,0,0,0,0,0,0,0,0,0,0,0,0,0,0,0,Utah
3535_2031,2031,49,3535,493535,0,0,0,0,0,0,0,0,0,0,0,0,0,0,0,0,0,0,0,0,0,Utah
3535_2032,2032,49,3535,493535,0,0,0,0,0,0,0,0,0,0,0,0,0,0,0,0,0,0,0,0,0,Utah
3535_2033,2033,49,3535,493535,0,0,0,0,0,0,0,0,0,0,0,0,0,0,0,0,0,0,0,0,0,Utah
3535_2034,2034,49,3535,493535,0,0,0,0,0,0,0,0,0,0,0,0,0,0,0,0,0,0,0,0,0,Utah
3535_2035,2035,49,3535,493535,0,0,0,0,0,0,0,0,0,0,0,0,0,0,0,0,0,0,0,0,0,Utah
3535_2036,2036,49,3535,493535,0,0,0,0,0,0,0,0,0,0,0,0,0,0,0,0,0,0,0,0,0,Utah
3535_2037,2037,49,3535,493535,0,0,0,0,0,0,0,0,0,0,0,0,0,0,0,0,0,0,0,0,0,Utah
3535_2038,2038,49,3535,493535,0,0,0,0,0,0,0,0,0,0,0,0,0,0,0,0,0,0,0,0,0,Utah
3535_2039,2039,49,3535,493535,0,0,0,0,0,0,0,0,0,0,0,0,0,0,0,0,0,0,0,0,0,Utah
3535_2040,2040,49,3535,493535,0,0,0,0,0,0,0,0,0,0,0,0,0,0,0,0,0,0,0,0,0,Utah
3535_2041,2041,49,3535,493535,0,0,0,0,0,0,0,0,0,0,0,0,0,0,0,0,0,0,0,0,0,Utah
3535_2042,2042,49,3535,493535,0,0,0,0,0,0,0,0,0,0,0,0,0,0,0,0,0,0,0,0,0,Utah
3535_2043,2043,49,3535,493535,0,0,0,0,0,0,0,0,0,0,0,0,0,0,0,0,0,0,0,0,0,Utah
3535_2044,2044,49,3535,493535,0,0,0,0,0,0,0,0,0,0,0,0,0,0,0,0,0,0,0,0,0,Utah
3535_2045,2045,49,3535,493535,0,0,0,0,0,0,0,0,0,0,0,0,0,0,0,0,0,0,0,0,0,Utah
3535_2046,2046,49,3535,493535,0,0,0,0,0,0,0,0,0,0,0,0,0,0,0,0,0,0,0,0,0,Utah
3535_2047,2047,49,3535,493535,0,0,0,0,0,0,0,0,0,0,0,0,0,0,0,0,0,0,0,0,0,Utah
3535_2048,2048,49,3535,493535,0,0,0,0,0,0,0,0,0,0,0,0,0,0,0,0,0,0,0,0,0,Utah
3535_2049,2049,49,3535,493535,0,0,0,0,0,0,0,0,0,0,0,0,0,0,0,0,0,0,0,0,0,Utah
3535_2050,2050,49,3535,493535,0,0,0,0,0,0,0,0,0,0,0,0,0,0,0,0,0,0,0,0,0,Utah
3535_2051,2051,49,3535,493535,0,0,0,0,0,0,0,0,0,0,0,0,0,0,0,0,0,0,0,0,0,Utah
3535_2052,2052,49,3535,493535,0,0,0,0,0,0,0,0,0,0,0,0,0,0,0,0,0,0,0,0,0,Utah
3535_2053,2053,49,3535,493535,0,0,0,0,0,0,0,0,0,0,0,0,0,0,0,0,0,0,0,0,0,Utah
3535_2054,2054,49,3535,493535,0,0,0,0,0,0,0,0,0,0,0,0,0,0,0,0,0,0,0,0,0,Utah
3535_2055,2055,49,3535,493535,0,0,0,0,0,0,0,0,0,0,0,0,0,0,0,0,0,0,0,0,0,Utah
3535_2056,2056,49,3535,493535,0,0,0,0,0,0,0,0,0,0,0,0,0,0,0,0,0,0,0,0,0,Utah
3535_2057,2057,49,3535,493535,0,0,0,0,0,0,0,0,0,0,0,0,0,0,0,0,0,0,0,0,0,Utah
3535_2058,2058,49,3535,493535,0,0,0,0,0,0,0,0,0,0,0,0,0,0,0,0,0,0,0,0,0,Utah
3535_2059,2059,49,3535,493535,0,0,0,0,0,0,0,0,0,0,0,0,0,0,0,0,0,0,0,0,0,Utah
3535_2060,2060,49,3535,493535,0,0,0,0,0,0,0,0,0,0,0,0,0,0,0,0,0,0,0,0,0,Utah
3536_2010,2010,49,3536,493536,0,0,0,0,0,0,0,0,0,0,0,0,0,0,0,0,0,0,0,0,0,Utah
3536_2011,2011,49,3536,493536,0,0,0,0,0,0,0,0,0,0,0,0,0,0,0,0,0,0,0,0,0,Utah
3536_2012,2012,49,3536,493536,0,0,0,0,0,0,0,0,0,0,0,0,0,0,0,0,0,0,0,0,0,Utah
3536_2013,2013,49,3536,493536,0,0,0,0,0,0,0,0,0,0,0,0,0,0,0,0,0,0,0,0,0,Utah
3536_2014,2014,49,3536,493536,0,0,0,0,0,0,0,0,0,0,0,0,0,0,0,0,0,0,0,0,0,Utah
3536_2015,2015,49,3536,493536,0,0,0,0,0,0,0,0,0,0,0,0,0,0,0,0,0,0,0,0,0,Utah
3536_2016,2016,49,3536,493536,0,0,0,0,0,0,0,0,0,0,0,0,0,0,0,0,0,0,0,0,0,Utah
3536_2017,2017,49,3536,493536,0,0,0,0,0,0,0,0,0,0,0,0,0,0,0,0,0,0,0,0,0,Utah
3536_2018,2018,49,3536,493536,0,0,0,0,0,0,0,0,0,0,0,0,0,0,0,0,0,0,0,0,0,Utah
3536_2019,2019,49,3536,493536,0,0,0,0,0,0,0,0,0,0,0,0,0,0,0,0,0,0,0,0,0,Utah
3536_2020,2020,49,3536,493536,0,0,0,0,0,0,0,0,0,0,0,0,0,0,0,0,0,0,0,0,0,Utah
3536_2021,2021,49,3536,493536,0,0,0,0,0,0,0,0,0,0,0,0,0,0,0,0,0,0,0,0,0,Utah
3536_2022,2022,49,3536,493536,0,0,0,0,0,0,0,0,0,0,0,0,0,0,0,0,0,0,0,0,0,Utah
3536_2023,2023,49,3536,493536,0,0,0,0,0,0,0,0,0,0,0,0,0,0,0,0,0,0,0,0,0,Utah
3536_2024,2024,49,3536,493536,0,0,0,0,0,0,0,0,0,0,0,0,0,0,0,0,0,0,0,0,0,Utah
3536_2025,2025,49,3536,493536,0,0,0,0,0,0,0,0,0,0,0,0,0,0,0,0,0,0,0,0,0,Utah
3536_2026,2026,49,3536,493536,0,0,0,0,0,0,0,0,0,0,0,0,0,0,0,0,0,0,0,0,0,Utah
3536_2027,2027,49,3536,493536,0,0,0,0,0,0,0,0,0,0,0,0,0,0,0,0,0,0,0,0,0,Utah
3536_2028,2028,49,3536,493536,0,0,0,0,0,0,0,0,0,0,0,0,0,0,0,0,0,0,0,0,0,Utah
3536_2029,2029,49,3536,493536,0,0,0,0,0,0,0,0,0,0,0,0,0,0,0,0,0,0,0,0,0,Utah
3536_2030,2030,49,3536,493536,0,0,0,0,0,0,0,0,0,0,0,0,0,0,0,0,0,0,0,0,0,Utah
3536_2031,2031,49,3536,493536,0,0,0,0,0,0,0,0,0,0,0,0,0,0,0,0,0,0,0,0,0,Utah
3536_2032,2032,49,3536,493536,0,0,0,0,0,0,0,0,0,0,0,0,0,0,0,0,0,0,0,0,0,Utah
3536_2033,2033,49,3536,493536,0,0,0,0,0,0,0,0,0,0,0,0,0,0,0,0,0,0,0,0,0,Utah
3536_2034,2034,49,3536,493536,0,0,0,0,0,0,0,0,0,0,0,0,0,0,0,0,0,0,0,0,0,Utah
3536_2035,2035,49,3536,493536,0,0,0,0,0,0,0,0,0,0,0,0,0,0,0,0,0,0,0,0,0,Utah
3536_2036,2036,49,3536,493536,0,0,0,0,0,0,0,0,0,0,0,0,0,0,0,0,0,0,0,0,0,Utah
3536_2037,2037,49,3536,493536,0,0,0,0,0,0,0,0,0,0,0,0,0,0,0,0,0,0,0,0,0,Utah
3536_2038,2038,49,3536,493536,0,0,0,0,0,0,0,0,0,0,0,0,0,0,0,0,0,0,0,0,0,Utah
3536_2039,2039,49,3536,493536,0,0,0,0,0,0,0,0,0,0,0,0,0,0,0,0,0,0,0,0,0,Utah
3536_2040,2040,49,3536,493536,0,0,0,0,0,0,0,0,0,0,0,0,0,0,0,0,0,0,0,0,0,Utah
3536_2041,2041,49,3536,493536,0,0,0,0,0,0,0,0,0,0,0,0,0,0,0,0,0,0,0,0,0,Utah
3536_2042,2042,49,3536,493536,0,0,0,0,0,0,0,0,0,0,0,0,0,0,0,0,0,0,0,0,0,Utah
3536_2043,2043,49,3536,493536,0,0,0,0,0,0,0,0,0,0,0,0,0,0,0,0,0,0,0,0,0,Utah
3536_2044,2044,49,3536,493536,0,0,0,0,0,0,0,0,0,0,0,0,0,0,0,0,0,0,0,0,0,Utah
3536_2045,2045,49,3536,493536,0,0,0,0,0,0,0,0,0,0,0,0,0,0,0,0,0,0,0,0,0,Utah
3536_2046,2046,49,3536,493536,0,0,0,0,0,0,0,0,0,0,0,0,0,0,0,0,0,0,0,0,0,Utah
3536_2047,2047,49,3536,493536,0,0,0,0,0,0,0,0,0,0,0,0,0,0,0,0,0,0,0,0,0,Utah
3536_2048,2048,49,3536,493536,0,0,0,0,0,0,0,0,0,0,0,0,0,0,0,0,0,0,0,0,0,Utah
3536_2049,2049,49,3536,493536,0,0,0,0,0,0,0,0,0,0,0,0,0,0,0,0,0,0,0,0,0,Utah
3536_2050,2050,49,3536,493536,0,0,0,0,0,0,0,0,0,0,0,0,0,0,0,0,0,0,0,0,0,Utah
3536_2051,2051,49,3536,493536,0,0,0,0,0,0,0,0,0,0,0,0,0,0,0,0,0,0,0,0,0,Utah
3536_2052,2052,49,3536,493536,0,0,0,0,0,0,0,0,0,0,0,0,0,0,0,0,0,0,0,0,0,Utah
3536_2053,2053,49,3536,493536,0,0,0,0,0,0,0,0,0,0,0,0,0,0,0,0,0,0,0,0,0,Utah
3536_2054,2054,49,3536,493536,0,0,0,0,0,0,0,0,0,0,0,0,0,0,0,0,0,0,0,0,0,Utah
3536_2055,2055,49,3536,493536,0,0,0,0,0,0,0,0,0,0,0,0,0,0,0,0,0,0,0,0,0,Utah
3536_2056,2056,49,3536,493536,0,0,0,0,0,0,0,0,0,0,0,0,0,0,0,0,0,0,0,0,0,Utah
3536_2057,2057,49,3536,493536,0,0,0,0,0,0,0,0,0,0,0,0,0,0,0,0,0,0,0,0,0,Utah
3536_2058,2058,49,3536,493536,0,0,0,0,0,0,0,0,0,0,0,0,0,0,0,0,0,0,0,0,0,Utah
3536_2059,2059,49,3536,493536,0,0,0,0,0,0,0,0,0,0,0,0,0,0,0,0,0,0,0,0,0,Utah
3536_2060,2060,49,3536,493536,0,0,0,0,0,0,0,0,0,0,0,0,0,0,0,0,0,0,0,0,0,Utah
3541_2010,2010,49,3541,493541,0,0,0,0,0,0,0,0,0,0,0,0,0,0,0,0,0,0,0,0,0,Utah
3541_2011,2011,49,3541,493541,0,0,0,0,0,0,0,0,0,0,0,0,0,0,0,0,0,0,0,0,0,Utah
3541_2012,2012,49,3541,493541,0,0,0,0,0,0,0,0,0,0,0,0,0,0,0,0,0,0,0,0,0,Utah
3541_2013,2013,49,3541,493541,0,0,0,0,0,0,0,0,0,0,0,0,0,0,0,0,0,0,0,0,0,Utah
3541_2014,2014,49,3541,493541,0,0,0,0,0,0,0,0,0,0,0,0,0,0,0,0,0,0,0,0,0,Utah
3541_2015,2015,49,3541,493541,0,0,0,0,0,0,0,0,0,0,0,0,0,0,0,0,0,0,0,0,0,Utah
3541_2016,2016,49,3541,493541,0,0,0,0,0,0,0,0,0,0,0,0,0,0,0,0,0,0,0,0,0,Utah
3541_2017,2017,49,3541,493541,0,0,0,0,0,0,0,0,0,0,0,0,0,0,0,0,0,0,0,0,0,Utah
3541_2018,2018,49,3541,493541,0,0,0,0,0,0,0,0,0,0,0,0,0,0,0,0,0,0,0,0,0,Utah
3541_2019,2019,49,3541,493541,0,0,0,0,0,0,0,0,0,0,0,0,0,0,0,0,0,0,0,0,0,Utah
3541_2020,2020,49,3541,493541,0,0,0,0,0,0,0,0,0,0,0,0,0,0,0,0,0,0,0,0,0,Utah
3541_2021,2021,49,3541,493541,0,0,0,0,0,0,0,0,0,0,0,0,0,0,0,0,0,0,0,0,0,Utah
3541_2022,2022,49,3541,493541,0,0,0,0,0,0,0,0,0,0,0,0,0,0,0,0,0,0,0,0,0,Utah
3541_2023,2023,49,3541,493541,0,0,0,0,0,0,0,0,0,0,0,0,0,0,0,0,0,0,0,0,0,Utah
3541_2024,2024,49,3541,493541,0,0,0,0,0,0,0,0,0,0,0,0,0,0,0,0,0,0,0,0,0,Utah
3541_2025,2025,49,3541,493541,0,0,0,0,0,0,0,0,0,0,0,0,0,0,0,0,0,0,0,0,0,Utah
3541_2026,2026,49,3541,493541,0,0,0,0,0,0,0,0,0,0,0,0,0,0,0,0,0,0,0,0,0,Utah
3541_2027,2027,49,3541,493541,0,0,0,0,0,0,0,0,0,0,0,0,0,0,0,0,0,0,0,0,0,Utah
3541_2028,2028,49,3541,493541,0,0,0,0,0,0,0,0,0,0,0,0,0,0,0,0,0,0,0,0,0,Utah
3541_2029,2029,49,3541,493541,0,0,0,0,0,0,0,0,0,0,0,0,0,0,0,0,0,0,0,0,0,Utah
3541_2030,2030,49,3541,493541,0,0,0,0,0,0,0,0,0,0,0,0,0,0,0,0,0,0,0,0,0,Utah
3541_2031,2031,49,3541,493541,0,0,0,0,0,0,0,0,0,0,0,0,0,0,0,0,0,0,0,0,0,Utah
3541_2032,2032,49,3541,493541,0,0,0,0,0,0,0,0,0,0,0,0,0,0,0,0,0,0,0,0,0,Utah
3541_2033,2033,49,3541,493541,0,0,0,0,0,0,0,0,0,0,0,0,0,0,0,0,0,0,0,0,0,Utah
3541_2034,2034,49,3541,493541,0,0,0,0,0,0,0,0,0,0,0,0,0,0,0,0,0,0,0,0,0,Utah
3541_2035,2035,49,3541,493541,0,0,0,0,0,0,0,0,0,0,0,0,0,0,0,0,0,0,0,0,0,Utah
3541_2036,2036,49,3541,493541,0,0,0,0,0,0,0,0,0,0,0,0,0,0,0,0,0,0,0,0,0,Utah
3541_2037,2037,49,3541,493541,0,0,0,0,0,0,0,0,0,0,0,0,0,0,0,0,0,0,0,0,0,Utah
3541_2038,2038,49,3541,493541,0,0,0,0,0,0,0,0,0,0,0,0,0,0,0,0,0,0,0,0,0,Utah
3541_2039,2039,49,3541,493541,0,0,0,0,0,0,0,0,0,0,0,0,0,0,0,0,0,0,0,0,0,Utah
3541_2040,2040,49,3541,493541,0,0,0,0,0,0,0,0,0,0,0,0,0,0,0,0,0,0,0,0,0,Utah
3541_2041,2041,49,3541,493541,0,0,0,0,0,0,0,0,0,0,0,0,0,0,0,0,0,0,0,0,0,Utah
3541_2042,2042,49,3541,493541,0,0,0,0,0,0,0,0,0,0,0,0,0,0,0,0,0,0,0,0,0,Utah
3541_2043,2043,49,3541,493541,0,0,0,0,0,0,0,0,0,0,0,0,0,0,0,0,0,0,0,0,0,Utah
3541_2044,2044,49,3541,493541,0,0,0,0,0,0,0,0,0,0,0,0,0,0,0,0,0,0,0,0,0,Utah
3541_2045,2045,49,3541,493541,0,0,0,0,0,0,0,0,0,0,0,0,0,0,0,0,0,0,0,0,0,Utah
3541_2046,2046,49,3541,493541,0,0,0,0,0,0,0,0,0,0,0,0,0,0,0,0,0,0,0,0,0,Utah
3541_2047,2047,49,3541,493541,0,0,0,0,0,0,0,0,0,0,0,0,0,0,0,0,0,0,0,0,0,Utah
3541_2048,2048,49,3541,493541,0,0,0,0,0,0,0,0,0,0,0,0,0,0,0,0,0,0,0,0,0,Utah
3541_2049,2049,49,3541,493541,0,0,0,0,0,0,0,0,0,0,0,0,0,0,0,0,0,0,0,0,0,Utah
3541_2050,2050,49,3541,493541,0,0,0,0,0,0,0,0,0,0,0,0,0,0,0,0,0,0,0,0,0,Utah
3541_2051,2051,49,3541,493541,0,0,0,0,0,0,0,0,0,0,0,0,0,0,0,0,0,0,0,0,0,Utah
3541_2052,2052,49,3541,493541,0,0,0,0,0,0,0,0,0,0,0,0,0,0,0,0,0,0,0,0,0,Utah
3541_2053,2053,49,3541,493541,0,0,0,0,0,0,0,0,0,0,0,0,0,0,0,0,0,0,0,0,0,Utah
3541_2054,2054,49,3541,493541,0,0,0,0,0,0,0,0,0,0,0,0,0,0,0,0,0,0,0,0,0,Utah
3541_2055,2055,49,3541,493541,0,0,0,0,0,0,0,0,0,0,0,0,0,0,0,0,0,0,0,0,0,Utah
3541_2056,2056,49,3541,493541,0,0,0,0,0,0,0,0,0,0,0,0,0,0,0,0,0,0,0,0,0,Utah
3541_2057,2057,49,3541,493541,0,0,0,0,0,0,0,0,0,0,0,0,0,0,0,0,0,0,0,0,0,Utah
3541_2058,2058,49,3541,493541,0,0,0,0,0,0,0,0,0,0,0,0,0,0,0,0,0,0,0,0,0,Utah
3541_2059,2059,49,3541,493541,0,0,0,0,0,0,0,0,0,0,0,0,0,0,0,0,0,0,0,0,0,Utah
3541_2060,2060,49,3541,493541,0,0,0,0,0,0,0,0,0,0,0,0,0,0,0,0,0,0,0,0,0,Utah
3540_2010,2010,49,3540,493540,247,0,247,65,3.8,86.9,144,16.1,16,7.2,0,0,0,0.8,0,0,0,0,0,8,0,Utah
3540_2011,2011,49,3540,493540,247,0,247,65,3.8,86.3,144.3,16.4,16,7.2,0,0,0,0.8,0,0,0,0,0,8,0,Utah
3540_2012,2012,49,3540,493540,247,0,247,65,3.8,85.7,144.6,16.7,16,7.2,0,0,0,0.8,0,0,0,0,0,8,0,Utah
3540_2013,2013,49,3540,493540,247,0,247,65,3.8,85,145,17,16,7.2,0,0,0,0.8,0,0,0,0,0,8,0,Utah
3540_2014,2014,49,3540,493540,247,0,247,65,3.8,84.4,145.3,17.3,16,7.2,0,0,0,0.8,0,0,0,0,0,8,0,Utah
3540_2015,2015,49,3540,493540,247,0,247,65,3.8,83.8,145.6,17.6,16,7.2,0,0,0,0.8,0,0,0,0,0,8,0,Utah
3540_2016,2016,49,3540,493540,247,0,247,65,3.8,83.2,145.9,17.9,16,7.2,0,0,0,0.8,0,0,0,0,0,8,0,Utah
3540_2017,2017,49,3540,493540,247,0,247,65,3.8,82.6,146.2,18.2,16,7.2,0,0,0,0.8,0,0,0,0,0,8,0,Utah
3540_2018,2018,49,3540,493540,247,0,247,65,3.8,82,146.5,18.5,16,7.2,0,0,0,0.8,0,0,0,0,0,8,0,Utah
3540_2019,2019,49,3540,493540,247,0,247,65,3.8,81.4,146.8,18.8,16,7.2,0,0,0,0.8,0,0,0,0,0,8,0,Utah
3540_2020,2020,49,3540,493540,247,0,247,65,3.8,80.8,147,19.2,16,7.2,0,0,0,0.8,0,0,0,0,0,8,0,Utah
3540_2021,2021,49,3540,493540,247,0,247,65,3.8,79.4,147.8,19.8,16,7.2,0,0,0,0.8,0,0,0,0,0,8,0,Utah
3540_2022,2022,49,3540,493540,247,0,247,65,3.8,77.9,148.6,20.5,16,7.2,0,0,0,0.8,0,0,0,0,0,8,0,Utah
3540_2023,2023,49,3540,493540,247,0,247,65,3.8,76.4,149.4,21.2,16,7.2,0,0,0,0.8,0,0,0,0,0,8,0,Utah
3540_2024,2024,49,3540,493540,247,0,247,65,3.8,74.9,150.2,21.9,16,7.2,0,0,0,0.8,0,0,0,0,0,8,0,Utah
3540_2025,2025,49,3540,493540,247,0,247,65,3.8,73.5,150.9,22.6,16,7.2,0,0,0,0.8,0,0,0,0,0,8,0,Utah
3540_2026,2026,49,3540,493540,247,0,247,65,3.8,72.1,151.7,23.2,16,7.2,0,0,0,0.8,0,0,0,0,0,8,0,Utah
3540_2027,2027,49,3540,493540,247,0,247,65,3.8,70.8,152.3,23.9,16,7.2,0,0,0,0.8,0,0,0,0,0,8,0,Utah
3540_2028,2028,49,3540,493540,247,0,247,65,3.8,69.6,152.9,24.5,16,7.2,0,0,0,0.8,0,0,0,0,0,8,0,Utah
3540_2029,2029,49,3540,493540,247,0,247,65,3.8,68.5,153.4,25.1,16,7.2,0,0,0,0.8,0,0,0,0,0,8,0,Utah
3540_2030,2030,49,3540,493540,247,0,247,65,3.8,67.7,153.7,25.6,16,7.2,0,0,0,0.8,0,0,0,0,0,8,0,Utah
3540_2031,2031,49,3540,493540,247,0,247,65,3.8,67,153.8,26.2,16,7.2,0,0,0,0.8,0,0,0,0,0,8,0,Utah
3540_2032,2032,49,3540,493540,247,0,247,65,3.8,66.4,153.9,26.7,16,7.2,0,0,0,0.8,0,0,0,0,0,8,0,Utah
3540_2033,2033,49,3540,493540,247,0,247,65,3.8,65.9,153.9,27.2,16,7.2,0,0,0,0.8,0,0,0,0,0,8,0,Utah
3540_2034,2034,49,3540,493540,247,0,247,65,3.8,65.6,153.7,27.7,16,7.2,0,0,0,0.8,0,0,0,0,0,8,0,Utah
3540_2035,2035,49,3540,493540,247,0,247,65,3.8,65.5,153.2,28.3,16,7.2,0,0,0,0.8,0,0,0,0,0,8,0,Utah
3540_2036,2036,49,3540,493540,247,0,247,65,3.8,65.6,152.5,28.9,16,7.2,0,0,0,0.8,0,0,0,0,0,8,0,Utah
3540_2037,2037,49,3540,493540,247,0,247,65,3.8,65.7,151.9,29.4,16,7.2,0,0,0,0.8,0,0,0,0,0,8,0,Utah
3540_2038,2038,49,3540,493540,247,0,247,65,3.8,66,151.1,29.9,16,7.2,0,0,0,0.8,0,0,0,0,0,8,0,Utah
3540_2039,2039,49,3540,493540,247,0,247,65,3.8,66.2,150.4,30.4,16,7.2,0,0,0,0.8,0,0,0,0,0,8,0,Utah
3540_2040,2040,49,3540,493540,247,0,247,65,3.8,66.5,149.6,30.9,16,7.2,0,0,0,0.8,0,0,0,0,0,8,0,Utah
3540_2041,2041,49,3540,493540,247,0,247,65,3.8,66.8,148.7,31.5,16,7.2,0,0,0,0.8,0,0,0,0,0,8,0,Utah
3540_2042,2042,49,3540,493540,247,0,247,65,3.8,67.1,147.8,32.1,16,7.2,0,0,0,0.8,0,0,0,0,0,8,0,Utah
3540_2043,2043,49,3540,493540,247,0,247,65,3.8,67.3,147,32.7,16,7.2,0,0,0,0.8,0,0,0,0,0,8,0,Utah
3540_2044,2044,49,3540,493540,247,0,247,65,3.8,67.5,146.2,33.3,16,7.2,0,0,0,0.8,0,0,0,0,0,8,0,Utah
3540_2045,2045,49,3540,493540,247,0,247,65,3.8,67.6,145.6,33.8,16,7.2,0,0,0,0.8,0,0,0,0,0,8,0,Utah
3540_2046,2046,49,3540,493540,247,0,247,65,3.8,67.6,145.1,34.3,16,7.2,0,0,0,0.8,0,0,0,0,0,8,0,Utah
3540_2047,2047,49,3540,493540,247,0,247,65,3.8,67.4,144.8,34.8,16,7.2,0,0,0,0.8,0,0,0,0,0,8,0,Utah
3540_2048,2048,49,3540,493540,247,0,247,65,3.8,67.2,144.5,35.3,16,7.2,0,0,0,0.8,0,0,0,0,0,8,0,Utah
3540_2049,2049,49,3540,493540,247,0,247,65,3.8,66.8,144.5,35.7,16,7.2,0,0,0,0.8,0,0,0,0,0,8,0,Utah
3540_2050,2050,49,3540,493540,247,0,247,65,3.8,66.4,144.5,36.1,16,7.2,0,0,0,0.8,0,0,0,0,0,8,0,Utah
3540_2051,2051,49,3540,493540,247,0,247,65,3.8,65.8,144.6,36.6,16,7.2,0,0,0,0.8,0,0,0,0,0,8,0,Utah
3540_2052,2052,49,3540,493540,247,0,247,65,3.8,65.2,144.7,37.1,16,7.2,0,0,0,0.8,0,0,0,0,0,8,0,Utah
3540_2053,2053,49,3540,493540,247,0,247,65,3.8,64.6,144.8,37.6,16,7.2,0,0,0,0.8,0,0,0,0,0,8,0,Utah
3540_2054,2054,49,3540,493540,247,0,247,65,3.8,63.9,145.1,38,16,7.2,0,0,0,0.8,0,0,0,0,0,8,0,Utah
3540_2055,2055,49,3540,493540,247,0,247,65,3.8,63.2,145.2,38.6,16,7.2,0,0,0,0.8,0,0,0,0,0,8,0,Utah
3540_2056,2056,49,3540,493540,247,0,247,65,3.8,62.5,145.1,39.4,16,7.2,0,0,0,0.8,0,0,0,0,0,8,0,Utah
3540_2057,2057,49,3540,493540,247,0,247,65,3.8,61.9,145.1,40,16,7.2,0,0,0,0.8,0,0,0,0,0,8,0,Utah
3540_2058,2058,49,3540,493540,247,0,247,65,3.8,61.2,145.3,40.5,16,7.2,0,0,0,0.8,0,0,0,0,0,8,0,Utah
3540_2059,2059,49,3540,493540,247,0,247,65,3.8,60.6,145.6,40.8,16,7.2,0,0,0,0.8,0,0,0,0,0,8,0,Utah
3540_2060,2060,49,3540,493540,247,0,247,65,3.8,60.1,145.7,41.2,16,7.2,0,0,0,0.8,0,0,0,0,0,8,0,Utah
3542_2010,2010,49,3542,493542,6,0,6,1,6,2.1,3.5,0.4,0,0,0,0,0,0,0,0,0,0,0,0,0,Utah
3542_2011,2011,49,3542,493542,6,0,6,1,6,2.1,3.5,0.4,0,0,0,0,0,0,0,0,0,0,0,0,0,Utah
3542_2012,2012,49,3542,493542,6,0,6,1,6,2.1,3.5,0.4,0,0,0,0,0,0,0,0,0,0,0,0,0,Utah
3542_2013,2013,49,3542,493542,6,0,6,1,6,2.1,3.5,0.4,0,0,0,0,0,0,0,0,0,0,0,0,0,Utah
3542_2014,2014,49,3542,493542,6,0,6,1,6,2.1,3.5,0.4,0,0,0,0,0,0,0,0,0,0,0,0,0,Utah
3542_2015,2015,49,3542,493542,6,0,6,1,6,2,3.6,0.4,0,0,0,0,0,0,0,0,0,0,0,0,0,Utah
3542_2016,2016,49,3542,493542,6,0,6,1,6,2,3.6,0.4,0,0,0,0,0,0,0,0,0,0,0,0,0,Utah
3542_2017,2017,49,3542,493542,6,0,6,1,6,2,3.6,0.4,0,0,0,0,0,0,0,0,0,0,0,0,0,Utah
3542_2018,2018,49,3542,493542,6,0,6,1,6,2,3.5,0.5,0,0,0,0,0,0,0,0,0,0,0,0,0,Utah
3542_2019,2019,49,3542,493542,6,0,6,1,6,2,3.5,0.5,0,0,0,0,0,0,0,0,0,0,0,0,0,Utah
3542_2020,2020,49,3542,493542,6,0,6,1,6,2,3.5,0.5,0,0,0,0,0,0,0,0,0,0,0,0,0,Utah
3542_2021,2021,49,3542,493542,6,0,6,1,6,1.9,3.6,0.5,0,0,0,0,0,0,0,0,0,0,0,0,0,Utah
3542_2022,2022,49,3542,493542,6,0,6,1,6,1.9,3.6,0.5,0,0,0,0,0,0,0,0,0,0,0,0,0,Utah
3542_2023,2023,49,3542,493542,6,0,6,1,6,1.9,3.6,0.5,0,0,0,0,0,0,0,0,0,0,0,0,0,Utah
3542_2024,2024,49,3542,493542,6,0,6,1,6,1.8,3.7,0.5,0,0,0,0,0,0,0,0,0,0,0,0,0,Utah
3542_2025,2025,49,3542,493542,6,0,6,1,6,1.8,3.7,0.5,0,0,0,0,0,0,0,0,0,0,0,0,0,Utah
3542_2026,2026,49,3542,493542,6,0,6,1,6,1.8,3.6,0.6,0,0,0,0,0,0,0,0,0,0,0,0,0,Utah
3542_2027,2027,49,3542,493542,6,0,6,1,6,1.7,3.7,0.6,0,0,0,0,0,0,0,0,0,0,0,0,0,Utah
3542_2028,2028,49,3542,493542,6,0,6,1,6,1.7,3.7,0.6,0,0,0,0,0,0,0,0,0,0,0,0,0,Utah
3542_2029,2029,49,3542,493542,6,0,6,1,6,1.7,3.7,0.6,0,0,0,0,0,0,0,0,0,0,0,0,0,Utah
3542_2030,2030,49,3542,493542,6,0,6,1,6,1.6,3.8,0.6,0,0,0,0,0,0,0,0,0,0,0,0,0,Utah
3542_2031,2031,49,3542,493542,6,0,6,1,6,1.6,3.8,0.6,0,0,0,0,0,0,0,0,0,0,0,0,0,Utah
3542_2032,2032,49,3542,493542,6,0,6,1,6,1.6,3.8,0.6,0,0,0,0,0,0,0,0,0,0,0,0,0,Utah
3542_2033,2033,49,3542,493542,6,0,6,1,6,1.6,3.7,0.7,0,0,0,0,0,0,0,0,0,0,0,0,0,Utah
3542_2034,2034,49,3542,493542,6,0,6,1,6,1.6,3.7,0.7,0,0,0,0,0,0,0,0,0,0,0,0,0,Utah
3542_2035,2035,49,3542,493542,6,0,6,1,6,1.6,3.7,0.7,0,0,0,0,0,0,0,0,0,0,0,0,0,Utah
3542_2036,2036,49,3542,493542,6,0,6,1,6,1.6,3.7,0.7,0,0,0,0,0,0,0,0,0,0,0,0,0,Utah
3542_2037,2037,49,3542,493542,6,0,6,1,6,1.6,3.7,0.7,0,0,0,0,0,0,0,0,0,0,0,0,0,Utah
3542_2038,2038,49,3542,493542,6,0,6,1,6,1.6,3.7,0.7,0,0,0,0,0,0,0,0,0,0,0,0,0,Utah
3542_2039,2039,49,3542,493542,6,0,6,1,6,1.6,3.7,0.7,0,0,0,0,0,0,0,0,0,0,0,0,0,Utah
3542_2040,2040,49,3542,493542,6,0,6,1,6,1.6,3.6,0.8,0,0,0,0,0,0,0,0,0,0,0,0,0,Utah
3542_2041,2041,49,3542,493542,6,0,6,1,6,1.6,3.6,0.8,0,0,0,0,0,0,0,0,0,0,0,0,0,Utah
3542_2042,2042,49,3542,493542,6,0,6,1,6,1.6,3.6,0.8,0,0,0,0,0,0,0,0,0,0,0,0,0,Utah
3542_2043,2043,49,3542,493542,6,0,6,1,6,1.6,3.6,0.8,0,0,0,0,0,0,0,0,0,0,0,0,0,Utah
3542_2044,2044,49,3542,493542,6,0,6,1,6,1.6,3.6,0.8,0,0,0,0,0,0,0,0,0,0,0,0,0,Utah
3542_2045,2045,49,3542,493542,6,0,6,1,6,1.6,3.6,0.8,0,0,0,0,0,0,0,0,0,0,0,0,0,Utah
3542_2046,2046,49,3542,493542,6,0,6,1,6,1.6,3.6,0.8,0,0,0,0,0,0,0,0,0,0,0,0,0,Utah
3542_2047,2047,49,3542,493542,6,0,6,1,6,1.6,3.6,0.8,0,0,0,0,0,0,0,0,0,0,0,0,0,Utah
3542_2048,2048,49,3542,493542,6,0,6,1,6,1.6,3.5,0.9,0,0,0,0,0,0,0,0,0,0,0,0,0,Utah
3542_2049,2049,49,3542,493542,6,0,6,1,6,1.6,3.5,0.9,0,0,0,0,0,0,0,0,0,0,0,0,0,Utah
3542_2050,2050,49,3542,493542,6,0,6,1,6,1.6,3.5,0.9,0,0,0,0,0,0,0,0,0,0,0,0,0,Utah
3542_2051,2051,49,3542,493542,6,0,6,1,6,1.6,3.5,0.9,0,0,0,0,0,0,0,0,0,0,0,0,0,Utah
3542_2052,2052,49,3542,493542,6,0,6,1,6,1.6,3.5,0.9,0,0,0,0,0,0,0,0,0,0,0,0,0,Utah
3542_2053,2053,49,3542,493542,6,0,6,1,6,1.6,3.5,0.9,0,0,0,0,0,0,0,0,0,0,0,0,0,Utah
3542_2054,2054,49,3542,493542,6,0,6,1,6,1.6,3.5,0.9,0,0,0,0,0,0,0,0,0,0,0,0,0,Utah
3542_2055,2055,49,3542,493542,6,0,6,1,6,1.5,3.6,0.9,0,0,0,0,0,0,0,0,0,0,0,0,0,Utah
3542_2056,2056,49,3542,493542,6,0,6,1,6,1.5,3.5,1,0,0,0,0,0,0,0,0,0,0,0,0,0,Utah
3542_2057,2057,49,3542,493542,6,0,6,1,6,1.5,3.5,1,0,0,0,0,0,0,0,0,0,0,0,0,0,Utah
3542_2058,2058,49,3542,493542,6,0,6,1,6,1.5,3.5,1,0,0,0,0,0,0,0,0,0,0,0,0,0,Utah
3542_2059,2059,49,3542,493542,6,0,6,1,6,1.5,3.5,1,0,0,0,0,0,0,0,0,0,0,0,0,0,Utah
3542_2060,2060,49,3542,493542,6,0,6,1,6,1.5,3.5,1,0,0,0,0,0,0,0,0,0,0,0,0,0,Utah
3544_2010,2010,49,3544,493544,83.4,0,83.4,27.2,3.07,29.3,48.7,5.4,18,0,0,0,0,0,0,18,0,0,0,0,0,Utah
3544_2011,2011,49,3544,493544,84.2,0,84.2,27.5,3.06,29.4,49.2,5.6,18.3,0,0,0,0,0,0,18.3,0,0,0,0,0,Utah
3544_2012,2012,49,3544,493544,84.9,0,84.9,27.8,3.05,29.4,49.8,5.7,18.5,0,0,0,0,0,0,18.5,0,0,0,0,0,Utah
3544_2013,2013,49,3544,493544,85.5,0,85.5,28,3.05,29.4,50.2,5.9,18.9,0,0,0,0,0,0,18.9,0,0,0,0,0,Utah
3544_2014,2014,49,3544,493544,86.2,0,86.2,28.3,3.05,29.5,50.7,6,19.1,0,0,0,0,0,0,19.1,0,0,0,0,0,Utah
3544_2015,2015,49,3544,493544,87.3,0,87.3,28.7,3.04,29.6,51.5,6.2,19.5,0,0,0,0,0,0,19.5,0,0,0,0,0,Utah
3544_2016,2016,49,3544,493544,88.3,0,88.3,29.1,3.03,29.8,52.1,6.4,19.9,0,0,0,0,0,0,19.9,0,0,0,0,0,Utah
3544_2017,2017,49,3544,493544,89.1,0,89.1,29.4,3.03,29.8,52.7,6.6,20.2,0,0,0,0,0,0,20.2,0,0,0,0,0,Utah
3544_2018,2018,49,3544,493544,90,0,90,29.7,3.03,29.9,53.3,6.8,20.7,0,0,0,0,0,0,20.7,0,0,0,0,0,Utah
3544_2019,2019,49,3544,493544,91,0,91,30,3.03,30,54.1,6.9,21,0,0,0,0,0,0,21,0,0,0,0,0,Utah
3544_2020,2020,49,3544,493544,92.1,0,92.1,30.4,3.03,30.1,54.9,7.1,20.8,0,0,0,0,0,0,20.8,0,0,0,0,0,Utah
3544_2021,2021,49,3544,493544,93.2,0,93.2,30.8,3.03,30,55.7,7.5,21.3,0,0,0,0,0,0,21.3,0,0,0,0,0,Utah
3544_2022,2022,49,3544,493544,94.3,0,94.3,31.3,3.01,29.7,56.8,7.8,21.6,0,0,0,0,0,0,21.6,0,0,0,0,0,Utah
3544_2023,2023,49,3544,493544,95.4,0,95.4,31.8,3,29.5,57.7,8.2,22,0,0,0,0,0,0,22,0,0,0,0,0,Utah
3544_2024,2024,49,3544,493544,96.5,0,96.5,32.3,2.99,29.3,58.6,8.6,22.3,0,0,0,0,0,0,22.3,0,0,0,0,0,Utah
3544_2025,2025,49,3544,493544,97.6,0,97.6,32.8,2.98,29,59.7,8.9,22.5,0,0,0,0,0,0,22.5,0,0,0,0,0,Utah
3544_2026,2026,49,3544,493544,98.6,0,98.6,33.3,2.96,28.8,60.5,9.3,22.7,0,0,0,0,0,0,22.7,0,0,0,0,0,Utah
3544_2027,2027,49,3544,493544,99.6,0,99.6,33.7,2.96,28.6,61.4,9.6,22.9,0,0,0,0,0,0,22.9,0,0,0,0,0,Utah
3544_2028,2028,49,3544,493544,100.5,0,100.5,34.1,2.95,28.3,62.2,10,23.1,0,0,0,0,0,0,23.1,0,0,0,0,0,Utah
3544_2029,2029,49,3544,493544,101.4,0,101.4,34.5,2.94,28.1,63,10.3,23.4,0,0,0,0,0,0,23.4,0,0,0,0,0,Utah
3544_2030,2030,49,3544,493544,102.2,0,102.2,34.9,2.93,28,63.6,10.6,23.6,0,0,0,0,0,0,23.6,0,0,0,0,0,Utah
3544_2031,2031,49,3544,493544,103,0,103,35.3,2.92,27.9,64.2,10.9,23.8,0,0,0,0,0,0,23.8,0,0,0,0,0,Utah
3544_2032,2032,49,3544,493544,103.8,0,103.8,35.7,2.91,27.9,64.7,11.2,24.1,0,0,0,0,0,0,24.1,0,0,0,0,0,Utah
3544_2033,2033,49,3544,493544,104.6,0,104.6,36.1,2.9,27.9,65.2,11.5,24.3,0,0,0,0,0,0,24.3,0,0,0,0,0,Utah
3544_2034,2034,49,3544,493544,105.4,0,105.4,36.5,2.89,28,65.6,11.8,24.5,0,0,0,0,0,0,24.5,0,0,0,0,0,Utah
3544_2035,2035,49,3544,493544,106.2,0,106.2,36.9,2.88,28.2,65.8,12.2,24.7,0,0,0,0,0,0,24.7,0,0,0,0,0,Utah
3544_2036,2036,49,3544,493544,107,0,107,37.3,2.87,28.4,66.1,12.5,24.9,0,0,0,0,0,0,24.9,0,0,0,0,0,Utah
3544_2037,2037,49,3544,493544,107.8,0,107.8,37.6,2.87,28.7,66.3,12.8,25.1,0,0,0,0,0,0,25.1,0,0,0,0,0,Utah
3544_2038,2038,49,3544,493544,108.6,0,108.6,37.9,2.87,29,66.5,13.1,25.3,0,0,0,0,0,0,25.3,0,0,0,0,0,Utah
3544_2039,2039,49,3544,493544,109.4,0,109.4,38.2,2.86,29.3,66.6,13.5,25.5,0,0,0,0,0,0,25.5,0,0,0,0,0,Utah
3544_2040,2040,49,3544,493544,110.2,0,110.2,38.5,2.86,29.7,66.7,13.8,25.7,0,0,0,0,0,0,25.7,0,0,0,0,0,Utah
3544_2041,2041,49,3544,493544,110.9,0,110.9,38.8,2.86,30,66.8,14.1,25.9,0,0,0,0,0,0,25.9,0,0,0,0,0,Utah
3544_2042,2042,49,3544,493544,111.6,0,111.6,39.1,2.85,30.3,66.8,14.5,26.1,0,0,0,0,0,0,26.1,0,0,0,0,0,Utah
3544_2043,2043,49,3544,493544,112.3,0,112.3,39.4,2.85,30.6,66.8,14.9,26.3,0,0,0,0,0,0,26.3,0,0,0,0,0,Utah
3544_2044,2044,49,3544,493544,113,0,113,39.7,2.85,30.9,66.9,15.2,26.5,0,0,0,0,0,0,26.5,0,0,0,0,0,Utah
3544_2045,2045,49,3544,493544,113.7,0,113.7,40,2.84,31.1,67,15.6,26.7,0,0,0,0,0,0,26.7,0,0,0,0,0,Utah
3544_2046,2046,49,3544,493544,114.4,0,114.4,40.3,2.84,31.3,67.2,15.9,26.9,0,0,0,0,0,0,26.9,0,0,0,0,0,Utah
3544_2047,2047,49,3544,493544,115.1,0,115.1,40.6,2.83,31.4,67.5,16.2,27.1,0,0,0,0,0,0,27.1,0,0,0,0,0,Utah
3544_2048,2048,49,3544,493544,115.7,0,115.7,40.9,2.83,31.5,67.7,16.5,27.3,0,0,0,0,0,0,27.3,0,0,0,0,0,Utah
3544_2049,2049,49,3544,493544,116.3,0,116.3,41.2,2.82,31.5,68,16.8,27.5,0,0,0,0,0,0,27.5,0,0,0,0,0,Utah
3544_2050,2050,49,3544,493544,116.9,0,116.9,41.5,2.82,31.4,68.4,17.1,27.7,0,0,0,0,0,0,27.7,0,0,0,0,0,Utah
3544_2051,2051,49,3544,493544,117.5,0,117.5,41.8,2.81,31.3,68.8,17.4,27.9,0,0,0,0,0,0,27.9,0,0,0,0,0,Utah
3544_2052,2052,49,3544,493544,118.1,0,118.1,42.1,2.81,31.2,69.1,17.8,28.1,0,0,0,0,0,0,28.1,0,0,0,0,0,Utah
3544_2053,2053,49,3544,493544,118.7,0,118.7,42.4,2.8,31,69.6,18.1,28.3,0,0,0,0,0,0,28.3,0,0,0,0,0,Utah
3544_2054,2054,49,3544,493544,119.3,0,119.3,42.7,2.79,30.9,70,18.4,28.5,0,0,0,0,0,0,28.5,0,0,0,0,0,Utah
3544_2055,2055,49,3544,493544,119.9,0,119.9,43,2.79,30.7,70.5,18.7,28.7,0,0,0,0,0,0,28.7,0,0,0,0,0,Utah
3544_2056,2056,49,3544,493544,120.5,0,120.5,43.3,2.78,30.5,70.8,19.2,28.9,0,0,0,0,0,0,28.9,0,0,0,0,0,Utah
3544_2057,2057,49,3544,493544,121.1,0,121.1,43.6,2.78,30.3,71.2,19.6,29.1,0,0,0,0,0,0,29.1,0,0,0,0,0,Utah
3544_2058,2058,49,3544,493544,121.7,0,121.7,43.9,2.77,30.2,71.6,19.9,29.2,0,0,0,0,0,0,29.2,0,0,0,0,0,Utah
3544_2059,2059,49,3544,493544,122.3,0,122.3,44.2,2.77,30,72.1,20.2,29.3,0,0,0,0,0,0,29.3,0,0,0,0,0,Utah
3544_2060,2060,49,3544,493544,122.9,0,122.9,44.5,2.76,29.9,72.5,20.5,29.4,0,0,0,0,0,0,29.4,0,0,0,0,0,Utah
3545_2010,2010,49,3545,493545,112.7,0,112.7,25.4,4.44,39.6,65.8,7.3,0,0,0,0,0,0,0,0,0,0,0,0,0,Utah
3545_2011,2011,49,3545,493545,113.8,0,113.8,25.7,4.43,39.7,66.6,7.5,0,0,0,0,0,0,0,0,0,0,0,0,0,Utah
3545_2012,2012,49,3545,493545,114.8,0,114.8,25.9,4.43,39.8,67.2,7.8,0,0,0,0,0,0,0,0,0,0,0,0,0,Utah
3545_2013,2013,49,3545,493545,115.5,0,115.5,26.1,4.43,39.8,67.8,7.9,0,0,0,0,0,0,0,0,0,0,0,0,0,Utah
3545_2014,2014,49,3545,493545,116.5,0,116.5,26.4,4.41,39.8,68.5,8.2,0,0,0,0,0,0,0,0,0,0,0,0,0,Utah
3545_2015,2015,49,3545,493545,118,0,118,26.8,4.4,40.1,69.5,8.4,0,0,0,0,0,0,0,0,0,0,0,0,0,Utah
3545_2016,2016,49,3545,493545,119.4,0,119.4,27.1,4.41,40.2,70.5,8.7,0,0,0,0,0,0,0,0,0,0,0,0,0,Utah
3545_2017,2017,49,3545,493545,120.5,0,120.5,27.4,4.4,40.3,71.3,8.9,0,0,0,0,0,0,0,0,0,0,0,0,0,Utah
3545_2018,2018,49,3545,493545,121.7,0,121.7,27.7,4.39,40.4,72.2,9.1,0,0,0,0,0,0,0,0,0,0,0,0,0,Utah
3545_2019,2019,49,3545,493545,123,0,123,28,4.39,40.5,73.1,9.4,0,0,0,0,0,0,0,0,0,0,0,0,0,Utah
3545_2020,2020,49,3545,493545,124.5,0,124.5,28.4,4.38,40.7,74.1,9.7,0,0,0,0,0,0,0,0,0,0,0,0,0,Utah
3545_2021,2021,49,3545,493545,126,0,126,28.8,4.38,40.5,75.4,10.1,0,0,0,0,0,0,0,0,0,0,0,0,0,Utah
3545_2022,2022,49,3545,493545,127.4,0,127.4,29.2,4.36,40.2,76.6,10.6,0,0,0,0,0,0,0,0,0,0,0,0,0,Utah
3545_2023,2023,49,3545,493545,128.9,0,128.9,29.6,4.35,39.9,77.9,11.1,0,0,0,0,0,0,0,0,0,0,0,0,0,Utah
3545_2024,2024,49,3545,493545,130.4,0,130.4,30,4.35,39.6,79.2,11.6,0,0,0,0,0,0,0,0,0,0,0,0,0,Utah
3545_2025,2025,49,3545,493545,131.8,0,131.8,30.4,4.34,39.2,80.6,12,0,0,0,0,0,0,0,0,0,0,0,0,0,Utah
3545_2026,2026,49,3545,493545,133.2,0,133.2,30.8,4.32,38.9,81.8,12.5,0,0,0,0,0,0,0,0,0,0,0,0,0,Utah
3545_2027,2027,49,3545,493545,134.5,0,134.5,31.2,4.31,38.6,82.9,13,0,0,0,0,0,0,0,0,0,0,0,0,0,Utah
3545_2028,2028,49,3545,493545,135.7,0,135.7,31.6,4.29,38.2,84,13.5,0,0,0,0,0,0,0,0,0,0,0,0,0,Utah
3545_2029,2029,49,3545,493545,136.8,0,136.8,32,4.28,37.9,85,13.9,0,0,0,0,0,0,0,0,0,0,0,0,0,Utah
3545_2030,2030,49,3545,493545,137.9,0,137.9,32.4,4.26,37.8,85.8,14.3,0,0,0,0,0,0,0,0,0,0,0,0,0,Utah
3545_2031,2031,49,3545,493545,139,0,139,32.8,4.24,37.7,86.6,14.7,0,0,0,0,0,0,0,0,0,0,0,0,0,Utah
3545_2032,2032,49,3545,493545,140.1,0,140.1,33.2,4.22,37.6,87.4,15.1,0,0,0,0,0,0,0,0,0,0,0,0,0,Utah
3545_2033,2033,49,3545,493545,141.2,0,141.2,33.5,4.21,37.7,87.9,15.6,0,0,0,0,0,0,0,0,0,0,0,0,0,Utah
3545_2034,2034,49,3545,493545,142.3,0,142.3,33.8,4.21,37.8,88.5,16,0,0,0,0,0,0,0,0,0,0,0,0,0,Utah
3545_2035,2035,49,3545,493545,143.4,0,143.4,34.1,4.21,38,89,16.4,0,0,0,0,0,0,0,0,0,0,0,0,0,Utah
3545_2036,2036,49,3545,493545,144.5,0,144.5,34.4,4.2,38.4,89.2,16.9,0,0,0,0,0,0,0,0,0,0,0,0,0,Utah
3545_2037,2037,49,3545,493545,145.5,0,145.5,34.7,4.19,38.7,89.5,17.3,0,0,0,0,0,0,0,0,0,0,0,0,0,Utah
3545_2038,2038,49,3545,493545,146.5,0,146.5,35,4.19,39.1,89.7,17.7,0,0,0,0,0,0,0,0,0,0,0,0,0,Utah
3545_2039,2039,49,3545,493545,147.5,0,147.5,35.3,4.18,39.5,89.9,18.1,0,0,0,0,0,0,0,0,0,0,0,0,0,Utah
3545_2040,2040,49,3545,493545,148.5,0,148.5,35.6,4.17,40,89.9,18.6,0,0,0,0,0,0,0,0,0,0,0,0,0,Utah
3545_2041,2041,49,3545,493545,149.5,0,149.5,35.9,4.16,40.4,90,19.1,0,0,0,0,0,0,0,0,0,0,0,0,0,Utah
3545_2042,2042,49,3545,493545,150.5,0,150.5,36.2,4.16,40.9,90,19.6,0,0,0,0,0,0,0,0,0,0,0,0,0,Utah
3545_2043,2043,49,3545,493545,151.5,0,151.5,36.5,4.15,41.3,90.1,20.1,0,0,0,0,0,0,0,0,0,0,0,0,0,Utah
3545_2044,2044,49,3545,493545,152.4,0,152.4,36.8,4.14,41.7,90.2,20.5,0,0,0,0,0,0,0,0,0,0,0,0,0,Utah
3545_2045,2045,49,3545,493545,153.3,0,153.3,37.1,4.13,42,90.3,21,0,0,0,0,0,0,0,0,0,0,0,0,0,Utah
3545_2046,2046,49,3545,493545,154.2,0,154.2,37.4,4.12,42.2,90.6,21.4,0,0,0,0,0,0,0,0,0,0,0,0,0,Utah
3545_2047,2047,49,3545,493545,155.1,0,155.1,37.7,4.11,42.3,91,21.8,0,0,0,0,0,0,0,0,0,0,0,0,0,Utah
3545_2048,2048,49,3545,493545,156,0,156,38,4.11,42.4,91.3,22.3,0,0,0,0,0,0,0,0,0,0,0,0,0,Utah
3545_2049,2049,49,3545,493545,156.8,0,156.8,38.3,4.09,42.4,91.8,22.6,0,0,0,0,0,0,0,0,0,0,0,0,0,Utah
3545_2050,2050,49,3545,493545,157.6,0,157.6,38.6,4.08,42.4,92.2,23,0,0,0,0,0,0,0,0,0,0,0,0,0,Utah
3545_2051,2051,49,3545,493545,158.4,0,158.4,38.9,4.07,42.2,92.7,23.5,0,0,0,0,0,0,0,0,0,0,0,0,0,Utah
3545_2052,2052,49,3545,493545,159.2,0,159.2,39.2,4.06,42,93.3,23.9,0,0,0,0,0,0,0,0,0,0,0,0,0,Utah
3545_2053,2053,49,3545,493545,160,0,160,39.5,4.05,41.8,93.8,24.4,0,0,0,0,0,0,0,0,0,0,0,0,0,Utah
3545_2054,2054,49,3545,493545,160.8,0,160.8,39.8,4.04,41.6,94.4,24.8,0,0,0,0,0,0,0,0,0,0,0,0,0,Utah
3545_2055,2055,49,3545,493545,161.6,0,161.6,40.1,4.03,41.3,95.1,25.2,0,0,0,0,0,0,0,0,0,0,0,0,0,Utah
3545_2056,2056,49,3545,493545,162.4,0,162.4,40.4,4.02,41.1,95.4,25.9,0,0,0,0,0,0,0,0,0,0,0,0,0,Utah
3545_2057,2057,49,3545,493545,163.2,0,163.2,40.7,4.01,40.9,95.9,26.4,0,0,0,0,0,0,0,0,0,0,0,0,0,Utah
3545_2058,2058,49,3545,493545,164,0,164,41,4,40.6,96.5,26.9,0,0,0,0,0,0,0,0,0,0,0,0,0,Utah
3545_2059,2059,49,3545,493545,164.8,0,164.8,41.3,3.99,40.4,97.2,27.2,0,0,0,0,0,0,0,0,0,0,0,0,0,Utah
3545_2060,2060,49,3545,493545,165.5,0,165.5,41.6,3.98,40.2,97.7,27.6,0,0,0,0,0,0,0,0,0,0,0,0,0,Utah
3551_2010,2010,49,3551,493551,42,0,42,15,2.8,14.8,24.5,2.7,0,0,0,0,0,0,0,0,0,0,0,0,0,Utah
3551_2011,2011,49,3551,493551,42,0,42,15,2.8,14.7,24.5,2.8,0,0,0,0,0,0,0,0,0,0,0,0,0,Utah
3551_2012,2012,49,3551,493551,42,0,42,15,2.8,14.6,24.6,2.8,0,0,0,0,0,0,0,0,0,0,0,0,0,Utah
3551_2013,2013,49,3551,493551,42,0,42,15,2.8,14.5,24.6,2.9,0,0,0,0,0,0,0,0,0,0,0,0,0,Utah
3551_2014,2014,49,3551,493551,42,0,42,15,2.8,14.4,24.7,2.9,0,0,0,0,0,0,0,0,0,0,0,0,0,Utah
3551_2015,2015,49,3551,493551,42,0,42,15,2.8,14.3,24.7,3,0,0,0,0,0,0,0,0,0,0,0,0,0,Utah
3551_2016,2016,49,3551,493551,42,0,42,15,2.8,14.2,24.8,3,0,0,0,0,0,0,0,0,0,0,0,0,0,Utah
3551_2017,2017,49,3551,493551,42,0,42,15,2.8,14,24.9,3.1,0,0,0,0,0,0,0,0,0,0,0,0,0,Utah
3551_2018,2018,49,3551,493551,42,0,42,15,2.8,13.9,24.9,3.2,0,0,0,0,0,0,0,0,0,0,0,0,0,Utah
3551_2019,2019,49,3551,493551,42,0,42,15,2.8,13.8,25,3.2,0,0,0,0,0,0,0,0,0,0,0,0,0,Utah
3551_2020,2020,49,3551,493551,42,0,42,15,2.8,13.7,25,3.3,0,0,0,0,0,0,0,0,0,0,0,0,0,Utah
3551_2021,2021,49,3551,493551,42,0,42,15,2.8,13.5,25.1,3.4,0,0,0,0,0,0,0,0,0,0,0,0,0,Utah
3551_2022,2022,49,3551,493551,42,0,42,15,2.8,13.2,25.3,3.5,0,0,0,0,0,0,0,0,0,0,0,0,0,Utah
3551_2023,2023,49,3551,493551,42,0,42,15,2.8,13,25.4,3.6,0,0,0,0,0,0,0,0,0,0,0,0,0,Utah
3551_2024,2024,49,3551,493551,42,0,42,15,2.8,12.7,25.6,3.7,0,0,0,0,0,0,0,0,0,0,0,0,0,Utah
3551_2025,2025,49,3551,493551,42,0,42,15,2.8,12.5,25.7,3.8,0,0,0,0,0,0,0,0,0,0,0,0,0,Utah
3551_2026,2026,49,3551,493551,42,0,42,15,2.8,12.3,25.8,3.9,0,0,0,0,0,0,0,0,0,0,0,0,0,Utah
3551_2027,2027,49,3551,493551,42,0,42,15,2.8,12,25.9,4.1,0,0,0,0,0,0,0,0,0,0,0,0,0,Utah
3551_2028,2028,49,3551,493551,42,0,42,15,2.8,11.8,26,4.2,0,0,0,0,0,0,0,0,0,0,0,0,0,Utah
3551_2029,2029,49,3551,493551,42,0,42,15,2.8,11.7,26,4.3,0,0,0,0,0,0,0,0,0,0,0,0,0,Utah
3551_2030,2030,49,3551,493551,42,0,42,15,2.8,11.5,26.1,4.4,0,0,0,0,0,0,0,0,0,0,0,0,0,Utah
3551_2031,2031,49,3551,493551,42,0,42,15,2.8,11.4,26.2,4.4,0,0,0,0,0,0,0,0,0,0,0,0,0,Utah
3551_2032,2032,49,3551,493551,42,0,42,15,2.8,11.3,26.2,4.5,0,0,0,0,0,0,0,0,0,0,0,0,0,Utah
3551_2033,2033,49,3551,493551,42,0,42,15,2.8,11.2,26.2,4.6,0,0,0,0,0,0,0,0,0,0,0,0,0,Utah
3551_2034,2034,49,3551,493551,42,0,42,15,2.8,11.2,26.1,4.7,0,0,0,0,0,0,0,0,0,0,0,0,0,Utah
3551_2035,2035,49,3551,493551,42,0,42,15,2.8,11.1,26.1,4.8,0,0,0,0,0,0,0,0,0,0,0,0,0,Utah
3551_2036,2036,49,3551,493551,42,0,42,15,2.8,11.1,26,4.9,0,0,0,0,0,0,0,0,0,0,0,0,0,Utah
3551_2037,2037,49,3551,493551,42,0,42,15,2.8,11.2,25.8,5,0,0,0,0,0,0,0,0,0,0,0,0,0,Utah
3551_2038,2038,49,3551,493551,42,0,42,15,2.8,11.2,25.7,5.1,0,0,0,0,0,0,0,0,0,0,0,0,0,Utah
3551_2039,2039,49,3551,493551,42,0,42,15,2.8,11.3,25.5,5.2,0,0,0,0,0,0,0,0,0,0,0,0,0,Utah
3551_2040,2040,49,3551,493551,42,0,42,15,2.8,11.3,25.4,5.3,0,0,0,0,0,0,0,0,0,0,0,0,0,Utah
3551_2041,2041,49,3551,493551,42,0,42,15,2.8,11.4,25.2,5.4,0,0,0,0,0,0,0,0,0,0,0,0,0,Utah
3551_2042,2042,49,3551,493551,42,0,42,15,2.8,11.4,25.1,5.5,0,0,0,0,0,0,0,0,0,0,0,0,0,Utah
3551_2043,2043,49,3551,493551,42,0,42,15,2.8,11.5,24.9,5.6,0,0,0,0,0,0,0,0,0,0,0,0,0,Utah
3551_2044,2044,49,3551,493551,42,0,42,15,2.8,11.5,24.8,5.7,0,0,0,0,0,0,0,0,0,0,0,0,0,Utah
3551_2045,2045,49,3551,493551,42,0,42,15,2.8,11.5,24.8,5.7,0,0,0,0,0,0,0,0,0,0,0,0,0,Utah
3551_2046,2046,49,3551,493551,42,0,42,15,2.8,11.5,24.7,5.8,0,0,0,0,0,0,0,0,0,0,0,0,0,Utah
3551_2047,2047,49,3551,493551,42,0,42,15,2.8,11.5,24.6,5.9,0,0,0,0,0,0,0,0,0,0,0,0,0,Utah
3551_2048,2048,49,3551,493551,42,0,42,15,2.8,11.4,24.6,6,0,0,0,0,0,0,0,0,0,0,0,0,0,Utah
3551_2049,2049,49,3551,493551,42,0,42,15,2.8,11.4,24.5,6.1,0,0,0,0,0,0,0,0,0,0,0,0,0,Utah
3551_2050,2050,49,3551,493551,42,0,42,15,2.8,11.3,24.6,6.1,0,0,0,0,0,0,0,0,0,0,0,0,0,Utah
3551_2051,2051,49,3551,493551,42,0,42,15,2.8,11.2,24.6,6.2,0,0,0,0,0,0,0,0,0,0,0,0,0,Utah
3551_2052,2052,49,3551,493551,42,0,42,15,2.8,11.1,24.6,6.3,0,0,0,0,0,0,0,0,0,0,0,0,0,Utah
3551_2053,2053,49,3551,493551,42,0,42,15,2.8,11,24.6,6.4,0,0,0,0,0,0,0,0,0,0,0,0,0,Utah
3551_2054,2054,49,3551,493551,42,0,42,15,2.8,10.9,24.6,6.5,0,0,0,0,0,0,0,0,0,0,0,0,0,Utah
3551_2055,2055,49,3551,493551,42,0,42,15,2.8,10.7,24.7,6.6,0,0,0,0,0,0,0,0,0,0,0,0,0,Utah
3551_2056,2056,49,3551,493551,42,0,42,15,2.8,10.6,24.7,6.7,0,0,0,0,0,0,0,0,0,0,0,0,0,Utah
3551_2057,2057,49,3551,493551,42,0,42,15,2.8,10.5,24.7,6.8,0,0,0,0,0,0,0,0,0,0,0,0,0,Utah
3551_2058,2058,49,3551,493551,42,0,42,15,2.8,10.4,24.7,6.9,0,0,0,0,0,0,0,0,0,0,0,0,0,Utah
3551_2059,2059,49,3551,493551,42,0,42,15,2.8,10.3,24.8,6.9,0,0,0,0,0,0,0,0,0,0,0,0,0,Utah
3551_2060,2060,49,3551,493551,42,0,42,15,2.8,10.2,24.8,7,0,0,0,0,0,0,0,0,0,0,0,0,0,Utah
3555_2010,2010,49,3555,493555,9,0,9,5,1.8,3.2,5.2,0.6,0,0,0,0,0,0,0,0,0,0,0,0,0,Utah
3555_2011,2011,49,3555,493555,9,0,9,5,1.8,3.1,5.3,0.6,0,0,0,0,0,0,0,0,0,0,0,0,0,Utah
3555_2012,2012,49,3555,493555,9,0,9,5,1.8,3.1,5.3,0.6,0,0,0,0,0,0,0,0,0,0,0,0,0,Utah
3555_2013,2013,49,3555,493555,9,0,9,5,1.8,3.1,5.3,0.6,0,0,0,0,0,0,0,0,0,0,0,0,0,Utah
3555_2014,2014,49,3555,493555,9,0,9,5,1.8,3.1,5.3,0.6,0,0,0,0,0,0,0,0,0,0,0,0,0,Utah
3555_2015,2015,49,3555,493555,9,0,9,5,1.8,3.1,5.3,0.6,0,0,0,0,0,0,0,0,0,0,0,0,0,Utah
3555_2016,2016,49,3555,493555,9,0,9,5,1.8,3,5.3,0.7,0,0,0,0,0,0,0,0,0,0,0,0,0,Utah
3555_2017,2017,49,3555,493555,9,0,9,5,1.8,3,5.3,0.7,0,0,0,0,0,0,0,0,0,0,0,0,0,Utah
3555_2018,2018,49,3555,493555,9,0,9,5,1.8,3,5.3,0.7,0,0,0,0,0,0,0,0,0,0,0,0,0,Utah
3555_2019,2019,49,3555,493555,9,0,9,5,1.8,3,5.3,0.7,0,0,0,0,0,0,0,0,0,0,0,0,0,Utah
3555_2020,2020,49,3555,493555,9,0,9,5,1.8,2.9,5.4,0.7,0,0,0,0,0,0,0,0,0,0,0,0,0,Utah
3555_2021,2021,49,3555,493555,9,0,9,5,1.8,2.9,5.4,0.7,0,0,0,0,0,0,0,0,0,0,0,0,0,Utah
3555_2022,2022,49,3555,493555,9,0,9,5,1.8,2.8,5.5,0.7,0,0,0,0,0,0,0,0,0,0,0,0,0,Utah
3555_2023,2023,49,3555,493555,9,0,9,5,1.8,2.8,5.4,0.8,0,0,0,0,0,0,0,0,0,0,0,0,0,Utah
3555_2024,2024,49,3555,493555,9,0,9,5,1.8,2.7,5.5,0.8,0,0,0,0,0,0,0,0,0,0,0,0,0,Utah
3555_2025,2025,49,3555,493555,9,0,9,5,1.8,2.7,5.5,0.8,0,0,0,0,0,0,0,0,0,0,0,0,0,Utah
3555_2026,2026,49,3555,493555,9,0,9,5,1.8,2.6,5.6,0.8,0,0,0,0,0,0,0,0,0,0,0,0,0,Utah
3555_2027,2027,49,3555,493555,9,0,9,5,1.8,2.6,5.5,0.9,0,0,0,0,0,0,0,0,0,0,0,0,0,Utah
3555_2028,2028,49,3555,493555,9,0,9,5,1.8,2.5,5.6,0.9,0,0,0,0,0,0,0,0,0,0,0,0,0,Utah
3555_2029,2029,49,3555,493555,9,0,9,5,1.8,2.5,5.6,0.9,0,0,0,0,0,0,0,0,0,0,0,0,0,Utah
3555_2030,2030,49,3555,493555,9,0,9,5,1.8,2.5,5.6,0.9,0,0,0,0,0,0,0,0,0,0,0,0,0,Utah
3555_2031,2031,49,3555,493555,9,0,9,5,1.8,2.4,5.6,1,0,0,0,0,0,0,0,0,0,0,0,0,0,Utah
3555_2032,2032,49,3555,493555,9,0,9,5,1.8,2.4,5.6,1,0,0,0,0,0,0,0,0,0,0,0,0,0,Utah
3555_2033,2033,49,3555,493555,9,0,9,5,1.8,2.4,5.6,1,0,0,0,0,0,0,0,0,0,0,0,0,0,Utah
3555_2034,2034,49,3555,493555,9,0,9,5,1.8,2.4,5.6,1,0,0,0,0,0,0,0,0,0,0,0,0,0,Utah
3555_2035,2035,49,3555,493555,9,0,9,5,1.8,2.4,5.6,1,0,0,0,0,0,0,0,0,0,0,0,0,0,Utah
3555_2036,2036,49,3555,493555,9,0,9,5,1.8,2.4,5.5,1.1,0,0,0,0,0,0,0,0,0,0,0,0,0,Utah
3555_2037,2037,49,3555,493555,9,0,9,5,1.8,2.4,5.5,1.1,0,0,0,0,0,0,0,0,0,0,0,0,0,Utah
3555_2038,2038,49,3555,493555,9,0,9,5,1.8,2.4,5.5,1.1,0,0,0,0,0,0,0,0,0,0,0,0,0,Utah
3555_2039,2039,49,3555,493555,9,0,9,5,1.8,2.4,5.5,1.1,0,0,0,0,0,0,0,0,0,0,0,0,0,Utah
3555_2040,2040,49,3555,493555,9,0,9,5,1.8,2.4,5.5,1.1,0,0,0,0,0,0,0,0,0,0,0,0,0,Utah
3555_2041,2041,49,3555,493555,9,0,9,5,1.8,2.4,5.5,1.1,0,0,0,0,0,0,0,0,0,0,0,0,0,Utah
3555_2042,2042,49,3555,493555,9,0,9,5,1.8,2.4,5.4,1.2,0,0,0,0,0,0,0,0,0,0,0,0,0,Utah
3555_2043,2043,49,3555,493555,9,0,9,5,1.8,2.5,5.3,1.2,0,0,0,0,0,0,0,0,0,0,0,0,0,Utah
3555_2044,2044,49,3555,493555,9,0,9,5,1.8,2.5,5.3,1.2,0,0,0,0,0,0,0,0,0,0,0,0,0,Utah
3555_2045,2045,49,3555,493555,9,0,9,5,1.8,2.5,5.3,1.2,0,0,0,0,0,0,0,0,0,0,0,0,0,Utah
3555_2046,2046,49,3555,493555,9,0,9,5,1.8,2.5,5.3,1.2,0,0,0,0,0,0,0,0,0,0,0,0,0,Utah
3555_2047,2047,49,3555,493555,9,0,9,5,1.8,2.5,5.2,1.3,0,0,0,0,0,0,0,0,0,0,0,0,0,Utah
3555_2048,2048,49,3555,493555,9,0,9,5,1.8,2.4,5.3,1.3,0,0,0,0,0,0,0,0,0,0,0,0,0,Utah
3555_2049,2049,49,3555,493555,9,0,9,5,1.8,2.4,5.3,1.3,0,0,0,0,0,0,0,0,0,0,0,0,0,Utah
3555_2050,2050,49,3555,493555,9,0,9,5,1.8,2.4,5.3,1.3,0,0,0,0,0,0,0,0,0,0,0,0,0,Utah
3555_2051,2051,49,3555,493555,9,0,9,5,1.8,2.4,5.3,1.3,0,0,0,0,0,0,0,0,0,0,0,0,0,Utah
3555_2052,2052,49,3555,493555,9,0,9,5,1.8,2.4,5.2,1.4,0,0,0,0,0,0,0,0,0,0,0,0,0,Utah
3555_2053,2053,49,3555,493555,9,0,9,5,1.8,2.4,5.2,1.4,0,0,0,0,0,0,0,0,0,0,0,0,0,Utah
3555_2054,2054,49,3555,493555,9,0,9,5,1.8,2.3,5.3,1.4,0,0,0,0,0,0,0,0,0,0,0,0,0,Utah
3555_2055,2055,49,3555,493555,9,0,9,5,1.8,2.3,5.3,1.4,0,0,0,0,0,0,0,0,0,0,0,0,0,Utah
3555_2056,2056,49,3555,493555,9,0,9,5,1.8,2.3,5.3,1.4,0,0,0,0,0,0,0,0,0,0,0,0,0,Utah
3555_2057,2057,49,3555,493555,9,0,9,5,1.8,2.3,5.2,1.5,0,0,0,0,0,0,0,0,0,0,0,0,0,Utah
3555_2058,2058,49,3555,493555,9,0,9,5,1.8,2.2,5.3,1.5,0,0,0,0,0,0,0,0,0,0,0,0,0,Utah
3555_2059,2059,49,3555,493555,9,0,9,5,1.8,2.2,5.3,1.5,0,0,0,0,0,0,0,0,0,0,0,0,0,Utah
3555_2060,2060,49,3555,493555,9,0,9,5,1.8,2.2,5.3,1.5,0,0,0,0,0,0,0,0,0,0,0,0,0,Utah
3558_2010,2010,49,3558,493558,0,0,0,0,0,0,0,0,0,0,0,0,0,0,0,0,0,0,0,0,0,Utah
3558_2011,2011,49,3558,493558,0,0,0,0,0,0,0,0,0,0,0,0,0,0,0,0,0,0,0,0,0,Utah
3558_2012,2012,49,3558,493558,0,0,0,0,0,0,0,0,0,0,0,0,0,0,0,0,0,0,0,0,0,Utah
3558_2013,2013,49,3558,493558,0,0,0,0,0,0,0,0,0,0,0,0,0,0,0,0,0,0,0,0,0,Utah
3558_2014,2014,49,3558,493558,0,0,0,0,0,0,0,0,0,0,0,0,0,0,0,0,0,0,0,0,0,Utah
3558_2015,2015,49,3558,493558,0,0,0,0,0,0,0,0,0,0,0,0,0,0,0,0,0,0,0,0,0,Utah
3558_2016,2016,49,3558,493558,0,0,0,0,0,0,0,0,0,0,0,0,0,0,0,0,0,0,0,0,0,Utah
3558_2017,2017,49,3558,493558,0,0,0,0,0,0,0,0,0,0,0,0,0,0,0,0,0,0,0,0,0,Utah
3558_2018,2018,49,3558,493558,0,0,0,0,0,0,0,0,0,0,0,0,0,0,0,0,0,0,0,0,0,Utah
3558_2019,2019,49,3558,493558,0,0,0,0,0,0,0,0,0,0,0,0,0,0,0,0,0,0,0,0,0,Utah
3558_2020,2020,49,3558,493558,0,0,0,0,0,0,0,0,0,0,0,0,0,0,0,0,0,0,0,0,0,Utah
3558_2021,2021,49,3558,493558,0,0,0,0,0,0,0,0,0,0,0,0,0,0,0,0,0,0,0,0,0,Utah
3558_2022,2022,49,3558,493558,0,0,0,0,0,0,0,0,0,0,0,0,0,0,0,0,0,0,0,0,0,Utah
3558_2023,2023,49,3558,493558,0,0,0,0,0,0,0,0,0,0,0,0,0,0,0,0,0,0,0,0,0,Utah
3558_2024,2024,49,3558,493558,0,0,0,0,0,0,0,0,0,0,0,0,0,0,0,0,0,0,0,0,0,Utah
3558_2025,2025,49,3558,493558,0,0,0,0,0,0,0,0,0,0,0,0,0,0,0,0,0,0,0,0,0,Utah
3558_2026,2026,49,3558,493558,0,0,0,0,0,0,0,0,0,0,0,0,0,0,0,0,0,0,0,0,0,Utah
3558_2027,2027,49,3558,493558,0,0,0,0,0,0,0,0,0,0,0,0,0,0,0,0,0,0,0,0,0,Utah
3558_2028,2028,49,3558,493558,0,0,0,0,0,0,0,0,0,0,0,0,0,0,0,0,0,0,0,0,0,Utah
3558_2029,2029,49,3558,493558,0,0,0,0,0,0,0,0,0,0,0,0,0,0,0,0,0,0,0,0,0,Utah
3558_2030,2030,49,3558,493558,0,0,0,0,0,0,0,0,0,0,0,0,0,0,0,0,0,0,0,0,0,Utah
3558_2031,2031,49,3558,493558,0,0,0,0,0,0,0,0,0,0,0,0,0,0,0,0,0,0,0,0,0,Utah
3558_2032,2032,49,3558,493558,0,0,0,0,0,0,0,0,0,0,0,0,0,0,0,0,0,0,0,0,0,Utah
3558_2033,2033,49,3558,493558,0,0,0,0,0,0,0,0,0,0,0,0,0,0,0,0,0,0,0,0,0,Utah
3558_2034,2034,49,3558,493558,0,0,0,0,0,0,0,0,0,0,0,0,0,0,0,0,0,0,0,0,0,Utah
3558_2035,2035,49,3558,493558,0,0,0,0,0,0,0,0,0,0,0,0,0,0,0,0,0,0,0,0,0,Utah
3558_2036,2036,49,3558,493558,0,0,0,0,0,0,0,0,0,0,0,0,0,0,0,0,0,0,0,0,0,Utah
3558_2037,2037,49,3558,493558,0,0,0,0,0,0,0,0,0,0,0,0,0,0,0,0,0,0,0,0,0,Utah
3558_2038,2038,49,3558,493558,0,0,0,0,0,0,0,0,0,0,0,0,0,0,0,0,0,0,0,0,0,Utah
3558_2039,2039,49,3558,493558,0,0,0,0,0,0,0,0,0,0,0,0,0,0,0,0,0,0,0,0,0,Utah
3558_2040,2040,49,3558,493558,0,0,0,0,0,0,0,0,0,0,0,0,0,0,0,0,0,0,0,0,0,Utah
3558_2041,2041,49,3558,493558,0,0,0,0,0,0,0,0,0,0,0,0,0,0,0,0,0,0,0,0,0,Utah
3558_2042,2042,49,3558,493558,0,0,0,0,0,0,0,0,0,0,0,0,0,0,0,0,0,0,0,0,0,Utah
3558_2043,2043,49,3558,493558,0,0,0,0,0,0,0,0,0,0,0,0,0,0,0,0,0,0,0,0,0,Utah
3558_2044,2044,49,3558,493558,0,0,0,0,0,0,0,0,0,0,0,0,0,0,0,0,0,0,0,0,0,Utah
3558_2045,2045,49,3558,493558,0,0,0,0,0,0,0,0,0,0,0,0,0,0,0,0,0,0,0,0,0,Utah
3558_2046,2046,49,3558,493558,0,0,0,0,0,0,0,0,0,0,0,0,0,0,0,0,0,0,0,0,0,Utah
3558_2047,2047,49,3558,493558,0,0,0,0,0,0,0,0,0,0,0,0,0,0,0,0,0,0,0,0,0,Utah
3558_2048,2048,49,3558,493558,0,0,0,0,0,0,0,0,0,0,0,0,0,0,0,0,0,0,0,0,0,Utah
3558_2049,2049,49,3558,493558,0,0,0,0,0,0,0,0,0,0,0,0,0,0,0,0,0,0,0,0,0,Utah
3558_2050,2050,49,3558,493558,0,0,0,0,0,0,0,0,0,0,0,0,0,0,0,0,0,0,0,0,0,Utah
3558_2051,2051,49,3558,493558,0,0,0,0,0,0,0,0,0,0,0,0,0,0,0,0,0,0,0,0,0,Utah
3558_2052,2052,49,3558,493558,0,0,0,0,0,0,0,0,0,0,0,0,0,0,0,0,0,0,0,0,0,Utah
3558_2053,2053,49,3558,493558,0,0,0,0,0,0,0,0,0,0,0,0,0,0,0,0,0,0,0,0,0,Utah
3558_2054,2054,49,3558,493558,0,0,0,0,0,0,0,0,0,0,0,0,0,0,0,0,0,0,0,0,0,Utah
3558_2055,2055,49,3558,493558,0,0,0,0,0,0,0,0,0,0,0,0,0,0,0,0,0,0,0,0,0,Utah
3558_2056,2056,49,3558,493558,0,0,0,0,0,0,0,0,0,0,0,0,0,0,0,0,0,0,0,0,0,Utah
3558_2057,2057,49,3558,493558,0,0,0,0,0,0,0,0,0,0,0,0,0,0,0,0,0,0,0,0,0,Utah
3558_2058,2058,49,3558,493558,0,0,0,0,0,0,0,0,0,0,0,0,0,0,0,0,0,0,0,0,0,Utah
3558_2059,2059,49,3558,493558,0,0,0,0,0,0,0,0,0,0,0,0,0,0,0,0,0,0,0,0,0,Utah
3558_2060,2060,49,3558,493558,0,0,0,0,0,0,0,0,0,0,0,0,0,0,0,0,0,0,0,0,0,Utah
3552_2010,2010,49,3552,493552,0,0,0,0,0,0,0,0,0,0,0,0,0,0,0,0,0,0,0,0,0,Utah
3552_2011,2011,49,3552,493552,0,0,0,0,0,0,0,0,0,0,0,0,0,0,0,0,0,0,0,0,0,Utah
3552_2012,2012,49,3552,493552,0,0,0,0,0,0,0,0,0,0,0,0,0,0,0,0,0,0,0,0,0,Utah
3552_2013,2013,49,3552,493552,0,0,0,0,0,0,0,0,0,0,0,0,0,0,0,0,0,0,0,0,0,Utah
3552_2014,2014,49,3552,493552,0,0,0,0,0,0,0,0,0,0,0,0,0,0,0,0,0,0,0,0,0,Utah
3552_2015,2015,49,3552,493552,0,0,0,0,0,0,0,0,0,0,0,0,0,0,0,0,0,0,0,0,0,Utah
3552_2016,2016,49,3552,493552,0,0,0,0,0,0,0,0,0,0,0,0,0,0,0,0,0,0,0,0,0,Utah
3552_2017,2017,49,3552,493552,0,0,0,0,0,0,0,0,0,0,0,0,0,0,0,0,0,0,0,0,0,Utah
3552_2018,2018,49,3552,493552,0,0,0,0,0,0,0,0,0,0,0,0,0,0,0,0,0,0,0,0,0,Utah
3552_2019,2019,49,3552,493552,0,0,0,0,0,0,0,0,0,0,0,0,0,0,0,0,0,0,0,0,0,Utah
3552_2020,2020,49,3552,493552,0,0,0,0,0,0,0,0,0,0,0,0,0,0,0,0,0,0,0,0,0,Utah
3552_2021,2021,49,3552,493552,0,0,0,0,0,0,0,0,0,0,0,0,0,0,0,0,0,0,0,0,0,Utah
3552_2022,2022,49,3552,493552,0,0,0,0,0,0,0,0,0,0,0,0,0,0,0,0,0,0,0,0,0,Utah
3552_2023,2023,49,3552,493552,0,0,0,0,0,0,0,0,0,0,0,0,0,0,0,0,0,0,0,0,0,Utah
3552_2024,2024,49,3552,493552,0,0,0,0,0,0,0,0,0,0,0,0,0,0,0,0,0,0,0,0,0,Utah
3552_2025,2025,49,3552,493552,0,0,0,0,0,0,0,0,0,0,0,0,0,0,0,0,0,0,0,0,0,Utah
3552_2026,2026,49,3552,493552,0,0,0,0,0,0,0,0,0,0,0,0,0,0,0,0,0,0,0,0,0,Utah
3552_2027,2027,49,3552,493552,0,0,0,0,0,0,0,0,0,0,0,0,0,0,0,0,0,0,0,0,0,Utah
3552_2028,2028,49,3552,493552,0,0,0,0,0,0,0,0,0,0,0,0,0,0,0,0,0,0,0,0,0,Utah
3552_2029,2029,49,3552,493552,0,0,0,0,0,0,0,0,0,0,0,0,0,0,0,0,0,0,0,0,0,Utah
3552_2030,2030,49,3552,493552,0,0,0,0,0,0,0,0,0,0,0,0,0,0,0,0,0,0,0,0,0,Utah
3552_2031,2031,49,3552,493552,0,0,0,0,0,0,0,0,0,0,0,0,0,0,0,0,0,0,0,0,0,Utah
3552_2032,2032,49,3552,493552,0,0,0,0,0,0,0,0,0,0,0,0,0,0,0,0,0,0,0,0,0,Utah
3552_2033,2033,49,3552,493552,0,0,0,0,0,0,0,0,0,0,0,0,0,0,0,0,0,0,0,0,0,Utah
3552_2034,2034,49,3552,493552,0,0,0,0,0,0,0,0,0,0,0,0,0,0,0,0,0,0,0,0,0,Utah
3552_2035,2035,49,3552,493552,0,0,0,0,0,0,0,0,0,0,0,0,0,0,0,0,0,0,0,0,0,Utah
3552_2036,2036,49,3552,493552,0,0,0,0,0,0,0,0,0,0,0,0,0,0,0,0,0,0,0,0,0,Utah
3552_2037,2037,49,3552,493552,0,0,0,0,0,0,0,0,0,0,0,0,0,0,0,0,0,0,0,0,0,Utah
3552_2038,2038,49,3552,493552,0,0,0,0,0,0,0,0,0,0,0,0,0,0,0,0,0,0,0,0,0,Utah
3552_2039,2039,49,3552,493552,0,0,0,0,0,0,0,0,0,0,0,0,0,0,0,0,0,0,0,0,0,Utah
3552_2040,2040,49,3552,493552,0,0,0,0,0,0,0,0,0,0,0,0,0,0,0,0,0,0,0,0,0,Utah
3552_2041,2041,49,3552,493552,0,0,0,0,0,0,0,0,0,0,0,0,0,0,0,0,0,0,0,0,0,Utah
3552_2042,2042,49,3552,493552,0,0,0,0,0,0,0,0,0,0,0,0,0,0,0,0,0,0,0,0,0,Utah
3552_2043,2043,49,3552,493552,0,0,0,0,0,0,0,0,0,0,0,0,0,0,0,0,0,0,0,0,0,Utah
3552_2044,2044,49,3552,493552,0,0,0,0,0,0,0,0,0,0,0,0,0,0,0,0,0,0,0,0,0,Utah
3552_2045,2045,49,3552,493552,0,0,0,0,0,0,0,0,0,0,0,0,0,0,0,0,0,0,0,0,0,Utah
3552_2046,2046,49,3552,493552,0,0,0,0,0,0,0,0,0,0,0,0,0,0,0,0,0,0,0,0,0,Utah
3552_2047,2047,49,3552,493552,0,0,0,0,0,0,0,0,0,0,0,0,0,0,0,0,0,0,0,0,0,Utah
3552_2048,2048,49,3552,493552,0,0,0,0,0,0,0,0,0,0,0,0,0,0,0,0,0,0,0,0,0,Utah
3552_2049,2049,49,3552,493552,0,0,0,0,0,0,0,0,0,0,0,0,0,0,0,0,0,0,0,0,0,Utah
3552_2050,2050,49,3552,493552,0,0,0,0,0,0,0,0,0,0,0,0,0,0,0,0,0,0,0,0,0,Utah
3552_2051,2051,49,3552,493552,0,0,0,0,0,0,0,0,0,0,0,0,0,0,0,0,0,0,0,0,0,Utah
3552_2052,2052,49,3552,493552,0,0,0,0,0,0,0,0,0,0,0,0,0,0,0,0,0,0,0,0,0,Utah
3552_2053,2053,49,3552,493552,0,0,0,0,0,0,0,0,0,0,0,0,0,0,0,0,0,0,0,0,0,Utah
3552_2054,2054,49,3552,493552,0,0,0,0,0,0,0,0,0,0,0,0,0,0,0,0,0,0,0,0,0,Utah
3552_2055,2055,49,3552,493552,0,0,0,0,0,0,0,0,0,0,0,0,0,0,0,0,0,0,0,0,0,Utah
3552_2056,2056,49,3552,493552,0,0,0,0,0,0,0,0,0,0,0,0,0,0,0,0,0,0,0,0,0,Utah
3552_2057,2057,49,3552,493552,0,0,0,0,0,0,0,0,0,0,0,0,0,0,0,0,0,0,0,0,0,Utah
3552_2058,2058,49,3552,493552,0,0,0,0,0,0,0,0,0,0,0,0,0,0,0,0,0,0,0,0,0,Utah
3552_2059,2059,49,3552,493552,0,0,0,0,0,0,0,0,0,0,0,0,0,0,0,0,0,0,0,0,0,Utah
3552_2060,2060,49,3552,493552,0,0,0,0,0,0,0,0,0,0,0,0,0,0,0,0,0,0,0,0,0,Utah
3554_2010,2010,49,3554,493554,0,0,0,0,0,0,0,0,0,0,0,0,0,0,0,0,0,0,0,0,0,Utah
3554_2011,2011,49,3554,493554,0,0,0,0,0,0,0,0,0,0,0,0,0,0,0,0,0,0,0,0,0,Utah
3554_2012,2012,49,3554,493554,0,0,0,0,0,0,0,0,0,0,0,0,0,0,0,0,0,0,0,0,0,Utah
3554_2013,2013,49,3554,493554,0,0,0,0,0,0,0,0,0,0,0,0,0,0,0,0,0,0,0,0,0,Utah
3554_2014,2014,49,3554,493554,0,0,0,0,0,0,0,0,0,0,0,0,0,0,0,0,0,0,0,0,0,Utah
3554_2015,2015,49,3554,493554,0,0,0,0,0,0,0,0,0,0,0,0,0,0,0,0,0,0,0,0,0,Utah
3554_2016,2016,49,3554,493554,0,0,0,0,0,0,0,0,0,0,0,0,0,0,0,0,0,0,0,0,0,Utah
3554_2017,2017,49,3554,493554,0,0,0,0,0,0,0,0,0,0,0,0,0,0,0,0,0,0,0,0,0,Utah
3554_2018,2018,49,3554,493554,0,0,0,0,0,0,0,0,0,0,0,0,0,0,0,0,0,0,0,0,0,Utah
3554_2019,2019,49,3554,493554,0,0,0,0,0,0,0,0,0,0,0,0,0,0,0,0,0,0,0,0,0,Utah
3554_2020,2020,49,3554,493554,0,0,0,0,0,0,0,0,0,0,0,0,0,0,0,0,0,0,0,0,0,Utah
3554_2021,2021,49,3554,493554,0,0,0,0,0,0,0,0,0,0,0,0,0,0,0,0,0,0,0,0,0,Utah
3554_2022,2022,49,3554,493554,0,0,0,0,0,0,0,0,0,0,0,0,0,0,0,0,0,0,0,0,0,Utah
3554_2023,2023,49,3554,493554,0,0,0,0,0,0,0,0,0,0,0,0,0,0,0,0,0,0,0,0,0,Utah
3554_2024,2024,49,3554,493554,0,0,0,0,0,0,0,0,0,0,0,0,0,0,0,0,0,0,0,0,0,Utah
3554_2025,2025,49,3554,493554,0,0,0,0,0,0,0,0,0,0,0,0,0,0,0,0,0,0,0,0,0,Utah
3554_2026,2026,49,3554,493554,0,0,0,0,0,0,0,0,0,0,0,0,0,0,0,0,0,0,0,0,0,Utah
3554_2027,2027,49,3554,493554,0,0,0,0,0,0,0,0,0,0,0,0,0,0,0,0,0,0,0,0,0,Utah
3554_2028,2028,49,3554,493554,0,0,0,0,0,0,0,0,0,0,0,0,0,0,0,0,0,0,0,0,0,Utah
3554_2029,2029,49,3554,493554,0,0,0,0,0,0,0,0,0,0,0,0,0,0,0,0,0,0,0,0,0,Utah
3554_2030,2030,49,3554,493554,0,0,0,0,0,0,0,0,0,0,0,0,0,0,0,0,0,0,0,0,0,Utah
3554_2031,2031,49,3554,493554,0,0,0,0,0,0,0,0,0,0,0,0,0,0,0,0,0,0,0,0,0,Utah
3554_2032,2032,49,3554,493554,0,0,0,0,0,0,0,0,0,0,0,0,0,0,0,0,0,0,0,0,0,Utah
3554_2033,2033,49,3554,493554,0,0,0,0,0,0,0,0,0,0,0,0,0,0,0,0,0,0,0,0,0,Utah
3554_2034,2034,49,3554,493554,0,0,0,0,0,0,0,0,0,0,0,0,0,0,0,0,0,0,0,0,0,Utah
3554_2035,2035,49,3554,493554,0,0,0,0,0,0,0,0,0,0,0,0,0,0,0,0,0,0,0,0,0,Utah
3554_2036,2036,49,3554,493554,0,0,0,0,0,0,0,0,0,0,0,0,0,0,0,0,0,0,0,0,0,Utah
3554_2037,2037,49,3554,493554,0,0,0,0,0,0,0,0,0,0,0,0,0,0,0,0,0,0,0,0,0,Utah
3554_2038,2038,49,3554,493554,0,0,0,0,0,0,0,0,0,0,0,0,0,0,0,0,0,0,0,0,0,Utah
3554_2039,2039,49,3554,493554,0,0,0,0,0,0,0,0,0,0,0,0,0,0,0,0,0,0,0,0,0,Utah
3554_2040,2040,49,3554,493554,0,0,0,0,0,0,0,0,0,0,0,0,0,0,0,0,0,0,0,0,0,Utah
3554_2041,2041,49,3554,493554,0,0,0,0,0,0,0,0,0,0,0,0,0,0,0,0,0,0,0,0,0,Utah
3554_2042,2042,49,3554,493554,0,0,0,0,0,0,0,0,0,0,0,0,0,0,0,0,0,0,0,0,0,Utah
3554_2043,2043,49,3554,493554,0,0,0,0,0,0,0,0,0,0,0,0,0,0,0,0,0,0,0,0,0,Utah
3554_2044,2044,49,3554,493554,0,0,0,0,0,0,0,0,0,0,0,0,0,0,0,0,0,0,0,0,0,Utah
3554_2045,2045,49,3554,493554,0,0,0,0,0,0,0,0,0,0,0,0,0,0,0,0,0,0,0,0,0,Utah
3554_2046,2046,49,3554,493554,0,0,0,0,0,0,0,0,0,0,0,0,0,0,0,0,0,0,0,0,0,Utah
3554_2047,2047,49,3554,493554,0,0,0,0,0,0,0,0,0,0,0,0,0,0,0,0,0,0,0,0,0,Utah
3554_2048,2048,49,3554,493554,0,0,0,0,0,0,0,0,0,0,0,0,0,0,0,0,0,0,0,0,0,Utah
3554_2049,2049,49,3554,493554,0,0,0,0,0,0,0,0,0,0,0,0,0,0,0,0,0,0,0,0,0,Utah
3554_2050,2050,49,3554,493554,0,0,0,0,0,0,0,0,0,0,0,0,0,0,0,0,0,0,0,0,0,Utah
3554_2051,2051,49,3554,493554,0,0,0,0,0,0,0,0,0,0,0,0,0,0,0,0,0,0,0,0,0,Utah
3554_2052,2052,49,3554,493554,0,0,0,0,0,0,0,0,0,0,0,0,0,0,0,0,0,0,0,0,0,Utah
3554_2053,2053,49,3554,493554,0,0,0,0,0,0,0,0,0,0,0,0,0,0,0,0,0,0,0,0,0,Utah
3554_2054,2054,49,3554,493554,0,0,0,0,0,0,0,0,0,0,0,0,0,0,0,0,0,0,0,0,0,Utah
3554_2055,2055,49,3554,493554,0,0,0,0,0,0,0,0,0,0,0,0,0,0,0,0,0,0,0,0,0,Utah
3554_2056,2056,49,3554,493554,0,0,0,0,0,0,0,0,0,0,0,0,0,0,0,0,0,0,0,0,0,Utah
3554_2057,2057,49,3554,493554,0,0,0,0,0,0,0,0,0,0,0,0,0,0,0,0,0,0,0,0,0,Utah
3554_2058,2058,49,3554,493554,0,0,0,0,0,0,0,0,0,0,0,0,0,0,0,0,0,0,0,0,0,Utah
3554_2059,2059,49,3554,493554,0,0,0,0,0,0,0,0,0,0,0,0,0,0,0,0,0,0,0,0,0,Utah
3554_2060,2060,49,3554,493554,0,0,0,0,0,0,0,0,0,0,0,0,0,0,0,0,0,0,0,0,0,Utah
3553_2010,2010,49,3553,493553,0,0,0,0,0,0,0,0,0,0,0,0,0,0,0,0,0,0,0,0,0,Utah
3553_2011,2011,49,3553,493553,0,0,0,0,0,0,0,0,0,0,0,0,0,0,0,0,0,0,0,0,0,Utah
3553_2012,2012,49,3553,493553,0,0,0,0,0,0,0,0,0,0,0,0,0,0,0,0,0,0,0,0,0,Utah
3553_2013,2013,49,3553,493553,0,0,0,0,0,0,0,0,0,0,0,0,0,0,0,0,0,0,0,0,0,Utah
3553_2014,2014,49,3553,493553,0,0,0,0,0,0,0,0,0,0,0,0,0,0,0,0,0,0,0,0,0,Utah
3553_2015,2015,49,3553,493553,0,0,0,0,0,0,0,0,0,0,0,0,0,0,0,0,0,0,0,0,0,Utah
3553_2016,2016,49,3553,493553,0,0,0,0,0,0,0,0,0,0,0,0,0,0,0,0,0,0,0,0,0,Utah
3553_2017,2017,49,3553,493553,0,0,0,0,0,0,0,0,0,0,0,0,0,0,0,0,0,0,0,0,0,Utah
3553_2018,2018,49,3553,493553,0,0,0,0,0,0,0,0,0,0,0,0,0,0,0,0,0,0,0,0,0,Utah
3553_2019,2019,49,3553,493553,0,0,0,0,0,0,0,0,0,0,0,0,0,0,0,0,0,0,0,0,0,Utah
3553_2020,2020,49,3553,493553,0,0,0,0,0,0,0,0,0,0,0,0,0,0,0,0,0,0,0,0,0,Utah
3553_2021,2021,49,3553,493553,0,0,0,0,0,0,0,0,0,0,0,0,0,0,0,0,0,0,0,0,0,Utah
3553_2022,2022,49,3553,493553,0,0,0,0,0,0,0,0,0,0,0,0,0,0,0,0,0,0,0,0,0,Utah
3553_2023,2023,49,3553,493553,0,0,0,0,0,0,0,0,0,0,0,0,0,0,0,0,0,0,0,0,0,Utah
3553_2024,2024,49,3553,493553,0,0,0,0,0,0,0,0,0,0,0,0,0,0,0,0,0,0,0,0,0,Utah
3553_2025,2025,49,3553,493553,0,0,0,0,0,0,0,0,0,0,0,0,0,0,0,0,0,0,0,0,0,Utah
3553_2026,2026,49,3553,493553,0,0,0,0,0,0,0,0,0,0,0,0,0,0,0,0,0,0,0,0,0,Utah
3553_2027,2027,49,3553,493553,0,0,0,0,0,0,0,0,0,0,0,0,0,0,0,0,0,0,0,0,0,Utah
3553_2028,2028,49,3553,493553,0,0,0,0,0,0,0,0,0,0,0,0,0,0,0,0,0,0,0,0,0,Utah
3553_2029,2029,49,3553,493553,0,0,0,0,0,0,0,0,0,0,0,0,0,0,0,0,0,0,0,0,0,Utah
3553_2030,2030,49,3553,493553,0,0,0,0,0,0,0,0,0,0,0,0,0,0,0,0,0,0,0,0,0,Utah
3553_2031,2031,49,3553,493553,0,0,0,0,0,0,0,0,0,0,0,0,0,0,0,0,0,0,0,0,0,Utah
3553_2032,2032,49,3553,493553,0,0,0,0,0,0,0,0,0,0,0,0,0,0,0,0,0,0,0,0,0,Utah
3553_2033,2033,49,3553,493553,0,0,0,0,0,0,0,0,0,0,0,0,0,0,0,0,0,0,0,0,0,Utah
3553_2034,2034,49,3553,493553,0,0,0,0,0,0,0,0,0,0,0,0,0,0,0,0,0,0,0,0,0,Utah
3553_2035,2035,49,3553,493553,0,0,0,0,0,0,0,0,0,0,0,0,0,0,0,0,0,0,0,0,0,Utah
3553_2036,2036,49,3553,493553,0,0,0,0,0,0,0,0,0,0,0,0,0,0,0,0,0,0,0,0,0,Utah
3553_2037,2037,49,3553,493553,0,0,0,0,0,0,0,0,0,0,0,0,0,0,0,0,0,0,0,0,0,Utah
3553_2038,2038,49,3553,493553,0,0,0,0,0,0,0,0,0,0,0,0,0,0,0,0,0,0,0,0,0,Utah
3553_2039,2039,49,3553,493553,0,0,0,0,0,0,0,0,0,0,0,0,0,0,0,0,0,0,0,0,0,Utah
3553_2040,2040,49,3553,493553,0,0,0,0,0,0,0,0,0,0,0,0,0,0,0,0,0,0,0,0,0,Utah
3553_2041,2041,49,3553,493553,0,0,0,0,0,0,0,0,0,0,0,0,0,0,0,0,0,0,0,0,0,Utah
3553_2042,2042,49,3553,493553,0,0,0,0,0,0,0,0,0,0,0,0,0,0,0,0,0,0,0,0,0,Utah
3553_2043,2043,49,3553,493553,0,0,0,0,0,0,0,0,0,0,0,0,0,0,0,0,0,0,0,0,0,Utah
3553_2044,2044,49,3553,493553,0,0,0,0,0,0,0,0,0,0,0,0,0,0,0,0,0,0,0,0,0,Utah
3553_2045,2045,49,3553,493553,0,0,0,0,0,0,0,0,0,0,0,0,0,0,0,0,0,0,0,0,0,Utah
3553_2046,2046,49,3553,493553,0,0,0,0,0,0,0,0,0,0,0,0,0,0,0,0,0,0,0,0,0,Utah
3553_2047,2047,49,3553,493553,0,0,0,0,0,0,0,0,0,0,0,0,0,0,0,0,0,0,0,0,0,Utah
3553_2048,2048,49,3553,493553,0,0,0,0,0,0,0,0,0,0,0,0,0,0,0,0,0,0,0,0,0,Utah
3553_2049,2049,49,3553,493553,0,0,0,0,0,0,0,0,0,0,0,0,0,0,0,0,0,0,0,0,0,Utah
3553_2050,2050,49,3553,493553,0,0,0,0,0,0,0,0,0,0,0,0,0,0,0,0,0,0,0,0,0,Utah
3553_2051,2051,49,3553,493553,0,0,0,0,0,0,0,0,0,0,0,0,0,0,0,0,0,0,0,0,0,Utah
3553_2052,2052,49,3553,493553,0,0,0,0,0,0,0,0,0,0,0,0,0,0,0,0,0,0,0,0,0,Utah
3553_2053,2053,49,3553,493553,0,0,0,0,0,0,0,0,0,0,0,0,0,0,0,0,0,0,0,0,0,Utah
3553_2054,2054,49,3553,493553,0,0,0,0,0,0,0,0,0,0,0,0,0,0,0,0,0,0,0,0,0,Utah
3553_2055,2055,49,3553,493553,0,0,0,0,0,0,0,0,0,0,0,0,0,0,0,0,0,0,0,0,0,Utah
3553_2056,2056,49,3553,493553,0,0,0,0,0,0,0,0,0,0,0,0,0,0,0,0,0,0,0,0,0,Utah
3553_2057,2057,49,3553,493553,0,0,0,0,0,0,0,0,0,0,0,0,0,0,0,0,0,0,0,0,0,Utah
3553_2058,2058,49,3553,493553,0,0,0,0,0,0,0,0,0,0,0,0,0,0,0,0,0,0,0,0,0,Utah
3553_2059,2059,49,3553,493553,0,0,0,0,0,0,0,0,0,0,0,0,0,0,0,0,0,0,0,0,0,Utah
3553_2060,2060,49,3553,493553,0,0,0,0,0,0,0,0,0,0,0,0,0,0,0,0,0,0,0,0,0,Utah
3550_2010,2010,49,3550,493550,0,0,0,0,0,0,0,0,0,0,0,0,0,0,0,0,0,0,0,0,0,Utah
3550_2011,2011,49,3550,493550,0,0,0,0,0,0,0,0,0,0,0,0,0,0,0,0,0,0,0,0,0,Utah
3550_2012,2012,49,3550,493550,0,0,0,0,0,0,0,0,0,0,0,0,0,0,0,0,0,0,0,0,0,Utah
3550_2013,2013,49,3550,493550,0,0,0,0,0,0,0,0,0,0,0,0,0,0,0,0,0,0,0,0,0,Utah
3550_2014,2014,49,3550,493550,0,0,0,0,0,0,0,0,0,0,0,0,0,0,0,0,0,0,0,0,0,Utah
3550_2015,2015,49,3550,493550,0,0,0,0,0,0,0,0,0,0,0,0,0,0,0,0,0,0,0,0,0,Utah
3550_2016,2016,49,3550,493550,0,0,0,0,0,0,0,0,0,0,0,0,0,0,0,0,0,0,0,0,0,Utah
3550_2017,2017,49,3550,493550,0,0,0,0,0,0,0,0,0,0,0,0,0,0,0,0,0,0,0,0,0,Utah
3550_2018,2018,49,3550,493550,0,0,0,0,0,0,0,0,0,0,0,0,0,0,0,0,0,0,0,0,0,Utah
3550_2019,2019,49,3550,493550,0,0,0,0,0,0,0,0,0,0,0,0,0,0,0,0,0,0,0,0,0,Utah
3550_2020,2020,49,3550,493550,0,0,0,0,0,0,0,0,0,0,0,0,0,0,0,0,0,0,0,0,0,Utah
3550_2021,2021,49,3550,493550,0,0,0,0,0,0,0,0,0,0,0,0,0,0,0,0,0,0,0,0,0,Utah
3550_2022,2022,49,3550,493550,0,0,0,0,0,0,0,0,0,0,0,0,0,0,0,0,0,0,0,0,0,Utah
3550_2023,2023,49,3550,493550,0,0,0,0,0,0,0,0,0,0,0,0,0,0,0,0,0,0,0,0,0,Utah
3550_2024,2024,49,3550,493550,0,0,0,0,0,0,0,0,0,0,0,0,0,0,0,0,0,0,0,0,0,Utah
3550_2025,2025,49,3550,493550,0,0,0,0,0,0,0,0,0,0,0,0,0,0,0,0,0,0,0,0,0,Utah
3550_2026,2026,49,3550,493550,0,0,0,0,0,0,0,0,0,0,0,0,0,0,0,0,0,0,0,0,0,Utah
3550_2027,2027,49,3550,493550,0,0,0,0,0,0,0,0,0,0,0,0,0,0,0,0,0,0,0,0,0,Utah
3550_2028,2028,49,3550,493550,0,0,0,0,0,0,0,0,0,0,0,0,0,0,0,0,0,0,0,0,0,Utah
3550_2029,2029,49,3550,493550,0,0,0,0,0,0,0,0,0,0,0,0,0,0,0,0,0,0,0,0,0,Utah
3550_2030,2030,49,3550,493550,0,0,0,0,0,0,0,0,0,0,0,0,0,0,0,0,0,0,0,0,0,Utah
3550_2031,2031,49,3550,493550,0,0,0,0,0,0,0,0,0,0,0,0,0,0,0,0,0,0,0,0,0,Utah
3550_2032,2032,49,3550,493550,0,0,0,0,0,0,0,0,0,0,0,0,0,0,0,0,0,0,0,0,0,Utah
3550_2033,2033,49,3550,493550,0,0,0,0,0,0,0,0,0,0,0,0,0,0,0,0,0,0,0,0,0,Utah
3550_2034,2034,49,3550,493550,0,0,0,0,0,0,0,0,0,0,0,0,0,0,0,0,0,0,0,0,0,Utah
3550_2035,2035,49,3550,493550,0,0,0,0,0,0,0,0,0,0,0,0,0,0,0,0,0,0,0,0,0,Utah
3550_2036,2036,49,3550,493550,0,0,0,0,0,0,0,0,0,0,0,0,0,0,0,0,0,0,0,0,0,Utah
3550_2037,2037,49,3550,493550,0,0,0,0,0,0,0,0,0,0,0,0,0,0,0,0,0,0,0,0,0,Utah
3550_2038,2038,49,3550,493550,0,0,0,0,0,0,0,0,0,0,0,0,0,0,0,0,0,0,0,0,0,Utah
3550_2039,2039,49,3550,493550,0,0,0,0,0,0,0,0,0,0,0,0,0,0,0,0,0,0,0,0,0,Utah
3550_2040,2040,49,3550,493550,0,0,0,0,0,0,0,0,0,0,0,0,0,0,0,0,0,0,0,0,0,Utah
3550_2041,2041,49,3550,493550,0,0,0,0,0,0,0,0,0,0,0,0,0,0,0,0,0,0,0,0,0,Utah
3550_2042,2042,49,3550,493550,0,0,0,0,0,0,0,0,0,0,0,0,0,0,0,0,0,0,0,0,0,Utah
3550_2043,2043,49,3550,493550,0,0,0,0,0,0,0,0,0,0,0,0,0,0,0,0,0,0,0,0,0,Utah
3550_2044,2044,49,3550,493550,0,0,0,0,0,0,0,0,0,0,0,0,0,0,0,0,0,0,0,0,0,Utah
3550_2045,2045,49,3550,493550,0,0,0,0,0,0,0,0,0,0,0,0,0,0,0,0,0,0,0,0,0,Utah
3550_2046,2046,49,3550,493550,0,0,0,0,0,0,0,0,0,0,0,0,0,0,0,0,0,0,0,0,0,Utah
3550_2047,2047,49,3550,493550,0,0,0,0,0,0,0,0,0,0,0,0,0,0,0,0,0,0,0,0,0,Utah
3550_2048,2048,49,3550,493550,0,0,0,0,0,0,0,0,0,0,0,0,0,0,0,0,0,0,0,0,0,Utah
3550_2049,2049,49,3550,493550,0,0,0,0,0,0,0,0,0,0,0,0,0,0,0,0,0,0,0,0,0,Utah
3550_2050,2050,49,3550,493550,0,0,0,0,0,0,0,0,0,0,0,0,0,0,0,0,0,0,0,0,0,Utah
3550_2051,2051,49,3550,493550,0,0,0,0,0,0,0,0,0,0,0,0,0,0,0,0,0,0,0,0,0,Utah
3550_2052,2052,49,3550,493550,0,0,0,0,0,0,0,0,0,0,0,0,0,0,0,0,0,0,0,0,0,Utah
3550_2053,2053,49,3550,493550,0,0,0,0,0,0,0,0,0,0,0,0,0,0,0,0,0,0,0,0,0,Utah
3550_2054,2054,49,3550,493550,0,0,0,0,0,0,0,0,0,0,0,0,0,0,0,0,0,0,0,0,0,Utah
3550_2055,2055,49,3550,493550,0,0,0,0,0,0,0,0,0,0,0,0,0,0,0,0,0,0,0,0,0,Utah
3550_2056,2056,49,3550,493550,0,0,0,0,0,0,0,0,0,0,0,0,0,0,0,0,0,0,0,0,0,Utah
3550_2057,2057,49,3550,493550,0,0,0,0,0,0,0,0,0,0,0,0,0,0,0,0,0,0,0,0,0,Utah
3550_2058,2058,49,3550,493550,0,0,0,0,0,0,0,0,0,0,0,0,0,0,0,0,0,0,0,0,0,Utah
3550_2059,2059,49,3550,493550,0,0,0,0,0,0,0,0,0,0,0,0,0,0,0,0,0,0,0,0,0,Utah
3550_2060,2060,49,3550,493550,0,0,0,0,0,0,0,0,0,0,0,0,0,0,0,0,0,0,0,0,0,Utah
3562_2010,2010,49,3562,493562,6,0,6,1,6,2.1,3.5,0.4,0,0,0,0,0,0,0,0,0,0,0,0,0,Utah
3562_2011,2011,49,3562,493562,6,0,6,1,6,2.1,3.5,0.4,0,0,0,0,0,0,0,0,0,0,0,0,0,Utah
3562_2012,2012,49,3562,493562,6,0,6,1,6,2.1,3.5,0.4,0,0,0,0,0,0,0,0,0,0,0,0,0,Utah
3562_2013,2013,49,3562,493562,6,0,6,1,6,2.1,3.5,0.4,0,0,0,0,0,0,0,0,0,0,0,0,0,Utah
3562_2014,2014,49,3562,493562,6,0,6,1,6,2.1,3.5,0.4,0,0,0,0,0,0,0,0,0,0,0,0,0,Utah
3562_2015,2015,49,3562,493562,6,0,6,1,6,2,3.6,0.4,0,0,0,0,0,0,0,0,0,0,0,0,0,Utah
3562_2016,2016,49,3562,493562,6,0,6,1,6,2,3.6,0.4,0,0,0,0,0,0,0,0,0,0,0,0,0,Utah
3562_2017,2017,49,3562,493562,6,0,6,1,6,2,3.6,0.4,0,0,0,0,0,0,0,0,0,0,0,0,0,Utah
3562_2018,2018,49,3562,493562,6,0,6,1,6,2,3.5,0.5,0,0,0,0,0,0,0,0,0,0,0,0,0,Utah
3562_2019,2019,49,3562,493562,6,0,6,1,6,2,3.5,0.5,0,0,0,0,0,0,0,0,0,0,0,0,0,Utah
3562_2020,2020,49,3562,493562,6,0,6,1,6,2,3.5,0.5,0,0,0,0,0,0,0,0,0,0,0,0,0,Utah
3562_2021,2021,49,3562,493562,6,0,6,1,6,1.9,3.6,0.5,0,0,0,0,0,0,0,0,0,0,0,0,0,Utah
3562_2022,2022,49,3562,493562,6,0,6,1,6,1.9,3.6,0.5,0,0,0,0,0,0,0,0,0,0,0,0,0,Utah
3562_2023,2023,49,3562,493562,6,0,6,1,6,1.9,3.6,0.5,0,0,0,0,0,0,0,0,0,0,0,0,0,Utah
3562_2024,2024,49,3562,493562,6,0,6,1,6,1.8,3.7,0.5,0,0,0,0,0,0,0,0,0,0,0,0,0,Utah
3562_2025,2025,49,3562,493562,6,0,6,1,6,1.8,3.7,0.5,0,0,0,0,0,0,0,0,0,0,0,0,0,Utah
3562_2026,2026,49,3562,493562,6,0,6,1,6,1.8,3.6,0.6,0,0,0,0,0,0,0,0,0,0,0,0,0,Utah
3562_2027,2027,49,3562,493562,6,0,6,1,6,1.7,3.7,0.6,0,0,0,0,0,0,0,0,0,0,0,0,0,Utah
3562_2028,2028,49,3562,493562,6,0,6,1,6,1.7,3.7,0.6,0,0,0,0,0,0,0,0,0,0,0,0,0,Utah
3562_2029,2029,49,3562,493562,6,0,6,1,6,1.7,3.7,0.6,0,0,0,0,0,0,0,0,0,0,0,0,0,Utah
3562_2030,2030,49,3562,493562,6,0,6,1,6,1.6,3.8,0.6,0,0,0,0,0,0,0,0,0,0,0,0,0,Utah
3562_2031,2031,49,3562,493562,6,0,6,1,6,1.6,3.8,0.6,0,0,0,0,0,0,0,0,0,0,0,0,0,Utah
3562_2032,2032,49,3562,493562,6,0,6,1,6,1.6,3.8,0.6,0,0,0,0,0,0,0,0,0,0,0,0,0,Utah
3562_2033,2033,49,3562,493562,6,0,6,1,6,1.6,3.7,0.7,0,0,0,0,0,0,0,0,0,0,0,0,0,Utah
3562_2034,2034,49,3562,493562,6,0,6,1,6,1.6,3.7,0.7,0,0,0,0,0,0,0,0,0,0,0,0,0,Utah
3562_2035,2035,49,3562,493562,6,0,6,1,6,1.6,3.7,0.7,0,0,0,0,0,0,0,0,0,0,0,0,0,Utah
3562_2036,2036,49,3562,493562,6,0,6,1,6,1.6,3.7,0.7,0,0,0,0,0,0,0,0,0,0,0,0,0,Utah
3562_2037,2037,49,3562,493562,6,0,6,1,6,1.6,3.7,0.7,0,0,0,0,0,0,0,0,0,0,0,0,0,Utah
3562_2038,2038,49,3562,493562,6,0,6,1,6,1.6,3.7,0.7,0,0,0,0,0,0,0,0,0,0,0,0,0,Utah
3562_2039,2039,49,3562,493562,6,0,6,1,6,1.6,3.7,0.7,0,0,0,0,0,0,0,0,0,0,0,0,0,Utah
3562_2040,2040,49,3562,493562,6,0,6,1,6,1.6,3.6,0.8,0,0,0,0,0,0,0,0,0,0,0,0,0,Utah
3562_2041,2041,49,3562,493562,6,0,6,1,6,1.6,3.6,0.8,0,0,0,0,0,0,0,0,0,0,0,0,0,Utah
3562_2042,2042,49,3562,493562,6,0,6,1,6,1.6,3.6,0.8,0,0,0,0,0,0,0,0,0,0,0,0,0,Utah
3562_2043,2043,49,3562,493562,6,0,6,1,6,1.6,3.6,0.8,0,0,0,0,0,0,0,0,0,0,0,0,0,Utah
3562_2044,2044,49,3562,493562,6,0,6,1,6,1.6,3.6,0.8,0,0,0,0,0,0,0,0,0,0,0,0,0,Utah
3562_2045,2045,49,3562,493562,6,0,6,1,6,1.6,3.6,0.8,0,0,0,0,0,0,0,0,0,0,0,0,0,Utah
3562_2046,2046,49,3562,493562,6,0,6,1,6,1.6,3.6,0.8,0,0,0,0,0,0,0,0,0,0,0,0,0,Utah
3562_2047,2047,49,3562,493562,6,0,6,1,6,1.6,3.6,0.8,0,0,0,0,0,0,0,0,0,0,0,0,0,Utah
3562_2048,2048,49,3562,493562,6,0,6,1,6,1.6,3.5,0.9,0,0,0,0,0,0,0,0,0,0,0,0,0,Utah
3562_2049,2049,49,3562,493562,6,0,6,1,6,1.6,3.5,0.9,0,0,0,0,0,0,0,0,0,0,0,0,0,Utah
3562_2050,2050,49,3562,493562,6,0,6,1,6,1.6,3.5,0.9,0,0,0,0,0,0,0,0,0,0,0,0,0,Utah
3562_2051,2051,49,3562,493562,6,0,6,1,6,1.6,3.5,0.9,0,0,0,0,0,0,0,0,0,0,0,0,0,Utah
3562_2052,2052,49,3562,493562,6,0,6,1,6,1.6,3.5,0.9,0,0,0,0,0,0,0,0,0,0,0,0,0,Utah
3562_2053,2053,49,3562,493562,6,0,6,1,6,1.6,3.5,0.9,0,0,0,0,0,0,0,0,0,0,0,0,0,Utah
3562_2054,2054,49,3562,493562,6,0,6,1,6,1.6,3.5,0.9,0,0,0,0,0,0,0,0,0,0,0,0,0,Utah
3562_2055,2055,49,3562,493562,6,0,6,1,6,1.5,3.6,0.9,0,0,0,0,0,0,0,0,0,0,0,0,0,Utah
3562_2056,2056,49,3562,493562,6,0,6,1,6,1.5,3.5,1,0,0,0,0,0,0,0,0,0,0,0,0,0,Utah
3562_2057,2057,49,3562,493562,6,0,6,1,6,1.5,3.5,1,0,0,0,0,0,0,0,0,0,0,0,0,0,Utah
3562_2058,2058,49,3562,493562,6,0,6,1,6,1.5,3.5,1,0,0,0,0,0,0,0,0,0,0,0,0,0,Utah
3562_2059,2059,49,3562,493562,6,0,6,1,6,1.5,3.5,1,0,0,0,0,0,0,0,0,0,0,0,0,0,Utah
3562_2060,2060,49,3562,493562,6,0,6,1,6,1.5,3.5,1,0,0,0,0,0,0,0,0,0,0,0,0,0,Utah
3516_2010,2010,49,3516,493516,0,0,0,0,0,0,0,0,0,0,0,0,0,0,0,0,0,0,0,0,0,Utah
3516_2011,2011,49,3516,493516,0,0,0,0,0,0,0,0,0,0,0,0,0,0,0,0,0,0,0,0,0,Utah
3516_2012,2012,49,3516,493516,0,0,0,0,0,0,0,0,0,0,0,0,0,0,0,0,0,0,0,0,0,Utah
3516_2013,2013,49,3516,493516,0,0,0,0,0,0,0,0,0,0,0,0,0,0,0,0,0,0,0,0,0,Utah
3516_2014,2014,49,3516,493516,0,0,0,0,0,0,0,0,0,0,0,0,0,0,0,0,0,0,0,0,0,Utah
3516_2015,2015,49,3516,493516,0,0,0,0,0,0,0,0,0,0,0,0,0,0,0,0,0,0,0,0,0,Utah
3516_2016,2016,49,3516,493516,0,0,0,0,0,0,0,0,0,0,0,0,0,0,0,0,0,0,0,0,0,Utah
3516_2017,2017,49,3516,493516,0,0,0,0,0,0,0,0,0,0,0,0,0,0,0,0,0,0,0,0,0,Utah
3516_2018,2018,49,3516,493516,0,0,0,0,0,0,0,0,0,0,0,0,0,0,0,0,0,0,0,0,0,Utah
3516_2019,2019,49,3516,493516,0,0,0,0,0,0,0,0,0,0,0,0,0,0,0,0,0,0,0,0,0,Utah
3516_2020,2020,49,3516,493516,0,0,0,0,0,0,0,0,0,0,0,0,0,0,0,0,0,0,0,0,0,Utah
3516_2021,2021,49,3516,493516,0,0,0,0,0,0,0,0,0,0,0,0,0,0,0,0,0,0,0,0,0,Utah
3516_2022,2022,49,3516,493516,0,0,0,0,0,0,0,0,0,0,0,0,0,0,0,0,0,0,0,0,0,Utah
3516_2023,2023,49,3516,493516,0,0,0,0,0,0,0,0,0,0,0,0,0,0,0,0,0,0,0,0,0,Utah
3516_2024,2024,49,3516,493516,0,0,0,0,0,0,0,0,0,0,0,0,0,0,0,0,0,0,0,0,0,Utah
3516_2025,2025,49,3516,493516,0,0,0,0,0,0,0,0,0,0,0,0,0,0,0,0,0,0,0,0,0,Utah
3516_2026,2026,49,3516,493516,0,0,0,0,0,0,0,0,0,0,0,0,0,0,0,0,0,0,0,0,0,Utah
3516_2027,2027,49,3516,493516,0,0,0,0,0,0,0,0,0,0,0,0,0,0,0,0,0,0,0,0,0,Utah
3516_2028,2028,49,3516,493516,0,0,0,0,0,0,0,0,0,0,0,0,0,0,0,0,0,0,0,0,0,Utah
3516_2029,2029,49,3516,493516,0,0,0,0,0,0,0,0,0,0,0,0,0,0,0,0,0,0,0,0,0,Utah
3516_2030,2030,49,3516,493516,0,0,0,0,0,0,0,0,0,0,0,0,0,0,0,0,0,0,0,0,0,Utah
3516_2031,2031,49,3516,493516,0,0,0,0,0,0,0,0,0,0,0,0,0,0,0,0,0,0,0,0,0,Utah
3516_2032,2032,49,3516,493516,0,0,0,0,0,0,0,0,0,0,0,0,0,0,0,0,0,0,0,0,0,Utah
3516_2033,2033,49,3516,493516,0,0,0,0,0,0,0,0,0,0,0,0,0,0,0,0,0,0,0,0,0,Utah
3516_2034,2034,49,3516,493516,0,0,0,0,0,0,0,0,0,0,0,0,0,0,0,0,0,0,0,0,0,Utah
3516_2035,2035,49,3516,493516,0,0,0,0,0,0,0,0,0,0,0,0,0,0,0,0,0,0,0,0,0,Utah
3516_2036,2036,49,3516,493516,0,0,0,0,0,0,0,0,0,0,0,0,0,0,0,0,0,0,0,0,0,Utah
3516_2037,2037,49,3516,493516,0,0,0,0,0,0,0,0,0,0,0,0,0,0,0,0,0,0,0,0,0,Utah
3516_2038,2038,49,3516,493516,0,0,0,0,0,0,0,0,0,0,0,0,0,0,0,0,0,0,0,0,0,Utah
3516_2039,2039,49,3516,493516,0,0,0,0,0,0,0,0,0,0,0,0,0,0,0,0,0,0,0,0,0,Utah
3516_2040,2040,49,3516,493516,0,0,0,0,0,0,0,0,0,0,0,0,0,0,0,0,0,0,0,0,0,Utah
3516_2041,2041,49,3516,493516,0,0,0,0,0,0,0,0,0,0,0,0,0,0,0,0,0,0,0,0,0,Utah
3516_2042,2042,49,3516,493516,0,0,0,0,0,0,0,0,0,0,0,0,0,0,0,0,0,0,0,0,0,Utah
3516_2043,2043,49,3516,493516,0,0,0,0,0,0,0,0,0,0,0,0,0,0,0,0,0,0,0,0,0,Utah
3516_2044,2044,49,3516,493516,0,0,0,0,0,0,0,0,0,0,0,0,0,0,0,0,0,0,0,0,0,Utah
3516_2045,2045,49,3516,493516,0,0,0,0,0,0,0,0,0,0,0,0,0,0,0,0,0,0,0,0,0,Utah
3516_2046,2046,49,3516,493516,0,0,0,0,0,0,0,0,0,0,0,0,0,0,0,0,0,0,0,0,0,Utah
3516_2047,2047,49,3516,493516,0,0,0,0,0,0,0,0,0,0,0,0,0,0,0,0,0,0,0,0,0,Utah
3516_2048,2048,49,3516,493516,0,0,0,0,0,0,0,0,0,0,0,0,0,0,0,0,0,0,0,0,0,Utah
3516_2049,2049,49,3516,493516,0,0,0,0,0,0,0,0,0,0,0,0,0,0,0,0,0,0,0,0,0,Utah
3516_2050,2050,49,3516,493516,0,0,0,0,0,0,0,0,0,0,0,0,0,0,0,0,0,0,0,0,0,Utah
3516_2051,2051,49,3516,493516,0,0,0,0,0,0,0,0,0,0,0,0,0,0,0,0,0,0,0,0,0,Utah
3516_2052,2052,49,3516,493516,0,0,0,0,0,0,0,0,0,0,0,0,0,0,0,0,0,0,0,0,0,Utah
3516_2053,2053,49,3516,493516,0,0,0,0,0,0,0,0,0,0,0,0,0,0,0,0,0,0,0,0,0,Utah
3516_2054,2054,49,3516,493516,0,0,0,0,0,0,0,0,0,0,0,0,0,0,0,0,0,0,0,0,0,Utah
3516_2055,2055,49,3516,493516,0,0,0,0,0,0,0,0,0,0,0,0,0,0,0,0,0,0,0,0,0,Utah
3516_2056,2056,49,3516,493516,0,0,0,0,0,0,0,0,0,0,0,0,0,0,0,0,0,0,0,0,0,Utah
3516_2057,2057,49,3516,493516,0,0,0,0,0,0,0,0,0,0,0,0,0,0,0,0,0,0,0,0,0,Utah
3516_2058,2058,49,3516,493516,0,0,0,0,0,0,0,0,0,0,0,0,0,0,0,0,0,0,0,0,0,Utah
3516_2059,2059,49,3516,493516,0,0,0,0,0,0,0,0,0,0,0,0,0,0,0,0,0,0,0,0,0,Utah
3516_2060,2060,49,3516,493516,0,0,0,0,0,0,0,0,0,0,0,0,0,0,0,0,0,0,0,0,0,Utah
3520_2010,2010,49,3520,493520,0,0,0,0,0,0,0,0,0,0,0,0,0,0,0,0,0,0,0,0,0,Utah
3520_2011,2011,49,3520,493520,0,0,0,0,0,0,0,0,0,0,0,0,0,0,0,0,0,0,0,0,0,Utah
3520_2012,2012,49,3520,493520,0,0,0,0,0,0,0,0,0,0,0,0,0,0,0,0,0,0,0,0,0,Utah
3520_2013,2013,49,3520,493520,0,0,0,0,0,0,0,0,0,0,0,0,0,0,0,0,0,0,0,0,0,Utah
3520_2014,2014,49,3520,493520,0,0,0,0,0,0,0,0,0,0,0,0,0,0,0,0,0,0,0,0,0,Utah
3520_2015,2015,49,3520,493520,0,0,0,0,0,0,0,0,0,0,0,0,0,0,0,0,0,0,0,0,0,Utah
3520_2016,2016,49,3520,493520,0,0,0,0,0,0,0,0,0,0,0,0,0,0,0,0,0,0,0,0,0,Utah
3520_2017,2017,49,3520,493520,0,0,0,0,0,0,0,0,0,0,0,0,0,0,0,0,0,0,0,0,0,Utah
3520_2018,2018,49,3520,493520,0,0,0,0,0,0,0,0,0,0,0,0,0,0,0,0,0,0,0,0,0,Utah
3520_2019,2019,49,3520,493520,0,0,0,0,0,0,0,0,0,0,0,0,0,0,0,0,0,0,0,0,0,Utah
3520_2020,2020,49,3520,493520,0,0,0,0,0,0,0,0,0,0,0,0,0,0,0,0,0,0,0,0,0,Utah
3520_2021,2021,49,3520,493520,0,0,0,0,0,0,0,0,0,0,0,0,0,0,0,0,0,0,0,0,0,Utah
3520_2022,2022,49,3520,493520,0,0,0,0,0,0,0,0,0,0,0,0,0,0,0,0,0,0,0,0,0,Utah
3520_2023,2023,49,3520,493520,0,0,0,0,0,0,0,0,0,0,0,0,0,0,0,0,0,0,0,0,0,Utah
3520_2024,2024,49,3520,493520,0,0,0,0,0,0,0,0,0,0,0,0,0,0,0,0,0,0,0,0,0,Utah
3520_2025,2025,49,3520,493520,0,0,0,0,0,0,0,0,0,0,0,0,0,0,0,0,0,0,0,0,0,Utah
3520_2026,2026,49,3520,493520,0,0,0,0,0,0,0,0,0,0,0,0,0,0,0,0,0,0,0,0,0,Utah
3520_2027,2027,49,3520,493520,0,0,0,0,0,0,0,0,0,0,0,0,0,0,0,0,0,0,0,0,0,Utah
3520_2028,2028,49,3520,493520,0,0,0,0,0,0,0,0,0,0,0,0,0,0,0,0,0,0,0,0,0,Utah
3520_2029,2029,49,3520,493520,0,0,0,0,0,0,0,0,0,0,0,0,0,0,0,0,0,0,0,0,0,Utah
3520_2030,2030,49,3520,493520,0,0,0,0,0,0,0,0,0,0,0,0,0,0,0,0,0,0,0,0,0,Utah
3520_2031,2031,49,3520,493520,0,0,0,0,0,0,0,0,0,0,0,0,0,0,0,0,0,0,0,0,0,Utah
3520_2032,2032,49,3520,493520,0,0,0,0,0,0,0,0,0,0,0,0,0,0,0,0,0,0,0,0,0,Utah
3520_2033,2033,49,3520,493520,0,0,0,0,0,0,0,0,0,0,0,0,0,0,0,0,0,0,0,0,0,Utah
3520_2034,2034,49,3520,493520,0,0,0,0,0,0,0,0,0,0,0,0,0,0,0,0,0,0,0,0,0,Utah
3520_2035,2035,49,3520,493520,0,0,0,0,0,0,0,0,0,0,0,0,0,0,0,0,0,0,0,0,0,Utah
3520_2036,2036,49,3520,493520,0,0,0,0,0,0,0,0,0,0,0,0,0,0,0,0,0,0,0,0,0,Utah
3520_2037,2037,49,3520,493520,0,0,0,0,0,0,0,0,0,0,0,0,0,0,0,0,0,0,0,0,0,Utah
3520_2038,2038,49,3520,493520,0,0,0,0,0,0,0,0,0,0,0,0,0,0,0,0,0,0,0,0,0,Utah
3520_2039,2039,49,3520,493520,0,0,0,0,0,0,0,0,0,0,0,0,0,0,0,0,0,0,0,0,0,Utah
3520_2040,2040,49,3520,493520,0,0,0,0,0,0,0,0,0,0,0,0,0,0,0,0,0,0,0,0,0,Utah
3520_2041,2041,49,3520,493520,0,0,0,0,0,0,0,0,0,0,0,0,0,0,0,0,0,0,0,0,0,Utah
3520_2042,2042,49,3520,493520,0,0,0,0,0,0,0,0,0,0,0,0,0,0,0,0,0,0,0,0,0,Utah
3520_2043,2043,49,3520,493520,0,0,0,0,0,0,0,0,0,0,0,0,0,0,0,0,0,0,0,0,0,Utah
3520_2044,2044,49,3520,493520,0,0,0,0,0,0,0,0,0,0,0,0,0,0,0,0,0,0,0,0,0,Utah
3520_2045,2045,49,3520,493520,0,0,0,0,0,0,0,0,0,0,0,0,0,0,0,0,0,0,0,0,0,Utah
3520_2046,2046,49,3520,493520,0,0,0,0,0,0,0,0,0,0,0,0,0,0,0,0,0,0,0,0,0,Utah
3520_2047,2047,49,3520,493520,0,0,0,0,0,0,0,0,0,0,0,0,0,0,0,0,0,0,0,0,0,Utah
3520_2048,2048,49,3520,493520,0,0,0,0,0,0,0,0,0,0,0,0,0,0,0,0,0,0,0,0,0,Utah
3520_2049,2049,49,3520,493520,0,0,0,0,0,0,0,0,0,0,0,0,0,0,0,0,0,0,0,0,0,Utah
3520_2050,2050,49,3520,493520,0,0,0,0,0,0,0,0,0,0,0,0,0,0,0,0,0,0,0,0,0,Utah
3520_2051,2051,49,3520,493520,0,0,0,0,0,0,0,0,0,0,0,0,0,0,0,0,0,0,0,0,0,Utah
3520_2052,2052,49,3520,493520,0,0,0,0,0,0,0,0,0,0,0,0,0,0,0,0,0,0,0,0,0,Utah
3520_2053,2053,49,3520,493520,0,0,0,0,0,0,0,0,0,0,0,0,0,0,0,0,0,0,0,0,0,Utah
3520_2054,2054,49,3520,493520,0,0,0,0,0,0,0,0,0,0,0,0,0,0,0,0,0,0,0,0,0,Utah
3520_2055,2055,49,3520,493520,0,0,0,0,0,0,0,0,0,0,0,0,0,0,0,0,0,0,0,0,0,Utah
3520_2056,2056,49,3520,493520,0,0,0,0,0,0,0,0,0,0,0,0,0,0,0,0,0,0,0,0,0,Utah
3520_2057,2057,49,3520,493520,0,0,0,0,0,0,0,0,0,0,0,0,0,0,0,0,0,0,0,0,0,Utah
3520_2058,2058,49,3520,493520,0,0,0,0,0,0,0,0,0,0,0,0,0,0,0,0,0,0,0,0,0,Utah
3520_2059,2059,49,3520,493520,0,0,0,0,0,0,0,0,0,0,0,0,0,0,0,0,0,0,0,0,0,Utah
3520_2060,2060,49,3520,493520,0,0,0,0,0,0,0,0,0,0,0,0,0,0,0,0,0,0,0,0,0,Utah
3521_2010,2010,49,3521,493521,0,0,0,0,0,0,0,0,0,0,0,0,0,0,0,0,0,0,0,0,0,Utah
3521_2011,2011,49,3521,493521,0,0,0,0,0,0,0,0,0,0,0,0,0,0,0,0,0,0,0,0,0,Utah
3521_2012,2012,49,3521,493521,0,0,0,0,0,0,0,0,0,0,0,0,0,0,0,0,0,0,0,0,0,Utah
3521_2013,2013,49,3521,493521,0,0,0,0,0,0,0,0,0,0,0,0,0,0,0,0,0,0,0,0,0,Utah
3521_2014,2014,49,3521,493521,0,0,0,0,0,0,0,0,0,0,0,0,0,0,0,0,0,0,0,0,0,Utah
3521_2015,2015,49,3521,493521,0,0,0,0,0,0,0,0,0,0,0,0,0,0,0,0,0,0,0,0,0,Utah
3521_2016,2016,49,3521,493521,0,0,0,0,0,0,0,0,0,0,0,0,0,0,0,0,0,0,0,0,0,Utah
3521_2017,2017,49,3521,493521,0,0,0,0,0,0,0,0,0,0,0,0,0,0,0,0,0,0,0,0,0,Utah
3521_2018,2018,49,3521,493521,0,0,0,0,0,0,0,0,0,0,0,0,0,0,0,0,0,0,0,0,0,Utah
3521_2019,2019,49,3521,493521,0,0,0,0,0,0,0,0,0,0,0,0,0,0,0,0,0,0,0,0,0,Utah
3521_2020,2020,49,3521,493521,0,0,0,0,0,0,0,0,0,0,0,0,0,0,0,0,0,0,0,0,0,Utah
3521_2021,2021,49,3521,493521,0,0,0,0,0,0,0,0,0,0,0,0,0,0,0,0,0,0,0,0,0,Utah
3521_2022,2022,49,3521,493521,0,0,0,0,0,0,0,0,0,0,0,0,0,0,0,0,0,0,0,0,0,Utah
3521_2023,2023,49,3521,493521,0,0,0,0,0,0,0,0,0,0,0,0,0,0,0,0,0,0,0,0,0,Utah
3521_2024,2024,49,3521,493521,0,0,0,0,0,0,0,0,0,0,0,0,0,0,0,0,0,0,0,0,0,Utah
3521_2025,2025,49,3521,493521,0,0,0,0,0,0,0,0,0,0,0,0,0,0,0,0,0,0,0,0,0,Utah
3521_2026,2026,49,3521,493521,0,0,0,0,0,0,0,0,0,0,0,0,0,0,0,0,0,0,0,0,0,Utah
3521_2027,2027,49,3521,493521,0,0,0,0,0,0,0,0,0,0,0,0,0,0,0,0,0,0,0,0,0,Utah
3521_2028,2028,49,3521,493521,0,0,0,0,0,0,0,0,0,0,0,0,0,0,0,0,0,0,0,0,0,Utah
3521_2029,2029,49,3521,493521,0,0,0,0,0,0,0,0,0,0,0,0,0,0,0,0,0,0,0,0,0,Utah
3521_2030,2030,49,3521,493521,0,0,0,0,0,0,0,0,0,0,0,0,0,0,0,0,0,0,0,0,0,Utah
3521_2031,2031,49,3521,493521,0,0,0,0,0,0,0,0,0,0,0,0,0,0,0,0,0,0,0,0,0,Utah
3521_2032,2032,49,3521,493521,0,0,0,0,0,0,0,0,0,0,0,0,0,0,0,0,0,0,0,0,0,Utah
3521_2033,2033,49,3521,493521,0,0,0,0,0,0,0,0,0,0,0,0,0,0,0,0,0,0,0,0,0,Utah
3521_2034,2034,49,3521,493521,0,0,0,0,0,0,0,0,0,0,0,0,0,0,0,0,0,0,0,0,0,Utah
3521_2035,2035,49,3521,493521,0,0,0,0,0,0,0,0,0,0,0,0,0,0,0,0,0,0,0,0,0,Utah
3521_2036,2036,49,3521,493521,0,0,0,0,0,0,0,0,0,0,0,0,0,0,0,0,0,0,0,0,0,Utah
3521_2037,2037,49,3521,493521,0,0,0,0,0,0,0,0,0,0,0,0,0,0,0,0,0,0,0,0,0,Utah
3521_2038,2038,49,3521,493521,0,0,0,0,0,0,0,0,0,0,0,0,0,0,0,0,0,0,0,0,0,Utah
3521_2039,2039,49,3521,493521,0,0,0,0,0,0,0,0,0,0,0,0,0,0,0,0,0,0,0,0,0,Utah
3521_2040,2040,49,3521,493521,0,0,0,0,0,0,0,0,0,0,0,0,0,0,0,0,0,0,0,0,0,Utah
3521_2041,2041,49,3521,493521,0,0,0,0,0,0,0,0,0,0,0,0,0,0,0,0,0,0,0,0,0,Utah
3521_2042,2042,49,3521,493521,0,0,0,0,0,0,0,0,0,0,0,0,0,0,0,0,0,0,0,0,0,Utah
3521_2043,2043,49,3521,493521,0,0,0,0,0,0,0,0,0,0,0,0,0,0,0,0,0,0,0,0,0,Utah
3521_2044,2044,49,3521,493521,0,0,0,0,0,0,0,0,0,0,0,0,0,0,0,0,0,0,0,0,0,Utah
3521_2045,2045,49,3521,493521,0,0,0,0,0,0,0,0,0,0,0,0,0,0,0,0,0,0,0,0,0,Utah
3521_2046,2046,49,3521,493521,0,0,0,0,0,0,0,0,0,0,0,0,0,0,0,0,0,0,0,0,0,Utah
3521_2047,2047,49,3521,493521,0,0,0,0,0,0,0,0,0,0,0,0,0,0,0,0,0,0,0,0,0,Utah
3521_2048,2048,49,3521,493521,0,0,0,0,0,0,0,0,0,0,0,0,0,0,0,0,0,0,0,0,0,Utah
3521_2049,2049,49,3521,493521,0,0,0,0,0,0,0,0,0,0,0,0,0,0,0,0,0,0,0,0,0,Utah
3521_2050,2050,49,3521,493521,0,0,0,0,0,0,0,0,0,0,0,0,0,0,0,0,0,0,0,0,0,Utah
3521_2051,2051,49,3521,493521,0,0,0,0,0,0,0,0,0,0,0,0,0,0,0,0,0,0,0,0,0,Utah
3521_2052,2052,49,3521,493521,0,0,0,0,0,0,0,0,0,0,0,0,0,0,0,0,0,0,0,0,0,Utah
3521_2053,2053,49,3521,493521,0,0,0,0,0,0,0,0,0,0,0,0,0,0,0,0,0,0,0,0,0,Utah
3521_2054,2054,49,3521,493521,0,0,0,0,0,0,0,0,0,0,0,0,0,0,0,0,0,0,0,0,0,Utah
3521_2055,2055,49,3521,493521,0,0,0,0,0,0,0,0,0,0,0,0,0,0,0,0,0,0,0,0,0,Utah
3521_2056,2056,49,3521,493521,0,0,0,0,0,0,0,0,0,0,0,0,0,0,0,0,0,0,0,0,0,Utah
3521_2057,2057,49,3521,493521,0,0,0,0,0,0,0,0,0,0,0,0,0,0,0,0,0,0,0,0,0,Utah
3521_2058,2058,49,3521,493521,0,0,0,0,0,0,0,0,0,0,0,0,0,0,0,0,0,0,0,0,0,Utah
3521_2059,2059,49,3521,493521,0,0,0,0,0,0,0,0,0,0,0,0,0,0,0,0,0,0,0,0,0,Utah
3521_2060,2060,49,3521,493521,0,0,0,0,0,0,0,0,0,0,0,0,0,0,0,0,0,0,0,0,0,Utah
3530_2010,2010,49,3530,493530,0,0,0,0,0,0,0,0,0,0,0,0,0,0,0,0,0,0,0,0,0,Utah
3530_2011,2011,49,3530,493530,0,0,0,0,0,0,0,0,0,0,0,0,0,0,0,0,0,0,0,0,0,Utah
3530_2012,2012,49,3530,493530,0,0,0,0,0,0,0,0,0,0,0,0,0,0,0,0,0,0,0,0,0,Utah
3530_2013,2013,49,3530,493530,0,0,0,0,0,0,0,0,0,0,0,0,0,0,0,0,0,0,0,0,0,Utah
3530_2014,2014,49,3530,493530,0,0,0,0,0,0,0,0,0,0,0,0,0,0,0,0,0,0,0,0,0,Utah
3530_2015,2015,49,3530,493530,0,0,0,0,0,0,0,0,0,0,0,0,0,0,0,0,0,0,0,0,0,Utah
3530_2016,2016,49,3530,493530,0,0,0,0,0,0,0,0,0,0,0,0,0,0,0,0,0,0,0,0,0,Utah
3530_2017,2017,49,3530,493530,0,0,0,0,0,0,0,0,0,0,0,0,0,0,0,0,0,0,0,0,0,Utah
3530_2018,2018,49,3530,493530,0,0,0,0,0,0,0,0,0,0,0,0,0,0,0,0,0,0,0,0,0,Utah
3530_2019,2019,49,3530,493530,0,0,0,0,0,0,0,0,0,0,0,0,0,0,0,0,0,0,0,0,0,Utah
3530_2020,2020,49,3530,493530,0,0,0,0,0,0,0,0,0,0,0,0,0,0,0,0,0,0,0,0,0,Utah
3530_2021,2021,49,3530,493530,0,0,0,0,0,0,0,0,0,0,0,0,0,0,0,0,0,0,0,0,0,Utah
3530_2022,2022,49,3530,493530,0,0,0,0,0,0,0,0,0,0,0,0,0,0,0,0,0,0,0,0,0,Utah
3530_2023,2023,49,3530,493530,0,0,0,0,0,0,0,0,0,0,0,0,0,0,0,0,0,0,0,0,0,Utah
3530_2024,2024,49,3530,493530,0,0,0,0,0,0,0,0,0,0,0,0,0,0,0,0,0,0,0,0,0,Utah
3530_2025,2025,49,3530,493530,0,0,0,0,0,0,0,0,0,0,0,0,0,0,0,0,0,0,0,0,0,Utah
3530_2026,2026,49,3530,493530,0,0,0,0,0,0,0,0,0,0,0,0,0,0,0,0,0,0,0,0,0,Utah
3530_2027,2027,49,3530,493530,0,0,0,0,0,0,0,0,0,0,0,0,0,0,0,0,0,0,0,0,0,Utah
3530_2028,2028,49,3530,493530,0,0,0,0,0,0,0,0,0,0,0,0,0,0,0,0,0,0,0,0,0,Utah
3530_2029,2029,49,3530,493530,0,0,0,0,0,0,0,0,0,0,0,0,0,0,0,0,0,0,0,0,0,Utah
3530_2030,2030,49,3530,493530,0,0,0,0,0,0,0,0,0,0,0,0,0,0,0,0,0,0,0,0,0,Utah
3530_2031,2031,49,3530,493530,0,0,0,0,0,0,0,0,0,0,0,0,0,0,0,0,0,0,0,0,0,Utah
3530_2032,2032,49,3530,493530,0,0,0,0,0,0,0,0,0,0,0,0,0,0,0,0,0,0,0,0,0,Utah
3530_2033,2033,49,3530,493530,0,0,0,0,0,0,0,0,0,0,0,0,0,0,0,0,0,0,0,0,0,Utah
3530_2034,2034,49,3530,493530,0,0,0,0,0,0,0,0,0,0,0,0,0,0,0,0,0,0,0,0,0,Utah
3530_2035,2035,49,3530,493530,0,0,0,0,0,0,0,0,0,0,0,0,0,0,0,0,0,0,0,0,0,Utah
3530_2036,2036,49,3530,493530,0,0,0,0,0,0,0,0,0,0,0,0,0,0,0,0,0,0,0,0,0,Utah
3530_2037,2037,49,3530,493530,0,0,0,0,0,0,0,0,0,0,0,0,0,0,0,0,0,0,0,0,0,Utah
3530_2038,2038,49,3530,493530,0,0,0,0,0,0,0,0,0,0,0,0,0,0,0,0,0,0,0,0,0,Utah
3530_2039,2039,49,3530,493530,0,0,0,0,0,0,0,0,0,0,0,0,0,0,0,0,0,0,0,0,0,Utah
3530_2040,2040,49,3530,493530,0,0,0,0,0,0,0,0,0,0,0,0,0,0,0,0,0,0,0,0,0,Utah
3530_2041,2041,49,3530,493530,0,0,0,0,0,0,0,0,0,0,0,0,0,0,0,0,0,0,0,0,0,Utah
3530_2042,2042,49,3530,493530,0,0,0,0,0,0,0,0,0,0,0,0,0,0,0,0,0,0,0,0,0,Utah
3530_2043,2043,49,3530,493530,0,0,0,0,0,0,0,0,0,0,0,0,0,0,0,0,0,0,0,0,0,Utah
3530_2044,2044,49,3530,493530,0,0,0,0,0,0,0,0,0,0,0,0,0,0,0,0,0,0,0,0,0,Utah
3530_2045,2045,49,3530,493530,0,0,0,0,0,0,0,0,0,0,0,0,0,0,0,0,0,0,0,0,0,Utah
3530_2046,2046,49,3530,493530,0,0,0,0,0,0,0,0,0,0,0,0,0,0,0,0,0,0,0,0,0,Utah
3530_2047,2047,49,3530,493530,0,0,0,0,0,0,0,0,0,0,0,0,0,0,0,0,0,0,0,0,0,Utah
3530_2048,2048,49,3530,493530,0,0,0,0,0,0,0,0,0,0,0,0,0,0,0,0,0,0,0,0,0,Utah
3530_2049,2049,49,3530,493530,0,0,0,0,0,0,0,0,0,0,0,0,0,0,0,0,0,0,0,0,0,Utah
3530_2050,2050,49,3530,493530,0,0,0,0,0,0,0,0,0,0,0,0,0,0,0,0,0,0,0,0,0,Utah
3530_2051,2051,49,3530,493530,0,0,0,0,0,0,0,0,0,0,0,0,0,0,0,0,0,0,0,0,0,Utah
3530_2052,2052,49,3530,493530,0,0,0,0,0,0,0,0,0,0,0,0,0,0,0,0,0,0,0,0,0,Utah
3530_2053,2053,49,3530,493530,0,0,0,0,0,0,0,0,0,0,0,0,0,0,0,0,0,0,0,0,0,Utah
3530_2054,2054,49,3530,493530,0,0,0,0,0,0,0,0,0,0,0,0,0,0,0,0,0,0,0,0,0,Utah
3530_2055,2055,49,3530,493530,0,0,0,0,0,0,0,0,0,0,0,0,0,0,0,0,0,0,0,0,0,Utah
3530_2056,2056,49,3530,493530,0,0,0,0,0,0,0,0,0,0,0,0,0,0,0,0,0,0,0,0,0,Utah
3530_2057,2057,49,3530,493530,0,0,0,0,0,0,0,0,0,0,0,0,0,0,0,0,0,0,0,0,0,Utah
3530_2058,2058,49,3530,493530,0,0,0,0,0,0,0,0,0,0,0,0,0,0,0,0,0,0,0,0,0,Utah
3530_2059,2059,49,3530,493530,0,0,0,0,0,0,0,0,0,0,0,0,0,0,0,0,0,0,0,0,0,Utah
3530_2060,2060,49,3530,493530,0,0,0,0,0,0,0,0,0,0,0,0,0,0,0,0,0,0,0,0,0,Utah
3531_2010,2010,49,3531,493531,0,0,0,0,0,0,0,0,0,0,0,0,0,0,0,0,0,0,0,0,0,Utah
3531_2011,2011,49,3531,493531,0,0,0,0,0,0,0,0,0,0,0,0,0,0,0,0,0,0,0,0,0,Utah
3531_2012,2012,49,3531,493531,0,0,0,0,0,0,0,0,0,0,0,0,0,0,0,0,0,0,0,0,0,Utah
3531_2013,2013,49,3531,493531,0,0,0,0,0,0,0,0,0,0,0,0,0,0,0,0,0,0,0,0,0,Utah
3531_2014,2014,49,3531,493531,0,0,0,0,0,0,0,0,0,0,0,0,0,0,0,0,0,0,0,0,0,Utah
3531_2015,2015,49,3531,493531,0,0,0,0,0,0,0,0,0,0,0,0,0,0,0,0,0,0,0,0,0,Utah
3531_2016,2016,49,3531,493531,0,0,0,0,0,0,0,0,0,0,0,0,0,0,0,0,0,0,0,0,0,Utah
3531_2017,2017,49,3531,493531,0,0,0,0,0,0,0,0,0,0,0,0,0,0,0,0,0,0,0,0,0,Utah
3531_2018,2018,49,3531,493531,0,0,0,0,0,0,0,0,0,0,0,0,0,0,0,0,0,0,0,0,0,Utah
3531_2019,2019,49,3531,493531,0,0,0,0,0,0,0,0,0,0,0,0,0,0,0,0,0,0,0,0,0,Utah
3531_2020,2020,49,3531,493531,0,0,0,0,0,0,0,0,0,0,0,0,0,0,0,0,0,0,0,0,0,Utah
3531_2021,2021,49,3531,493531,0,0,0,0,0,0,0,0,0,0,0,0,0,0,0,0,0,0,0,0,0,Utah
3531_2022,2022,49,3531,493531,0,0,0,0,0,0,0,0,0,0,0,0,0,0,0,0,0,0,0,0,0,Utah
3531_2023,2023,49,3531,493531,0,0,0,0,0,0,0,0,0,0,0,0,0,0,0,0,0,0,0,0,0,Utah
3531_2024,2024,49,3531,493531,0,0,0,0,0,0,0,0,0,0,0,0,0,0,0,0,0,0,0,0,0,Utah
3531_2025,2025,49,3531,493531,0,0,0,0,0,0,0,0,0,0,0,0,0,0,0,0,0,0,0,0,0,Utah
3531_2026,2026,49,3531,493531,0,0,0,0,0,0,0,0,0,0,0,0,0,0,0,0,0,0,0,0,0,Utah
3531_2027,2027,49,3531,493531,0,0,0,0,0,0,0,0,0,0,0,0,0,0,0,0,0,0,0,0,0,Utah
3531_2028,2028,49,3531,493531,0,0,0,0,0,0,0,0,0,0,0,0,0,0,0,0,0,0,0,0,0,Utah
3531_2029,2029,49,3531,493531,0,0,0,0,0,0,0,0,0,0,0,0,0,0,0,0,0,0,0,0,0,Utah
3531_2030,2030,49,3531,493531,0,0,0,0,0,0,0,0,0,0,0,0,0,0,0,0,0,0,0,0,0,Utah
3531_2031,2031,49,3531,493531,0,0,0,0,0,0,0,0,0,0,0,0,0,0,0,0,0,0,0,0,0,Utah
3531_2032,2032,49,3531,493531,0,0,0,0,0,0,0,0,0,0,0,0,0,0,0,0,0,0,0,0,0,Utah
3531_2033,2033,49,3531,493531,0,0,0,0,0,0,0,0,0,0,0,0,0,0,0,0,0,0,0,0,0,Utah
3531_2034,2034,49,3531,493531,0,0,0,0,0,0,0,0,0,0,0,0,0,0,0,0,0,0,0,0,0,Utah
3531_2035,2035,49,3531,493531,0,0,0,0,0,0,0,0,0,0,0,0,0,0,0,0,0,0,0,0,0,Utah
3531_2036,2036,49,3531,493531,0,0,0,0,0,0,0,0,0,0,0,0,0,0,0,0,0,0,0,0,0,Utah
3531_2037,2037,49,3531,493531,0,0,0,0,0,0,0,0,0,0,0,0,0,0,0,0,0,0,0,0,0,Utah
3531_2038,2038,49,3531,493531,0,0,0,0,0,0,0,0,0,0,0,0,0,0,0,0,0,0,0,0,0,Utah
3531_2039,2039,49,3531,493531,0,0,0,0,0,0,0,0,0,0,0,0,0,0,0,0,0,0,0,0,0,Utah
3531_2040,2040,49,3531,493531,0,0,0,0,0,0,0,0,0,0,0,0,0,0,0,0,0,0,0,0,0,Utah
3531_2041,2041,49,3531,493531,0,0,0,0,0,0,0,0,0,0,0,0,0,0,0,0,0,0,0,0,0,Utah
3531_2042,2042,49,3531,493531,0,0,0,0,0,0,0,0,0,0,0,0,0,0,0,0,0,0,0,0,0,Utah
3531_2043,2043,49,3531,493531,0,0,0,0,0,0,0,0,0,0,0,0,0,0,0,0,0,0,0,0,0,Utah
3531_2044,2044,49,3531,493531,0,0,0,0,0,0,0,0,0,0,0,0,0,0,0,0,0,0,0,0,0,Utah
3531_2045,2045,49,3531,493531,0,0,0,0,0,0,0,0,0,0,0,0,0,0,0,0,0,0,0,0,0,Utah
3531_2046,2046,49,3531,493531,0,0,0,0,0,0,0,0,0,0,0,0,0,0,0,0,0,0,0,0,0,Utah
3531_2047,2047,49,3531,493531,0,0,0,0,0,0,0,0,0,0,0,0,0,0,0,0,0,0,0,0,0,Utah
3531_2048,2048,49,3531,493531,0,0,0,0,0,0,0,0,0,0,0,0,0,0,0,0,0,0,0,0,0,Utah
3531_2049,2049,49,3531,493531,0,0,0,0,0,0,0,0,0,0,0,0,0,0,0,0,0,0,0,0,0,Utah
3531_2050,2050,49,3531,493531,0,0,0,0,0,0,0,0,0,0,0,0,0,0,0,0,0,0,0,0,0,Utah
3531_2051,2051,49,3531,493531,0,0,0,0,0,0,0,0,0,0,0,0,0,0,0,0,0,0,0,0,0,Utah
3531_2052,2052,49,3531,493531,0,0,0,0,0,0,0,0,0,0,0,0,0,0,0,0,0,0,0,0,0,Utah
3531_2053,2053,49,3531,493531,0,0,0,0,0,0,0,0,0,0,0,0,0,0,0,0,0,0,0,0,0,Utah
3531_2054,2054,49,3531,493531,0,0,0,0,0,0,0,0,0,0,0,0,0,0,0,0,0,0,0,0,0,Utah
3531_2055,2055,49,3531,493531,0,0,0,0,0,0,0,0,0,0,0,0,0,0,0,0,0,0,0,0,0,Utah
3531_2056,2056,49,3531,493531,0,0,0,0,0,0,0,0,0,0,0,0,0,0,0,0,0,0,0,0,0,Utah
3531_2057,2057,49,3531,493531,0,0,0,0,0,0,0,0,0,0,0,0,0,0,0,0,0,0,0,0,0,Utah
3531_2058,2058,49,3531,493531,0,0,0,0,0,0,0,0,0,0,0,0,0,0,0,0,0,0,0,0,0,Utah
3531_2059,2059,49,3531,493531,0,0,0,0,0,0,0,0,0,0,0,0,0,0,0,0,0,0,0,0,0,Utah
3531_2060,2060,49,3531,493531,0,0,0,0,0,0,0,0,0,0,0,0,0,0,0,0,0,0,0,0,0,Utah
3537_2010,2010,49,3537,493537,0,0,0,0,0,0,0,0,0,0,0,0,0,0,0,0,0,0,0,0,0,Utah
3537_2011,2011,49,3537,493537,0,0,0,0,0,0,0,0,0,0,0,0,0,0,0,0,0,0,0,0,0,Utah
3537_2012,2012,49,3537,493537,0,0,0,0,0,0,0,0,0,0,0,0,0,0,0,0,0,0,0,0,0,Utah
3537_2013,2013,49,3537,493537,0,0,0,0,0,0,0,0,0,0,0,0,0,0,0,0,0,0,0,0,0,Utah
3537_2014,2014,49,3537,493537,0,0,0,0,0,0,0,0,0,0,0,0,0,0,0,0,0,0,0,0,0,Utah
3537_2015,2015,49,3537,493537,0,0,0,0,0,0,0,0,0,0,0,0,0,0,0,0,0,0,0,0,0,Utah
3537_2016,2016,49,3537,493537,0,0,0,0,0,0,0,0,0,0,0,0,0,0,0,0,0,0,0,0,0,Utah
3537_2017,2017,49,3537,493537,0,0,0,0,0,0,0,0,0,0,0,0,0,0,0,0,0,0,0,0,0,Utah
3537_2018,2018,49,3537,493537,0,0,0,0,0,0,0,0,0,0,0,0,0,0,0,0,0,0,0,0,0,Utah
3537_2019,2019,49,3537,493537,0,0,0,0,0,0,0,0,0,0,0,0,0,0,0,0,0,0,0,0,0,Utah
3537_2020,2020,49,3537,493537,0,0,0,0,0,0,0,0,0,0,0,0,0,0,0,0,0,0,0,0,0,Utah
3537_2021,2021,49,3537,493537,0,0,0,0,0,0,0,0,0,0,0,0,0,0,0,0,0,0,0,0,0,Utah
3537_2022,2022,49,3537,493537,0,0,0,0,0,0,0,0,0,0,0,0,0,0,0,0,0,0,0,0,0,Utah
3537_2023,2023,49,3537,493537,0,0,0,0,0,0,0,0,0,0,0,0,0,0,0,0,0,0,0,0,0,Utah
3537_2024,2024,49,3537,493537,0,0,0,0,0,0,0,0,0,0,0,0,0,0,0,0,0,0,0,0,0,Utah
3537_2025,2025,49,3537,493537,0,0,0,0,0,0,0,0,0,0,0,0,0,0,0,0,0,0,0,0,0,Utah
3537_2026,2026,49,3537,493537,0,0,0,0,0,0,0,0,0,0,0,0,0,0,0,0,0,0,0,0,0,Utah
3537_2027,2027,49,3537,493537,0,0,0,0,0,0,0,0,0,0,0,0,0,0,0,0,0,0,0,0,0,Utah
3537_2028,2028,49,3537,493537,0,0,0,0,0,0,0,0,0,0,0,0,0,0,0,0,0,0,0,0,0,Utah
3537_2029,2029,49,3537,493537,0,0,0,0,0,0,0,0,0,0,0,0,0,0,0,0,0,0,0,0,0,Utah
3537_2030,2030,49,3537,493537,0,0,0,0,0,0,0,0,0,0,0,0,0,0,0,0,0,0,0,0,0,Utah
3537_2031,2031,49,3537,493537,0,0,0,0,0,0,0,0,0,0,0,0,0,0,0,0,0,0,0,0,0,Utah
3537_2032,2032,49,3537,493537,0,0,0,0,0,0,0,0,0,0,0,0,0,0,0,0,0,0,0,0,0,Utah
3537_2033,2033,49,3537,493537,0,0,0,0,0,0,0,0,0,0,0,0,0,0,0,0,0,0,0,0,0,Utah
3537_2034,2034,49,3537,493537,0,0,0,0,0,0,0,0,0,0,0,0,0,0,0,0,0,0,0,0,0,Utah
3537_2035,2035,49,3537,493537,0,0,0,0,0,0,0,0,0,0,0,0,0,0,0,0,0,0,0,0,0,Utah
3537_2036,2036,49,3537,493537,0,0,0,0,0,0,0,0,0,0,0,0,0,0,0,0,0,0,0,0,0,Utah
3537_2037,2037,49,3537,493537,0,0,0,0,0,0,0,0,0,0,0,0,0,0,0,0,0,0,0,0,0,Utah
3537_2038,2038,49,3537,493537,0,0,0,0,0,0,0,0,0,0,0,0,0,0,0,0,0,0,0,0,0,Utah
3537_2039,2039,49,3537,493537,0,0,0,0,0,0,0,0,0,0,0,0,0,0,0,0,0,0,0,0,0,Utah
3537_2040,2040,49,3537,493537,0,0,0,0,0,0,0,0,0,0,0,0,0,0,0,0,0,0,0,0,0,Utah
3537_2041,2041,49,3537,493537,0,0,0,0,0,0,0,0,0,0,0,0,0,0,0,0,0,0,0,0,0,Utah
3537_2042,2042,49,3537,493537,0,0,0,0,0,0,0,0,0,0,0,0,0,0,0,0,0,0,0,0,0,Utah
3537_2043,2043,49,3537,493537,0,0,0,0,0,0,0,0,0,0,0,0,0,0,0,0,0,0,0,0,0,Utah
3537_2044,2044,49,3537,493537,0,0,0,0,0,0,0,0,0,0,0,0,0,0,0,0,0,0,0,0,0,Utah
3537_2045,2045,49,3537,493537,0,0,0,0,0,0,0,0,0,0,0,0,0,0,0,0,0,0,0,0,0,Utah
3537_2046,2046,49,3537,493537,0,0,0,0,0,0,0,0,0,0,0,0,0,0,0,0,0,0,0,0,0,Utah
3537_2047,2047,49,3537,493537,0,0,0,0,0,0,0,0,0,0,0,0,0,0,0,0,0,0,0,0,0,Utah
3537_2048,2048,49,3537,493537,0,0,0,0,0,0,0,0,0,0,0,0,0,0,0,0,0,0,0,0,0,Utah
3537_2049,2049,49,3537,493537,0,0,0,0,0,0,0,0,0,0,0,0,0,0,0,0,0,0,0,0,0,Utah
3537_2050,2050,49,3537,493537,0,0,0,0,0,0,0,0,0,0,0,0,0,0,0,0,0,0,0,0,0,Utah
3537_2051,2051,49,3537,493537,0,0,0,0,0,0,0,0,0,0,0,0,0,0,0,0,0,0,0,0,0,Utah
3537_2052,2052,49,3537,493537,0,0,0,0,0,0,0,0,0,0,0,0,0,0,0,0,0,0,0,0,0,Utah
3537_2053,2053,49,3537,493537,0,0,0,0,0,0,0,0,0,0,0,0,0,0,0,0,0,0,0,0,0,Utah
3537_2054,2054,49,3537,493537,0,0,0,0,0,0,0,0,0,0,0,0,0,0,0,0,0,0,0,0,0,Utah
3537_2055,2055,49,3537,493537,0,0,0,0,0,0,0,0,0,0,0,0,0,0,0,0,0,0,0,0,0,Utah
3537_2056,2056,49,3537,493537,0,0,0,0,0,0,0,0,0,0,0,0,0,0,0,0,0,0,0,0,0,Utah
3537_2057,2057,49,3537,493537,0,0,0,0,0,0,0,0,0,0,0,0,0,0,0,0,0,0,0,0,0,Utah
3537_2058,2058,49,3537,493537,0,0,0,0,0,0,0,0,0,0,0,0,0,0,0,0,0,0,0,0,0,Utah
3537_2059,2059,49,3537,493537,0,0,0,0,0,0,0,0,0,0,0,0,0,0,0,0,0,0,0,0,0,Utah
3537_2060,2060,49,3537,493537,0,0,0,0,0,0,0,0,0,0,0,0,0,0,0,0,0,0,0,0,0,Utah
3538_2010,2010,49,3538,493538,19,0,19,5,3.8,6.7,11.1,1.2,0,0,0,0,0,0,0,0,0,0,0,0,0,Utah
3538_2011,2011,49,3538,493538,19,0,19,5,3.8,6.6,11.1,1.3,0,0,0,0,0,0,0,0,0,0,0,0,0,Utah
3538_2012,2012,49,3538,493538,19,0,19,5,3.8,6.6,11.1,1.3,0,0,0,0,0,0,0,0,0,0,0,0,0,Utah
3538_2013,2013,49,3538,493538,19,0,19,5,3.8,6.5,11.2,1.3,0,0,0,0,0,0,0,0,0,0,0,0,0,Utah
3538_2014,2014,49,3538,493538,19,0,19,5,3.8,6.5,11.2,1.3,0,0,0,0,0,0,0,0,0,0,0,0,0,Utah
3538_2015,2015,49,3538,493538,19,0,19,5,3.8,6.4,11.2,1.4,0,0,0,0,0,0,0,0,0,0,0,0,0,Utah
3538_2016,2016,49,3538,493538,19,0,19,5,3.8,6.4,11.2,1.4,0,0,0,0,0,0,0,0,0,0,0,0,0,Utah
3538_2017,2017,49,3538,493538,19,0,19,5,3.8,6.4,11.2,1.4,0,0,0,0,0,0,0,0,0,0,0,0,0,Utah
3538_2018,2018,49,3538,493538,19,0,19,5,3.8,6.3,11.3,1.4,0,0,0,0,0,0,0,0,0,0,0,0,0,Utah
3538_2019,2019,49,3538,493538,19,0,19,5,3.8,6.3,11.3,1.4,0,0,0,0,0,0,0,0,0,0,0,0,0,Utah
3538_2020,2020,49,3538,493538,19,0,19,5,3.8,6.2,11.3,1.5,0,0,0,0,0,0,0,0,0,0,0,0,0,Utah
3538_2021,2021,49,3538,493538,19,0,19,5,3.8,6.1,11.4,1.5,0,0,0,0,0,0,0,0,0,0,0,0,0,Utah
3538_2022,2022,49,3538,493538,19,0,19,5,3.8,6,11.4,1.6,0,0,0,0,0,0,0,0,0,0,0,0,0,Utah
3538_2023,2023,49,3538,493538,19,0,19,5,3.8,5.9,11.5,1.6,0,0,0,0,0,0,0,0,0,0,0,0,0,Utah
3538_2024,2024,49,3538,493538,19,0,19,5,3.8,5.8,11.5,1.7,0,0,0,0,0,0,0,0,0,0,0,0,0,Utah
3538_2025,2025,49,3538,493538,19,0,19,5,3.8,5.7,11.6,1.7,0,0,0,0,0,0,0,0,0,0,0,0,0,Utah
3538_2026,2026,49,3538,493538,19,0,19,5,3.8,5.5,11.7,1.8,0,0,0,0,0,0,0,0,0,0,0,0,0,Utah
3538_2027,2027,49,3538,493538,19,0,19,5,3.8,5.4,11.8,1.8,0,0,0,0,0,0,0,0,0,0,0,0,0,Utah
3538_2028,2028,49,3538,493538,19,0,19,5,3.8,5.4,11.7,1.9,0,0,0,0,0,0,0,0,0,0,0,0,0,Utah
3538_2029,2029,49,3538,493538,19,0,19,5,3.8,5.3,11.8,1.9,0,0,0,0,0,0,0,0,0,0,0,0,0,Utah
3538_2030,2030,49,3538,493538,19,0,19,5,3.8,5.2,11.8,2,0,0,0,0,0,0,0,0,0,0,0,0,0,Utah
3538_2031,2031,49,3538,493538,19,0,19,5,3.8,5.2,11.8,2,0,0,0,0,0,0,0,0,0,0,0,0,0,Utah
3538_2032,2032,49,3538,493538,19,0,19,5,3.8,5.1,11.8,2.1,0,0,0,0,0,0,0,0,0,0,0,0,0,Utah
3538_2033,2033,49,3538,493538,19,0,19,5,3.8,5.1,11.8,2.1,0,0,0,0,0,0,0,0,0,0,0,0,0,Utah
3538_2034,2034,49,3538,493538,19,0,19,5,3.8,5,11.9,2.1,0,0,0,0,0,0,0,0,0,0,0,0,0,Utah
3538_2035,2035,49,3538,493538,19,0,19,5,3.8,5,11.8,2.2,0,0,0,0,0,0,0,0,0,0,0,0,0,Utah
3538_2036,2036,49,3538,493538,19,0,19,5,3.8,5,11.8,2.2,0,0,0,0,0,0,0,0,0,0,0,0,0,Utah
3538_2037,2037,49,3538,493538,19,0,19,5,3.8,5.1,11.6,2.3,0,0,0,0,0,0,0,0,0,0,0,0,0,Utah
3538_2038,2038,49,3538,493538,19,0,19,5,3.8,5.1,11.6,2.3,0,0,0,0,0,0,0,0,0,0,0,0,0,Utah
3538_2039,2039,49,3538,493538,19,0,19,5,3.8,5.1,11.6,2.3,0,0,0,0,0,0,0,0,0,0,0,0,0,Utah
3538_2040,2040,49,3538,493538,19,0,19,5,3.8,5.1,11.5,2.4,0,0,0,0,0,0,0,0,0,0,0,0,0,Utah
3538_2041,2041,49,3538,493538,19,0,19,5,3.8,5.1,11.5,2.4,0,0,0,0,0,0,0,0,0,0,0,0,0,Utah
3538_2042,2042,49,3538,493538,19,0,19,5,3.8,5.2,11.3,2.5,0,0,0,0,0,0,0,0,0,0,0,0,0,Utah
3538_2043,2043,49,3538,493538,19,0,19,5,3.8,5.2,11.3,2.5,0,0,0,0,0,0,0,0,0,0,0,0,0,Utah
3538_2044,2044,49,3538,493538,19,0,19,5,3.8,5.2,11.2,2.6,0,0,0,0,0,0,0,0,0,0,0,0,0,Utah
3538_2045,2045,49,3538,493538,19,0,19,5,3.8,5.2,11.2,2.6,0,0,0,0,0,0,0,0,0,0,0,0,0,Utah
3538_2046,2046,49,3538,493538,19,0,19,5,3.8,5.2,11.2,2.6,0,0,0,0,0,0,0,0,0,0,0,0,0,Utah
3538_2047,2047,49,3538,493538,19,0,19,5,3.8,5.2,11.1,2.7,0,0,0,0,0,0,0,0,0,0,0,0,0,Utah
3538_2048,2048,49,3538,493538,19,0,19,5,3.8,5.2,11.1,2.7,0,0,0,0,0,0,0,0,0,0,0,0,0,Utah
3538_2049,2049,49,3538,493538,19,0,19,5,3.8,5.1,11.2,2.7,0,0,0,0,0,0,0,0,0,0,0,0,0,Utah
3538_2050,2050,49,3538,493538,19,0,19,5,3.8,5.1,11.1,2.8,0,0,0,0,0,0,0,0,0,0,0,0,0,Utah
3538_2051,2051,49,3538,493538,19,0,19,5,3.8,5.1,11.1,2.8,0,0,0,0,0,0,0,0,0,0,0,0,0,Utah
3538_2052,2052,49,3538,493538,19,0,19,5,3.8,5,11.1,2.9,0,0,0,0,0,0,0,0,0,0,0,0,0,Utah
3538_2053,2053,49,3538,493538,19,0,19,5,3.8,5,11.1,2.9,0,0,0,0,0,0,0,0,0,0,0,0,0,Utah
3538_2054,2054,49,3538,493538,19,0,19,5,3.8,4.9,11.2,2.9,0,0,0,0,0,0,0,0,0,0,0,0,0,Utah
3538_2055,2055,49,3538,493538,19,0,19,5,3.8,4.9,11.1,3,0,0,0,0,0,0,0,0,0,0,0,0,0,Utah
3538_2056,2056,49,3538,493538,19,0,19,5,3.8,4.8,11.2,3,0,0,0,0,0,0,0,0,0,0,0,0,0,Utah
3538_2057,2057,49,3538,493538,19,0,19,5,3.8,4.8,11.1,3.1,0,0,0,0,0,0,0,0,0,0,0,0,0,Utah
3538_2058,2058,49,3538,493538,19,0,19,5,3.8,4.7,11.2,3.1,0,0,0,0,0,0,0,0,0,0,0,0,0,Utah
3538_2059,2059,49,3538,493538,19,0,19,5,3.8,4.7,11.2,3.1,0,0,0,0,0,0,0,0,0,0,0,0,0,Utah
3538_2060,2060,49,3538,493538,19,0,19,5,3.8,4.6,11.2,3.2,0,0,0,0,0,0,0,0,0,0,0,0,0,Utah
3539_2010,2010,49,3539,493539,0,0,0,0,0,0,0,0,0,0,0,0,0,0,0,0,0,0,0,0,0,Utah
3539_2011,2011,49,3539,493539,0,0,0,0,0,0,0,0,0,0,0,0,0,0,0,0,0,0,0,0,0,Utah
3539_2012,2012,49,3539,493539,0,0,0,0,0,0,0,0,0,0,0,0,0,0,0,0,0,0,0,0,0,Utah
3539_2013,2013,49,3539,493539,0,0,0,0,0,0,0,0,0,0,0,0,0,0,0,0,0,0,0,0,0,Utah
3539_2014,2014,49,3539,493539,0,0,0,0,0,0,0,0,0,0,0,0,0,0,0,0,0,0,0,0,0,Utah
3539_2015,2015,49,3539,493539,0,0,0,0,0,0,0,0,0,0,0,0,0,0,0,0,0,0,0,0,0,Utah
3539_2016,2016,49,3539,493539,0,0,0,0,0,0,0,0,0,0,0,0,0,0,0,0,0,0,0,0,0,Utah
3539_2017,2017,49,3539,493539,0,0,0,0,0,0,0,0,0,0,0,0,0,0,0,0,0,0,0,0,0,Utah
3539_2018,2018,49,3539,493539,0,0,0,0,0,0,0,0,0,0,0,0,0,0,0,0,0,0,0,0,0,Utah
3539_2019,2019,49,3539,493539,0,0,0,0,0,0,0,0,0,0,0,0,0,0,0,0,0,0,0,0,0,Utah
3539_2020,2020,49,3539,493539,0,0,0,0,0,0,0,0,0,0,0,0,0,0,0,0,0,0,0,0,0,Utah
3539_2021,2021,49,3539,493539,0,0,0,0,0,0,0,0,0,0,0,0,0,0,0,0,0,0,0,0,0,Utah
3539_2022,2022,49,3539,493539,0,0,0,0,0,0,0,0,0,0,0,0,0,0,0,0,0,0,0,0,0,Utah
3539_2023,2023,49,3539,493539,0,0,0,0,0,0,0,0,0,0,0,0,0,0,0,0,0,0,0,0,0,Utah
3539_2024,2024,49,3539,493539,0,0,0,0,0,0,0,0,0,0,0,0,0,0,0,0,0,0,0,0,0,Utah
3539_2025,2025,49,3539,493539,0,0,0,0,0,0,0,0,0,0,0,0,0,0,0,0,0,0,0,0,0,Utah
3539_2026,2026,49,3539,493539,0,0,0,0,0,0,0,0,0,0,0,0,0,0,0,0,0,0,0,0,0,Utah
3539_2027,2027,49,3539,493539,0,0,0,0,0,0,0,0,0,0,0,0,0,0,0,0,0,0,0,0,0,Utah
3539_2028,2028,49,3539,493539,0,0,0,0,0,0,0,0,0,0,0,0,0,0,0,0,0,0,0,0,0,Utah
3539_2029,2029,49,3539,493539,0,0,0,0,0,0,0,0,0,0,0,0,0,0,0,0,0,0,0,0,0,Utah
3539_2030,2030,49,3539,493539,0,0,0,0,0,0,0,0,0,0,0,0,0,0,0,0,0,0,0,0,0,Utah
3539_2031,2031,49,3539,493539,0,0,0,0,0,0,0,0,0,0,0,0,0,0,0,0,0,0,0,0,0,Utah
3539_2032,2032,49,3539,493539,0,0,0,0,0,0,0,0,0,0,0,0,0,0,0,0,0,0,0,0,0,Utah
3539_2033,2033,49,3539,493539,0,0,0,0,0,0,0,0,0,0,0,0,0,0,0,0,0,0,0,0,0,Utah
3539_2034,2034,49,3539,493539,0,0,0,0,0,0,0,0,0,0,0,0,0,0,0,0,0,0,0,0,0,Utah
3539_2035,2035,49,3539,493539,0,0,0,0,0,0,0,0,0,0,0,0,0,0,0,0,0,0,0,0,0,Utah
3539_2036,2036,49,3539,493539,0,0,0,0,0,0,0,0,0,0,0,0,0,0,0,0,0,0,0,0,0,Utah
3539_2037,2037,49,3539,493539,0,0,0,0,0,0,0,0,0,0,0,0,0,0,0,0,0,0,0,0,0,Utah
3539_2038,2038,49,3539,493539,0,0,0,0,0,0,0,0,0,0,0,0,0,0,0,0,0,0,0,0,0,Utah
3539_2039,2039,49,3539,493539,0,0,0,0,0,0,0,0,0,0,0,0,0,0,0,0,0,0,0,0,0,Utah
3539_2040,2040,49,3539,493539,0,0,0,0,0,0,0,0,0,0,0,0,0,0,0,0,0,0,0,0,0,Utah
3539_2041,2041,49,3539,493539,0,0,0,0,0,0,0,0,0,0,0,0,0,0,0,0,0,0,0,0,0,Utah
3539_2042,2042,49,3539,493539,0,0,0,0,0,0,0,0,0,0,0,0,0,0,0,0,0,0,0,0,0,Utah
3539_2043,2043,49,3539,493539,0,0,0,0,0,0,0,0,0,0,0,0,0,0,0,0,0,0,0,0,0,Utah
3539_2044,2044,49,3539,493539,0,0,0,0,0,0,0,0,0,0,0,0,0,0,0,0,0,0,0,0,0,Utah
3539_2045,2045,49,3539,493539,0,0,0,0,0,0,0,0,0,0,0,0,0,0,0,0,0,0,0,0,0,Utah
3539_2046,2046,49,3539,493539,0,0,0,0,0,0,0,0,0,0,0,0,0,0,0,0,0,0,0,0,0,Utah
3539_2047,2047,49,3539,493539,0,0,0,0,0,0,0,0,0,0,0,0,0,0,0,0,0,0,0,0,0,Utah
3539_2048,2048,49,3539,493539,0,0,0,0,0,0,0,0,0,0,0,0,0,0,0,0,0,0,0,0,0,Utah
3539_2049,2049,49,3539,493539,0,0,0,0,0,0,0,0,0,0,0,0,0,0,0,0,0,0,0,0,0,Utah
3539_2050,2050,49,3539,493539,0,0,0,0,0,0,0,0,0,0,0,0,0,0,0,0,0,0,0,0,0,Utah
3539_2051,2051,49,3539,493539,0,0,0,0,0,0,0,0,0,0,0,0,0,0,0,0,0,0,0,0,0,Utah
3539_2052,2052,49,3539,493539,0,0,0,0,0,0,0,0,0,0,0,0,0,0,0,0,0,0,0,0,0,Utah
3539_2053,2053,49,3539,493539,0,0,0,0,0,0,0,0,0,0,0,0,0,0,0,0,0,0,0,0,0,Utah
3539_2054,2054,49,3539,493539,0,0,0,0,0,0,0,0,0,0,0,0,0,0,0,0,0,0,0,0,0,Utah
3539_2055,2055,49,3539,493539,0,0,0,0,0,0,0,0,0,0,0,0,0,0,0,0,0,0,0,0,0,Utah
3539_2056,2056,49,3539,493539,0,0,0,0,0,0,0,0,0,0,0,0,0,0,0,0,0,0,0,0,0,Utah
3539_2057,2057,49,3539,493539,0,0,0,0,0,0,0,0,0,0,0,0,0,0,0,0,0,0,0,0,0,Utah
3539_2058,2058,49,3539,493539,0,0,0,0,0,0,0,0,0,0,0,0,0,0,0,0,0,0,0,0,0,Utah
3539_2059,2059,49,3539,493539,0,0,0,0,0,0,0,0,0,0,0,0,0,0,0,0,0,0,0,0,0,Utah
3539_2060,2060,49,3539,493539,0,0,0,0,0,0,0,0,0,0,0,0,0,0,0,0,0,0,0,0,0,Utah
3559_2010,2010,49,3559,493559,0,0,0,0,0,0,0,0,0,0,0,0,0,0,0,0,0,0,0,0,0,Utah
3559_2011,2011,49,3559,493559,0,0,0,0,0,0,0,0,0,0,0,0,0,0,0,0,0,0,0,0,0,Utah
3559_2012,2012,49,3559,493559,0,0,0,0,0,0,0,0,0,0,0,0,0,0,0,0,0,0,0,0,0,Utah
3559_2013,2013,49,3559,493559,0,0,0,0,0,0,0,0,0,0,0,0,0,0,0,0,0,0,0,0,0,Utah
3559_2014,2014,49,3559,493559,0,0,0,0,0,0,0,0,0,0,0,0,0,0,0,0,0,0,0,0,0,Utah
3559_2015,2015,49,3559,493559,0,0,0,0,0,0,0,0,0,0,0,0,0,0,0,0,0,0,0,0,0,Utah
3559_2016,2016,49,3559,493559,0,0,0,0,0,0,0,0,0,0,0,0,0,0,0,0,0,0,0,0,0,Utah
3559_2017,2017,49,3559,493559,0,0,0,0,0,0,0,0,0,0,0,0,0,0,0,0,0,0,0,0,0,Utah
3559_2018,2018,49,3559,493559,0,0,0,0,0,0,0,0,0,0,0,0,0,0,0,0,0,0,0,0,0,Utah
3559_2019,2019,49,3559,493559,0,0,0,0,0,0,0,0,0,0,0,0,0,0,0,0,0,0,0,0,0,Utah
3559_2020,2020,49,3559,493559,0,0,0,0,0,0,0,0,0,0,0,0,0,0,0,0,0,0,0,0,0,Utah
3559_2021,2021,49,3559,493559,0,0,0,0,0,0,0,0,0,0,0,0,0,0,0,0,0,0,0,0,0,Utah
3559_2022,2022,49,3559,493559,0,0,0,0,0,0,0,0,0,0,0,0,0,0,0,0,0,0,0,0,0,Utah
3559_2023,2023,49,3559,493559,0,0,0,0,0,0,0,0,0,0,0,0,0,0,0,0,0,0,0,0,0,Utah
3559_2024,2024,49,3559,493559,0,0,0,0,0,0,0,0,0,0,0,0,0,0,0,0,0,0,0,0,0,Utah
3559_2025,2025,49,3559,493559,0,0,0,0,0,0,0,0,0,0,0,0,0,0,0,0,0,0,0,0,0,Utah
3559_2026,2026,49,3559,493559,0,0,0,0,0,0,0,0,0,0,0,0,0,0,0,0,0,0,0,0,0,Utah
3559_2027,2027,49,3559,493559,0,0,0,0,0,0,0,0,0,0,0,0,0,0,0,0,0,0,0,0,0,Utah
3559_2028,2028,49,3559,493559,0,0,0,0,0,0,0,0,0,0,0,0,0,0,0,0,0,0,0,0,0,Utah
3559_2029,2029,49,3559,493559,0,0,0,0,0,0,0,0,0,0,0,0,0,0,0,0,0,0,0,0,0,Utah
3559_2030,2030,49,3559,493559,0,0,0,0,0,0,0,0,0,0,0,0,0,0,0,0,0,0,0,0,0,Utah
3559_2031,2031,49,3559,493559,0,0,0,0,0,0,0,0,0,0,0,0,0,0,0,0,0,0,0,0,0,Utah
3559_2032,2032,49,3559,493559,0,0,0,0,0,0,0,0,0,0,0,0,0,0,0,0,0,0,0,0,0,Utah
3559_2033,2033,49,3559,493559,0,0,0,0,0,0,0,0,0,0,0,0,0,0,0,0,0,0,0,0,0,Utah
3559_2034,2034,49,3559,493559,0,0,0,0,0,0,0,0,0,0,0,0,0,0,0,0,0,0,0,0,0,Utah
3559_2035,2035,49,3559,493559,0,0,0,0,0,0,0,0,0,0,0,0,0,0,0,0,0,0,0,0,0,Utah
3559_2036,2036,49,3559,493559,0,0,0,0,0,0,0,0,0,0,0,0,0,0,0,0,0,0,0,0,0,Utah
3559_2037,2037,49,3559,493559,0,0,0,0,0,0,0,0,0,0,0,0,0,0,0,0,0,0,0,0,0,Utah
3559_2038,2038,49,3559,493559,0,0,0,0,0,0,0,0,0,0,0,0,0,0,0,0,0,0,0,0,0,Utah
3559_2039,2039,49,3559,493559,0,0,0,0,0,0,0,0,0,0,0,0,0,0,0,0,0,0,0,0,0,Utah
3559_2040,2040,49,3559,493559,0,0,0,0,0,0,0,0,0,0,0,0,0,0,0,0,0,0,0,0,0,Utah
3559_2041,2041,49,3559,493559,0,0,0,0,0,0,0,0,0,0,0,0,0,0,0,0,0,0,0,0,0,Utah
3559_2042,2042,49,3559,493559,0,0,0,0,0,0,0,0,0,0,0,0,0,0,0,0,0,0,0,0,0,Utah
3559_2043,2043,49,3559,493559,0,0,0,0,0,0,0,0,0,0,0,0,0,0,0,0,0,0,0,0,0,Utah
3559_2044,2044,49,3559,493559,0,0,0,0,0,0,0,0,0,0,0,0,0,0,0,0,0,0,0,0,0,Utah
3559_2045,2045,49,3559,493559,0,0,0,0,0,0,0,0,0,0,0,0,0,0,0,0,0,0,0,0,0,Utah
3559_2046,2046,49,3559,493559,0,0,0,0,0,0,0,0,0,0,0,0,0,0,0,0,0,0,0,0,0,Utah
3559_2047,2047,49,3559,493559,0,0,0,0,0,0,0,0,0,0,0,0,0,0,0,0,0,0,0,0,0,Utah
3559_2048,2048,49,3559,493559,0,0,0,0,0,0,0,0,0,0,0,0,0,0,0,0,0,0,0,0,0,Utah
3559_2049,2049,49,3559,493559,0,0,0,0,0,0,0,0,0,0,0,0,0,0,0,0,0,0,0,0,0,Utah
3559_2050,2050,49,3559,493559,0,0,0,0,0,0,0,0,0,0,0,0,0,0,0,0,0,0,0,0,0,Utah
3559_2051,2051,49,3559,493559,0,0,0,0,0,0,0,0,0,0,0,0,0,0,0,0,0,0,0,0,0,Utah
3559_2052,2052,49,3559,493559,0,0,0,0,0,0,0,0,0,0,0,0,0,0,0,0,0,0,0,0,0,Utah
3559_2053,2053,49,3559,493559,0,0,0,0,0,0,0,0,0,0,0,0,0,0,0,0,0,0,0,0,0,Utah
3559_2054,2054,49,3559,493559,0,0,0,0,0,0,0,0,0,0,0,0,0,0,0,0,0,0,0,0,0,Utah
3559_2055,2055,49,3559,493559,0,0,0,0,0,0,0,0,0,0,0,0,0,0,0,0,0,0,0,0,0,Utah
3559_2056,2056,49,3559,493559,0,0,0,0,0,0,0,0,0,0,0,0,0,0,0,0,0,0,0,0,0,Utah
3559_2057,2057,49,3559,493559,0,0,0,0,0,0,0,0,0,0,0,0,0,0,0,0,0,0,0,0,0,Utah
3559_2058,2058,49,3559,493559,0,0,0,0,0,0,0,0,0,0,0,0,0,0,0,0,0,0,0,0,0,Utah
3559_2059,2059,49,3559,493559,0,0,0,0,0,0,0,0,0,0,0,0,0,0,0,0,0,0,0,0,0,Utah
3559_2060,2060,49,3559,493559,0,0,0,0,0,0,0,0,0,0,0,0,0,0,0,0,0,0,0,0,0,Utah
3549_2010,2010,49,3549,493549,0,0,0,0,0,0,0,0,0,0,0,0,0,0,0,0,0,0,0,0,0,Utah
3549_2011,2011,49,3549,493549,0,0,0,0,0,0,0,0,0,0,0,0,0,0,0,0,0,0,0,0,0,Utah
3549_2012,2012,49,3549,493549,0,0,0,0,0,0,0,0,0,0,0,0,0,0,0,0,0,0,0,0,0,Utah
3549_2013,2013,49,3549,493549,0,0,0,0,0,0,0,0,0,0,0,0,0,0,0,0,0,0,0,0,0,Utah
3549_2014,2014,49,3549,493549,0,0,0,0,0,0,0,0,0,0,0,0,0,0,0,0,0,0,0,0,0,Utah
3549_2015,2015,49,3549,493549,0,0,0,0,0,0,0,0,0,0,0,0,0,0,0,0,0,0,0,0,0,Utah
3549_2016,2016,49,3549,493549,0,0,0,0,0,0,0,0,0,0,0,0,0,0,0,0,0,0,0,0,0,Utah
3549_2017,2017,49,3549,493549,0,0,0,0,0,0,0,0,0,0,0,0,0,0,0,0,0,0,0,0,0,Utah
3549_2018,2018,49,3549,493549,0,0,0,0,0,0,0,0,0,0,0,0,0,0,0,0,0,0,0,0,0,Utah
3549_2019,2019,49,3549,493549,0,0,0,0,0,0,0,0,0,0,0,0,0,0,0,0,0,0,0,0,0,Utah
3549_2020,2020,49,3549,493549,0,0,0,0,0,0,0,0,0,0,0,0,0,0,0,0,0,0,0,0,0,Utah
3549_2021,2021,49,3549,493549,0,0,0,0,0,0,0,0,0,0,0,0,0,0,0,0,0,0,0,0,0,Utah
3549_2022,2022,49,3549,493549,0,0,0,0,0,0,0,0,0,0,0,0,0,0,0,0,0,0,0,0,0,Utah
3549_2023,2023,49,3549,493549,0,0,0,0,0,0,0,0,0,0,0,0,0,0,0,0,0,0,0,0,0,Utah
3549_2024,2024,49,3549,493549,0,0,0,0,0,0,0,0,0,0,0,0,0,0,0,0,0,0,0,0,0,Utah
3549_2025,2025,49,3549,493549,0,0,0,0,0,0,0,0,0,0,0,0,0,0,0,0,0,0,0,0,0,Utah
3549_2026,2026,49,3549,493549,0,0,0,0,0,0,0,0,0,0,0,0,0,0,0,0,0,0,0,0,0,Utah
3549_2027,2027,49,3549,493549,0,0,0,0,0,0,0,0,0,0,0,0,0,0,0,0,0,0,0,0,0,Utah
3549_2028,2028,49,3549,493549,0,0,0,0,0,0,0,0,0,0,0,0,0,0,0,0,0,0,0,0,0,Utah
3549_2029,2029,49,3549,493549,0,0,0,0,0,0,0,0,0,0,0,0,0,0,0,0,0,0,0,0,0,Utah
3549_2030,2030,49,3549,493549,0,0,0,0,0,0,0,0,0,0,0,0,0,0,0,0,0,0,0,0,0,Utah
3549_2031,2031,49,3549,493549,0,0,0,0,0,0,0,0,0,0,0,0,0,0,0,0,0,0,0,0,0,Utah
3549_2032,2032,49,3549,493549,0,0,0,0,0,0,0,0,0,0,0,0,0,0,0,0,0,0,0,0,0,Utah
3549_2033,2033,49,3549,493549,0,0,0,0,0,0,0,0,0,0,0,0,0,0,0,0,0,0,0,0,0,Utah
3549_2034,2034,49,3549,493549,0,0,0,0,0,0,0,0,0,0,0,0,0,0,0,0,0,0,0,0,0,Utah
3549_2035,2035,49,3549,493549,0,0,0,0,0,0,0,0,0,0,0,0,0,0,0,0,0,0,0,0,0,Utah
3549_2036,2036,49,3549,493549,0,0,0,0,0,0,0,0,0,0,0,0,0,0,0,0,0,0,0,0,0,Utah
3549_2037,2037,49,3549,493549,0,0,0,0,0,0,0,0,0,0,0,0,0,0,0,0,0,0,0,0,0,Utah
3549_2038,2038,49,3549,493549,0,0,0,0,0,0,0,0,0,0,0,0,0,0,0,0,0,0,0,0,0,Utah
3549_2039,2039,49,3549,493549,0,0,0,0,0,0,0,0,0,0,0,0,0,0,0,0,0,0,0,0,0,Utah
3549_2040,2040,49,3549,493549,0,0,0,0,0,0,0,0,0,0,0,0,0,0,0,0,0,0,0,0,0,Utah
3549_2041,2041,49,3549,493549,0,0,0,0,0,0,0,0,0,0,0,0,0,0,0,0,0,0,0,0,0,Utah
3549_2042,2042,49,3549,493549,0,0,0,0,0,0,0,0,0,0,0,0,0,0,0,0,0,0,0,0,0,Utah
3549_2043,2043,49,3549,493549,0,0,0,0,0,0,0,0,0,0,0,0,0,0,0,0,0,0,0,0,0,Utah
3549_2044,2044,49,3549,493549,0,0,0,0,0,0,0,0,0,0,0,0,0,0,0,0,0,0,0,0,0,Utah
3549_2045,2045,49,3549,493549,0,0,0,0,0,0,0,0,0,0,0,0,0,0,0,0,0,0,0,0,0,Utah
3549_2046,2046,49,3549,493549,0,0,0,0,0,0,0,0,0,0,0,0,0,0,0,0,0,0,0,0,0,Utah
3549_2047,2047,49,3549,493549,0,0,0,0,0,0,0,0,0,0,0,0,0,0,0,0,0,0,0,0,0,Utah
3549_2048,2048,49,3549,493549,0,0,0,0,0,0,0,0,0,0,0,0,0,0,0,0,0,0,0,0,0,Utah
3549_2049,2049,49,3549,493549,0,0,0,0,0,0,0,0,0,0,0,0,0,0,0,0,0,0,0,0,0,Utah
3549_2050,2050,49,3549,493549,0,0,0,0,0,0,0,0,0,0,0,0,0,0,0,0,0,0,0,0,0,Utah
3549_2051,2051,49,3549,493549,0,0,0,0,0,0,0,0,0,0,0,0,0,0,0,0,0,0,0,0,0,Utah
3549_2052,2052,49,3549,493549,0,0,0,0,0,0,0,0,0,0,0,0,0,0,0,0,0,0,0,0,0,Utah
3549_2053,2053,49,3549,493549,0,0,0,0,0,0,0,0,0,0,0,0,0,0,0,0,0,0,0,0,0,Utah
3549_2054,2054,49,3549,493549,0,0,0,0,0,0,0,0,0,0,0,0,0,0,0,0,0,0,0,0,0,Utah
3549_2055,2055,49,3549,493549,0,0,0,0,0,0,0,0,0,0,0,0,0,0,0,0,0,0,0,0,0,Utah
3549_2056,2056,49,3549,493549,0,0,0,0,0,0,0,0,0,0,0,0,0,0,0,0,0,0,0,0,0,Utah
3549_2057,2057,49,3549,493549,0,0,0,0,0,0,0,0,0,0,0,0,0,0,0,0,0,0,0,0,0,Utah
3549_2058,2058,49,3549,493549,0,0,0,0,0,0,0,0,0,0,0,0,0,0,0,0,0,0,0,0,0,Utah
3549_2059,2059,49,3549,493549,0,0,0,0,0,0,0,0,0,0,0,0,0,0,0,0,0,0,0,0,0,Utah
3549_2060,2060,49,3549,493549,0,0,0,0,0,0,0,0,0,0,0,0,0,0,0,0,0,0,0,0,0,Utah
3560_2010,2010,49,3560,493560,3,0,3,2,1.5,1.1,1.7,0.2,0,0,0,0,0,0,0,0,0,0,0,0,0,Utah
3560_2011,2011,49,3560,493560,3,0,3,2,1.5,1,1.8,0.2,0,0,0,0,0,0,0,0,0,0,0,0,0,Utah
3560_2012,2012,49,3560,493560,3,0,3,2,1.5,1,1.8,0.2,0,0,0,0,0,0,0,0,0,0,0,0,0,Utah
3560_2013,2013,49,3560,493560,3,0,3,2,1.5,1,1.8,0.2,0,0,0,0,0,0,0,0,0,0,0,0,0,Utah
3560_2014,2014,49,3560,493560,3,0,3,2,1.5,1,1.8,0.2,0,0,0,0,0,0,0,0,0,0,0,0,0,Utah
3560_2015,2015,49,3560,493560,3,0,3,2,1.5,1,1.8,0.2,0,0,0,0,0,0,0,0,0,0,0,0,0,Utah
3560_2016,2016,49,3560,493560,3,0,3,2,1.5,1,1.8,0.2,0,0,0,0,0,0,0,0,0,0,0,0,0,Utah
3560_2017,2017,49,3560,493560,3,0,3,2,1.5,1,1.8,0.2,0,0,0,0,0,0,0,0,0,0,0,0,0,Utah
3560_2018,2018,49,3560,493560,3,0,3,2,1.5,1,1.8,0.2,0,0,0,0,0,0,0,0,0,0,0,0,0,Utah
3560_2019,2019,49,3560,493560,3,0,3,2,1.5,1,1.8,0.2,0,0,0,0,0,0,0,0,0,0,0,0,0,Utah
3560_2020,2020,49,3560,493560,3,0,3,2,1.5,1,1.8,0.2,0,0,0,0,0,0,0,0,0,0,0,0,0,Utah
3560_2021,2021,49,3560,493560,3,0,3,2,1.5,1,1.8,0.2,0,0,0,0,0,0,0,0,0,0,0,0,0,Utah
3560_2022,2022,49,3560,493560,3,0,3,2,1.5,0.9,1.9,0.2,0,0,0,0,0,0,0,0,0,0,0,0,0,Utah
3560_2023,2023,49,3560,493560,3,0,3,2,1.5,0.9,1.8,0.3,0,0,0,0,0,0,0,0,0,0,0,0,0,Utah
3560_2024,2024,49,3560,493560,3,0,3,2,1.5,0.9,1.8,0.3,0,0,0,0,0,0,0,0,0,0,0,0,0,Utah
3560_2025,2025,49,3560,493560,3,0,3,2,1.5,0.9,1.8,0.3,0,0,0,0,0,0,0,0,0,0,0,0,0,Utah
3560_2026,2026,49,3560,493560,3,0,3,2,1.5,0.9,1.8,0.3,0,0,0,0,0,0,0,0,0,0,0,0,0,Utah
3560_2027,2027,49,3560,493560,3,0,3,2,1.5,0.9,1.8,0.3,0,0,0,0,0,0,0,0,0,0,0,0,0,Utah
3560_2028,2028,49,3560,493560,3,0,3,2,1.5,0.8,1.9,0.3,0,0,0,0,0,0,0,0,0,0,0,0,0,Utah
3560_2029,2029,49,3560,493560,3,0,3,2,1.5,0.8,1.9,0.3,0,0,0,0,0,0,0,0,0,0,0,0,0,Utah
3560_2030,2030,49,3560,493560,3,0,3,2,1.5,0.8,1.9,0.3,0,0,0,0,0,0,0,0,0,0,0,0,0,Utah
3560_2031,2031,49,3560,493560,3,0,3,2,1.5,0.8,1.9,0.3,0,0,0,0,0,0,0,0,0,0,0,0,0,Utah
3560_2032,2032,49,3560,493560,3,0,3,2,1.5,0.8,1.9,0.3,0,0,0,0,0,0,0,0,0,0,0,0,0,Utah
3560_2033,2033,49,3560,493560,3,0,3,2,1.5,0.8,1.9,0.3,0,0,0,0,0,0,0,0,0,0,0,0,0,Utah
3560_2034,2034,49,3560,493560,3,0,3,2,1.5,0.8,1.9,0.3,0,0,0,0,0,0,0,0,0,0,0,0,0,Utah
3560_2035,2035,49,3560,493560,3,0,3,2,1.5,0.8,1.9,0.3,0,0,0,0,0,0,0,0,0,0,0,0,0,Utah
3560_2036,2036,49,3560,493560,3,0,3,2,1.5,0.8,1.8,0.4,0,0,0,0,0,0,0,0,0,0,0,0,0,Utah
3560_2037,2037,49,3560,493560,3,0,3,2,1.5,0.8,1.8,0.4,0,0,0,0,0,0,0,0,0,0,0,0,0,Utah
3560_2038,2038,49,3560,493560,3,0,3,2,1.5,0.8,1.8,0.4,0,0,0,0,0,0,0,0,0,0,0,0,0,Utah
3560_2039,2039,49,3560,493560,3,0,3,2,1.5,0.8,1.8,0.4,0,0,0,0,0,0,0,0,0,0,0,0,0,Utah
3560_2040,2040,49,3560,493560,3,0,3,2,1.5,0.8,1.8,0.4,0,0,0,0,0,0,0,0,0,0,0,0,0,Utah
3560_2041,2041,49,3560,493560,3,0,3,2,1.5,0.8,1.8,0.4,0,0,0,0,0,0,0,0,0,0,0,0,0,Utah
3560_2042,2042,49,3560,493560,3,0,3,2,1.5,0.8,1.8,0.4,0,0,0,0,0,0,0,0,0,0,0,0,0,Utah
3560_2043,2043,49,3560,493560,3,0,3,2,1.5,0.8,1.8,0.4,0,0,0,0,0,0,0,0,0,0,0,0,0,Utah
3560_2044,2044,49,3560,493560,3,0,3,2,1.5,0.8,1.8,0.4,0,0,0,0,0,0,0,0,0,0,0,0,0,Utah
3560_2045,2045,49,3560,493560,3,0,3,2,1.5,0.8,1.8,0.4,0,0,0,0,0,0,0,0,0,0,0,0,0,Utah
3560_2046,2046,49,3560,493560,3,0,3,2,1.5,0.8,1.8,0.4,0,0,0,0,0,0,0,0,0,0,0,0,0,Utah
3560_2047,2047,49,3560,493560,3,0,3,2,1.5,0.8,1.8,0.4,0,0,0,0,0,0,0,0,0,0,0,0,0,Utah
3560_2048,2048,49,3560,493560,3,0,3,2,1.5,0.8,1.8,0.4,0,0,0,0,0,0,0,0,0,0,0,0,0,Utah
3560_2049,2049,49,3560,493560,3,0,3,2,1.5,0.8,1.8,0.4,0,0,0,0,0,0,0,0,0,0,0,0,0,Utah
3560_2050,2050,49,3560,493560,3,0,3,2,1.5,0.8,1.8,0.4,0,0,0,0,0,0,0,0,0,0,0,0,0,Utah
3560_2051,2051,49,3560,493560,3,0,3,2,1.5,0.8,1.8,0.4,0,0,0,0,0,0,0,0,0,0,0,0,0,Utah
3560_2052,2052,49,3560,493560,3,0,3,2,1.5,0.8,1.7,0.5,0,0,0,0,0,0,0,0,0,0,0,0,0,Utah
3560_2053,2053,49,3560,493560,3,0,3,2,1.5,0.8,1.7,0.5,0,0,0,0,0,0,0,0,0,0,0,0,0,Utah
3560_2054,2054,49,3560,493560,3,0,3,2,1.5,0.8,1.7,0.5,0,0,0,0,0,0,0,0,0,0,0,0,0,Utah
3560_2055,2055,49,3560,493560,3,0,3,2,1.5,0.8,1.7,0.5,0,0,0,0,0,0,0,0,0,0,0,0,0,Utah
3560_2056,2056,49,3560,493560,3,0,3,2,1.5,0.8,1.7,0.5,0,0,0,0,0,0,0,0,0,0,0,0,0,Utah
3560_2057,2057,49,3560,493560,3,0,3,2,1.5,0.8,1.7,0.5,0,0,0,0,0,0,0,0,0,0,0,0,0,Utah
3560_2058,2058,49,3560,493560,3,0,3,2,1.5,0.7,1.8,0.5,0,0,0,0,0,0,0,0,0,0,0,0,0,Utah
3560_2059,2059,49,3560,493560,3,0,3,2,1.5,0.7,1.8,0.5,0,0,0,0,0,0,0,0,0,0,0,0,0,Utah
3560_2060,2060,49,3560,493560,3,0,3,2,1.5,0.7,1.8,0.5,0,0,0,0,0,0,0,0,0,0,0,0,0,Utah
3543_2010,2010,49,3543,493543,0,0,0,0,0,0,0,0,0,0,0,0,0,0,0,0,0,0,0,0,0,Utah
3543_2011,2011,49,3543,493543,0,0,0,0,0,0,0,0,0,0,0,0,0,0,0,0,0,0,0,0,0,Utah
3543_2012,2012,49,3543,493543,0,0,0,0,0,0,0,0,0,0,0,0,0,0,0,0,0,0,0,0,0,Utah
3543_2013,2013,49,3543,493543,0,0,0,0,0,0,0,0,0,0,0,0,0,0,0,0,0,0,0,0,0,Utah
3543_2014,2014,49,3543,493543,0,0,0,0,0,0,0,0,0,0,0,0,0,0,0,0,0,0,0,0,0,Utah
3543_2015,2015,49,3543,493543,0,0,0,0,0,0,0,0,0,0,0,0,0,0,0,0,0,0,0,0,0,Utah
3543_2016,2016,49,3543,493543,0,0,0,0,0,0,0,0,0,0,0,0,0,0,0,0,0,0,0,0,0,Utah
3543_2017,2017,49,3543,493543,0,0,0,0,0,0,0,0,0,0,0,0,0,0,0,0,0,0,0,0,0,Utah
3543_2018,2018,49,3543,493543,0,0,0,0,0,0,0,0,0,0,0,0,0,0,0,0,0,0,0,0,0,Utah
3543_2019,2019,49,3543,493543,0,0,0,0,0,0,0,0,0,0,0,0,0,0,0,0,0,0,0,0,0,Utah
3543_2020,2020,49,3543,493543,0,0,0,0,0,0,0,0,0,0,0,0,0,0,0,0,0,0,0,0,0,Utah
3543_2021,2021,49,3543,493543,0,0,0,0,0,0,0,0,0,0,0,0,0,0,0,0,0,0,0,0,0,Utah
3543_2022,2022,49,3543,493543,0,0,0,0,0,0,0,0,0,0,0,0,0,0,0,0,0,0,0,0,0,Utah
3543_2023,2023,49,3543,493543,0,0,0,0,0,0,0,0,0,0,0,0,0,0,0,0,0,0,0,0,0,Utah
3543_2024,2024,49,3543,493543,0,0,0,0,0,0,0,0,0,0,0,0,0,0,0,0,0,0,0,0,0,Utah
3543_2025,2025,49,3543,493543,0,0,0,0,0,0,0,0,0,0,0,0,0,0,0,0,0,0,0,0,0,Utah
3543_2026,2026,49,3543,493543,0,0,0,0,0,0,0,0,0,0,0,0,0,0,0,0,0,0,0,0,0,Utah
3543_2027,2027,49,3543,493543,0,0,0,0,0,0,0,0,0,0,0,0,0,0,0,0,0,0,0,0,0,Utah
3543_2028,2028,49,3543,493543,0,0,0,0,0,0,0,0,0,0,0,0,0,0,0,0,0,0,0,0,0,Utah
3543_2029,2029,49,3543,493543,0,0,0,0,0,0,0,0,0,0,0,0,0,0,0,0,0,0,0,0,0,Utah
3543_2030,2030,49,3543,493543,0,0,0,0,0,0,0,0,0,0,0,0,0,0,0,0,0,0,0,0,0,Utah
3543_2031,2031,49,3543,493543,0,0,0,0,0,0,0,0,0,0,0,0,0,0,0,0,0,0,0,0,0,Utah
3543_2032,2032,49,3543,493543,0,0,0,0,0,0,0,0,0,0,0,0,0,0,0,0,0,0,0,0,0,Utah
3543_2033,2033,49,3543,493543,0,0,0,0,0,0,0,0,0,0,0,0,0,0,0,0,0,0,0,0,0,Utah
3543_2034,2034,49,3543,493543,0,0,0,0,0,0,0,0,0,0,0,0,0,0,0,0,0,0,0,0,0,Utah
3543_2035,2035,49,3543,493543,0,0,0,0,0,0,0,0,0,0,0,0,0,0,0,0,0,0,0,0,0,Utah
3543_2036,2036,49,3543,493543,0,0,0,0,0,0,0,0,0,0,0,0,0,0,0,0,0,0,0,0,0,Utah
3543_2037,2037,49,3543,493543,0,0,0,0,0,0,0,0,0,0,0,0,0,0,0,0,0,0,0,0,0,Utah
3543_2038,2038,49,3543,493543,0,0,0,0,0,0,0,0,0,0,0,0,0,0,0,0,0,0,0,0,0,Utah
3543_2039,2039,49,3543,493543,0,0,0,0,0,0,0,0,0,0,0,0,0,0,0,0,0,0,0,0,0,Utah
3543_2040,2040,49,3543,493543,0,0,0,0,0,0,0,0,0,0,0,0,0,0,0,0,0,0,0,0,0,Utah
3543_2041,2041,49,3543,493543,0,0,0,0,0,0,0,0,0,0,0,0,0,0,0,0,0,0,0,0,0,Utah
3543_2042,2042,49,3543,493543,0,0,0,0,0,0,0,0,0,0,0,0,0,0,0,0,0,0,0,0,0,Utah
3543_2043,2043,49,3543,493543,0,0,0,0,0,0,0,0,0,0,0,0,0,0,0,0,0,0,0,0,0,Utah
3543_2044,2044,49,3543,493543,0,0,0,0,0,0,0,0,0,0,0,0,0,0,0,0,0,0,0,0,0,Utah
3543_2045,2045,49,3543,493543,0,0,0,0,0,0,0,0,0,0,0,0,0,0,0,0,0,0,0,0,0,Utah
3543_2046,2046,49,3543,493543,0,0,0,0,0,0,0,0,0,0,0,0,0,0,0,0,0,0,0,0,0,Utah
3543_2047,2047,49,3543,493543,0,0,0,0,0,0,0,0,0,0,0,0,0,0,0,0,0,0,0,0,0,Utah
3543_2048,2048,49,3543,493543,0,0,0,0,0,0,0,0,0,0,0,0,0,0,0,0,0,0,0,0,0,Utah
3543_2049,2049,49,3543,493543,0,0,0,0,0,0,0,0,0,0,0,0,0,0,0,0,0,0,0,0,0,Utah
3543_2050,2050,49,3543,493543,0,0,0,0,0,0,0,0,0,0,0,0,0,0,0,0,0,0,0,0,0,Utah
3543_2051,2051,49,3543,493543,0,0,0,0,0,0,0,0,0,0,0,0,0,0,0,0,0,0,0,0,0,Utah
3543_2052,2052,49,3543,493543,0,0,0,0,0,0,0,0,0,0,0,0,0,0,0,0,0,0,0,0,0,Utah
3543_2053,2053,49,3543,493543,0,0,0,0,0,0,0,0,0,0,0,0,0,0,0,0,0,0,0,0,0,Utah
3543_2054,2054,49,3543,493543,0,0,0,0,0,0,0,0,0,0,0,0,0,0,0,0,0,0,0,0,0,Utah
3543_2055,2055,49,3543,493543,0,0,0,0,0,0,0,0,0,0,0,0,0,0,0,0,0,0,0,0,0,Utah
3543_2056,2056,49,3543,493543,0,0,0,0,0,0,0,0,0,0,0,0,0,0,0,0,0,0,0,0,0,Utah
3543_2057,2057,49,3543,493543,0,0,0,0,0,0,0,0,0,0,0,0,0,0,0,0,0,0,0,0,0,Utah
3543_2058,2058,49,3543,493543,0,0,0,0,0,0,0,0,0,0,0,0,0,0,0,0,0,0,0,0,0,Utah
3543_2059,2059,49,3543,493543,0,0,0,0,0,0,0,0,0,0,0,0,0,0,0,0,0,0,0,0,0,Utah
3543_2060,2060,49,3543,493543,0,0,0,0,0,0,0,0,0,0,0,0,0,0,0,0,0,0,0,0,0,Utah
3546_2010,2010,49,3546,493546,0,0,0,0,0,0,0,0,0,0,0,0,0,0,0,0,0,0,0,0,0,Utah
3546_2011,2011,49,3546,493546,0,0,0,0,0,0,0,0,0,0,0,0,0,0,0,0,0,0,0,0,0,Utah
3546_2012,2012,49,3546,493546,0,0,0,0,0,0,0,0,0,0,0,0,0,0,0,0,0,0,0,0,0,Utah
3546_2013,2013,49,3546,493546,0,0,0,0,0,0,0,0,0,0,0,0,0,0,0,0,0,0,0,0,0,Utah
3546_2014,2014,49,3546,493546,0,0,0,0,0,0,0,0,0,0,0,0,0,0,0,0,0,0,0,0,0,Utah
3546_2015,2015,49,3546,493546,0,0,0,0,0,0,0,0,0,0,0,0,0,0,0,0,0,0,0,0,0,Utah
3546_2016,2016,49,3546,493546,0,0,0,0,0,0,0,0,0,0,0,0,0,0,0,0,0,0,0,0,0,Utah
3546_2017,2017,49,3546,493546,0,0,0,0,0,0,0,0,0,0,0,0,0,0,0,0,0,0,0,0,0,Utah
3546_2018,2018,49,3546,493546,0,0,0,0,0,0,0,0,0,0,0,0,0,0,0,0,0,0,0,0,0,Utah
3546_2019,2019,49,3546,493546,0,0,0,0,0,0,0,0,0,0,0,0,0,0,0,0,0,0,0,0,0,Utah
3546_2020,2020,49,3546,493546,0,0,0,0,0,0,0,0,0,0,0,0,0,0,0,0,0,0,0,0,0,Utah
3546_2021,2021,49,3546,493546,0,0,0,0,0,0,0,0,0,0,0,0,0,0,0,0,0,0,0,0,0,Utah
3546_2022,2022,49,3546,493546,0,0,0,0,0,0,0,0,0,0,0,0,0,0,0,0,0,0,0,0,0,Utah
3546_2023,2023,49,3546,493546,0,0,0,0,0,0,0,0,0,0,0,0,0,0,0,0,0,0,0,0,0,Utah
3546_2024,2024,49,3546,493546,0,0,0,0,0,0,0,0,0,0,0,0,0,0,0,0,0,0,0,0,0,Utah
3546_2025,2025,49,3546,493546,0,0,0,0,0,0,0,0,0,0,0,0,0,0,0,0,0,0,0,0,0,Utah
3546_2026,2026,49,3546,493546,0,0,0,0,0,0,0,0,0,0,0,0,0,0,0,0,0,0,0,0,0,Utah
3546_2027,2027,49,3546,493546,0,0,0,0,0,0,0,0,0,0,0,0,0,0,0,0,0,0,0,0,0,Utah
3546_2028,2028,49,3546,493546,0,0,0,0,0,0,0,0,0,0,0,0,0,0,0,0,0,0,0,0,0,Utah
3546_2029,2029,49,3546,493546,0,0,0,0,0,0,0,0,0,0,0,0,0,0,0,0,0,0,0,0,0,Utah
3546_2030,2030,49,3546,493546,0,0,0,0,0,0,0,0,0,0,0,0,0,0,0,0,0,0,0,0,0,Utah
3546_2031,2031,49,3546,493546,0,0,0,0,0,0,0,0,0,0,0,0,0,0,0,0,0,0,0,0,0,Utah
3546_2032,2032,49,3546,493546,0,0,0,0,0,0,0,0,0,0,0,0,0,0,0,0,0,0,0,0,0,Utah
3546_2033,2033,49,3546,493546,0,0,0,0,0,0,0,0,0,0,0,0,0,0,0,0,0,0,0,0,0,Utah
3546_2034,2034,49,3546,493546,0,0,0,0,0,0,0,0,0,0,0,0,0,0,0,0,0,0,0,0,0,Utah
3546_2035,2035,49,3546,493546,0,0,0,0,0,0,0,0,0,0,0,0,0,0,0,0,0,0,0,0,0,Utah
3546_2036,2036,49,3546,493546,0,0,0,0,0,0,0,0,0,0,0,0,0,0,0,0,0,0,0,0,0,Utah
3546_2037,2037,49,3546,493546,0,0,0,0,0,0,0,0,0,0,0,0,0,0,0,0,0,0,0,0,0,Utah
3546_2038,2038,49,3546,493546,0,0,0,0,0,0,0,0,0,0,0,0,0,0,0,0,0,0,0,0,0,Utah
3546_2039,2039,49,3546,493546,0,0,0,0,0,0,0,0,0,0,0,0,0,0,0,0,0,0,0,0,0,Utah
3546_2040,2040,49,3546,493546,0,0,0,0,0,0,0,0,0,0,0,0,0,0,0,0,0,0,0,0,0,Utah
3546_2041,2041,49,3546,493546,0,0,0,0,0,0,0,0,0,0,0,0,0,0,0,0,0,0,0,0,0,Utah
3546_2042,2042,49,3546,493546,0,0,0,0,0,0,0,0,0,0,0,0,0,0,0,0,0,0,0,0,0,Utah
3546_2043,2043,49,3546,493546,0,0,0,0,0,0,0,0,0,0,0,0,0,0,0,0,0,0,0,0,0,Utah
3546_2044,2044,49,3546,493546,0,0,0,0,0,0,0,0,0,0,0,0,0,0,0,0,0,0,0,0,0,Utah
3546_2045,2045,49,3546,493546,0,0,0,0,0,0,0,0,0,0,0,0,0,0,0,0,0,0,0,0,0,Utah
3546_2046,2046,49,3546,493546,0,0,0,0,0,0,0,0,0,0,0,0,0,0,0,0,0,0,0,0,0,Utah
3546_2047,2047,49,3546,493546,0,0,0,0,0,0,0,0,0,0,0,0,0,0,0,0,0,0,0,0,0,Utah
3546_2048,2048,49,3546,493546,0,0,0,0,0,0,0,0,0,0,0,0,0,0,0,0,0,0,0,0,0,Utah
3546_2049,2049,49,3546,493546,0,0,0,0,0,0,0,0,0,0,0,0,0,0,0,0,0,0,0,0,0,Utah
3546_2050,2050,49,3546,493546,0,0,0,0,0,0,0,0,0,0,0,0,0,0,0,0,0,0,0,0,0,Utah
3546_2051,2051,49,3546,493546,0,0,0,0,0,0,0,0,0,0,0,0,0,0,0,0,0,0,0,0,0,Utah
3546_2052,2052,49,3546,493546,0,0,0,0,0,0,0,0,0,0,0,0,0,0,0,0,0,0,0,0,0,Utah
3546_2053,2053,49,3546,493546,0,0,0,0,0,0,0,0,0,0,0,0,0,0,0,0,0,0,0,0,0,Utah
3546_2054,2054,49,3546,493546,0,0,0,0,0,0,0,0,0,0,0,0,0,0,0,0,0,0,0,0,0,Utah
3546_2055,2055,49,3546,493546,0,0,0,0,0,0,0,0,0,0,0,0,0,0,0,0,0,0,0,0,0,Utah
3546_2056,2056,49,3546,493546,0,0,0,0,0,0,0,0,0,0,0,0,0,0,0,0,0,0,0,0,0,Utah
3546_2057,2057,49,3546,493546,0,0,0,0,0,0,0,0,0,0,0,0,0,0,0,0,0,0,0,0,0,Utah
3546_2058,2058,49,3546,493546,0,0,0,0,0,0,0,0,0,0,0,0,0,0,0,0,0,0,0,0,0,Utah
3546_2059,2059,49,3546,493546,0,0,0,0,0,0,0,0,0,0,0,0,0,0,0,0,0,0,0,0,0,Utah
3546_2060,2060,49,3546,493546,0,0,0,0,0,0,0,0,0,0,0,0,0,0,0,0,0,0,0,0,0,Utah
3547_2010,2010,49,3547,493547,25,0,25,5,5,8.8,14.6,1.6,0,0,0,0,0,0,0,0,0,0,0,0,0,Utah
3547_2011,2011,49,3547,493547,25,0,25,5,5,8.7,14.6,1.7,0,0,0,0,0,0,0,0,0,0,0,0,0,Utah
3547_2012,2012,49,3547,493547,25,0,25,5,5,8.7,14.6,1.7,0,0,0,0,0,0,0,0,0,0,0,0,0,Utah
3547_2013,2013,49,3547,493547,25,0,25,5,5,8.6,14.7,1.7,0,0,0,0,0,0,0,0,0,0,0,0,0,Utah
3547_2014,2014,49,3547,493547,25,0,25,5,5,8.5,14.7,1.8,0,0,0,0,0,0,0,0,0,0,0,0,0,Utah
3547_2015,2015,49,3547,493547,25,0,25,5,5,8.5,14.7,1.8,0,0,0,0,0,0,0,0,0,0,0,0,0,Utah
3547_2016,2016,49,3547,493547,25,0,25,5,5,8.4,14.8,1.8,0,0,0,0,0,0,0,0,0,0,0,0,0,Utah
3547_2017,2017,49,3547,493547,25,0,25,5,5,8.4,14.8,1.8,0,0,0,0,0,0,0,0,0,0,0,0,0,Utah
3547_2018,2018,49,3547,493547,25,0,25,5,5,8.3,14.8,1.9,0,0,0,0,0,0,0,0,0,0,0,0,0,Utah
3547_2019,2019,49,3547,493547,25,0,25,5,5,8.2,14.9,1.9,0,0,0,0,0,0,0,0,0,0,0,0,0,Utah
3547_2020,2020,49,3547,493547,25,0,25,5,5,8.2,14.9,1.9,0,0,0,0,0,0,0,0,0,0,0,0,0,Utah
3547_2021,2021,49,3547,493547,25,0,25,5,5,8,15,2,0,0,0,0,0,0,0,0,0,0,0,0,0,Utah
3547_2022,2022,49,3547,493547,25,0,25,5,5,7.9,15,2.1,0,0,0,0,0,0,0,0,0,0,0,0,0,Utah
3547_2023,2023,49,3547,493547,25,0,25,5,5,7.7,15.2,2.1,0,0,0,0,0,0,0,0,0,0,0,0,0,Utah
3547_2024,2024,49,3547,493547,25,0,25,5,5,7.6,15.2,2.2,0,0,0,0,0,0,0,0,0,0,0,0,0,Utah
3547_2025,2025,49,3547,493547,25,0,25,5,5,7.4,15.3,2.3,0,0,0,0,0,0,0,0,0,0,0,0,0,Utah
3547_2026,2026,49,3547,493547,25,0,25,5,5,7.3,15.3,2.4,0,0,0,0,0,0,0,0,0,0,0,0,0,Utah
3547_2027,2027,49,3547,493547,25,0,25,5,5,7.2,15.4,2.4,0,0,0,0,0,0,0,0,0,0,0,0,0,Utah
3547_2028,2028,49,3547,493547,25,0,25,5,5,7,15.5,2.5,0,0,0,0,0,0,0,0,0,0,0,0,0,Utah
3547_2029,2029,49,3547,493547,25,0,25,5,5,6.9,15.6,2.5,0,0,0,0,0,0,0,0,0,0,0,0,0,Utah
3547_2030,2030,49,3547,493547,25,0,25,5,5,6.9,15.5,2.6,0,0,0,0,0,0,0,0,0,0,0,0,0,Utah
3547_2031,2031,49,3547,493547,25,0,25,5,5,6.8,15.6,2.6,0,0,0,0,0,0,0,0,0,0,0,0,0,Utah
3547_2032,2032,49,3547,493547,25,0,25,5,5,6.7,15.6,2.7,0,0,0,0,0,0,0,0,0,0,0,0,0,Utah
3547_2033,2033,49,3547,493547,25,0,25,5,5,6.7,15.5,2.8,0,0,0,0,0,0,0,0,0,0,0,0,0,Utah
3547_2034,2034,49,3547,493547,25,0,25,5,5,6.6,15.6,2.8,0,0,0,0,0,0,0,0,0,0,0,0,0,Utah
3547_2035,2035,49,3547,493547,25,0,25,5,5,6.6,15.5,2.9,0,0,0,0,0,0,0,0,0,0,0,0,0,Utah
3547_2036,2036,49,3547,493547,25,0,25,5,5,6.6,15.5,2.9,0,0,0,0,0,0,0,0,0,0,0,0,0,Utah
3547_2037,2037,49,3547,493547,25,0,25,5,5,6.7,15.3,3,0,0,0,0,0,0,0,0,0,0,0,0,0,Utah
3547_2038,2038,49,3547,493547,25,0,25,5,5,6.7,15.3,3,0,0,0,0,0,0,0,0,0,0,0,0,0,Utah
3547_2039,2039,49,3547,493547,25,0,25,5,5,6.7,15.2,3.1,0,0,0,0,0,0,0,0,0,0,0,0,0,Utah
3547_2040,2040,49,3547,493547,25,0,25,5,5,6.7,15.2,3.1,0,0,0,0,0,0,0,0,0,0,0,0,0,Utah
3547_2041,2041,49,3547,493547,25,0,25,5,5,6.8,15,3.2,0,0,0,0,0,0,0,0,0,0,0,0,0,Utah
3547_2042,2042,49,3547,493547,25,0,25,5,5,6.8,15,3.2,0,0,0,0,0,0,0,0,0,0,0,0,0,Utah
3547_2043,2043,49,3547,493547,25,0,25,5,5,6.8,14.9,3.3,0,0,0,0,0,0,0,0,0,0,0,0,0,Utah
3547_2044,2044,49,3547,493547,25,0,25,5,5,6.8,14.8,3.4,0,0,0,0,0,0,0,0,0,0,0,0,0,Utah
3547_2045,2045,49,3547,493547,25,0,25,5,5,6.8,14.8,3.4,0,0,0,0,0,0,0,0,0,0,0,0,0,Utah
3547_2046,2046,49,3547,493547,25,0,25,5,5,6.8,14.7,3.5,0,0,0,0,0,0,0,0,0,0,0,0,0,Utah
3547_2047,2047,49,3547,493547,25,0,25,5,5,6.8,14.7,3.5,0,0,0,0,0,0,0,0,0,0,0,0,0,Utah
3547_2048,2048,49,3547,493547,25,0,25,5,5,6.8,14.6,3.6,0,0,0,0,0,0,0,0,0,0,0,0,0,Utah
3547_2049,2049,49,3547,493547,25,0,25,5,5,6.8,14.6,3.6,0,0,0,0,0,0,0,0,0,0,0,0,0,Utah
3547_2050,2050,49,3547,493547,25,0,25,5,5,6.7,14.6,3.7,0,0,0,0,0,0,0,0,0,0,0,0,0,Utah
3547_2051,2051,49,3547,493547,25,0,25,5,5,6.7,14.6,3.7,0,0,0,0,0,0,0,0,0,0,0,0,0,Utah
3547_2052,2052,49,3547,493547,25,0,25,5,5,6.6,14.6,3.8,0,0,0,0,0,0,0,0,0,0,0,0,0,Utah
3547_2053,2053,49,3547,493547,25,0,25,5,5,6.5,14.7,3.8,0,0,0,0,0,0,0,0,0,0,0,0,0,Utah
3547_2054,2054,49,3547,493547,25,0,25,5,5,6.5,14.6,3.9,0,0,0,0,0,0,0,0,0,0,0,0,0,Utah
3547_2055,2055,49,3547,493547,25,0,25,5,5,6.4,14.7,3.9,0,0,0,0,0,0,0,0,0,0,0,0,0,Utah
3547_2056,2056,49,3547,493547,25,0,25,5,5,6.3,14.7,4,0,0,0,0,0,0,0,0,0,0,0,0,0,Utah
3547_2057,2057,49,3547,493547,25,0,25,5,5,6.3,14.7,4,0,0,0,0,0,0,0,0,0,0,0,0,0,Utah
3547_2058,2058,49,3547,493547,25,0,25,5,5,6.2,14.7,4.1,0,0,0,0,0,0,0,0,0,0,0,0,0,Utah
3547_2059,2059,49,3547,493547,25,0,25,5,5,6.1,14.8,4.1,0,0,0,0,0,0,0,0,0,0,0,0,0,Utah
3547_2060,2060,49,3547,493547,25,0,25,5,5,6.1,14.7,4.2,0,0,0,0,0,0,0,0,0,0,0,0,0,Utah
3548_2010,2010,49,3548,493548,5,0,5,2,2.5,1.8,2.9,0.3,0,0,0,0,0,0,0,0,0,0,0,0,0,Utah
3548_2011,2011,49,3548,493548,5,0,5,2,2.5,1.7,3,0.3,0,0,0,0,0,0,0,0,0,0,0,0,0,Utah
3548_2012,2012,49,3548,493548,5,0,5,2,2.5,1.7,3,0.3,0,0,0,0,0,0,0,0,0,0,0,0,0,Utah
3548_2013,2013,49,3548,493548,5,0,5,2,2.5,1.7,3,0.3,0,0,0,0,0,0,0,0,0,0,0,0,0,Utah
3548_2014,2014,49,3548,493548,5,0,5,2,2.5,1.7,2.9,0.4,0,0,0,0,0,0,0,0,0,0,0,0,0,Utah
3548_2015,2015,49,3548,493548,5,0,5,2,2.5,1.7,2.9,0.4,0,0,0,0,0,0,0,0,0,0,0,0,0,Utah
3548_2016,2016,49,3548,493548,5,0,5,2,2.5,1.7,2.9,0.4,0,0,0,0,0,0,0,0,0,0,0,0,0,Utah
3548_2017,2017,49,3548,493548,5,0,5,2,2.5,1.7,2.9,0.4,0,0,0,0,0,0,0,0,0,0,0,0,0,Utah
3548_2018,2018,49,3548,493548,5,0,5,2,2.5,1.7,2.9,0.4,0,0,0,0,0,0,0,0,0,0,0,0,0,Utah
3548_2019,2019,49,3548,493548,5,0,5,2,2.5,1.6,3,0.4,0,0,0,0,0,0,0,0,0,0,0,0,0,Utah
3548_2020,2020,49,3548,493548,5,0,5,2,2.5,1.6,3,0.4,0,0,0,0,0,0,0,0,0,0,0,0,0,Utah
3548_2021,2021,49,3548,493548,5,0,5,2,2.5,1.6,3,0.4,0,0,0,0,0,0,0,0,0,0,0,0,0,Utah
3548_2022,2022,49,3548,493548,5,0,5,2,2.5,1.6,3,0.4,0,0,0,0,0,0,0,0,0,0,0,0,0,Utah
3548_2023,2023,49,3548,493548,5,0,5,2,2.5,1.5,3.1,0.4,0,0,0,0,0,0,0,0,0,0,0,0,0,Utah
3548_2024,2024,49,3548,493548,5,0,5,2,2.5,1.5,3.1,0.4,0,0,0,0,0,0,0,0,0,0,0,0,0,Utah
3548_2025,2025,49,3548,493548,5,0,5,2,2.5,1.5,3,0.5,0,0,0,0,0,0,0,0,0,0,0,0,0,Utah
3548_2026,2026,49,3548,493548,5,0,5,2,2.5,1.5,3,0.5,0,0,0,0,0,0,0,0,0,0,0,0,0,Utah
3548_2027,2027,49,3548,493548,5,0,5,2,2.5,1.4,3.1,0.5,0,0,0,0,0,0,0,0,0,0,0,0,0,Utah
3548_2028,2028,49,3548,493548,5,0,5,2,2.5,1.4,3.1,0.5,0,0,0,0,0,0,0,0,0,0,0,0,0,Utah
3548_2029,2029,49,3548,493548,5,0,5,2,2.5,1.4,3.1,0.5,0,0,0,0,0,0,0,0,0,0,0,0,0,Utah
3548_2030,2030,49,3548,493548,5,0,5,2,2.5,1.4,3.1,0.5,0,0,0,0,0,0,0,0,0,0,0,0,0,Utah
3548_2031,2031,49,3548,493548,5,0,5,2,2.5,1.4,3.1,0.5,0,0,0,0,0,0,0,0,0,0,0,0,0,Utah
3548_2032,2032,49,3548,493548,5,0,5,2,2.5,1.3,3.2,0.5,0,0,0,0,0,0,0,0,0,0,0,0,0,Utah
3548_2033,2033,49,3548,493548,5,0,5,2,2.5,1.3,3.1,0.6,0,0,0,0,0,0,0,0,0,0,0,0,0,Utah
3548_2034,2034,49,3548,493548,5,0,5,2,2.5,1.3,3.1,0.6,0,0,0,0,0,0,0,0,0,0,0,0,0,Utah
3548_2035,2035,49,3548,493548,5,0,5,2,2.5,1.3,3.1,0.6,0,0,0,0,0,0,0,0,0,0,0,0,0,Utah
3548_2036,2036,49,3548,493548,5,0,5,2,2.5,1.3,3.1,0.6,0,0,0,0,0,0,0,0,0,0,0,0,0,Utah
3548_2037,2037,49,3548,493548,5,0,5,2,2.5,1.3,3.1,0.6,0,0,0,0,0,0,0,0,0,0,0,0,0,Utah
3548_2038,2038,49,3548,493548,5,0,5,2,2.5,1.3,3.1,0.6,0,0,0,0,0,0,0,0,0,0,0,0,0,Utah
3548_2039,2039,49,3548,493548,5,0,5,2,2.5,1.3,3.1,0.6,0,0,0,0,0,0,0,0,0,0,0,0,0,Utah
3548_2040,2040,49,3548,493548,5,0,5,2,2.5,1.3,3.1,0.6,0,0,0,0,0,0,0,0,0,0,0,0,0,Utah
3548_2041,2041,49,3548,493548,5,0,5,2,2.5,1.4,3,0.6,0,0,0,0,0,0,0,0,0,0,0,0,0,Utah
3548_2042,2042,49,3548,493548,5,0,5,2,2.5,1.4,3,0.6,0,0,0,0,0,0,0,0,0,0,0,0,0,Utah
3548_2043,2043,49,3548,493548,5,0,5,2,2.5,1.4,2.9,0.7,0,0,0,0,0,0,0,0,0,0,0,0,0,Utah
3548_2044,2044,49,3548,493548,5,0,5,2,2.5,1.4,2.9,0.7,0,0,0,0,0,0,0,0,0,0,0,0,0,Utah
3548_2045,2045,49,3548,493548,5,0,5,2,2.5,1.4,2.9,0.7,0,0,0,0,0,0,0,0,0,0,0,0,0,Utah
3548_2046,2046,49,3548,493548,5,0,5,2,2.5,1.4,2.9,0.7,0,0,0,0,0,0,0,0,0,0,0,0,0,Utah
3548_2047,2047,49,3548,493548,5,0,5,2,2.5,1.4,2.9,0.7,0,0,0,0,0,0,0,0,0,0,0,0,0,Utah
3548_2048,2048,49,3548,493548,5,0,5,2,2.5,1.4,2.9,0.7,0,0,0,0,0,0,0,0,0,0,0,0,0,Utah
3548_2049,2049,49,3548,493548,5,0,5,2,2.5,1.4,2.9,0.7,0,0,0,0,0,0,0,0,0,0,0,0,0,Utah
3548_2050,2050,49,3548,493548,5,0,5,2,2.5,1.3,3,0.7,0,0,0,0,0,0,0,0,0,0,0,0,0,Utah
3548_2051,2051,49,3548,493548,5,0,5,2,2.5,1.3,3,0.7,0,0,0,0,0,0,0,0,0,0,0,0,0,Utah
3548_2052,2052,49,3548,493548,5,0,5,2,2.5,1.3,2.9,0.8,0,0,0,0,0,0,0,0,0,0,0,0,0,Utah
3548_2053,2053,49,3548,493548,5,0,5,2,2.5,1.3,2.9,0.8,0,0,0,0,0,0,0,0,0,0,0,0,0,Utah
3548_2054,2054,49,3548,493548,5,0,5,2,2.5,1.3,2.9,0.8,0,0,0,0,0,0,0,0,0,0,0,0,0,Utah
3548_2055,2055,49,3548,493548,5,0,5,2,2.5,1.3,2.9,0.8,0,0,0,0,0,0,0,0,0,0,0,0,0,Utah
3548_2056,2056,49,3548,493548,5,0,5,2,2.5,1.3,2.9,0.8,0,0,0,0,0,0,0,0,0,0,0,0,0,Utah
3548_2057,2057,49,3548,493548,5,0,5,2,2.5,1.3,2.9,0.8,0,0,0,0,0,0,0,0,0,0,0,0,0,Utah
3548_2058,2058,49,3548,493548,5,0,5,2,2.5,1.2,3,0.8,0,0,0,0,0,0,0,0,0,0,0,0,0,Utah
3548_2059,2059,49,3548,493548,5,0,5,2,2.5,1.2,3,0.8,0,0,0,0,0,0,0,0,0,0,0,0,0,Utah
3548_2060,2060,49,3548,493548,5,0,5,2,2.5,1.2,3,0.8,0,0,0,0,0,0,0,0,0,0,0,0,0,Utah
